{
  "sn56.11:0.1": "Связанные Наставления 56.11 ",
  "sn56.11:0.2": "2. Запуск колеса Учения / Дхаммы. ",
  "sn56.11:0.3": "Сутта запуска колеса Учения / Дхаммы. ",
  "sn56.11:1.1": "По этому случаю Благословенный располагается в Варанаси, в Исипатане, в Оленьем Парке. ",
  "sn56.11:1.2": "Там Благословенный обратился к группе из пяти монахов: ",
  "sn56.11:2.1": "“Два края / конца, монахи, практикующим не должны быть затронуты. ",
  "sn56.11:2.2": "Какие два? ",
  "sn56.11:2.3": "Тот который в желаниях / страстях связан с приятностью желаний низкий, обыденный / обывательский, неблагородный, не связанный с целью / бессмысленный / не имеющий значения, и тот который связан с самоистязанием / самоумерщвлением болезненный, неблагородный, не связанный с целью / бессмысленный / не имеющий значения. ",
  "sn56.11:2.4": "В эти, монахи, оба края не заводит серединная практика постигнутая Татхагатой способствующая видению / зрению, способствующая знанию,  приводящая к умиротворению, познанию, пробуждению, охлаждению / остыванию / охладеванию  / ниббане. ",
  "sn56.11:3.1": "И какова она, монахи, серединная практика постигнутая Татхагатой способствующая видению / зрению, способствующая знанию, приводящая к умиротворению, познанию, пробуждению, охлаждению / остыванию / охладеванию / ниббане? ",
  "sn56.11:3.2": "Это именно этот Благородный восьмеричный путь, в частности - ",
  "sn56.11:3.3": "правильный взгляд, правильная привычка / зацикленность / заготовка / шаблон / реакция / зацикленность, правильная фраза / выражение / речь, правильный поступок / действие, правильный быт, правильное старание, правильное памятование, правильное объединение опыта / самадхи. ",
  "sn56.11:3.4": "Такова она, монахи, серединная практика постигнутая Татхагатой способствующая видению / зрению, способствующая знанию,  приводящая к умиротворению, познанию, пробуждению, охладению / остыванию / охладеванию / ниббане. ",
  "sn56.11:4.1": "Монахи, боль - это благородная истина - ",
  "sn56.11:4.2": "возникновение существа / зачатие с позиции существа / зарождение существа / зарождение / 'рождение' тоже / в том числе болезненно, старение тоже / в том числе болезненно, болезнь / заболевание тоже болезненно, смерть / умирание тоже болезненно, соединение / связанность с нелюбимыми болезненно, разъединение / не связанность с любимыми болезненно, не получать / обретать / владеть желанным тоже болезненно, сжато пять групп поддержания болезненны. ",
  "sn56.11:4.3": "Монахи, проявление боли - это благородная истина - ",
  "sn56.11:4.4": "вовлекающее цепляние / тяга наделенное радостью / наслаждением / восторгом и очарованностью / околдованностью, тут и там восхищающимися, в частности - ",
  "sn56.11:4.5": "цепляние / тяга желания, цепляние / тяга вовлеченности / индивидуального существования, цепляние / тяга невовлеченности / прекращения. ",
  "sn56.11:4.6": "Монахи, исчезновение / устранение / упреждение боли - это Благородная истина - ",
  "sn56.11:4.7": "без остатка и без очарованности исчезновение / устранение / упреждение именно этого цепляния / тяги, готовность им поступиться, отдаление, освобождение от него, не пребывание в нем. ",
  "sn56.11:4.8": "Монахи, практика ведущая к исчезновению / устранению боли - это благородная истина - ",
  "sn56.11:4.9": "это именно этот благородный восьмеричный путь, в частности - ",
  "sn56.11:4.10": "правильный взгляд … правильное объединение опыта / самадхи. ",
  "sn56.11:5.1": "‘Это благородная истина о боли' у меня, монахи, прежде неслышанных явлений / учений / законов вИдение возникло, знание возникло, понимание возникло, познание возникло, ясность возникла. ",
  "sn56.11:5.2": "‘Эту благородную истину о боли я должен полностью понять / признать=принять+узнать+подтвердить' у меня, монахи, прежде … возникла.  ",
  "sn56.11:5.3": "‘Эта благородная истина о боли полностью понята' у меня, монахи, прежде неслышанных явлений / учений вИдение возникло, знание возникло, понимание возникло, познание возникло, ясность возникла. ",
  "sn56.11:6.1": "‘Это благородная истина о проявлении боли' у меня, монахи, прежде неслышанных явлений / учений вИдение возникло, знание возникло, понимание возникло, познание возникло, ясность возникла. ",
  "sn56.11:6.2": "‘Это благородная истина об устранении боли' у меня, монахи, прежде неслышанных явлений / учений вИдение возникло, знание возникло, понимание возникло, познание возникло, ясность возникла. ",
  "sn56.11:6.3": "‘Эту благородную истину об устранение боли, я должен реализовать /  засвидетельствовать / претворить в жизнь' у меня, монахи, прежде … возникла.",
  "sn56.11:7.1": "‘Эта благородная истина об устранении боли реализована' у меня, монахи, прежде неслышанных явлений / учений вИдение возникло, знание возникло, понимание возникло, познание возникло, ясность возникла. ",
  "sn56.11:7.2": "‘Это благородная истина о практике ведущей к устранению боли' у меня, монахи, в прежде неслышанных явлениях / учениях вИдение / зрение возникло, знание возникло, понимание возникло, познание возникло, ясность возникла. ",
  "sn56.11:7.3": "‘Эту благородную истину о практике ведущей к устранению боли я должен развить' у меня, монахи, прежде … возникла. ",
  "sn56.11:8.1": "‘This is the noble truth of the practice that leads to the cessation of suffering.’ Such was the vision that arose in me … ",
  "sn56.11:8.2": "‘This noble truth of the practice that leads to the cessation of suffering should be developed.’ Such was the vision that arose in me … ",
  "sn56.11:8.3": "‘Эта благородная истина о практике ведущей к устранению боли развита' у меня, монахи, прежде неслышанных явлений / учений вИдение возникло, знание возникло, понимание возникло, познание возникло, ясность возникла. ",
  "sn56.11:9.1": "Покуда моё, монахи, знание и видение этих четырёх благородных истин в трех циклах,  двенадцатичастно не стало хорошо очищено, я, монахи, не заявлял в мире с божествами, с Марой и Брахмой, с отшельниками и жрецами, с поколением королей / божеств и людей,  что 'пробудился в небывалое / непревзойденное правильное пробуждение'. ",
  "sn56.11:10.1": "Но когда моё, монахи, знание и видение этих четырёх благородных истин в трех циклах, двенадцатичастно стало хорошо очищено, я, монахи, заявил в мире с божествами, с Марой и Брахмой, с отшельниками и жрецами, с поколением королей / божеств и людей,  что 'пробудился в небывалое / непревзойденное правильное пробуждение'. ",
  "sn56.11:10.2": "И тогда у меня возникло знание и вИдение: ",
  "sn56.11:10.3": "‘неколебимо моё освобождение, это крайнее / конечное рождение, отныне нет повторной вовлеченности / индивидуального существования. ’” ",
  "sn56.11:10.4": "Это произнес Благословенный. ",
  "sn56.11:10.5": "Довольная группа из пяти монахов обрадовалась речи Благословенного. ",
  "sn56.11:11.1": "И тогда после этого устного объяснения у Достопочтенного Конданьи возникло незапятнанное незагрязненное вИдение действительности: ",
  "sn56.11:11.2": "“Какое-либо проявляющееся явление, все это исчезающее / устраняющееся явление.” ",
  "sn56.11:12.1": "И в запущенном колесе Дхаммы / действительности / Учения местные божества провозгласили: ",
  "sn56.11:12.2": "“Вот Благословенным в Варанаси, в Исипатане, в Оленьем Парке запущено колесо небывалого / непревзойденного Учения, которое не может быть остановлено отшельником, жрецом / брахманом, божеством, Марой, Брахмой, кем-либо на свете / в мире”. ",
  "sn56.11:12.3": "Услышав звук местных божеств, божества Четырёх Великих Царей провозгласили: 'Вот Благословенным в Варанаси, в Исипатане, в Оленьем Парке запущено колесо небывалого / непревзойденного Учения, которое не может быть остановлено отшельником, жрецом / брахманом, божеством, Марой, Брахмой, кем-либо на свете / в мире'. ",
  "sn56.11:12.4": "",
  "sn56.11:12.5": "Услышав звук божеств Четырёх Великих Царей божества Тридцати Трех…  ",
  "sn56.11:12.6": "божества Ямы… ",
  "sn56.11:12.7": "божества Туситы… ",
  "sn56.11:12.8": "божества Нимманарати… ",
  "sn56.11:12.9": "божества Параниммитавасаватти… ",
  "sn56.11:12.10": "божества множества Брахмы провозгласили: ",
  "sn56.11:12.11": "'Вот Благословенным в Варанаси, в Исипатане, в Оленьем Парке запущено колесо небывалого / непревзойденного Учения, которое не может быть остановлено отшельником, жрецом / брахманом, божеством, Марой, Брахмой, кем-либо на свете / в мире'. ",
  "sn56.11:13.1": "И за секунду, за мгновение, мигом тот звук достиг света / мира Брахмы. ",
  "sn56.11:13.2": "И этот десятитысячный формирователь / субстрат света / мира содрогнулся, задрожал, затрясся, и возникло неизмеримое, великое сияние превосходящее величие божеств. ",
  "sn56.11:14.1": "Тогда Благословенный воскликнул это восклицание: ",
  "sn56.11:14.2": "“О, ты понял, Конданья, о, ты понял, друг, Конданья” ",
  "sn56.11:14.3": "Так появилось имя достопочтенного Конданьи 'Конданья понявший'. "
}