{
  "sn20.8:0.1": "Saṁyutta Nikāya 20.8 ",
  "sn20.8:0.2": "1. Opammavagga ",
  "sn20.8:0.3": "Kaliṅgarasutta ",
  "sn20.8:1.1": "Evaṁ me sutaṁ—",
  "sn20.8:1.2": "ekaṁ samayaṁ bhagavā vesāliyaṁ viharati mahāvane kūṭāgārasālāyaṁ. ",
  "sn20.8:1.3": "Tatra kho bhagavā bhikkhū āmantesi: ",
  "sn20.8:1.4": "“bhikkhavo”ti. ",
  "sn20.8:1.5": "“Bhadante”ti te bhikkhū bhagavato paccassosuṁ. ",
  "sn20.8:1.6": "Bhagavā etadavoca: ",
  "sn20.8:2.1": "“Kaliṅgarūpadhānā, bhikkhave, etarahi licchavī viharanti appamattā ātāpino upāsanasmiṁ. ",
  "sn20.8:2.2": "Tesaṁ rājā māgadho ajātasattu vedehiputto na labhati otāraṁ na labhati ārammaṇaṁ. ",
  "sn20.8:2.3": "Bhavissanti, bhikkhave, anāgatamaddhānaṁ licchavī sukhumālā mudutalunahatthapādā ",
  "sn20.8:2.4": "te mudukāsu seyyāsu tūlabibbohanāsu yāvasūriyuggamanā seyyaṁ kappissanti. ",
  "sn20.8:2.5": "Tesaṁ rājā māgadho ajātasattu vedehiputto lacchati otāraṁ lacchati ārammaṇaṁ. ",
  "sn20.8:3.1": "Kaliṅgarūpadhānā, bhikkhave, etarahi bhikkhū viharanti appamattā ātāpino padhānasmiṁ. ",
  "sn20.8:3.2": "Tesaṁ māro pāpimā na labhati otāraṁ na labhati ārammaṇaṁ. ",
  "sn20.8:3.3": "Bhavissanti, bhikkhave, anāgatamaddhānaṁ bhikkhū sukhumā mudutalunahatthapādā. ",
  "sn20.8:3.4": "Te mudukāsu seyyāsu tūlabibbohanāsu yāvasūriyuggamanā seyyaṁ kappissanti. ",
  "sn20.8:3.5": "Tesaṁ māro pāpimā lacchati otāraṁ lacchati ārammaṇaṁ. ",
  "sn20.8:3.6": "Tasmātiha, bhikkhave, evaṁ sikkhitabbaṁ: ",
  "sn20.8:3.7": "‘kaliṅgarūpadhānā viharissāma appamattā ātāpino padhānasmin’ti. ",
  "sn20.8:3.8": "Evañhi vo, bhikkhave, sikkhitabban”ti. ",
  "sn20.8:3.9": "Aṭṭhamaṁ. "
}