{
  "sn20.6:0.1": "Saṁyutta Nikāya 20.6 ",
  "sn20.6:0.2": "1. Opammavagga ",
  "sn20.6:0.3": "Dhanuggahasutta ",
  "sn20.6:1.1": "Sāvatthiyaṁ viharati. ",
  "sn20.6:1.2": "“Seyyathāpi, bhikkhave, cattāro daḷhadhammā dhanuggahā susikkhitā katahatthā katūpāsanā catuddisā ṭhitā assu. ",
  "sn20.6:1.3": "Atha puriso āgaccheyya: ",
  "sn20.6:1.4": "‘ahaṁ imesaṁ catunnaṁ daḷhadhammānaṁ dhanuggahānaṁ susikkhitānaṁ katahatthānaṁ katūpāsanānaṁ catuddisā kaṇḍe khitte appatiṭṭhite pathaviyaṁ gahetvā āharissāmī’ti. ",
  "sn20.6:1.5": "Taṁ kiṁ maññatha, bhikkhave, ",
  "sn20.6:1.6": "‘javano puriso paramena javena samannāgato’ti alaṁvacanāyā”ti? ",
  "sn20.6:2.1": "“Ekassa cepi, bhante, daḷhadhammassa dhanuggahassa susikkhitassa katahatthassa katūpāsanassa kaṇḍaṁ khittaṁ appatiṭṭhitaṁ pathaviyaṁ gahetvā āhareyya: ",
  "sn20.6:2.2": "‘javano puriso paramena javena samannāgato’ti alaṁvacanāya, ko pana vādo catunnaṁ daḷhadhammānaṁ dhanuggahānaṁ susikkhitānaṁ katahatthānaṁ katūpāsanānan”ti? ",
  "sn20.6:3.1": "“Yathā ca, bhikkhave, tassa purisassa javo, yathā ca candimasūriyānaṁ javo, tato sīghataro. ",
  "sn20.6:3.2": "Yathā ca, bhikkhave, tassa purisassa javo yathā ca candimasūriyānaṁ javo yathā ca yā devatā candimasūriyānaṁ purato dhāvanti tāsaṁ devatānaṁ javo, (…) tato sīghataraṁ āyusaṅkhārā khīyanti. ",
  "sn20.6:3.3": "Tasmātiha, bhikkhave, evaṁ sikkhitabbaṁ: ",
  "sn20.6:3.4": "‘appamattā viharissāmā’ti. ",
  "sn20.6:3.5": "Evañhi vo, bhikkhave, sikkhitabban”ti. ",
  "sn20.6:3.6": "Chaṭṭhaṁ. "
}