{
  "sn20.4:0.1": "Saṁyutta Nikāya 20.4 ",
  "sn20.4:0.2": "1. Opammavagga ",
  "sn20.4:0.3": "Okkhāsutta ",
  "sn20.4:1.1": "Sāvatthiyaṁ viharati. ",
  "sn20.4:1.2": "“Yo, bhikkhave, pubbaṇhasamayaṁ okkhāsataṁ dānaṁ dadeyya, yo majjhanhikasamayaṁ okkhāsataṁ dānaṁ dadeyya, yo sāyanhasamayaṁ okkhāsataṁ dānaṁ dadeyya, yo vā pubbaṇhasamayaṁ antamaso gadduhanamattampi mettacittaṁ bhāveyya, yo vā majjhanhikasamayaṁ antamaso gadduhanamattampi mettacittaṁ bhāveyya, yo vā sāyanhasamayaṁ antamaso gadduhanamattampi mettacittaṁ bhāveyya, idaṁ tato mahapphalataraṁ. ",
  "sn20.4:1.3": "Tasmātiha, bhikkhave, evaṁ sikkhitabbaṁ: ",
  "sn20.4:1.4": "‘mettā no cetovimutti bhāvitā bhavissati bahulīkatā yānīkatā vatthukatā anuṭṭhitā paricitā susamāraddhā’ti. ",
  "sn20.4:1.5": "Evañhi vo, bhikkhave, sikkhitabban”ti. ",
  "sn20.4:1.6": "Catutthaṁ. "
}