{
  "sn20.12:0.1": "Saṁyutta Nikāya 20.12 ",
  "sn20.12:0.2": "1. Opammavagga ",
  "sn20.12:0.3": "Dutiyasiṅgālasutta ",
  "sn20.12:1.1": "Sāvatthiyaṁ viharati. ",
  "sn20.12:1.2": "“Assuttha no tumhe, bhikkhave, rattiyā paccūsasamayaṁ jarasiṅgālassa vassamānassā”ti? ",
  "sn20.12:1.3": "“Evaṁ, bhante”. ",
  "sn20.12:1.4": "“Siyā kho, bhikkhave, tasmiṁ jarasiṅgāle yā kāci kataññutā kataveditā, na tveva idhekacce sakyaputtiyapaṭiññe siyā yā kāci kataññutā kataveditā. ",
  "sn20.12:1.5": "Tasmātiha, bhikkhave, evaṁ sikkhitabbaṁ: ",
  "sn20.12:1.6": "‘kataññuno bhavissāma katavedino; ",
  "sn20.12:1.7": "na ca no amhesu appakampi kataṁ nassissatī’ti. ",
  "sn20.12:1.8": "Evañhi vo, bhikkhave, sikkhitabban”ti. ",
  "sn20.12:1.9": "Dvādasamaṁ. ",
  "sn20.12:1.10": "Opammavaggo paṭhamo. ",
  "sn20.12:2.0": "Tassuddānaṁ ",
  "sn20.12:2.1": "Kūṭaṁ nakhasikhaṁ kulaṁ, ",
  "sn20.12:2.2": "okkhā satti dhanuggaho; ",
  "sn20.12:2.3": "Āṇi kaliṅgaro nāgo, ",
  "sn20.12:2.4": "biḷāro dve siṅgālakāti. ",
  "sn20.12:2.5": "Opammasaṁyuttaṁ samattaṁ. "
}