{
  "sn20.7:0.1": "Saṁyutta Nikāya 20.7 ",
  "sn20.7:0.2": "1. Opammavagga ",
  "sn20.7:0.3": "Āṇisutta ",
  "sn20.7:1.1": "Sāvatthiyaṁ viharati. ",
  "sn20.7:1.2": "“Bhūtapubbaṁ, bhikkhave, dasārahānaṁ ānako nāma mudiṅgo ahosi. ",
  "sn20.7:1.3": "Tassa dasārahā ānake ghaṭite aññaṁ āṇiṁ odahiṁsu. ",
  "sn20.7:1.4": "Ahu kho so, bhikkhave, samayo yaṁ ānakassa mudiṅgassa porāṇaṁ pokkharaphalakaṁ antaradhāyi. ",
  "sn20.7:1.5": "Āṇisaṅghāṭova avasissi. ",
  "sn20.7:1.6": "Evameva kho, bhikkhave, bhavissanti bhikkhū anāgatamaddhānaṁ, ye te suttantā tathāgatabhāsitā gambhīrā gambhīratthā lokuttarā suññatappaṭisaṁyuttā, tesu bhaññamānesu na sussūsissanti na sotaṁ odahissanti na aññā cittaṁ upaṭṭhāpessanti na ca te dhamme uggahetabbaṁ pariyāpuṇitabbaṁ maññissanti. ",
  "sn20.7:2.1": "Ye pana te suttantā kavikatā kāveyyā cittakkharā cittabyañjanā bāhirakā sāvakabhāsitā, tesu bhaññamānesu sussūsissanti, sotaṁ odahissanti, aññā cittaṁ upaṭṭhāpessanti, te ca dhamme uggahetabbaṁ pariyāpuṇitabbaṁ maññissanti. ",
  "sn20.7:2.2": "Evametesaṁ, bhikkhave, suttantānaṁ tathāgatabhāsitānaṁ gambhīrānaṁ gambhīratthānaṁ lokuttarānaṁ suññatappaṭisaṁyuttānaṁ antaradhānaṁ bhavissati. ",
  "sn20.7:2.3": "Tasmātiha, bhikkhave, evaṁ sikkhitabbaṁ: ",
  "sn20.7:2.4": "‘ye te suttantā tathāgatabhāsitā gambhīrā gambhīratthā lokuttarā suññatappaṭisaṁyuttā, tesu bhaññamānesu sussūsissāma, sotaṁ odahissāma, aññā cittaṁ upaṭṭhāpessāma, te ca dhamme uggahetabbaṁ pariyāpuṇitabbaṁ maññissāmā’ti. ",
  "sn20.7:2.5": "Evañhi vo, bhikkhave, sikkhitabban”ti. ",
  "sn20.7:2.6": "Sattamaṁ. "
}