{
  "sn20.11:0.1": "Saṁyutta Nikāya 20.11 ",
  "sn20.11:0.2": "1. Opammavagga ",
  "sn20.11:0.3": "Siṅgālasutta ",
  "sn20.11:1.1": "Sāvatthiyaṁ viharati. ",
  "sn20.11:1.2": "“Assuttha no tumhe, bhikkhave, rattiyā paccūsasamayaṁ jarasiṅgālassa vassamānassā”ti? ",
  "sn20.11:1.3": "“Evaṁ, bhante”. ",
  "sn20.11:1.4": "“Eso kho, bhikkhave, jarasiṅgālo ukkaṇḍakena nāma rogajātena phuṭṭho. ",
  "sn20.11:1.5": "So yena yena icchati tena tena gacchati; ",
  "sn20.11:1.6": "yattha yattha icchati tattha tattha tiṭṭhati; ",
  "sn20.11:1.7": "yattha yattha icchati tattha tattha nisīdati; ",
  "sn20.11:1.8": "yattha yattha icchati tattha tattha nipajjati; ",
  "sn20.11:1.9": "sītakopi naṁ vāto upavāyati. ",
  "sn20.11:1.10": "Sādhu khvassa, bhikkhave, yaṁ idhekacco sakyaputtiyapaṭiñño evarūpampi attabhāvapaṭilābhaṁ paṭisaṁvediyetha. ",
  "sn20.11:1.11": "Tasmātiha, bhikkhave, evaṁ sikkhitabbaṁ: ",
  "sn20.11:1.12": "‘appamattā viharissāmā’ti. ",
  "sn20.11:1.13": "Evañhi vo, bhikkhave, sikkhitabban”ti. ",
  "sn20.11:1.14": "Ekādasamaṁ. "
}