{
  "sn20.1:0.1": "Saṁyutta Nikāya 20.1 ",
  "sn20.1:0.2": "1. Opammavagga ",
  "sn20.1:0.3": "Kūṭasutta ",
  "sn20.1:1.1": "Evaṁ me sutaṁ—",
  "sn20.1:1.2": "ekaṁ samayaṁ bhagavā sāvatthiyaṁ viharati jetavane anāthapiṇḍikassa ārāme. ",
  "sn20.1:1.3": "Tatra kho bhagavā …pe… etadavoca: ",
  "sn20.1:1.4": "“seyyathāpi, bhikkhave, kūṭāgārassa yā kāci gopānasiyo sabbā tā kūṭaṅgamā kūṭasamosaraṇā kūṭasamugghātā sabbā tā samugghātaṁ gacchanti; ",
  "sn20.1:1.5": "evameva kho, bhikkhave, ye keci akusalā dhammā sabbe te avijjāmūlakā avijjāsamosaraṇā avijjāsamugghātā, sabbe te samugghātaṁ gacchanti. ",
  "sn20.1:1.6": "Tasmātiha, bhikkhave, evaṁ sikkhitabbaṁ: ",
  "sn20.1:1.7": "‘appamattā viharissāmā’ti. ",
  "sn20.1:1.8": "Evañhi vo, bhikkhave, sikkhitabban”ti. ",
  "sn20.1:1.9": "Paṭhamaṁ. "
}