{
  "sn20.5:0.1": "Saṁyutta Nikāya 20.5 ",
  "sn20.5:0.2": "1. Opammavagga ",
  "sn20.5:0.3": "Sattisutta ",
  "sn20.5:1.1": "Sāvatthiyaṁ viharati. ",
  "sn20.5:1.2": "“Seyyathāpi, bhikkhave, satti tiṇhaphalā. ",
  "sn20.5:1.3": "Atha puriso āgaccheyya: ",
  "sn20.5:1.4": "‘ahaṁ imaṁ sattiṁ tiṇhaphalaṁ pāṇinā vā muṭṭhinā vā paṭileṇissāmi paṭikoṭṭissāmi paṭivaṭṭessāmī’ti. ",
  "sn20.5:1.5": "Taṁ kiṁ maññatha, bhikkhave, ",
  "sn20.5:1.6": "bhabbo nu kho so puriso amuṁ sattiṁ tiṇhaphalaṁ pāṇinā vā muṭṭhinā vā paṭileṇetuṁ paṭikoṭṭetuṁ paṭivaṭṭetun”ti? ",
  "sn20.5:1.7": "“No hetaṁ, bhante”. ",
  "sn20.5:1.8": "“Taṁ kissa hetu”? ",
  "sn20.5:1.9": "“Asu hi, bhante, satti tiṇhaphalā na sukarā pāṇinā vā muṭṭhinā vā paṭileṇetuṁ paṭikoṭṭetuṁ paṭivaṭṭetuṁ. ",
  "sn20.5:1.10": "Yāvadeva ca pana so puriso kilamathassa vighātassa bhāgī assā”ti. ",
  "sn20.5:2.1": "“Evameva kho, bhikkhave, yassa kassaci bhikkhuno mettācetovimutti bhāvitā bahulīkatā yānīkatā vatthukatā anuṭṭhitā paricitā susamāraddhā, tassa ce amanusso cittaṁ khipitabbaṁ maññeyya; ",
  "sn20.5:2.2": "atha kho sveva amanusso kilamathassa vighātassa bhāgī assa. ",
  "sn20.5:2.3": "Tasmātiha, bhikkhave, evaṁ sikkhitabbaṁ: ",
  "sn20.5:2.4": "‘mettā no cetovimutti bhāvitā bhavissati bahulīkatā yānīkatā vatthukatā anuṭṭhitā paricitā susamāraddhā’ti. ",
  "sn20.5:2.5": "Evañhi vo, bhikkhave, sikkhitabban”ti. ",
  "sn20.5:2.6": "Pañcamaṁ. "
}