{
  "an8.91-117:0.1": "Восходящие Наставления 8.91-117",
  "an8.91-117:0.2": "Глава Саманнья ",
  "an8.91-117:0.3": "",
  "an8.91-117:1.1": "И тогда мирянка Бодджха… Сирима… Падума… Сутана… Мануджа… Уттара… Мутта… Кхема… Сома… Пучи… принцесса Чунди… мирянка Бимби… принцесса Сумана… царица Маллика… мирянка Тисса… Сона, мать Тиссы… мать Соны… Канна… мать Каны… Уттара Нандамата… Висакха Мигарамата… мирянка Кхудджуттара… мирянка Самавати… дочь Колиев Суппаваса… мирянка Суппия… домохозяйка Накуламата… ",
  "an8.91-117:1.2": "Глава Саманнья Пятая. ",
  "an8.91-117:1.3": "Вторая Пятидесятка Закончена."
}