{
  "an8.83:0.1": "Восходящие Наставления 8.83",
  "an8.83:0.2": "Глава Памятование ",
  "an8.83:0.3": "Сутта Коренной ",
  "an8.83:1.1": "«Монахи, странники-приверженцы иных учений могут спросить вас: ",
  "an8.83:1.2": "«В чём, друзья, коренятся все вещи? Через что они проявляются? Из чего они возникают? В чём они сходятся? Чем они возглавляются? Что ими управляет? Что является их надзирателем? Что является их сердцевиной?» Будучи спрошенными так, как бы вы им ответили?» ",
  "an8.83:1.3": "«Учитель, наши учения укоренены в Благословенном, направляемы Благословенным, находят пристанище в Благословенном. Было бы хорошо, если бы Благословенный [сам] прояснил значение этого утверждения. Услышав это из его уст, монахи запомнят это». ",
  "an8.83:2.1": "В таком случае, монахи, я объясню. ",
  "an8.83:2.2": "«Тогда, монахи, слушайте внимательно. Я буду говорить». ",
  "an8.83:2.3": "«Да, Учитель» – ответили монахи. ",
  "an8.83:2.4": "Благословенный сказал: ",
  "an8.83:2.5": "«Монахи, если странники-приверженцы иных учений спросят вас: ",
  "an8.83:2.6": "«В чём, друзья, коренятся все вещи? Через что они проявляются? Из чего они возникают? В чём они сходятся? Чем они возглавляются? Что ими управляет? Что является их надзирателем? Что является их сердцевиной?»  ",
  "an8.83:2.7": "то вот как вам следует ответить: ",
  "an8.83:2.8": "«Друзья, все вещи коренятся в желании. Они проявляются через внимание. Они возникают из контакта. Они сходятся в чувстве. Они возглавляются сосредоточением. Ими управляет осознанность. Их надзирателем является мудрость. Их сердцевиной является освобождение. ",
  "an8.83:2.9": "Будучи спрошенными так, монахи, вот как вам следует ответить тем странникам-приверженцам иных учений». ",
  "an8.83:2.10": "Третья."
}