{
  "an8.118:0.1": "Восходящие Наставления 8.118",
  "an8.118:0.2": "Сокращение Страсть ",
  "an8.118:0.3": "",
  "an8.118:1.1": "Для познания страсти, монахи, восемь явлений должны быть развиты. ",
  "an8.118:1.2": "Какие восемь? ",
  "an8.118:1.3": "Правильный взгляд, правильное намерение-заготовка, правильная речь, правильные действия, правильные быт, правильное старание, правильное памятование, правильное объединение опыта. ",
  "an8.118:1.4": "Для познания страсти, монахи, восемь явлений должны быть развиты."
}