{
  "an8.33:0.1": "Восходящие Наставления 8.33",
  "an8.33:0.2": "Глава Дана ",
  "an8.33:0.3": "Сутта Основания для даяния ",
  "an8.33:1.1": "«Монахи, есть эти восемь оснований для даяния. ",
  "an8.33:1.2": "Какие восемь? ",
  "an8.33:1.3": "Вот кто-либо даёт дар, исходя из желания. Он даёт дар, исходя из ненависти. Он даёт дар, исходя из заблуждения. Он даёт дар, исходя из страха. Он даёт дар, [думая]: «Даяние практиковали мои отцы и праотцы. Не стоит отбрасывать этого древнего семейного обычая». Он даёт дар, [думая]: «Дав этот дар, после распада тела, после смерти, я перерожусь в благом уделе, в небесном мире». Он даёт дар, [думая]: «Когда я даю этот дар, мой ум становится безмятежным, хорошее настроение и радость возникают». Он даёт дар ради украшения ума, ради снабжения ума. ",
  "an8.33:1.4": "Таковы восемь оснований для даяния».",
  "an8.33:1.5": "Третья."
}