{
  "an8.31:0.1": "Восходящие Наставления 8.31",
  "an8.31:0.2": "Глава Дана",
  "an8.31:0.3": "Сутта Даяние Первая",
  "an8.31:1.1": "«Есть, монахи, эти восемь даяний.",
  "an8.31:1.2": "Какие восемь?",
  "an8.31:1.3": "Обидев [получателя], человек даёт [ему] дар.",
  "an8.31:1.4": "Он даёт дар, исходя из страха.",
  "an8.31:1.5": "Он даёт дар, [думая]: «Он давал [дар] мне».",
  "an8.31:1.6": "Он даёт дар, [думая]: «Он мне [тоже] даст [дар]».",
  "an8.31:1.7": "Он даёт дар, [думая]: «Дарение – это хорошо».",
  "an8.31:1.8": "Он даёт дар, [думая]: «Я готовлю [еду]. Эти люди не готовят. Не подобает мне, тому, кто готовит, не давать тем, кто не готовит.",
  "an8.31:1.9": "Он даёт дар, [думая]: «Поскольку я отдал этот дар, я обрету хорошую репутацию».",
  "an8.31:1.10": "Он даёт дар ради украшения ума, ради снабжения ума».",
  "an8.31:1.11": "Эти, монахи, восемь даяний.",
  "an8.31:1.12": "Первая."
}