{
  "an8.79:0.1": "Восходящие Наставления 8.79",
  "an8.79:0.2": "Глава Ямака ",
  "an8.79:0.3": "Сутта Упадок ",
  "an8.79:1.1": "«Монахи, эти восемь качеств ведут к упадку монаха, который ещё ученик. ",
  "an8.79:1.2": "Какие восемь? ",
  "an8.79:1.3": "Наслаждение работой, наслаждение разговорами, наслаждение сном, наслаждение компанией, отсутствие охраны дверей органов чувств, отсутствие умеренности в еде, наслаждение связанностью, наслаждение в разрастании. ",
  "an8.79:1.4": "Эти восемь качеств ведут к упадку монаха, который ещё ученик. ",
  "an8.79:2.1": "Монахи, эти восемь качеств ведут к не-упадку монаха, который ещё ученик. ",
  "an8.79:2.2": "Какие восемь? ",
  "an8.79:2.3": "Отсутствие наслаждения работой… охрана дверей… умеренность в еде… отсутствие наслаждения в разрастании. ",
  "an8.79:2.4": "Эти восемь качеств ведут к не-упадку монаха, который ещё ученик».",
  "an8.79:2.5": "Девятая."
}