{
  "an8.43:0.1": "Восходящие Наставления 8.43",
  "an8.43:0.2": "Глава Упосатха ",
  "an8.43:0.3": "Сутта Об Упосатхе подробно ",
  "an8.43:1.1": "Однажды Благословенный пребывал в Саваттхи в Особняке Мигараматы в Восточном Парке. ",
  "an8.43:1.2": "И тогда Висакха Мигарамата подошла к Благословенному, поклонилась ему, и села рядом. Затем Благословенный сказал ей: ",
  "an8.43:1.3": "«Висакха, соблюдаемая в полных восьми факторах Упосатха приносит великий плод и пользу, она неимоверно сверкающая и всепроникающая. ",
  "an8.43:1.4": "И каким образом Упосатха соблюдается в полных восьми факторах, так что приносит великий плод и пользу, [так что она] неимоверно сверкающая и всепроникающая?… ",
  "an8.43:1.5": "Вот, Висакха, ученик Благородных рассуждает так: ",
  "an8.43:1.6": "«Покуда они живы, араханты отбрасывают и воздерживаются от уничтожения жизни. Они пребывают в сострадании ко всем живым существам, отбросив дубину и оружие, добросовестные и милосердные. ",
  "an8.43:1.7": "Сегодня, в течение этой ночи и дня, я также отброшу и буду воздерживаться от уничтожения жизни. Я также буду пребывать в сострадании ко всем живым существам, отбросив дубину и оружие, добросовестным и милосердным. ",
  "an8.43:1.8": "Так в этом отношении я буду подражать арахантам и буду соблюдать Упосатху». ",
  "an8.43:1.9": "Таков первый фактор, которым она, [эта Упосатха], обладает… ",
  "an8.43:2.1": "«Покуда они живы, араханты отбрасывают и воздерживаются от использования высоких и роскошных постелей. Они ложатся на постель низкую: либо на небольшую кровать, либо на соломенную циновку. ",
  "an8.43:2.2": "Сегодня, в течение этой ночи и дня, я также отброшу и буду воздерживаться от использования высоких и роскошных постелей. Я лягу на постель низкую, либо на небольшую кровать, либо на соломенную циновку. ",
  "an8.43:2.3": "Так в этом отношении я буду подражать арахантам и буду соблюдать Упосатху». ",
  "an8.43:2.4": "Таков восьмой фактор, которым она обладает. ",
  "an8.43:2.5": "Таким Упосатха, Висакха, соблюдается в полных восьми факторах, так что приносит великий плод и пользу, [так что она] неимоверно сверкающая и всепроникающая?… ",
  "an8.43:3.1": "И до какой степени она приносит великий плод и пользу? ",
  "an8.43:3.2": "Представьте, как если бы человек, имея в обилии семь драгоценностей, осуществлял бы владычество и царствование над этими шестнадцатью великими странами: ",
  "an8.43:3.3": "Ангов, Магадхов, Касиев, Косал, Вадджей, Маллов, Четиев, Вангов, Куру, Панчал, Маччхов, Сурасенов, Ассаков, Авантиев, Гандхарцев, Камбоджиев. Это не стоило бы и одной шестнадцатой соблюдения Упосатхи, полной в восьми факторах. ",
  "an8.43:3.4": "И почему? ",
  "an8.43:3.5": "Потому что царствование людей ничтожно по сравнению с небесным счастьем. ",
  "an8.43:4.1": "Ведь для дэвов, [управляемых] четырьмя великими [божественными] царями, одна ночь и один день равняются пятидесяти человеческим годам. ",
  "an8.43:4.2": "Тридцать таких дней составляют месяц, ",
  "an8.43:4.3": "а двенадцать таких месяцев составляют год. ",
  "an8.43:4.4": "Жизненный срок этих дэвов – пятьсот таких небесных лет. ",
  "an8.43:4.5": "И есть возможность, монахи, что мужчина или женщина, соблюдающая Упосатху в восьми полных факторах, с распадом тела, после смерти, переродится среди дэвов, [управляемых] четырьмя великими [божественными] царями. ",
  "an8.43:4.6": "В отношении этого я сказал, что ",
  "an8.43:4.7": "царствование людей ничтожно по сравнению с небесным счастьем. ",
  "an8.43:5.1": "Для дэвов Таватимсы одна ночь и один день равняются сотне человеческих лет. ",
  "an8.43:5.2": "Тридцать таких дней составляют месяц, ",
  "an8.43:5.3": "а двенадцать таких месяцев составляют год. ",
  "an8.43:5.4": "Жизненный срок этих дэвов – тысяча таких небесных лет. ",
  "an8.43:5.5": "И есть возможность, монахи, что мужчина или женщина, соблюдающая Упосатху в восьми полных факторах, с распадом тела, после смерти, переродится среди дэвов Таватимсы. ",
  "an8.43:5.6": "В отношении этого я сказал, ",
  "an8.43:5.7": "что царствование людей ничтожно по сравнению с небесным счастьем. ",
  "an8.43:6.1": "Для дэвов Ямы одна ночь и один день равняются двум сотням человеческих лет. ",
  "an8.43:6.2": "Для дэвов Туситы одна ночь и один день равняются четырём сотням человеческих лет… ",
  "an8.43:6.3": "Для дэвов, наслаждающихся творениями, одна ночь и один день равняются восьми сотням человеческих лет… ",
  "an8.43:6.4": "Для дэвов, управляющих творениями других, одна ночь и один день равняются шестнадцати сотням человеческих лет… ",
  "an8.43:6.5": "Тридцать таких дней составляют месяц, ",
  "an8.43:6.6": "а двенадцать таких месяцев составляют год. ",
  "an8.43:6.7": "Жизненный срок этих дэвов – шестнадцать тысяч таких небесных лет. ",
  "an8.43:6.8": "И есть возможность, монахи, что мужчина или женщина, соблюдающая Упосатху в восьми полных факторах, с распадом тела, после смерти, переродится среди дэвов, управляющих творениями других. ",
  "an8.43:6.9": "В отношении этого я сказал, ",
  "an8.43:6.10": "что царствование людей ничтожно по сравнению с небесным счастьем». ",
  "an8.43:7.1": "«Не должно убивать живых существ, Или брать то, что не было дано. ",
  "an8.43:7.2": "Не должно говорить неправду, пить вино. ",
  "an8.43:7.3": "От сексуальности, нечистоты, воздерживай себя, ",
  "an8.43:7.4": "И в неуместный час не принимай еду. ",
  "an8.43:8.1": "Гирлянды не носи, о благовониях забудь. ",
  "an8.43:8.2": "Спи на кровати низкой иль подстилке на земле. ",
  "an8.43:8.3": "Вот какова, как говорят, Упосатха восьми – ",
  "an8.43:8.4": "Буддой провозглашённая, Тем, кто достиг страданий всяческих конца. ",
  "an8.43:9.1": "И там, до куда достают и солнце и луна, ",
  "an8.43:9.2": "И проливают свет, что столь чудесным взору предстаёт, ",
  "an8.43:9.3": "По небосводу что плывут, рассеивают тьму, ",
  "an8.43:9.4": "Они сияют в небе, освещая целый мир. ",
  "an8.43:10.1": "И всё богатство, в этой области что есть – ",
  "an8.43:10.2": "И жемчуга, алмазы, превосходнейший берилл, ",
  "an8.43:10.3": "И рог из золота, из золота гора, ",
  "an8.43:10.4": "Как и естественное золото, зовут что «хатака» – ",
  "an8.43:11.1": "Даже одной шестнадцатой не стоит это всё ",
  "an8.43:11.2": "Упосатхи из восьми факторов что состоит. ",
  "an8.43:11.3": "Как и скопление звёзд не сопоставится никак [Даже с одной шестнадцатой] сияния луны. ",
  "an8.43:12.1": "Так, добродетельная женщина иль муж, ",
  "an8.43:12.2": "Кто соблюдал Упосатху из факторов восьми, ",
  "an8.43:12.3": "К счастью ведущих сотворив много заслуг, ",
  "an8.43:12.4": "Безукоризненный, стремится к небесам».",
  "an8.43:12.5": "Третья."
}