{
  "an8.51:0.1": "Восходящие Наставления 8.51",
  "an8.51:0.2": "Глава Готами",
  "an8.51:0.3": "Сутта Готами",
  "an8.51:1.1": "Однажды Благословенный пребывал в стране Сакьев в Капилаваттху в Баньяновом Парке. ",
  "an8.51:1.2": "И тогда Махападжапати Готами подошла к Благословенному, поклонилась ему, встала рядом и сказала:",
  "an8.51:1.3": "«Господин, было бы хорошо, если бы женщины могли бы получить [разрешение на] оставление жизни домохозяйской ради жизни бездомной в Дхамме и Винае, что провозглашены Татхагатой».",
  "an8.51:1.4": "«Довольно, Готами! ",
  "an8.51:1.5": "Не проси [разрешения] женщинам на оставление жизни домохозяйской ради жизни бездомной в Дхамме и Винае, что провозглашены Татхагатой».",
  "an8.51:2.1": "Во второй раз… ",
  "an8.51:2.2": "",
  "an8.51:2.3": "",
  "an8.51:2.4": "",
  "an8.51:3.1": "в третий раз Махападжапати Готами обратилась к Благословенному: ",
  "an8.51:3.2": "«Господин, было бы хорошо, если бы женщины могли бы получить [разрешение на] оставление жизни домохозяйской ради жизни бездомной в Дхамме и Винае, что провозглашены Татхагатой».",
  "an8.51:3.3": "«Довольно, Готами! ",
  "an8.51:3.4": "Не проси [разрешения] женщинам на оставление жизни домохозяйской ради жизни бездомной в Дхамме и Винае, что провозглашены Татхагатой».",
  "an8.51:4.1": "И тогда Махападжапати Готами, думая: «Благословенный не даёт разрешения женщинам оставить жизнь домохозяйскую ради жизни бездомной» – несчастная и опечаленная, с лицом, полным слёз, разрыдалась. Затем она поклонилась Благословенному и ушла, обойдя его с правой стороны.",
  "an8.51:5.1": "Побыв в Капилаваттху столько, сколько он счёл нужным, Благословенный отправился в странствие по направлению к Весали. ",
  "an8.51:5.2": "Странствуя, он, со временем, прибыл в Весали. ",
  "an8.51:5.3": "Там Благословенный остановился в зале с остроконечной крышей в Великом Лесу.",
  "an8.51:5.4": "И тогда Махападжапати Готами обрезала свои волосы, надела жёлтые одежды, и вместе с группой женщин из клана Сакьев направилась в Весали. ",
  "an8.51:5.5": "Со временем она дошла до Весали и [отправилась] в зал с остроконечной крышей в Великом Лесу. ",
  "an8.51:5.6": "И там, со вспухшими ногами и телом, покрытым пылью, несчастная и опечаленная, с лицом, полным слёз, рыдающая, она встала возле входа. ",
  "an8.51:6.1": "Достопочтенный Ананда увидел её стоящей там в таком состоянии.",
  "an8.51:6.2": "Увидев Махападжапати Готами так спросил:",
  "an8.51:6.3": "«Готами, почему ты стоишь возле входа со вспухшими ногами и телом, покрытым пылью, несчастная и опечаленная, с лицом, полным слёз, рыдающая?»",
  "an8.51:6.4": "«Это потому, Господин Ананда, что Благословенный не даёт разрешения женщинам оставить жизнь домохозяйскую ради жизни бездомной».",
  "an8.51:6.5": "«Что ж, Готами, подожди здесь, а я попрошу у Благословенного разрешения женщинам оставить жизнь домохозяйскую ради жизни бездомной».",
  "an8.51:7.1": "И тогда Достопочтенный Ананда подошёл к Благословенному, поклонился ему, сел рядом и сказал: ",
  "an8.51:7.2": "«Учитель, Махападжапати Готами стоит возле входа со вспухшими ногами и телом, покрытым пылью, несчастная и опечаленная, с лицом, полным слёз, рыдающая, поскольку Благословенный ",
  "an8.51:7.3": "не даёт разрешения женщинам оставить жизнь домохозяйскую ради жизни бездомной. ",
  "an8.51:7.4": "Учитель, было бы хорошо, если бы женщины могли получить [разрешение на] оставление жизни домохозяйской ради жизни бездомной в Дхамме и Винае, что провозглашены Татхагатой».",
  "an8.51:7.5": "«Довольно, Ананда! ",
  "an8.51:7.6": "Не проси [разрешения] женщинам на оставление жизни домохозяйской ради жизни бездомной в Дхамме и Винае, что провозглашены Татхагатой».",
  "an8.51:8.1": "И во второй раз… ",
  "an8.51:8.2": "и в третий раз Достопочтенный Ананда обратился к Благословенному: ",
  "an8.51:8.3": "«Учитель, было бы хорошо, если бы женщины могли получить [разрешение на] оставление жизни домохозяйской ради жизни бездомной в Дхамме и Винае, что провозглашены Татхагатой».",
  "an8.51:8.4": "«Довольно, Ананда! ",
  "an8.51:8.5": "Не проси [разрешения] женщинам на оставление жизни домохозяйской ради жизни бездомной в Дхамме и Винае, что провозглашены Татхагатой».",
  "an8.51:9.1": "И тогда мысль пришла к Достопочтенному Ананде: ",
  "an8.51:9.2": "«Благословенный не даёт разрешения женщинам оставить жизнь домохозяйскую ради жизни бездомной. ",
  "an8.51:9.3": "Что если я попрошу у Благословенного [разрешения] женщинам на оставление жизни домохозяйской ради жизни бездомной ещё каким-нибудь способом?»",
  "an8.51:9.4": "И тогда Достопочтенный Ананда обратился к Благословенному: ",
  "an8.51:9.5": "«Учитель, если бы женщина оставила жизнь домохозяйскую ради жизни бездомной в Дхамме и Винае, что провозглашены Татхагатой, существовала бы такая возможность, что она реализовала бы плод вступления в поток, плод однажды-возвращения, плод не-возвращения, плод арахантства?»",
  "an8.51:9.6": "«Существовала бы, Ананда».",
  "an8.51:9.7": "«Если, Учитель, [оно так, что] существовала бы возможность для женщины реализовать плод вступления в поток, плод однажды-возвращения, плод не-возвращения, плод арахантства; ",
  "an8.51:9.8": "Махападжапати Готами была весьма полезной Благословенному – [она] была его тётей по линии матери, кормилицей, приёмной матерью, ",
  "an8.51:9.9": "которая кормила его грудным молоком [после того], как его мать скончалась – ",
  "an8.51:9.10": "то было бы хорошо, если бы женщины смогли бы получить [разрешение на] оставление жизни домохозяйской ради жизни бездомной в Дхамме и Винае, что провозглашены Татхагатой».",
  "an8.51:10.1": "«Если, Ананда, Махападжапати Готами согласится на эти восемь принципов уважения, то пусть это самое [её согласие] и станет её полным посвящением [в монахини]:",
  "an8.51:11.1": "Монахиня, посвящённая [в монахини пусть даже уже] сотню лет как, должна кланяться монаху, который получил посвящение в этот самый день, [Она должна] вставать перед ним, почтительно приветствовать его, вести себя учтиво по отношению к нему. ",
  "an8.51:11.2": "Этот принцип должен уважаться, чтиться, цениться и почитаться, и не должен нарушаться в течение всей жизни [монахини]3.",
  "an8.51:12.1": "Монахиня не должна начинать проводить сезон дождей там, где нет монахов. ",
  "an8.51:12.2": "Этот принцип также должен уважаться, чтиться, цениться и почитаться, и не должен нарушаться в течение всей жизни [монахини].",
  "an8.51:13.1": "Каждые полмесяца монахиня должна просить Сангху монахов о двух вещах: ",
  "an8.51:13.2": "о [дне проведения] Упосатхи и о [том, когда какой-либо монах] придёт давать наставления [монахиням]4. ",
  "an8.51:13.3": "Этот принцип также должен уважаться, чтиться, цениться и почитаться, и не должен нарушаться в течение всей жизни [монахини].",
  "an8.51:14.1": "После окончания проведения сезона дождей монахиня должна просить приглашения исправления у обеих Сангх в отношении трёх вещей: ",
  "an8.51:14.2": "в отношении всего увиденного, услышанного, или подозреваемого. ",
  "an8.51:14.3": "Этот принцип также должен уважаться, чтиться, цениться и почитаться, и не должен нарушаться в течение всей жизни [монахини].",
  "an8.51:15.1": "Монахиня, совершившая серьёзный проступок, должна в течение половины месяца проходить наказание у обеих Сангх. ",
  "an8.51:15.2": "Этот принцип также должен уважаться, чтиться, цениться и почитаться, и не должен нарушаться в течение всей жизни [монахини].",
  "an8.51:16.1": "Послушница, завершившая двухлетнюю тренировку в шести принципах, должна просить [разрешения на получение] высшего посвящения [в монахини] у обеих Сангх. ",
  "an8.51:16.2": "Этот принцип также должен уважаться, чтиться, цениться и почитаться, и не должен нарушаться в течение всей жизни [монахини].",
  "an8.51:17.1": "Монахиня никоим образом не должна оскорблять или ругать монаха. ",
  "an8.51:17.2": "Этот принцип также должен уважаться, чтиться, цениться и почитаться, и не должен нарушаться в течение всей жизни [монахини].",
  "an8.51:18.1": "Начиная с этого момента, Ананда, монахиням запрещено делать замечания монахам, но монахам не запрещено делать замечания монахиням. ",
  "an8.51:18.2": "Этот принцип также должен уважаться, чтиться, цениться и почитаться, и не должен нарушаться в течение всей жизни [монахини].",
  "an8.51:19.1": "Если, Ананда, Махападжапати Готами согласится принять эти восемь принципов уважения, то пусть это самое [её согласие] и станет её полным посвящением [в монахини].",
  "an8.51:20.1": "И затем Достопочтенный Ананда, выучив эти восемь принципов уважения от Благословенного, отправился к Махападжапати Готами и сказал ей: ",
  "an8.51:21.1": "«Если, Готами, ты соглашаешься принять эти восемь принципов уважения, то это самое [твоё согласие] станет твоим полным посвящением [в монахини]: ",
  "an8.51:22.1": "«Монахиня, посвящённая [в монахини пусть даже уже] сотню лет как, должна… ",
  "an8.51:22.2": "",
  "an8.51:23.1": "…монахам не запрещено делать замечания монахиням. ",
  "an8.51:23.2": "Этот принцип также должен уважаться, чтиться, цениться и почитаться, и не должен нарушаться в течение всей жизни [монахини]». ",
  "an8.51:23.3": "Если, Готами, ты соглашаешься принять эти восемь принципов уважения, то это самое [твоё согласие] станет твоим полным посвящением».",
  "an8.51:24.1": "«Господин Ананда, если женщина или мужчина – молодой, юный, наслаждающийся украшениями, с помытой головой – получил бы гирлянду из голубых лотосов, цветков жасмина, или лилий, он принял бы её обеими руками и надел бы себе на голову. ",
  "an8.51:24.2": "Точно также и я принимаю эти восемь принципов уважения как те, что не должны нарушаться в течение всей жизни [монахини]».",
  "an8.51:25.1": "И тогда Достопочтенный Ананда отправился к Благословенному, поклонился ему, сел рядом и сказал: ",
  "an8.51:25.2": "«Учитель, Махападжапати Готами согласилась принять восемь принципов уважения как те, что не должны нарушаться в течение всей жизни [монахини]».",
  "an8.51:26.1": "«Ананда, если бы женщины не получили [разрешения на] оставление жизни домохозяйской ради жизни бездомной в Дхамме и Винае, что провозглашены Татхагатой, то святая жизнь длилась бы долго. Благая Дхамма продержалась бы [без искажений] тысячу лет. ",
  "an8.51:26.2": "Но, Ананда, поскольку женщины оставили жизнь домохозяйскую ради жизни бездомной в Дхамме и Винае, что провозглашены Татхагатой, то святая жизнь не продлится долго. ",
  "an8.51:26.3": "Благая Дхамма продлится [без искажений] лишь пятьсот лет.",
  "an8.51:27.1": "Подобно тому, Ананда, как бродяжничающие грабители с лёгкостью нападают на те семьи, в которых много женщин и мало мужчин, ",
  "an8.51:27.2": "точно также, в любой Дхамме и Винае, где женщины получают [разрешение на] оставление жизни домохозяйской ради жизни бездомной, святая жизнь не продлится долго.",
  "an8.51:28.1": "Подобно тому, Ананда, как если поле с созревшим горным рисом подвергается белёсой болезни, оно не длится долго, ",
  "an8.51:28.2": "то точно также в любой Дхамме и Винае, где женщины получают [разрешение на] оставление жизни домохозяйской ради жизни бездомной, святая жизнь не продлится долго.",
  "an8.51:29.1": "Подобно тому, Ананда, как если поле с созревшим сахарным тростником подвергается ржавой болезни, оно не длится долго, ",
  "an8.51:29.2": "то точно также в любой Дхамме и Винае, где женщины получают [разрешение на] оставление жизни домохозяйской ради жизни бездомной, святая жизнь не продлится долго.",
  "an8.51:30.1": "Подобно тому, Ананда, как человек построил бы дамбу вокруг большого водохранилища в качестве меры предосторожности, чтобы вода не перелила через край, ",
  "an8.51:30.2": "то точно также, в качестве меры предосторожности я предписал монахиням [соблюдать] восемь принципов уважения как те, что не должны нарушаться в течение всей жизни [монахини]».",
  "an8.51:30.3": "Первая."
}