{
  "an8.120:0.1": "Восходящие Наставления 8.120",
  "an8.120:0.2": "Сокращение Страсть ",
  "an8.120:0.3": "",
  "an8.120:1.1": "Для познания страсти, монахи, восемь явлений должны быть развиты. ",
  "an8.120:1.2": "Какие восемь? ",
  "an8.120:1.3": "Обладая формой, видит форму… внутренне нематериальный внешние объекты видит… сфокусирован только на «красивом»… с полным преодолением восприятий форм, с угасанием восприятий, вызываемых органами чувств, не обращающий внимания на восприятие множественности, [воспринимая]: «пространство безгранично», он входит и пребывает в сфере безграничного пространства… с полным преодолением сферы безграничного пространства, [воспринимая]: «сознание безгранично», он входит и пребывает в сфере безграничного сознания… с полным преодолением сферы безграничного сознания, [воспринимая]: «здесь ничего нет», он входит и пребывает в сфере отсутствия всего… с полным преодолением сферы отсутствия всего он входит и пребывает в сфере ни восприятия ни не-восприятия… с полным преодолением сферы ни восприятия ни не-восприятия он входит и пребывает в прекращении восприятия и чувствования… ",
  "an8.120:1.4": "Для познания страсти, монахи, эти восемь явлений должны быть развиты."
}