{
  "an8.121-147:0.1": "Восходящие Наставления 8.121-147",
  "an8.121-147:0.2": "Сокращение Страсть ",
  "an8.121-147:0.3": "",
  "an8.121-147:1.1": "Для полного понимания страсти, монахи, восемь явлений должны быть развиты… ",
  "an8.121-147:1.2": "исчерпывания… ",
  "an8.121-147:1.3": "покидания… ",
  "an8.121-147:1.4": "исчерпания… ",
  "an8.121-147:1.5": "исчезновения… ",
  "an8.121-147:1.6": "бесстрастия… ",
  "an8.121-147:1.7": "истечения… ",
  "an8.121-147:1.8": "отказа… ",
  "an8.121-147:1.9": "отдаления… ",
  "an8.121-147:1.10": "эти восемь явлений должны быть развиты."
}