{
  "an8.119:0.1": "Восходящие Наставления 8.119",
  "an8.119:0.2": "Сокращение Страсть ",
  "an8.119:0.3": "",
  "an8.119:1.1": "Для познания страсти, монахи, восемь явлений должны быть развиты. ",
  "an8.119:1.2": "Какие восемь? ",
  "an8.119:1.3": "Воспринимая формы внутренне, видит формы внешне ограниченные, красивые или уродливые. ",
  "an8.119:1.4": "Преодолев их, «Я знаю, я вижу» он воспринимает так. ",
  "an8.119:1.5": "…воспринимая формы внутренне, видит формы внешне безмерные, красивые или уродливые… Преодолев их, «Я знаю, я вижу» он воспринимает так. ",
  "an8.119:1.6": "…внутренне сознающий нематериальное внешние объекты видит ограниченные, красивые или уродливые… Преодолев их, «Я знаю, я вижу»… он воспринимает так. ",
  "an8.119:1.7": "…внутренне сознающий нематериальное внешние объекты видит неизмеримые, красивые или уродливые… Преодолев их, «Я знаю, я вижу»… он воспринимает так. ",
  "an8.119:1.8": "…внутренне сознающий нематериальное внешние объекты видит голубые, голубого цвета, с голубым тоном, с голубым оттенком… Преодолев их, «Я знаю, я вижу»… он воспринимает так. ",
  "an8.119:1.9": "…внутренне сознающий нематериальное внешние объекты видит жёлтые, жёлтого цвета, с жёлтым тоном, с жёлтым оттенком… Преодолев их, «Я знаю, я вижу»… он воспринимает так. ",
  "an8.119:1.10": "…внутренне сознающий нематериальное внешние объекты видит красные, красного цвета, с красным тоном, с красным оттенком… Преодолев их, «Я знаю, я вижу»… он воспринимает так. ",
  "an8.119:1.11": "…внутренне сознающий нематериальное внешние объекты видит белые, белого цвета, с белым тоном, с белым оттенком. ",
  "an8.119:1.12": "Преодолев их, «Я знаю, я вижу»… он воспринимает так. ",
  "an8.119:1.13": "Для познания страсти, монахи, эти восемь явлений должны быть развиты."
}