{
  "an8.148-627:0.1": "Восходящие Наставления 8.148-627",
  "an8.148-627:0.2": "Сокращение Страсть",
  "an8.148-627:0.3": "",
  "an8.148-627:1.1": "Для познания злобы, монахи…",
  "an8.148-627:1.2": "заблуждения…",
  "an8.148-627:1.3": "ворчания…",
  "an8.148-627:1.4": "жестокости…",
  "an8.148-627:1.5": "умаления…",
  "an8.148-627:1.6": "завистливого соперничества…",
  "an8.148-627:1.7": "ревности…",
  "an8.148-627:1.8": "жадности…",
  "an8.148-627:1.9": "притворства…",
  "an8.148-627:1.10": "хитрости…",
  "an8.148-627:1.11": "упрямства…",
  "an8.148-627:1.12": "агрессии…",
  "an8.148-627:1.13": "самомнения…",
  "an8.148-627:1.14": "завышенной самооценки…",
  "an8.148-627:1.15": "опьянения",
  "an8.148-627:1.16": "беспечности познания…",
  "an8.148-627:1.17": "полного понимания…",
  "an8.148-627:1.18": "исчерпывания…",
  "an8.148-627:1.19": "покидания…",
  "an8.148-627:1.20": "исчерпания…",
  "an8.148-627:1.21": "исчезновения…",
  "an8.148-627:1.22": "бесстрастия…",
  "an8.148-627:1.23": "истечения…",
  "an8.148-627:1.24": "отказа…",
  "an8.148-627:1.25": "отдаления",
  "an8.148-627:1.26": "эти восемь явлений должны быть развиты.",
  "an8.148-627:1.27": "Сокращение Страсть Закончено.",
  "an8.148-627:1.28": "Собрание Восьмерок Закончено."
}