{
  "an8.44:0.1": "Восходящие Наставления 8.44",
  "an8.44:0.2": "Глава Упосатха",
  "an8.44:0.3": "Сутта Васеттха",
  "an8.44:1.1": "Однажды Благословенный пребывал в Весали в зале с остроконечной крышей в Великом Лесу.",
  "an8.44:1.2": "И тогда мирянин Васеттха подошёл к Благословенному, поклонился ему, и сел рядом. Затем Благословенный сказал ему:",
  "an8.44:1.3": "«Васеттха, соблюдаемая в полных восьми факторах Упосатха приносит великий плод…",
  "an8.44:1.4": "Безукоризненный, стремится к небесам».",
  "an8.44:2.1": "Когда так было сказано, мирянин Васеттха сказал Благословенному:",
  "an8.44:2.2": "«Господин, даже если бы мои любимые родственники и родня соблюдали бы полную в восьми факторах Упосатху, это привело бы к их благополучию и счастью на долгое время.",
  "an8.44:2.3": "Если бы все кхаттии соблюдали бы… если бы все брахманы… вессы… судды соблюдали бы полную в восьми факторах Упосатху, это привело бы к их благополучию и счастью на долгое время».",
  "an8.44:3.1": "«Так оно, Васеттха, так оно!",
  "an8.44:3.2": "Если бы все кхаттии… брахманы… вессы… судды соблюдали бы полную в восьми факторах Упосатху, это привело бы к их благополучию и счастью на долгое время.",
  "an8.44:3.3": "Если бы этот мир с его дэвами, Марой, Брахмой, с его поколениями жрецов и отшельников, богов и людей, соблюдал бы полную в восьми факторах Упосатху, это привело бы к его благополучию и счастью на долгое время.",
  "an8.44:3.4": "Если бы эти великие саловые деревья соблюдали бы полную в восьми факторах Упосатху, это привело бы к их благополучию и счастью на долгое время.",
  "an8.44:3.5": "Так что уж говорить о человеческом существе!»",
  "an8.44:3.6": "Четвёртая."
}