{
  "an8.27:0.1": "Восходящие Наставления 8.27",
  "an8.27:0.2": "Глава Гахапати ",
  "an8.27:0.3": "Сутта Силы Первая ",
  "an8.27:1.1": "«Монахи, есть эти восемь сил. ",
  "an8.27:1.2": "Какие восемь? ",
  "an8.27:1.3": "Сила детей – плач, Сила женщины – злость, Сила воров – оружие, Сила царей – владычество, Сила дураков – жаловаться, Сила мудрецов – обдумывать, Сила учёных – рассмотрение, Сила брахманов и отшельников – терпение. ",
  "an8.27:1.4": "Таковы восемь сил».",
  "an8.27:1.5": "Седьмая."
}