{
  "an8.41:0.1": "Восходящие Наставления 8.41",
  "an8.41:0.2": "Глава Упосатха ",
  "an8.41:0.3": "Сутта Упосатха Сжато ",
  "an8.41:1.1": "Так я слышал. ",
  "an8.41:1.2": "Однажды Благословенный пребывал в Саваттхи в роще Джеты в монастыре Анатхапиндики. ",
  "an8.41:1.3": "Там Благословенный обратился к монахам: ",
  "an8.41:1.4": "«Монахи!» ",
  "an8.41:1.5": "«Учитель!» – отвечали те монахи. ",
  "an8.41:1.6": "Благословенный сказал: ",
  "an8.41:2.1": "«Монахи, соблюдаемая в полных восьми факторах Упосатха приносит великий плод и пользу, она истинно сверкающая и всепроникающая… ",
  "an8.41:2.2": "И каким образом Упосатха соблюдается в полных восьми факторах, так что приносит великий плод и пользу, [и что она] неимоверно сверкающая и всепроникающая? ",
  "an8.41:2.3": "Вот, монахи, ученик Благородных рассуждает так: ",
  "an8.41:2.4": "«Покуда они живы, араханты отбрасывают и воздерживаются от уничтожения жизни. Они пребывают в сострадании ко всем живым существам, отбросив дубину и оружие, добросовестные и милосердные. ",
  "an8.41:2.5": "Сегодня, в течение этой ночи и дня, я также отброшу и буду воздерживаться от уничтожения жизни. Я также буду пребывать в сострадании ко всем живым существам, отбросив дубину и оружие, добросовестным и милосердным. ",
  "an8.41:2.6": "Так в этом отношении я буду подражать арахантам и буду соблюдать Упосатху». ",
  "an8.41:2.7": "Таков первый фактор, которым она, [эта Упосатха], обладает… ",
  "an8.41:3.1": "",
  "an8.41:3.2": "",
  "an8.41:3.3": "",
  "an8.41:3.4": "",
  "an8.41:4.1": "",
  "an8.41:4.2": "",
  "an8.41:4.3": "",
  "an8.41:4.4": "",
  "an8.41:5.1": "",
  "an8.41:5.2": "",
  "an8.41:5.3": "",
  "an8.41:5.4": "",
  "an8.41:6.1": "",
  "an8.41:6.2": "",
  "an8.41:6.3": "",
  "an8.41:6.4": "",
  "an8.41:7.1": "",
  "an8.41:7.2": "",
  "an8.41:7.3": "",
  "an8.41:7.4": "",
  "an8.41:8.1": "",
  "an8.41:8.2": "",
  "an8.41:8.3": "",
  "an8.41:8.4": "",
  "an8.41:9.1": "«Покуда они живы, араханты отбрасывают и воздерживаются от использования высоких и роскошных постелей. Они ложатся на постель низкую: либо на небольшую кровать, либо на соломенную циновку. ",
  "an8.41:9.2": "Сегодня, в течение этой ночи и дня, я также отброшу и буду воздерживаться от использования высоких и роскошных постелей. Я лягу на постель низкую, либо на небольшую кровать, либо на соломенную циновку. ",
  "an8.41:9.3": "Так в этом отношении я буду подражать арахантам и буду соблюдать Упосатху». ",
  "an8.41:9.4": "Таков восьмой фактор, которым она обладает. ",
  "an8.41:10.1": "Вот каким образом, монахи, соблюдаемая в полных восьми факторах Упосатха приносит великий плод и пользу, [она] неимоверно сверкающая и всепроникающая»",
  "an8.41:10.2": "Первая."
}