{
  "an8.32:0.1": "Восходящие Наставления 8.32",
  "an8.32:0.2": "Глава Дана ",
  "an8.32:0.3": "Сутта Даяние Вторая ",
  "an8.32:1.1": "«Вера и стыд, и благотворное даяние – ",
  "an8.32:1.2": "Вот качества, к которым человек хороший всё стремится. ",
  "an8.32:1.3": "Ведь говорится: это суть небесный путь, ",
  "an8.32:1.4": "Идя которым мира дэвов достигаешь».",
  "an8.32:1.5": "Вторая."
}