{
  "an1.616:0.1": "Восходящие Наставления 1.616-627",
  "an1.616:0.2": "Глава Амата",
  "an1.616:1.0": "1",
  "an1.616:1.1": "«Монахи, те, кто не разделяет осознанности, направленной к телу, не разделяют бессмертного. ",
  "an1.616:1.2": "Те, кто разделяет осознанность, направленную к телу, разделяют бессмертное».",
  "an1.617:1.0": "2",
  "an1.617:1.1": "«Монахи, бессмертное не было разделено теми, кто не разделял осознанности, направленной к телу. ",
  "an1.617:1.2": "Бессмертное было разделено теми, кто разделял осознанность, направленную к телу».",
  "an1.618:1.0": "3",
  "an1.618:1.1": "«Монахи, те, кто отпал от осознанности, направленной к телу, отпали и от бессмертного. ",
  "an1.618:1.2": "Те, кто не отпал… не отпали и от бессмертного».",
  "an1.619:1.0": "4",
  "an1.619:1.1": "«Монахи, те, кто пренебрегал осознанностью, направленной к телу, пренебрегали и бессмертным. ",
  "an1.619:1.2": "Те, кто разделил осознанность, направленную к телу, разделили бессмертное».",
  "an1.620:1.0": "5",
  "an1.620:1.1": "«Монахи, те, кто беспечен в отношении осознанности, направленной к телу, беспечны и в отношении бессмертного. ",
  "an1.620:1.2": "Те, кто не беспечен… не беспечны и в отношении бессмертного».",
  "an1.621:1.0": "6",
  "an1.621:1.1": "«Монахи, те, кто позабыл осознанность, направленную к телу, позабыли и о бессмертном. ",
  "an1.621:1.2": "Те, кто не позабыл… не позабыли и о бессмертном».",
  "an1.622:1.0": "7",
  "an1.622:1.1": "«Монахи, те, кто не стремился к осознанности, направленной к телу, не стремились к бессмертному. ",
  "an1.622:1.2": "Те, кто стремился… стремились и к бессмертному».",
  "an1.623:1.0": "8",
  "an1.623:1.1": "«Монахи, те, кто не развивал осознанности, направленной к телу, не развивали и бессмертное. ",
  "an1.623:1.2": "Те, кто развивал… развивали и бессмертное».",
  "an1.624:1.0": "9",
  "an1.624:1.1": "«Монахи, те, кто не взращивал осознанности, направленной к телу, не взращивали и бессмертное. ",
  "an1.624:1.2": "Те, кто взращивал… взращивали и бессмертное».",
  "an1.625:1.0": "10",
  "an1.625:1.1": "«Монахи, те, кто напрямую не познал осознанности, направленной к телу, напрямую не познали и бессмертное. ",
  "an1.625:1.2": "Те, кто напрямую познал… напрямую познали и бессмертное».",
  "an1.626:1.0": "11",
  "an1.626:1.1": "«Монахи, те, кто не полностью понял осознанность, направленную к телу, не полностью поняли и бессмертное. ",
  "an1.626:1.2": "Те, кто полностью понял… полностью поняли и бессмертное».",
  "an1.627:1.0": "12",
  "an1.627:1.1": "«Монахи, те, кто не реализовал осознанность, направленную к телу, не реализовали и бессмертное. ",
  "an1.627:1.2": "Те, кто реализовал… реализовали и бессмертное».",
  "an1.627:1.3": "(…)",
  "an1.627:2.1": "Это сказал Благословенный.",
  "an1.627:2.2": "Вдохновленные те монахи обрадовались речь Благословенного.",
  "an1.627:2.3": "(Глава Амата.)",
  "an1.627:2.4": "Собрание Одиннадцати окончено."
}