{
  "an1.51:0.1": "Ангуттара Никая 1.51–60 ",
  "an1.51:0.2": "Глава о щелчке пальцами ",
  "an1.51:1.0": "51 ",
  "an1.51:1.1": "«Сияющий, монахи, этот ум, ",
  "an1.51:1.2": "но он загрязнён поступающими загрязнениями. ",
  "an1.51:1.3": "Необученный заурядный человек не понимает этого в соответствии с действительностью. ",
  "an1.51:1.4": "Поэтому, я говорю вам, для необученного заурядного человека нет развития ума». ",
  "an1.52:1.0": "52 ",
  "an1.52:1.1": "«Сияющий, монахи, этот ум, ",
  "an1.52:1.2": "и он освобождён от поступающих загрязнений. ",
  "an1.52:1.3": "Обученный ученик Благородных понимает это в соответствии с действительностью. ",
  "an1.52:1.4": "Поэтому, я говорю вам, для обученного ученика Благородных есть развитие ума». ",
  "an1.53:1.0": "53 ",
  "an1.53:1.1": "«Монахи, если монах даже на время, за которое можно лишь щёлкнуть пальцами, занимается [развитием] доброжелательного ума, ",
  "an1.53:1.2": "то он зовётся монахом, ",
  "an1.53:1.3": "который не лишён джханы, который поступает в соответствии с учением Учителя, который отзывается на его совет, и который не ест понапрасну еду, полученную как подаяние в округе. ",
  "an1.53:1.4": "Что уж говорить о тех, кто [постоянно] взращивает его!». ",
  "an1.54:1.0": "54 ",
  "an1.54:1.1": "«Монахи, если монах даже на время, за которое можно лишь щёлкнуть пальцами, развивает доброжелательный ума, ",
  "an1.54:1.2": "то он зовётся монахом, ",
  "an1.54:1.3": "который не лишён джханы, который поступает в соответствии с учением Учителя, который отзывается на его совет, и который не ест понапрасну еду, полученную как подаяние в округе. ",
  "an1.54:1.4": "Что уж говорить о тех, кто [постоянно] взращивает его!». ",
  "an1.55:1.0": "55 ",
  "an1.55:1.1": "«Монахи, если монах даже на время, за которое можно лишь щёлкнуть пальцами, уделяет внимание на [развитие] доброжелательного ума, ",
  "an1.55:1.2": "то он зовётся монахом, ",
  "an1.55:1.3": "который не лишён джханы, который поступает в соответствии с учением Учителя, который отзывается на его совет, и который не ест понапрасну еду, полученную как подаяние в округе. ",
  "an1.55:1.4": "Что уж говорить о тех, кто [постоянно] взращивает его!». ",
  "an1.56:1.0": "56 ",
  "an1.56:1.1": "«Монахи, любые неблагие качества, связанные с неблагим, относящиеся к неблагому, имеют ум своей предтечей. ",
  "an1.56:1.2": "Вначале возникает ум, а затем следуют неблагие качества». ",
  "an1.57:1.0": "57 ",
  "an1.57:1.1": "«Монахи, любые благие качества, связанные с благим, относящиеся к благому, имеют ум своей предтечей. ",
  "an1.57:1.2": "Вначале возникает ум, а затем следуют благие качества». ",
  "an1.58:1.0": "58 ",
  "an1.58:1.1": "«Монахи, я не вижу ни одной другой вещи помимо беспечности, которая была бы настолько [существенной] причиной того, что невозникшие неблагие качества возникают, а возникшие благие качества уменьшаются.  ",
  "an1.58:1.2": "У того, кто беспечен, невозникшие неблагие качества возникают, а возникшие благие качества уменьшаются». ",
  "an1.59:1.0": "59 ",
  "an1.59:1.1": "«Монахи, я не вижу ни одной другой вещи помимо прилежания, которая была бы настолько [существенной] причиной того, что невозникшие благие качества возникают, а возникшие неблагие качества уменьшаются. ",
  "an1.59:1.2": "У того, кто прилежен, невозникшие благие качества возникают, а возникшие неблагие качества уменьшаются». ",
  "an1.60:1.0": "60 ",
  "an1.60:1.1": "«Монахи, я не вижу ни одной другой вещи помимо лени, которая была бы настолько [существенной] причиной того, что невозникшие неблагие качества возникают, а возникшие благие качества уменьшаются. ",
  "an1.60:1.2": "У того, кто ленив, невозникшие неблагие качества возникают, а возникшие благие качества уменьшаются». "
}