{
  "an1.61:0.1": "Ангуттара Никая 1.61–70 ",
  "an1.61:0.2": "Глава о  ",
  "an1.61:1.0": "61 ",
  "an1.61:1.1": "«Монахи, я не вижу ни одной другой вещи помимо зарождения усердия, которая была бы настолько [существенной] причиной того, что невозникшие благие качества возникают, а возникшие неблагие качества уменьшаются. ",
  "an1.61:1.2": "У того, кто зарождает усердие, невозникшие благие качества возникают, а возникшие неблагие качества уменьшаются». ",
  "an1.62:1.0": "62 ",
  "an1.62:1.1": "«Монахи, я не вижу ни одной другой вещи помимо желания многого, которая была бы настолько [существенной] причиной того, что невозникшие неблагие качества возникают, а возникшие благие качества уменьшаются. ",
  "an1.62:1.2": "У того, кто имеет много желаний, невозникшие неблагие качества возникают, а возникшие благие качества уменьшаются». ",
  "an1.63:1.0": "63 ",
  "an1.63:1.1": "«Монахи, я не вижу ни одной другой вещи помимо  желания малого, которая была бы настолько [существенной] причиной того, что невозникшие благие качества возникают, а возникшие неблагие качества уменьшаются. ",
  "an1.63:1.2": "У того, кто имеет мало желаний, невозникшие благие качества возникают, а возникшие неблагие качества уменьшаются». ",
  "an1.64:1.0": "64 ",
  "an1.64:1.1": "““«Монахи, я не вижу ни одной другой вещи помимо  отсутствия довольствования, которая была бы настолько [существенной] причиной того, что невозникшие неблагие качества возникают, а возникшие благие качества уменьшаются. ",
  "an1.64:1.2": "У того, кто недоволен, невозникшие неблагие качества возникают, а возникшие благие качества уменьшаются». ",
  "an1.65:1.0": "65 ",
  "an1.65:1.1": "«Монахи, я не вижу ни одной другой вещи помимо довольствования, которая была бы настолько [существенной] причиной того, что невозникшие благие качества возникают, а возникшие неблагие качества уменьшаются. ",
  "an1.65:1.2": "У того, кто доволен, невозникшие благие качества возникают, а возникшие неблагие качества уменьшаются».” ",
  "an1.66:1.0": "66 ",
  "an1.66:1.1": "«Монахи, я не вижу ни одной другой вещи помимо немудрого внимания, которая была бы настолько [существенной] причиной того, что невозникшие неблагие качества возникают, а возникшие благие качества уменьшаются. ",
  "an1.66:1.2": "У того, кто немудро направляет внимание, невозникшие неблагие качества возникают, а возникшие благие качества уменьшаются». ",
  "an1.67:1.0": "67 ",
  "an1.67:1.1": "“«Монахи, я не вижу ни одной другой вещи помимо мудрого внимания, которая была бы настолько [существенной] причиной того, что невозникшие благие качества возникают, а возникшие неблагие качества уменьшаются. ",
  "an1.67:1.2": "У того, кто мудро направляет внимание, невозникшие благие качества возникают, а возникшие неблагие качества уменьшаются». ",
  "an1.68:1.0": "68 ",
  "an1.68:1.1": "«Монахи, я не вижу ни одной другой вещи помимо отсутствия бдительности, которая была бы настолько [существенной] причиной того, что невозникшие неблагие качества возникают, а возникшие благие качества уменьшаются.  ",
  "an1.68:1.2": "У того, кто небдителен, невозникшие неблагие качества возникают, а возникшие благие качества уменьшаются». ",
  "an1.69:1.0": "69 ",
  "an1.69:1.1": "«Монахи, я не вижу ни одной другой вещи помимо бдительности, которая была бы настолько [существенной] причиной того, что невозникшие неблагие качества возникают, а возникшие благие качества уменьшаются.  ",
  "an1.69:1.2": "У того, кто бдителен, невозникшие благие качества возникают, а возникшие неблагие качества уменьшаются». ",
  "an1.70:1.0": "70 ",
  "an1.70:1.1": "«Монахи, я не вижу ни одной другой вещи помимо дружбы с плохими людьми, которая была бы настолько [существенной] причиной того, что невозникшие неблагие качества возникают, а возникшие благие качества уменьшаются. ",
  "an1.70:1.2": "У того, кто дружит с плохими людьми, невозникшие неблагие качества возникают, а возникшие благие качества уменьшаются». ” "
}