{
  "an1.378:0.1": "Восходящие Наставления 1.378-393",
  "an1.378:0.2": "Глава Пасадакара Дхамма",
  "an1.378:1.1": "«Монахи, вне сомнений, это один из видов обретений, а именно, быть тем, кто проживает в лесу».",
  "an1.379:1.1": "быть тем, кто живёт едой, полученной с хождения за подаяниями…",
  "an1.380:1.1": "быть тем, кто носит обноски…",
  "an1.381:1.1": "быть тем, кто имеет только три одеяния…",
  "an1.382:1.1": "быть тем, кто проповедует Дхамму…",
  "an1.383:1.1": "быть приверженцем Винаи…",
  "an1.384:1.1": "быть тем, кто обладает великой учёностью…",
  "an1.385:1.1": "быть тем, кто давно [находится в монашестве]…",
  "an1.386:1.1": "быть тем, кто обладает подобающими манерами…",
  "an1.387:1.1": "быть тем, кто обретает свиту [последователей]…",
  "an1.388:1.1": "быть тем, кто имеет большую свиту…",
  "an1.389:1.1": "быть тем, кто происходит из хорошей семьи…",
  "an1.390:1.1": "быть привлекательным…",
  "an1.391:1.1": "быть превосходным оратором…",
  "an1.392:1.1": "быть тем, кто имеет малое количество желаний…",
  "an1.393:1.1": "быть тем, кто имеет хорошее здоровье…",
  "an1.393:1.2": "(Шестнадцатая Пасадакара Дхамма окончена.)"
}