{
  "an10.240-266:0.1": "Восходящие Наставления 10.240-266",
  "an10.240-266:0.2": "Сокращение Страсть ",
  "an10.240-266:0.3": "",
  "an10.240-266:1.1": "Для полного понимания страсти, монахи… ",
  "an10.240-266:1.2": "исчерпывания… ",
  "an10.240-266:1.3": "покидания… ",
  "an10.240-266:1.4": "исчерпания… ",
  "an10.240-266:1.5": "исчезновения… ",
  "an10.240-266:1.6": "бесстрастия… ",
  "an10.240-266:1.7": "истечения… ",
  "an10.240-266:1.8": "отказа… ",
  "an10.240-266:1.9": "отдаления…  ",
  "an10.240-266:1.10": "эти десять явлений должны быть развиты."
}