{
  "an10.237:0.1": "Восходящие Наставления 10.237",
  "an10.237:0.2": "Сокращение Страсть ",
  "an10.237:0.3": "",
  "an10.237:1.1": "Для познания страсти, монахи, десять явлений должны быть развиты. ",
  "an10.237:1.2": "Какие десять? ",
  "an10.237:1.3": "Сознавание бес-прекрас, сознавание смерти, к пище сознавание отстраняющего, ко всему свету сознавание не-восщихения, сознавание ненадёжности, в ненадёжном сознавание болезненности, в болезненном сознавание без-личности, сознавание покидания, сознавание истечения— ",
  "an10.237:1.4": "Для познания страсти, монахи, десять явлений должны быть развиты."
}