{
  "sn1.61:0.1": "Саньютта Никая 1.61 ",
  "sn1.61:0.2": "7. Отягощает ",
  "sn1.61:0.3": "Имя ",
  "sn1.61:1.1": "«Что это, что отягощает всё? ",
  "sn1.61:1.2": "Что более иного растяжимо? ",
  "sn1.61:1.3": "И существует ли такая вещь, ",
  "sn1.61:1.4": "Которая всё держит под контролем?» ",
  "sn1.61:2.1": "«Имя — вот что отягощает всё. ",
  "sn1.61:2.2": "Нет растяжимее чего-либо, чем имя. ",
  "sn1.61:2.3": "Имя — та самая единственная вещь, ",
  "sn1.61:2.4": "Которая всё держит под контролем». "
}