{
  "sn1.35:0.1": "Саньютта Никая 1.35 ",
  "sn1.35:0.2": "4. Группа Сатуллапы ",
  "sn1.35:0.3": "Критиканы ",
  "sn1.35:1.1": "Однажды Благословенный проживал в Саваттхи, в роще Джеты, в парке Анатхапиндики. ",
  "sn1.35:1.2": "И когда наступила глубокая ночь, несколько «критикующих» божеств прекрасной наружности, освещая всю рощу Джеты, подошли к Благословенному и встали в воздухе. ",
  "sn1.35:1.3": "Затем одно божество, стоя в воздухе, произнесло эту строфу в присутствии Благословенного: ",
  "sn1.35:2.1": "«Коль выставляет он себя одним, ",
  "sn1.35:2.2": "На деле будучи иным, ",
  "sn1.35:2.3": "То обретённым наслаждается как вор, ",
  "sn1.35:2.4": "Как если бы мошенник выигрыш добыл». ",
  "sn1.35:3.1": "«Как поступаешь, так и говори. ",
  "sn1.35:3.2": "Не говори, когда не поступаешь так. ",
  "sn1.35:3.3": "Мудрец ведь чётко может распознать того, ",
  "sn1.35:3.4": "Кто учит, но не практикует это сам». ",
  "sn1.35:4.1": "«Не просто лишь речью, ",
  "sn1.35:4.2": "не только лишь слушанием ",
  "sn1.35:4.3": "На прочном практики пути ",
  "sn1.35:4.4": "продвинуться возможно, ",
  "sn1.35:4.5": "Которым мудрые, кто медитирует, ",
  "sn1.35:4.6": "Освобождаются от рабства Мары. ",
  "sn1.35:5.1": "Воистину, мудрейшие не станут притворяться, ",
  "sn1.35:5.2": "Ведь направление мира поняли они. ",
  "sn1.35:5.3": "И знанием окончательным мудрейшие погашены, ",
  "sn1.35:5.4": "Привязанности к миру они пересекли». ",
  "sn1.35:6.1": "Тогда те божества, спустившись на землю, упали в ноги Благословенному и обратились к нему: ",
  "sn1.35:6.2": "«Уважаемый, мы совершили проступок — столь глупыми, столь запутанными, столь неумелыми мы были, что вообразили, будто можем раскритиковать Благословенного. ",
  "sn1.35:6.3": "Пусть Благословенный простит нас за наш проступок, который мы теперь увидели таковым, чтобы в будущем мы себясдерживали в этом». ",
  "sn1.35:6.4": "И тогда Благословенный улыбнулся. ",
  "sn1.35:6.5": "Тогда, те божества, желая раскритиковать его ещё больше, взмыли в воздух. ",
  "sn1.35:6.6": "Одно из божеств произнесло эту строфу в присутствии Благословенного: ",
  "sn1.35:7.1": "«Коль не дарует кто прощенья ",
  "sn1.35:7.2": "Тем, кто в проступке сознаётся, ",
  "sn1.35:7.3": "То зол он в сердце, ненависти полон, ",
  "sn1.35:7.4": "Питает он одну лишь неприязнь». ",
  "sn1.35:8.1": "«Если б там не было проступка, ",
  "sn1.35:8.2": "Если б здесь не было блуждания, ",
  "sn1.35:8.3": "И если успокоена была бы неприязнь, ",
  "sn1.35:8.4": "То невиновным был бы тот тогда». ",
  "sn1.35:9.1": "«И для кого же нет проступков? ",
  "sn1.35:9.2": "И для кого же нет блужданий? ",
  "sn1.35:9.3": "Кто в замешательстве не оказался? ",
  "sn1.35:9.4": "Кто мудр и всегда осознан?» ",
  "sn1.35:10.1": "«Татхагата, Полностью Просветлённый, ",
  "sn1.35:10.2": "Ко всем живущим полон сострадания. ",
  "sn1.35:10.3": "И в его случае проступков не бывает, ",
  "sn1.35:10.4": "И в его случае не может быть блуждания, ",
  "sn1.35:10.5": "Он в замешательстве не оказался, ",
  "sn1.35:10.6": "Он мудрый и всегда осознан. ",
  "sn1.35:11.1": "Коль не дарует кто прощенья ",
  "sn1.35:11.2": "Тем, кто в проступке сознаётся, ",
  "sn1.35:11.3": "То зол он в сердце, ненависти полон, ",
  "sn1.35:11.4": "Питает он одну лишь неприязнь. ",
  "sn1.35:11.5": "Но этой неприязнью я не упиваюсь, ",
  "sn1.35:11.6": "А потому проступок вам прощаю я». "
}