{
  "sn1.69:0.1": "Саньютта Никая 1.69 ",
  "sn1.69:0.2": "7. Отягощает ",
  "sn1.69:0.3": "Желание ",
  "sn1.69:1.1": "«Чем этот мир привязан? ",
  "sn1.69:1.2": "И с устранением чего освобождён? ",
  "sn1.69:1.3": "И от чего же нужно отказаться, ",
  "sn1.69:1.4": "Чтоб подневольность всякую отрезать?» ",
  "sn1.69:2.1": "«Желанием этот мир привязан, ",
  "sn1.69:2.2": "А с устранением желания освобождён. ",
  "sn1.69:2.3": "И от желания отказаться нужно, ",
  "sn1.69:2.4": "Чтоб подневольность всякую отрезать». "
}