{
  "sn1.28:0.1": "Саньютта Никая 1.28 ",
  "sn1.28:0.2": "3. Меч ",
  "sn1.28:0.3": "Те, у кого большие богатства ",
  "sn1.28:1.1": "«И даже те, имущество, богатство у кого большое, ",
  "sn1.28:1.2": "И даже кхаттии, страной кто управляет, —",
  "sn1.28:1.3": "Все смотрят друг на друга жадными глазами, ",
  "sn1.28:1.4": "Ненасыщаемые в чувственных усладах. ",
  "sn1.28:2.1": "И среди тех, кто алчным стал таким, ",
  "sn1.28:2.2": "И кто плывёт в существования потоке, ",
  "sn1.28:2.3": "Есть ли хоть кто-то, одолевший жажду? ",
  "sn1.28:2.4": "Кто в мире перестал быть алчным?» ",
  "sn1.28:3.1": "«Оставив дом и жизнь бездомную приняв, ",
  "sn1.28:3.2": "Оставив сыновей любимых и рогатый скот, ",
  "sn1.28:3.3": "Оставив жажду позади, оставив также злость ",
  "sn1.28:3.4": "И выдворив к тому же неведение своё, ",
  "sn1.28:3.5": "Архаты уничтожили все умственные пятна —",
  "sn1.28:3.6": "Вот в мире кто быть алчным перестал». "
}