{
  "sn1.7:0.1": "Саньютта Никая 1.7 ",
  "sn1.7:0.2": "1. Тростник ",
  "sn1.7:0.3": "Не постиг ",
  "sn1.7:1.1": "В Саваттхи. ",
  "sn1.7:1.2": "Стоя рядом, то божество произнесло такую строфу в присутствии Благословенного: ",
  "sn1.7:2.1": "«Те, не постиг кто эти вещи, ",
  "sn1.7:2.2": "Могут прильнуть к учениям других – ",
  "sn1.7:2.3": "Всё ещё спят они, не пробудились: ",
  "sn1.7:2.4": "Настало время пробудиться им». ",
  "sn1.7:3.1": "«Те, хорошо постиг кто эти вещи, ",
  "sn1.7:3.2": "Прильнуть к учениям других не могут. ",
  "sn1.7:3.3": "Ведь пробуждённые, правильно зная, ",
  "sn1.7:3.4": "Курс держат ровно неровных среди». "
}