{
  "sn1.37:0.1": "Саньютта Никая 1.37 ",
  "sn1.37:0.2": "4. Группа Сатуллапы ",
  "sn1.37:0.3": "Стечение ",
  "sn1.37:1.1": "Так я слышал. ",
  "sn1.37:1.2": "Однажды Благословенный проживал в стране Сакьев, в Капилаваттху, в Великом Лесу, вместе с большой общиной монахов, с пятью сотнями монахов, каждый из которых был арахантом. ",
  "sn1.37:1.3": "И божества из десяти мировых систем большей частью собрались, чтобы увидеть Благословенного и общину монахов. ",
  "sn1.37:1.4": "И тогда мысль пришла к четырём божествамиз группы божеств Чистых обителей: ",
  "sn1.37:1.5": "«Этот Благословенный проживает в стране Сакьев, в Капилаваттху, в Великом Лесу, вместе с большой общиной монахов, с пятью сотнями монахов, каждый из которых является арахантом. ",
  "sn1.37:1.6": "И божества из десяти мировых систем большей частью собрались, чтобы увидеть Благословенного и общину монахов. ",
  "sn1.37:1.7": "Что, если мы подойдём к Благословенному и в его присутствии каждый из нас произнесёт свою собственную строфу?» ",
  "sn1.37:2.1": "И тогда, так же быстро, как сильный человек мог бы распрямить согнутую руку или согнуть распрямлённую, те божества исчезли из группы божеств Чистых обителей и возникли перед Благословенным. ",
  "sn1.37:2.2": "Затем те божества поклонились Благословенному и встали рядом. ",
  "sn1.37:2.3": "Стоя рядом, одно божество произнесло такую строфу в присутствии Благословенного: ",
  "sn1.37:3.1": "«Великое стечение произошло в лесах, ",
  "sn1.37:3.2": "И собралось огромное количество божеств. ",
  "sn1.37:3.3": "Пришли мы на стечение Дхаммы этой, чтоб узреть ",
  "sn1.37:3.4": "Неодолимую монахов Сангху». ",
  "sn1.37:4.1": "Затем другое божество произнесло такую строфу в присутствии Благословенного: ",
  "sn1.37:5.1": "«Сосредоточены монахи эти. ",
  "sn1.37:5.2": "Выровняли они свои умы. ",
  "sn1.37:5.3": "Подобно колесничему, который держит вожжи, ",
  "sn1.37:5.4": "Те мудрецы оберегают cпособности органов чувств своих». ",
  "sn1.37:6.1": "Затем другое божество произнесло такую строфу в присутствии Благословенного: ",
  "sn1.37:7.1": "«Бесплодие разрезав, разрубив засов, ",
  "sn1.37:7.2": "Вырвав колонну Индры, непоколебимы, ",
  "sn1.37:7.3": "Чистейшими, без пятен скитаются они, ",
  "sn1.37:7.4": "Юные наги, коих Тот-кто-видит, cмог славно приручить». ",
  "sn1.37:8.1": "Затем другое божество произнесло такую строфу в присутствии Благословенного: ",
  "sn1.37:9.1": "«Кто к Будде за прибежищем пришёл, ",
  "sn1.37:9.2": "Тот не отправится в плохой удел. ",
  "sn1.37:9.3": "Отбросив человеческое тело, ",
  "sn1.37:9.4": "Пополнят они свиты дэвов». "
}