{
  "sn1.3:0.1": "Саньютта Никая 1.3 ",
  "sn1.3:0.2": "1. Тростник ",
  "sn1.3:0.3": "Достигая ",
  "sn1.3:1.1": "В Саваттхи. ",
  "sn1.3:1.2": "То божество произнесло такую строфу в присутствии Благословенного: ",
  "sn1.3:2.1": "«Жизнь протекла, жизни короток срок. ",
  "sn1.3:2.2": "Старым коль стал, то убежища нет. ",
  "sn1.3:2.3": "Эту опасность в смерти узрев, ",
  "sn1.3:2.4": "Делай заслуги, что счастье несут» ",
  "sn1.3:3.1": "«Жизнь протекла, жизни короток срок. ",
  "sn1.3:3.2": "Старым коль стал, то убежища нет. ",
  "sn1.3:3.3": "Эту опасность в смерти узрев, ",
  "sn1.3:3.4": "Мира приманку пусть ищущий бросит». "
}