{
  "sn1.56:0.1": "Саньютта Никая 1.56 ",
  "sn1.56:0.2": "6. Старость ",
  "sn1.56:0.3": "Порождает (II) ",
  "sn1.56:1.1": "«Что личность человека порождает? ",
  "sn1.56:1.2": "Что это у него — что бегает туда-сюда? ",
  "sn1.56:1.3": "Что входит в эту самую сансару? ",
  "sn1.56:1.4": "И от чего ещё он не освобождён?» ",
  "sn1.56:2.1": "«Жажда есть то, что личность порождает. ",
  "sn1.56:2.2": "Ум человека бегает туда-сюда. ",
  "sn1.56:2.3": "В сансару это существо и входит. ",
  "sn1.56:2.4": "И от страданий не свободен он». "
}