{
  "sn1.47:0.1": "Саньютта Никая 1.47 ",
  "sn1.47:0.2": "5. В огне ",
  "sn1.47:0.3": "Те, кто сажает ",
  "sn1.47:1.1": "«И у кого заслуг лишь прибывает, ",
  "sn1.47:1.2": "Будь то хоть день или же ночь? ",
  "sn1.47:1.3": "Кто люди те, отправятся что к небесам, ",
  "sn1.47:1.4": "Нравственные, устойчивые в Дхамме?» ",
  "sn1.47:2.1": "«Тот, посадил кто рощу или парк, ",
  "sn1.47:2.2": "Те люди, кто построил мост ",
  "sn1.47:2.3": "Или колодец — место, чтобы пить, ",
  "sn1.47:2.4": "А также те, кто подарил жилище: ",
  "sn1.47:3.1": "У них заслуг лишь прибывает, ",
  "sn1.47:3.2": "Будь то хоть день или же ночь. ",
  "sn1.47:3.3": "Вот люди те, отправятся что к небесам, ",
  "sn1.47:3.4": "Нравственные, устойчивые в Дхамме». "
}