{
  "sn1.43:0.1": "Саньютта Никая 1.43 ",
  "sn1.43:0.2": "5. В огне ",
  "sn1.43:0.3": "Еда ",
  "sn1.43:1.1": "«Все наслаждаются едой —",
  "sn1.43:1.2": "И люди все, и божества. ",
  "sn1.43:1.3": "И разве есть ли дух такой, ",
  "sn1.43:1.4": "Кто бы не радовался ей?» ",
  "sn1.43:2.1": "«Из веры если он даёт ",
  "sn1.43:2.2": "И с убеждением в сердце —",
  "sn1.43:2.3": "Еда достанется ему ",
  "sn1.43:2.4": "И в этом мире, и потом. ",
  "sn1.43:3.1": "А посему, скупость свою отбросив, ",
  "sn1.43:3.2": "Всех пятен победитель должен дар давать, ",
  "sn1.43:3.3": "Заслуги — вот опора для живых существ, ",
  "sn1.43:3.4": "Когда в мире ином появятся они». "
}