{
  "sn1.21:0.1": "Саньютта Никая 1.21 ",
  "sn1.21:0.2": "3. Меч ",
  "sn1.21:0.3": "Меч ",
  "sn1.21:1.1": "В Саваттхи. ",
  "sn1.21:1.2": "Стоя рядом, то божество произнесло такую строфу в присутствии Благословенного: ",
  "sn1.21:2.1": "«Как если б был мечом сражён, ",
  "sn1.21:2.2": "Как если б голова пылала, ",
  "sn1.21:2.3": "Должен осознанным бродить монах, ",
  "sn1.21:2.4": "Чтобы отбросить чувственную страсть». ",
  "sn1.21:3.1": "«Как если б был мечом сражён, ",
  "sn1.21:3.2": "Как если б голова пылала, ",
  "sn1.21:3.3": "Должен осознанным бродить монах, ",
  "sn1.21:3.4": "Чтобы о „я“ воззрение отбросить». "
}