{
  "sn1.11:0.1": "Саньютта Никая 1.11 ",
  "sn1.11:0.2": "2. Нандана ",
  "sn1.11:0.3": "Нандана ",
  "sn1.11:1.1": "Так я слышал. ",
  "sn1.11:1.2": "Однажды Благословенный проживал в Саваттхи, в роще Джеты, в парке Анатхапиндики. ",
  "sn1.11:1.3": "Там Благословенный обратился к монахам так: ",
  "sn1.11:1.4": "«Монахи!». ",
  "sn1.11:1.5": "«Да, уважаемый», – ответили монахи. ",
  "sn1.11:1.6": "Благословенный сказал: ",
  "sn1.11:2.1": "«Как-то раз, монахи, некое божество из собрания Тридцати трёх веселилось в роще Нанданы, будучи обеспеченным и наделённым пятью нитями небесных чувственных удовольствий, в сопровождении свиты небесных нимф. И тогда оно произнесло эту строфу: ",
  "sn1.11:3.1": "«Не ведают о том, что есть блаженство, ",
  "sn1.11:3.2": "Все те, не видел кто Нанданы, ",
  "sn1.11:3.3": "Обители величественных мужчин-дэвов ",
  "sn1.11:3.4": "Из свиты Тридцати богов». ",
  "sn1.11:4.1": "Когда так было сказано, монахи, некое божество ответило тому божеству строфой: ",
  "sn1.11:5.1": "«Неужто, дура, ты не знаешь ",
  "sn1.11:5.2": "Архатов это изречение? ",
  "sn1.11:5.3": "„Формации непостоянны все, ",
  "sn1.11:5.4": "И их природа — появление, угасание. ",
  "sn1.11:5.5": "Возникнув, прекращаются они: ",
  "sn1.11:5.6": "Успокоение же их блаженно“». "
}