{
  "sn1.24:0.1": "Саньютта Никая 1.24 ",
  "sn1.24:0.2": "3. Меч ",
  "sn1.24:0.3": "Сдерживая в уме ",
  "sn1.24:1.1": "«От чего в уме себя сдерживаешь, ",
  "sn1.24:1.2": "От того не поступит страданий. ",
  "sn1.24:1.3": "От всего коли будешь ты сдерживать —",
  "sn1.24:1.4": "От страданий от всех ты свободен». ",
  "sn1.24:2.1": "«Нет нужды от всего себя сдерживать, ",
  "sn1.24:2.2": "Коль умом управлять ты умеешь. ",
  "sn1.24:2.3": "От всего, что к плохому приводит, ",
  "sn1.24:2.4": "Себя сдерживать нужно в уме». "
}