{
  "sn1.33:0.1": "Саньютта Никая 1.33 ",
  "sn1.33:0.2": "4. Группа Сатуллапы ",
  "sn1.33:0.3": "Хорошо ",
  "sn1.33:1.1": "В Саваттхи. ",
  "sn1.33:1.2": "И когда наступила глубокая ночь, несколько божеств прекрасной наружности, входящих в группу Сатуллапы, освещая всю рощу Джеты, подошли к Благословенному. Подойдя, они поклонились Благословенному и встали рядом. ",
  "sn1.33:1.3": "Затем одно из божеств, стоя рядом,произнесло это вдохновенное изречение в присутствии Благословенного: ",
  "sn1.33:2.1": "«Дарение – это хорошо, почтенный!» ",
  "sn1.33:2.2": "«Со скупостью, с беспечностью ",
  "sn1.33:2.3": "Не делается дар. ",
  "sn1.33:2.4": "Но, тот, кто знает и заслуг желает, ",
  "sn1.33:2.5": "Тот, вне сомнений, должен сделать дар». ",
  "sn1.33:3.1": "Затем другое божество произнесло это вдохновенное изречение в присутствии Благословенного: ",
  "sn1.33:4.1": "«Дарение – это хорошо, почтенный! ",
  "sn1.33:4.2": "И более того, даже если у тебя мало того, чем можно поделиться, дарение — это хорошо». ",
  "sn1.33:5.1": "Кто-то поделится немногим, что имеет, ",
  "sn1.33:5.2": "Другие же, богатые, не любят дар давать. ",
  "sn1.33:5.3": "Дарение того, чего немного у тебя, ",
  "sn1.33:5.4": "В тысячу раз ценней того, что оно стоит». ",
  "sn1.33:6.1": "Затем другое божество произнесло это вдохновенное изречение в присутствии Благословенного: ",
  "sn1.33:7.1": "«Дарение – это хорошо, почтенный!» ",
  "sn1.33:7.2": "Даже если у тебя мало того, чем можно поделиться, дарение — это хорошо. ",
  "sn1.33:7.3": "И более того, если дарение совершено также и с верой, дарение — этохорошо». ",
  "sn1.33:7.4": "«Как говорят, есть общее между дарением и войной: ",
  "sn1.33:7.5": "Несколько тех, кто хороши, способны многих победить. ",
  "sn1.33:7.6": "Ведь тот, кто с верой, даже если дарит мало, ",
  "sn1.33:7.7": "В мире ином становится счастливым». ",
  "sn1.33:8.1": "Затем другое божество произнесло это вдохновенное изречение в присутствии Благословенного: ",
  "sn1.33:9.1": "«Дарение – это хорошо, почтенный! ",
  "sn1.33:9.2": "Даже если у тебя мало того, чем можно поделиться, дарение — это хорошо. ",
  "sn1.33:9.3": "Если дарение совершено также и с верой, дарение — это хорошо. ",
  "sn1.33:9.4": "И более того, дарение того, что добыто праведным способом, — это также хорошо». ",
  "sn1.33:10.1": "«Коль праведно добытым делает он дар, ",
  "sn1.33:10.2": "Усердием, старанием который обретён, ",
  "sn1.33:10.3": "То, переплыв поток Ветарани у Ямы, ",
  "sn1.33:10.4": "К небесным состояниям смертный прибывает». ",
  "sn1.33:11.1": "Затем другое божество произнесло это вдохновенное изречение в присутствии Благословенного: ",
  "sn1.33:12.1": "«Дарение – это хорошо, почтенный! ",
  "sn1.33:12.2": "Даже если у тебя мало того, чем можно поделиться, дарение — это хорошо. ",
  "sn1.33:12.3": "Если дарение совершено также и с верой, дарение — это хорошо. ",
  "sn1.33:12.4": "Дарение того, что добыто праведным способом, — это также хорошо. ",
  "sn1.33:12.5": "И более того, дарение с проведением различий также хорошо». ",
  "sn1.33:13.1": "«Дарение c различением Счастливым восхвалялось — ",
  "sn1.33:13.2": "Когда достойным подношений делается дар, и делается здесь, в мире существ живущих. ",
  "sn1.33:13.3": "То, что даётся им, приносит плод великий, ",
  "sn1.33:13.4": "Подобно семенам в плодоносящем поле». ",
  "sn1.33:14.1": "Затем другое божество произнесло это вдохновенное изречение в присутствии Благословенного: ",
  "sn1.33:15.1": "«Дарение – это хорошо, почтенный! ",
  "sn1.33:15.2": "Даже если у тебя мало того, чем можно поделиться, дарение — это хорошо. ",
  "sn1.33:15.3": "Если дарение совершено также и с верой, дарение — это хорошо. ",
  "sn1.33:15.4": "Дарение того, что добыто праведным способом, — это также хорошо. ",
  "sn1.33:15.5": "Дарение с проведением различий также хорошо. ",
  "sn1.33:15.6": "И более того, сдержанность по отношению к живым существам — это также хорошо». ",
  "sn1.33:16.1": "«Тот, кто живёт, живым вреда не причиняя, ",
  "sn1.33:16.2": "Из-за боязни порицаний не совершает зла. ",
  "sn1.33:16.3": "И робкого — не храброго — похвалят тогда в этом, ",
  "sn1.33:16.4": "Хорошие боятся злое совершать». ",
  "sn1.33:17.1": "И тогда другое божество обратилось к Благословенному: ",
  "sn1.33:17.2": "«Благословенный, кто произнёс хорошо сказанное?» ",
  "sn1.33:18.1": "«Вы все до определённой степени произнесли хорошо сказанное. Но послушайте также и меня: ",
  "sn1.33:19.1": "«Путями разными дарение можно восхвалить, ",
  "sn1.33:19.2": "Но Дхаммы путь дарение превосходит. ",
  "sn1.33:19.3": "Ведь в прошлом, даже очень давнем, ",
  "sn1.33:19.4": "Благие, мудрые ниббаны достигали». "
}