{
  "sn1.55:0.1": "Саньютта Никая 1.55 ",
  "sn1.55:0.2": "6. Старость ",
  "sn1.55:0.3": "Порождает (I) ",
  "sn1.55:1.1": "«Что личность человека порождает? ",
  "sn1.55:1.2": "Что это у него — что бегает туда-сюда? ",
  "sn1.55:1.3": "Что входит в эту самую сансару? ",
  "sn1.55:1.4": "И в чём его самый великий страх?» ",
  "sn1.55:2.1": "«Жажда есть то, что личность порождает. ",
  "sn1.55:2.2": "Ум человека бегает туда-сюда. ",
  "sn1.55:2.3": "В сансару это существо и входит. ",
  "sn1.55:2.4": "Его страдание же — величайший страх». "
}