{
  "sn1.67:0.1": "Саньютта Никая 1.67 ",
  "sn1.67:0.2": "7. Отягощает ",
  "sn1.67:0.3": "Пойман ",
  "sn1.67:1.1": "«Чем же мир пойман? ",
  "sn1.67:1.2": "Чем же он окутан? ",
  "sn1.67:1.3": "Чем загорожен этот мир? ",
  "sn1.67:1.4": "На чём мир этот установлен?» ",
  "sn1.67:2.1": "«Жаждой мир пойман ",
  "sn1.67:2.2": "И старением окутан. ",
  "sn1.67:2.3": "Смертью же загорожен он. ",
  "sn1.67:2.4": "А установлен мир сей на страдании». "
}