{
  "an10.238:0.1": "Восходящие Наставления 10.238",
  "an10.238:0.2": "Сокращение Страсть ",
  "an10.238:0.3": "",
  "an10.238:1.1": "Для познания страсти, монахи, десять явлений должны быть развиты. ",
  "an10.238:1.2": "Какие десять? ",
  "an10.238:1.3": "Сознавание ненадёжности, сознавание без-личности, к пище сознавание отстраняющего, ко всему свету сознавание не-восщихения, сознавание костей, сознавание червивого, сознавание синюшного, сознавание гниющего, сознавание разлагающегося, сознавание вздувшегося— ",
  "an10.238:1.4": "Для познания страсти, монахи, десять явлений должны быть развиты."
}