{
  "an10.6:0.1": "Восходящие Наставления 10.6",
  "an10.6:0.2": "Глава Анисамса",
  "an10.6:0.3": "Сутта Сосредоточение",
  "an10.6:1.1": "И тогда Достопочтенный Ананда подошёл к Благословенному, поклонился ему, сел рядом и сказал ему:",
  "an10.6:1.2": "«Учитель, может ли монах обрести такое состояние сосредоточения, что он не будет воспринимать: Землю в отношении земли; воду в отношении воды; огонь в отношении огня; воздух в отношении воздуха; сферу безграничного пространства в отношении сферы безграничного пространства; сферу безграничного сознания в отношении сферы безграничного сознания; сферу отсутствия всего в отношении сферы отсутствия всего; сферу ни восприятия, ни не-восприятия в отношении сферы ни восприятия, ни не-восприятия; этот мир в отношении этого мира; иной мир в отношении иного мира; но чтобы, [при этом], он всё равно [что-то] бы воспринимал?»",
  "an10.6:1.3": "«Может, Ананда».",
  "an10.6:2.1": "«Но как, Учитель, он может обрести такое состояние сосредоточения?»",
  "an10.6:3.1": "«Вот, Ананда, монах воспринимает так:",
  "an10.6:3.2": "«Это покой, это наивысшее: прекращение всех формаций, оставление всех обретений, уничтожение жажды, бесстрастие, прекращение, ниббана».",
  "an10.6:3.3": "Вот так, Ананда, этот монах может обрести такое состояние сосредоточения, что он не будет воспринимать землю в отношении земли… иной мир в отношении иного мира, но, [при этом], всё равно [что-то] будет воспринимать».",
  "an10.6:3.4": "Шестая."
}