{
  "an10.59:0.1": "Восходящие Наставления 10.59",
  "an10.59:0.2": "Глава Сачитта",
  "an10.59:0.3": "Сутта Уход в бездомную жизнь",
  "an10.59:1.1": "«Поэтому, монахи, вот как вам следует тренировать себя:",
  "an10.59:1.2": "«Наши умы будут укреплены в соответствии [с духом] нашего ухода в бездомную жизнь, и возникшие неблагие качества не будут овладевать нашими умами.",
  "an10.59:1.3": "Наши умы будут укреплены восприятием непостоянства. Наши умы будут укреплены восприятием безличностности. Наши умы будут укреплены восприятием непривлекательности. Наши умы будут укреплены восприятием опасности. Мы будем знать ровные и ухабистые пути мира, и наши умы будут укреплены восприятием этого. Мы будем знать проявление и уничтожение мира, и наши умы будут укреплены восприятием этого. Мы будем знать происхождение и исчезновение мира, и наши умы будут укреплены восприятием этого. Наши умы будут укреплены восприятием оставления. Наши умы будут укреплены восприятием бесстрастия. Наши умы будут укреплены восприятием прекращения».",
  "an10.59:1.4": "Вот так вам следует тренировать себя.",
  "an10.59:2.1": "Когда ум монаха был укреплён в соответствии [с духом] его ухода в бездомную жизнь, и возникшие неблагие качества не овладевают его умом; когда его ум был укреплён восприятием непостоянства… прекращения, то в его случае можно ожидать одного из двух плодов:",
  "an10.59:2.2": "либо окончательного знания в этой самой жизни, либо, если имеется остаток [цепляния] – состояния не-возвращения».",
  "an10.59:2.3": "Девятая."
}