{
  "an10.178:0.1": "Восходящие Наставления 10.178",
  "an10.178:0.2": "Глава Садху",
  "an10.178:0.3": "Сутта Хорошо",
  "an10.178:1.1": "«Монахи, я научу вас тому, что является хорошим и тому, что является плохим.",
  "an10.178:1.2": "Слушайте внимательно, я буду говорить».",
  "an10.178:1.3": "«Да, Учитель» – отвечали те монахи.",
  "an10.178:1.4": "Благословенный сказал:",
  "an10.178:2.1": "«И что есть плохое, монахи?",
  "an10.178:2.2": "Уменьшение жизни; неданное даяние; ошибочное  поведение в желаниях; ложное утверждение; рознящая речь; жёсткая речь; пустословие; алчность; враждебность; ошибочный взгляд.",
  "an10.178:2.3": "Это называется плохим.",
  "an10.178:3.1": "И что есть хорошее, монахи?",
  "an10.178:3.2": "Отвержение уменьшения жизни; отвержение неданного даяния; отвержение ошибоного поведения в желаниях; отвержение ложного утверждения; отвержение рознящей речи; отвержение грубой речи; отвержение пустословия, не-алчность, невраждебность, правильный взгляд.",
  "an10.178:3.3": "Это называется хорошим».",
  "an10.178:3.4": "Первая."
}