{
  "an10.19:0.1": "Восходящие Наставления 10.19",
  "an10.19:0.2": "Глава Натха",
  "an10.19:0.3": "Сутта Обители Благородных Первая",
  "an10.19:1.1": "«Монахи, таковы десять обителей Благородных, в которых пребывают Благородные прошлого, настоящего, будущего.",
  "an10.19:1.2": "Какие десять?",
  "an10.19:1.3": "Вот монах Отбросил пять факторов, наделён шестью факторами, имеет единственного охранника и четыре опоры; рассеял личностные истины, всецело оставил поиски, очистил свои устремления, успокоил телесные формации и стал хорошо освобождённым в уме и хорошо освобождённым в мудрости.",
  "an10.19:1.4": "Таковы десять обителей Благородных, в которых пребывают Благородные прошлого, настоящего, будущего».",
  "an10.19:1.5": "Девятая."
}