{
  "an10.26:0.1": "Восходящие Наставления 10.26",
  "an10.26:0.2": "Большая Глава",
  "an10.26:0.3": "Сутта Кали",
  "an10.26:1.1": "Однажды Достопочтенный Махакаччана пребывал в стране Аванти на горе Паватты возле Курарагхары.",
  "an10.26:1.2": "И тогда мирянка Кали из Курарагхары отправилась к нему, поклонилась ему, села рядом и сказала:",
  "an10.26:1.3": "«Господин, так было сказано Благословенным в «Вопросах дев»:",
  "an10.26:2.1": "«Повергнув армию всего, что может быть приятным,",
  "an10.26:2.2": "Я, медитируя один, открыл блаженство",
  "an10.26:2.3": "Покоя в сердце, достижения цели.",
  "an10.26:2.4": "Вот почему друзей не завожу я,",
  "an10.26:2.5": "Как и не создаю я близких связей».",
  "an10.26:3.1": "Как, Господин, следует в подробностях понимать значение этого утверждения, которое Благословенный произнёс вкратце?»",
  "an10.26:4.1": "«Некоторые жрецы и отшельники, сестра, для которых достижение Тотальности земли считается наивысшим, порождают его в качестве своей [конечной] цели.",
  "an10.26:4.2": "Благословенный напрямую познал, до какой степени достижение тотальности земли является наивысшим.",
  "an10.26:4.3": "Напрямую познав это, он увидел происхождение, опасность и спасение, а также увидел знание и видение пути и не-пути.",
  "an10.26:4.4": "Видя происхождение, опасность, спасение, а также видя знание и видение пути и не-пути, он познал достижение цели, покой в сердце.",
  "an10.26:5.1": "Некоторые жрецы и отшельники, сестра, для которых достижение тотальности воды…",
  "an10.26:5.2": "тотальности огня…",
  "an10.26:5.3": "тотальности воздуха…",
  "an10.26:5.4": "тотальности голубого…",
  "an10.26:5.5": "тотальности жёлтого…",
  "an10.26:5.6": "тотальности красного…",
  "an10.26:5.7": "тотальности белого…",
  "an10.26:5.8": "тотальности пространства…",
  "an10.26:5.9": "тотальности сознания считается наивысшим, порождают его в качестве своей [конечной] цели.",
  "an10.26:5.10": "Благословенный напрямую познал, до какой степени достижение тотальности сознания является наивысшим.",
  "an10.26:5.11": "Напрямую познав это, он увидел происхождение, опасность и спасение, а также увидел знание и видение пути и не-пути.",
  "an10.26:5.12": "Видя происхождение, опасность, спасение, а также видя знание и видение пути и не-пути, он познал достижение цели, покой в сердце.",
  "an10.26:5.13": "Вот как, сестра, следует понимать в подробностях значение этого утверждения, которое Благословенный произнёс вкратце в «Вопросах дев»:",
  "an10.26:6.1": "«Повергнув армию всего, что может быть приятным,",
  "an10.26:6.2": "Я, медитируя один, открыл блаженство",
  "an10.26:6.3": "Покоя в сердце, достижения цели.",
  "an10.26:6.4": "Вот почему друзей не завожу я,",
  "an10.26:6.5": "Как и не создаю я близких связей».",
  "an10.26:7.1": "Так, сестра, следует в подробностях понимать значение этого утверждения, которое Благословенный произнёс вкратце».",
  "an10.26:7.2": "Шестая."
}