{
 "an10.189:0.1": "Восходящие Наставления 10.189",
 "an10.189:0.2": "Глава Ариямагга",
 "an10.189:0.3": "Сутта Благородный Путь",
 "an10.189:1.1": "Благородный путь, монахи, явление объясню и неблагородный путь.",
 "an10.189:1.2": "Услышьте это…",
 "an10.189:1.3": "«И что такое, монахи, неблагородный путь?",
 "an10.189:1.4": "Уменьшение жизни…",
 "an10.189:1.5": "ошибочный взгляд—",
 "an10.189:1.6": "об этом говорится, монахи, неблагородный путь.",
 "an10.189:2.1": "И что такое, монахи, благородный путь?",
 "an10.189:2.2": "отвергание уменьшения жизни…",
 "an10.189:2.3": "правильный взгляд—",
 "an10.189:2.4": "об этом говорится, монахи, благородный путь.",
 "an10.189:2.5": "Первая."
}