{
 "an10.5:0.1": "Восходящие Наставления 10.5",
 "an10.5:0.2": "Глава Анисамса",
 "an10.5:0.3": "Сутта Нравственное поведение",
 "an10.5:1.1": "Там уважаемый Ананда обратился к монахам…",
 "an10.5:1.2": "«Монахи, у безнравственного человека, у того, чьё нравственное поведение неполноценно, отсутствует непосредственная причина для не-сожаления.",
 "an10.5:1.3": "У того, у кого нет не-сожаления, чьё не-сожаление неполноценно, отсутствует непосредственная причина для радости.",
 "an10.5:1.4": "У того, у кого нет радости, чья радость неполноценна, отсутствует непосредственная причина для восторга.",
 "an10.5:1.5": "У того, у кого нет восторга, чей восторг неполноценен, отсутствует непосредственная причина для безмятежности.",
 "an10.5:1.6": "У того, у кого нет безмятежности, чья безмятежность неполноценна, отсутствует непосредственная причина для удовольствия.",
 "an10.5:1.7": "У того, у кого нет удовольствия, чьё удовольствие неполноценно, отсутствует непосредственная причина для правильного сосредоточения.",
 "an10.5:1.8": "У того, у кого нет правильного сосредоточения, чьё правильное сосредоточение неполноценно, отсутствует непосредственная причина для знания и видения вещей в соответствии с действительностью.",
 "an10.5:1.9": "У того, у кого нет знания и видения вещей в соответствии с действительностью, чьё знание и видение вещей в соответствии с действительностью неполноценно, отсутствует непосредственная причина для разочарования и бесстрастия.",
 "an10.5:1.10": "У того, у кого нет разочарования и бесстрастия, чьё разочарование и бесстрастие неполноценны, отсутствует непосредственная причина для знания и видения освобождения.",
 "an10.5:1.11": "Представьте, как если бы у дерева недоставало ветвей и листвы. В таком случае его ростки не достигли бы полного разрастания. И также и кора… заболонь… и сердцевина не достигли бы полного разрастания.",
 "an10.5:1.12": "Точно также, у безнравственного человека, у того, чьё нравственное поведение неполноценно, отсутствует непосредственная причина для не-сожаления…",
 "an10.5:1.13": "У того, у кого нет не-сожаления, чьё не-сожаление неполноценно, отсутствует непосредственная причина…",
 "an10.5:1.14": "…отсутствует непосредственная причина для знания и видения освобождения.",
 "an10.5:2.1": "Монахи, у нравственного человека, у того, чьё поведение нравственно, имеется непосредственная причина для не-сожаления.",
 "an10.5:2.2": "Когда есть не-сожаление, у того, кто наделён не-сожалением, имеется непосредственная причина для радости.",
 "an10.5:2.3": "Когда есть радость, у того, кто наделён радостью, имеется непосредственная причина для восторга.",
 "an10.5:2.4": "Когда есть восторг, у того, кто наделён восторгом, имеется непосредственная причина для безмятежности.",
 "an10.5:2.5": "Когда есть безмятежность, у того, кто наделён безмятежностью, имеется непосредственная причина для удовольствия.",
 "an10.5:2.6": "Когда есть удовольствие, у того, кто наделён удовольствием, имеется непосредственная причина для сосредоточения.",
 "an10.5:2.7": "Когда есть сосредоточение, у того, кто наделён сосредоточением, имеется непосредственная причина для знания и видения вещей в соответствии с действительностью.",
 "an10.5:2.8": "Когда есть знание и видение вещей в соответствии с действительностью, у того, кто наделён знанием и видением вещей в соответствии с действительностью, имеется непосредственная причина для разочарования и бесстрастия.",
 "an10.5:2.9": "Когда есть разочарование и бесстрастие, у того, кто наделён разочарованием и бесстрастием, имеется непосредственная причина для знания и видения освобождения.",
 "an10.5:2.10": "Представьте, как если бы у дерева были ветви и листва. В таком случае его ростки достигли бы полного разрастания. И также и кора… заболонь… и сердцевина достигли бы полного разрастания.",
 "an10.5:2.11": "Точно также, у нравственного человека, у того, чьё поведение нравственно, имеется непосредственная причина для не-сожаления…",
 "an10.5:2.12": "Когда есть не-сожаление, у того, кто наделён не-сожалением, имеется непосредственная причина…",
 "an10.5:2.13": "…имеется непосредственная причина для знания и видения освобождения».",
 "an10.5:2.14": "Пятая."
}