{
 "an10.194:0.1": "Восходящие Наставления 10.194",
 "an10.194:0.2": "Глава Ариямагга",
 "an10.194:0.3": "Сутта Нужно Ассоциироваться",
 "an10.194:1.1": "С которым нужно связываться, монахи, явление объясню и с которым не нужно связываться.",
 "an10.194:1.2": "Услышьте это…",
 "an10.194:1.3": "«И что такое, монахи, явление, с которым не нужно связываться?",
 "an10.194:1.4": "Уменьшение жизни…",
 "an10.194:1.5": "ошибочный взгляд—",
 "an10.194:1.6": "об этом говорится, монахи, явление, с которым не нужно связываться.",
 "an10.194:2.1": "И что такое, монахи, явление, с которым нужно связываться?",
 "an10.194:2.2": "отвергание уменьшения жизни…",
 "an10.194:2.3": "правильный взгляд—",
 "an10.194:2.4": "об этом говорится, монахи, явление, с которым нужно связываться.",
 "an10.194:2.5": "Шестая."
}