{
  "an10.129:0.1": "Восходящие Наставления 10.129",
  "an10.129:0.2": "Глава Парисуддха",
  "an10.129:0.3": "Сутта Седьмая",
  "an10.129:1.1": "«Монахи, эти десять вещей, будучи развитыми и взращенными, приносят великий плод и пользу более нигде более, кроме как в дисциплине Счастливого.",
  "an10.129:1.2": "Какие десять?",
  "an10.129:1.3": "Правильный взгляд… правильное освобождение.",
  "an10.129:1.4": "Монахи, эти десять вещей, будучи развитыми и взращенными, приносят великий плод и пользу более нигде более, кроме как в дисциплине Счастливого».",
  "an10.129:1.5": "Седьмая."
}