{
  "an10.66:0.1": "Восходящие Наставления 10.66",
  "an10.66:0.2": "Глава Ямака",
  "an10.66:0.3": "Сутта Приятное Чувство Вторая",
  "an10.66:1.1": "Однажды Достопочтенный Сарипутта пребывал в стране Магадхов возле Налакагамаки.",
  "an10.66:1.2": "И тогда странник Самандакани подошёл к Достопочтенному Сарипутте и обменялся с ним вежливыми приветствиями.",
  "an10.66:1.3": "После обмена вежливыми приветствиями он сел рядом и сказал Достопочтенному Сарипутте:",
  "an10.66:2.1": "«Друг Сарипутта, что является удовольствием в этой Дхамме и Винае, а что является дискомфортом?»",
  "an10.66:2.2": "«Отсутствие удовлетворённости [ведением святой жизни], друг, является дискомфортом в этой Дхамме и Винае. Довольствование [ведением святой жизни] является удовольствием. Когда имеет место отсутствие удовлетворённости, то можно ожидать следующего дискомфорта:",
  "an10.66:2.3": "Когда имеет место отсутствие удовлетворённости, то можно ожидать этого дискомфорта.",
  "an10.66:2.4": "Во время ходьбы человек не знает ни удовольствия, ни комфорта.",
  "an10.66:2.5": "Во время стояния…",
  "an10.66:2.6": "Во время сидения…",
  "an10.66:2.7": "Во время лежания…",
  "an10.66:2.8": "Будучи в деревне…",
  "an10.66:2.9": "Будучи в лесу…",
  "an10.66:2.10": "Находясь у подножья дерева…",
  "an10.66:2.11": "Находясь в пустом жилище…",
  "an10.66:2.12": "Находясь под открытым небом…",
  "an10.66:2.13": "Находясь в компании монахов он не знает ни удовольствия, ни комфорта.",
  "an10.66:2.14": "Когда имеет место отсутствие удовлетворённости, то можно ожидать этого дискомфорта.",
  "an10.66:3.1": "Когда есть довольствование, то можно ожидать следующего удовольствия:",
  "an10.66:3.2": "Во время ходьбы ему приятно и комфортно, во время стояния…",
  "an10.66:3.3": "Во время стояния…",
  "an10.66:3.4": "Во время сидения…",
  "an10.66:3.5": "Во время лежания…",
  "an10.66:3.6": "Будучи в деревне…",
  "an10.66:3.7": "Будучи в лесу…",
  "an10.66:3.8": "Находясь у подножья дерева…",
  "an10.66:3.9": "Находясь в пустом жилище…",
  "an10.66:3.10": "Находясь под открытым небом…",
  "an10.66:3.11": "Находясь в компании монахов ему приятно и комфортно.",
  "an10.66:3.12": "…находясь в компании монахов, ему приятно и комфортно. Когда есть довольствование, то можно ожидать этого удовольствия».",
  "an10.66:3.13": "Шестая."
}