{
 "an10.229-232:0.1": "Восходящие Наставления 10.229-232",
 "an10.229-232:0.2": "Глава Саманнья",
 "an10.229-232:0.3": "",
 "an10.229-232:1.1": "«Монахи, обладая десятью качествами, [после смерти] некий человек оказывается в аду, как если бы его туда затянули [силой]…",
 "an10.229-232:1.2": "[после смерти] некий человек оказывается в небесном мире, как если бы его туда затянули [силой].",
 "an10.229-232:1.3": "Двадцатью, монахи…",
 "an10.229-232:1.4": "Тридцатью, монахи…",
 "an10.229-232:1.5": "«Монахи, обладая сорока качествами, [после смерти] некий человек оказывается в аду, как если бы его туда затянули [силой]…",
 "an10.229-232:1.6": "[после смерти] некий человек оказывается в небесном мире, как если бы его туда затянули [силой]."
}