{
  "an10.27:0.1": "Восходящие Наставления 10.27",
  "an10.27:0.2": "Большая Глава",
  "an10.27:0.3": "Сутта Великие вопросы Первая",
  "an10.27:1.1": "Однажды Благословенный пребывал в Саваттхи в роще Джеты в монастыре Анатхапиндики.",
  "an10.27:1.2": "И тогда, утром, группа монахов оделась, взяла чаши и одеяния и вошла в Саваттхи за подаяниями.",
  "an10.27:1.3": "И тогда мысль пришла к тем монахам:",
  "an10.27:1.4": "«Слишком рано ходить по Саваттхи за подаяниями.",
  "an10.27:1.5": "Что если мы пойдём в парк странников-приверженцев других учений?»",
  "an10.27:2.1": "И тогда те монахи отправились в парк странников-приверженцев других учений. Они обменялись вежливыми приветствиями с теми странниками,",
  "an10.27:2.2": "и после обмена вежливыми приветствиями и любезностями они сели рядом. Затем те странники сказали им:",
  "an10.27:3.1": "«Друзья, отшельник Готама учит Дхамме своих учеников вот таким образом:",
  "an10.27:3.2": "«Ну же, монахи, напрямую знайте все феномены. Пребывайте, напрямую зная все феномены».",
  "an10.27:3.3": "Мы тоже учим Дхамме наших учеников вот таким образом:",
  "an10.27:3.4": "«Ну же, друзья, напрямую знайте все феномены. Пребывайте, напрямую зная все феномены».",
  "an10.27:3.5": "Так в чём же разница, в чём же несоответствие, в чём же отличие между обучением Дхамме отшельником Готамой и нашим обучением [Дхамме], между его способом наставления и нашим?»",
  "an10.27:4.1": "И тогда те монахи ни возрадовались, ни отвергли утверждения тех странников. Ни возрадовавшись [ему], ни отвергнув его,",
  "an10.27:4.2": "они поднялись со своих сидений и ушли, [думая так]:",
  "an10.27:4.3": "«Выясним, что Благословенный скажет насчёт этого утверждения».",
  "an10.27:5.1": "И затем те монахи, сходив за подаяниями в Саваттхи, пообедав, возвращаясь с хождения за подаяниями, подошли к Благословенному, поклонились ему, сели рядом и сказали:",
  "an10.27:6.1": "«Вот ведь, Учитель, утром мы оделись, взяли чаши и одеяния, вошли в Саваттхи за подаяниями…",
  "an10.27:6.2": "И тогда мысль пришла нам:",
  "an10.27:6.3": "«Слишком рано ходить по Саваттхи за подаяниями.",
  "an10.27:6.4": "Что если мы пойдём в парк странников-приверженцев других учений?»",
  "an10.27:6.5": "И тогда мы отправились в парк странников-приверженцев других учений. Обменялись вежливыми приветствиями с теми странниками,",
  "an10.27:6.6": "и после обмена вежливыми приветствиями и любезностями сели рядом. Затем те странники сказали нам:",
  "an10.27:7.1": "«Друзья, отшельник Готама учит Дхамме своих учеников вот таким образом:",
  "an10.27:7.2": "«Ну же, монахи, напрямую знайте все феномены. Пребывайте, напрямую зная все феномены».",
  "an10.27:7.3": "Мы тоже учим Дхамме наших учеников вот таким образом:",
  "an10.27:7.4": "«Ну же, друзья, напрямую знайте все феномены. Пребывайте, напрямую зная все феномены».",
  "an10.27:7.5": "Так в чём же разница, в чём же несоответствие, в чём же отличие между обучением Дхамме отшельником Готамой и нашим обучением [Дхамме], между его способом наставления и нашим?»",
  "an10.27:8.1": "И тогда мы ни возрадовались, ни отвергли утверждения тех странников. Ни возрадовавшись [ему], ни отвергнув его,",
  "an10.27:8.2": "поднялись со своих сидений и ушли, [думая так]:",
  "an10.27:8.3": "«Выясним, что Благословенный скажет насчёт этого утверждения».",
  "an10.27:9.1": "«Монахи, когда странники-приверженцы других учений говорят так, то их следует спросить вот как:",
  "an10.27:9.2": "«Вопрос насчёт одного, краткое утверждение насчёт одного, объяснение одного. Вопрос насчёт двух, краткое утверждение насчёт двух, объяснение двух. Вопрос насчёт трёх… четырёх… пяти… шести… семи… восьми… девяти… десяти, краткое утверждение насчёт десяти, объяснение десяти».",
  "an10.27:9.3": "Если странников-приверженцев других учений спросить так, то они не смогут ответить и, поэтому, повстречают лишь [одну только] досаду.",
  "an10.27:9.4": "И почему?",
  "an10.27:9.5": "Потому что это лежит вне их области [понимания].",
  "an10.27:9.6": "Я не вижу никого, монахи, в этом мире с его дэвами, Марой, Брахмой, с его поколением жрецов и отшельников, богов и людей, кто мог бы удовлетворительно ответить на эти вопросы кроме Татхагаты или ученика Татхагаты или того, кто услышал об этом от них.",
  "an10.27:10.1": "Когда было сказано: «Вопрос об одном, краткое утверждение насчёт одного, объяснение одного» –",
  "an10.27:10.2": "то в отношении чего так было сказано?",
  "an10.27:10.3": "Когда монах полностью разочарован одной вещью, [стал] полностью бесстрастным в отношении неё, полностью освободился от неё, целиком видит её границы, полностью пробился в её значение, то в этой самой жизни он достигает окончания боли.",
  "an10.27:10.4": "Какой одной вещью?",
  "an10.27:10.5": "Все существа существуют через питание.",
  "an10.27:10.6": "Когда монах полностью разочарован этой одной вещью, [стал] полностью бесстрастным в отношении неё, полностью освободился от неё, целиком видит её границы, полностью пробился в её значение, то в этой самой жизни он достигает окончания боли.",
  "an10.27:10.7": "Когда было сказано: «Вопрос об одном, краткое утверждение насчёт одного, объяснение одного» –",
  "an10.27:10.8": "то в отношении этого так было сказано.",
  "an10.27:11.1": "Когда было сказано: «Вопрос о двух, краткое утверждение насчёт двух, объяснение двух» –",
  "an10.27:11.2": "то в отношении чего так было сказано?",
  "an10.27:11.3": "Когда монах полностью разочарован двумя вещами, [стал] полностью бесстрастным в отношении них, полностью освободился от них, целиком видит их границы, полностью пробился в их значение, то в этой самой жизни он достигает окончания боли.",
  "an10.27:11.4": "Какими двумя вещами?",
  "an10.27:11.5": "Именем-и-формой.",
  "an10.27:11.6": "Когда монах полностью разочарован этими двумя вещами… достигает окончания боли.",
  "an10.27:11.7": "Когда было сказано: «Вопрос о двух, краткое утверждение насчёт двух, объяснение двух» – то в отношении этого так было сказано.",
  "an10.27:12.1": "Когда было сказано: «Вопрос о трёх, краткое утверждение насчёт трёх, объяснение трёх» –",
  "an10.27:12.2": "то в отношении чего так было сказано?",
  "an10.27:12.3": "Когда монах полностью разочарован тремя вещами, [стал] полностью бесстрастным в отношении них, полностью освободился от них, целиком видит их границы, полностью пробился в их значение, то в этой самой жизни он достигает окончания боли.",
  "an10.27:12.4": "Какими тремя вещами?",
  "an10.27:12.5": "Тремя видами чувств.",
  "an10.27:12.6": "Когда монах полностью разочарован этими тремя вещами… достигает окончания боли.",
  "an10.27:12.7": "Когда было сказано: «Вопрос о трёх, краткое утверждение насчёт трёх, объяснение трёх» – то в отношении этого так было сказано.",
  "an10.27:13.1": "Когда было сказано: «Вопрос о четырёх, краткое утверждение насчёт четырёх, объяснение четырёх» –",
  "an10.27:13.2": "то в отношении чего так было сказано?",
  "an10.27:13.3": "Когда монах полностью разочарован четырьмя вещами, [стал] полностью бесстрастным в отношении них, полностью освободился от них, целиком видит их границы, полностью пробился в их значение, то в этой самой жизни он достигает окончания боли.",
  "an10.27:13.4": "Какими четырьмя вещами?",
  "an10.27:13.5": "Четырьмя видами питания.",
  "an10.27:13.6": "Когда монах полностью разочарован этими четырьмя вещами…достигает окончания боли.",
  "an10.27:13.7": "Когда было сказано: «Вопрос о четырёх, краткое утверждение насчёт четырёх, объяснение четырёх» – то в отношении этого так было сказано.",
  "an10.27:14.1": "Когда было сказано: «Вопрос о пяти, краткое утверждение насчёт пяти, объяснение пяти» –",
  "an10.27:14.2": "то в отношении чего так было сказано?",
  "an10.27:14.3": "Когда монах полностью разочарован пятью вещами, [стал] полностью бесстрастным в отношении них, полностью освободился от них, целиком видит их границы, полностью пробился в их значение, то в этой самой жизни он достигает окончания боли.",
  "an10.27:14.4": "Какими пятью вещами?",
  "an10.27:14.5": "Пятью совокупностями, которые подвержены цеплянию.",
  "an10.27:14.6": "Когда монах полностью разочарован этими пятью вещами… достигает окончания боли.",
  "an10.27:14.7": "Когда было сказано: «Вопрос о пяти, краткое утверждение насчёт пяти, объяснение пяти» – то в отношении этого так было сказано.",
  "an10.27:15.1": "Когда было сказано: «Вопрос о шести, краткое утверждение насчёт шести, объяснение шести» –",
  "an10.27:15.2": "то в отношении чего так было сказано?",
  "an10.27:15.3": "Когда монах полностью разочарован шестью вещами, [стал] полностью бесстрастным в отношении них, полностью освободился от них, целиком видит их границы, полностью пробился в их значение, то в этой самой жизни он достигает окончания боли.",
  "an10.27:15.4": "Какими шестью вещами?",
  "an10.27:15.5": "Шестью внутренними сферами чувств.",
  "an10.27:15.6": "Когда монах полностью разочарован этими шестью вещами… достигает окончания боли.",
  "an10.27:15.7": "Когда было сказано: «Вопрос о шести, краткое утверждение насчёт шести, объяснение шести» – то в отношении этого так было сказано.",
  "an10.27:16.1": "Когда было сказано: «Вопрос о семи, краткое утверждение насчёт семи, объяснение семи» –",
  "an10.27:16.2": "то в отношении чего так было сказано?",
  "an10.27:16.3": "Когда монах полностью разочарован семью вещами, [стал] полностью бесстрастным в отношении них, полностью освободился от них, целиком видит их границы, полностью пробился в их значение, то в этой самой жизни он достигает окончания боли.",
  "an10.27:16.4": "Какими семью вещами?",
  "an10.27:16.5": "Семью местами размещения сознания.",
  "an10.27:16.6": "Когда монах полностью разочарован этими семью вещами… достигает окончания боли.",
  "an10.27:16.7": "Когда было сказано: «Вопрос о семи, краткое утверждение насчёт семи, объяснение семи» – то в отношении этого так было сказано.",
  "an10.27:17.1": "Когда было сказано: «Вопрос о восьми, краткое утверждение насчёт восьми, объяснение восьми» –",
  "an10.27:17.2": "то в отношении чего так было сказано?",
  "an10.27:17.3": "Когда монах полностью разочарован восемью вещами, [стал] полностью бесстрастным в отношении них, полностью освободился от них, целиком видит их границы, полностью пробился в их значение, то в этой самой жизни он достигает окончания боли.",
  "an10.27:17.4": "Какими восемью вещами?",
  "an10.27:17.5": "Восемью мирскими состояниями.",
  "an10.27:17.6": "Когда монах полностью разочарован этими восемью вещами… достигает окончания боли.",
  "an10.27:17.7": "Когда было сказано: «Вопрос о восьми, краткое утверждение насчёт восьми, объяснение восьми» – то в отношении этого так было сказано.",
  "an10.27:18.1": "Когда было сказано: «Вопрос о девяти, краткое утверждение насчёт девяти, объяснение девяти» –",
  "an10.27:18.2": "то в отношении чего так было сказано?",
  "an10.27:18.3": "Когда монах полностью разочарован девятью вещами, [стал] полностью бесстрастным в отношении них, полностью освободился от них, целиком видит их границы, полностью пробился в их значение, то в этой самой жизни он достигает окончания боли.",
  "an10.27:18.4": "Какими девятью вещами?",
  "an10.27:18.5": "Девятью обителями существ.",
  "an10.27:18.6": "Когда монах полностью разочарован этими девятью вещами… достигает окончания боли.",
  "an10.27:18.7": "Когда было сказано: «Вопрос о девяти, краткое утверждение насчёт девяти, объяснение девяти» – то в отношении этого так было сказано.",
  "an10.27:19.1": "Когда было сказано: «Вопрос о десяти, краткое утверждение насчёт десяти, объяснение десяти» –",
  "an10.27:19.2": "то в отношении чего так было сказано?",
  "an10.27:19.3": "Когда монах полностью разочарован десятью вещами, [стал] полностью бесстрастным в отношении них, полностью освободился от них, целиком видит их границы, полностью пробился в их значение, то в этой самой жизни он достигает окончания боли.",
  "an10.27:19.4": "Какими десятью вещами?",
  "an10.27:19.5": "Десятью неблагими течениями каммы.",
  "an10.27:19.6": "Когда монах полностью разочарован этими десятью вещами… достигает окончания боли.",
  "an10.27:19.7": "Когда было сказано: «Вопрос о десяти, краткое утверждение насчёт десяти, объяснение десяти» –",
  "an10.27:19.8": "то в отношении этого так было сказано».",
  "an10.27:19.9": "Седьмая."
}