{
  "an10.101:0.1": "Восходящие Наставления 10.101",
  "an10.101:0.2": "Глава Саманасаннья",
  "an10.101:0.3": "Сутта Восприятия отшельника",
  "an10.101:1.1": "«Монахи, когда эти три восприятия отшельника развиты и взращены, они исполняют семь вещей.",
  "an10.101:1.2": "Какие три?",
  "an10.101:1.3": "«Я вступил в бесклассовое состояние»; «Моё житие зависит от других»; «Мои манеры поведения должны быть другими».",
  "an10.101:1.4": "Когда эти три восприятия отшельника развиты и взращены, они исполняют семь вещей.",
  "an10.101:2.1": "Какие семь?",
  "an10.101:2.2": "Человек действует сообразно [монаху] и ведёт себя в соответствии с [монашеским] нравственным поведением. Он не имеет много желаний. Он не имеет недоброжелательности. Он не имеет надменности. Он имеет желание заниматься [монашеской] тренировкой. Он использует [монашеские] принадлежности для поддержания своей жизни с осознанием их предназначения. Он усерден.",
  "an10.101:2.3": "Когда, монахи, эти три восприятия отшельника развиты и взращены, они исполняют эти семь вещей».",
  "an10.101:2.4": "Первая."
}