{
 "an10.154:0.1": "Восходящие Наставления 10.154",
 "an10.154:0.2": "Глава Ария",
 "an10.154:0.3": "Сутта Реализовать",
 "an10.154:1.1": "Которое нужно реализовать, монахи, явление объясню и, которое не нужно реализовывать.",
 "an10.154:1.2": "Услышьте это…",
 "an10.154:1.3": "«И что такое, монахи, явление, которое не нужно реализовывать?",
 "an10.154:1.4": "Ошибочный взгляд… ошибочное освбождение—",
 "an10.154:1.5": "об этом говорится, монахи, явление, которое не нужно реализовывать.",
 "an10.154:1.6": "И что такое, монахи, явление, которое нужно реализовать?",
 "an10.154:1.7": "Правильный взгляд… правильное освобождение—",
 "an10.154:1.8": "об этом говорится, монахи, которое нужно реализовать.",
 "an10.154:1.9": "Десятая.",
 "an10.154:1.10": "Глава Ария Пятая.",
 "an10.154:1.11": "Третья Пятидесятка Завершена."
}