{
 "an10.197:0.1": "Восходящие Наставления 10.197",
 "an10.197:0.2": "Глава Ариямагга",
 "an10.197:0.3": "Сутта Должно Помнить",
 "an10.197:1.1": "О котором нужно памятовать, монахи, явление объясню и, о котором не нужно памятовать.",
 "an10.197:1.2": "Услышьте это…",
 "an10.197:1.3": "«И что такое, монахи, явление, о котором не нужно памятовать?",
 "an10.197:1.4": "Уменьшение жизни…",
 "an10.197:1.5": "ошибочный взгляд—",
 "an10.197:1.6": "об этом говорится, монахи, явление, о котором не нужно памятовать.",
 "an10.197:2.1": "И что такое, монахи, явление, о котором нужно памятовать?",
 "an10.197:2.2": "отвергание уменьшения жизни…",
 "an10.197:2.3": "правильный взгляд—",
 "an10.197:2.4": "об этом говорится, монахи, о котором нужно памятовать.",
 "an10.197:2.5": "Девятая."
}