{
  "an10.25:0.1": "Восходящие Наставления 10.25",
  "an10.25:0.2": "Большая Глава",
  "an10.25:0.3": "Сутта Тотальность",
  "an10.25:1.1": "«Монахи, существуют эти десять сфер тотальностей.",
  "an10.25:1.2": "Какие десять?",
  "an10.25:1.3": "Вот [практикующий] воспринимает Тотальность земли – вверху, внизу, по сторонам, недвойственную, безмерную.",
  "an10.25:1.4": "Он воспринимает тотальность воды…",
  "an10.25:1.5": "тотальность огня…",
  "an10.25:1.6": "тотальность воздуха…",
  "an10.25:1.7": "тотальность голубого…",
  "an10.25:1.8": "тотальность жёлтого…",
  "an10.25:1.9": "тотальность красного…",
  "an10.25:1.10": "тотальность белого…",
  "an10.25:1.11": "тотальность пространства…",
  "an10.25:1.12": "тотальность сознания – вверху, внизу, по сторонам, недвойственную, безмерную».",
  "an10.25:1.13": "Вот эти, монахи, десять сфер тотальностей.",
  "an10.25:1.14": "Пятая."
}