{
 "an10.153:0.1": "Восходящие Наставления 10.153",
 "an10.153:0.2": "Глава Ария",
 "an10.153:0.3": "Сутта Должно Помнить",
 "an10.153:1.1": "О котором нужно памятовать, монахи, явление объясню и, о котором не нужно памятовать.",
 "an10.153:1.2": "Услышьте это…",
 "an10.153:1.3": "«И что такое, монахи, явление, о котором не нужно памятовать?",
 "an10.153:1.4": "Ошибочный взгляд… ошибочное освбождение—",
 "an10.153:1.5": "об этом говорится, монахи, явление, о котором не нужно памятовать.",
 "an10.153:1.6": "И что такое, монахи, явление, о котором нужно памятовать?",
 "an10.153:1.7": "Правильный взгляд… правильное освобождение—",
 "an10.153:1.8": "об этом говорится, монахи, о котором нужно памятовать.",
 "an10.153:1.9": "Девятая."
}