{
  "an10.127:0.1": "Восходящие Наставления 10.127",
  "an10.127:0.2": "Глава Парисуддха",
  "an10.127:0.3": "Сутта Пятая",
  "an10.127:1.1": "«Монахи, эти десять вещей всецело ведут к разочарованию и бесстрастию, к прекращению, к покою, к прямому знанию, к просветлению, к ниббане нигде более, кроме как в дисциплине Счастливого.",
  "an10.127:1.2": "Какие десять?",
  "an10.127:1.3": "Правильный взгляд… правильное освобождение. ",
  "an10.127:1.4": "Монахи, эти десять вещей всецело ведут к разочарованию и бесстрастию, к прекращению, к покою, к прямому знанию, к просветлению, к ниббане нигде более, кроме как в дисциплине Счастливого».",
  "an10.127:1.5": "Пятая."
}