{
 "an10.196:0.1": "Восходящие Наставления 10.196",
 "an10.196:0.2": "Глава Ариямагга",
 "an10.196:0.3": "Сутта Нужно Преумножить",
 "an10.196:1.1": "Которое должно быть преумножено, монахи, явление объясню и которое не должно быть преумножено.",
 "an10.196:1.2": "Услышьте это…",
 "an10.196:1.3": "«И что такое, монахи, явление, которое не должно быть преумножено?",
 "an10.196:1.4": "Уменьшение жизни…",
 "an10.196:1.5": "ошибочный взгляд—",
 "an10.196:1.6": "об этом говорится, монахи, явление, которое не должно быть преумножено.",
 "an10.196:2.1": "И что такое, монахи, явление, которое должно быть преумножено?",
 "an10.196:2.2": "отвергание уменьшения жизни…",
 "an10.196:2.3": "правильный взгляд—",
 "an10.196:2.4": "об этом говорится, монахи, которое должно быть преумножено.",
 "an10.196:2.5": "Восьмая."
}