{
  "an10.15:0.1": "Восходящие Наставления 10.15",
  "an10.15:0.2": "Глава Натха",
  "an10.15:0.3": "Сутта Прилежание",
  "an10.15:1.1": "«Монахи, каких бы [в мире] ни было живых существ – безногих или двуногих, четвероногих, многоногих, обладающих формой или бесформенных, обладающих восприятием или не обладающих восприятием, или ни обладающих восприятием, ни не обладающих восприятием – среди них Татхагата, Арахант, Полностью Просветлённый, считается наивысшим.",
  "an10.15:1.2": "Точно также, все благие качества коренятся в прилежании, сливаются в прилежании, и прилежание считается наивысшим из них.",
  "an10.15:2.1": "Подобно тому, как след слона покрывает след любого ходячего животного, и след слона считается величайшим среди них по размеру –",
  "an10.15:2.2": "точно также, любые благие качества коренятся в прилежании, сливаются в прилежании, и прилежание считается наивысшим из них.",
  "an10.15:3.1": "Подобно тому, как все стропила в доме с остроконечной крышей направлены к острию крыши, сливаются в острие крыши, и острие крыши считается наивысшим –",
  "an10.15:3.2": "точно также, любые благие качества коренятся в прилежании, сливаются в прилежании, и прилежание считается наивысшим из них.",
  "an10.15:4.1": "Подобно тому, как среди всех благоухающих корней чёрный фиалковый корень считается наивысшим –",
  "an10.15:4.2": "точно также…",
  "an10.15:5.1": "Подобно тому, как среди всех благоухающих сердцевин деревьев [сердцевина] красного сандалового дерева считается наивысшей –",
  "an10.15:5.2": "точно также…",
  "an10.15:6.1": "Подобно тому, как среди всех благоухающих цветов жасмин считается наивысшим –",
  "an10.15:6.2": "точно также…",
  "an10.15:7.1": "Подобно тому, как все князья являются вассалами царя-миродержца, а царь-миродержец считается наивысшим –",
  "an10.15:7.2": "точно также…",
  "an10.15:8.1": "Подобно тому, как сияние всех звёзд не составляет и одной шестнадцатой сияния луны, и сияние луны считается наивысшим –",
  "an10.15:8.2": "точно также…",
  "an10.15:9.1": "Подобно тому, как осенью, когда небо чистое и безоблачное, восходящее солнце рассеивает всю темноту пространства по мере того, как оно сияет, лучится, сверкает –",
  "an10.15:9.2": "точно также…",
  "an10.15:10.1": "Подобно тому, как все великие реки – Ганг, Ямуна, Ачиравати, Сарабху, Махи – направляются к океану, склоняются, устремляются к океану, и океан считается наивысшим из них –",
  "an10.15:10.2": "точно также, любые благие качества коренятся в прилежании, сливаются в прилежании, и прилежание считается наивысшим из них».",
  "an10.15:10.3": "Пятая."
}