{
  "an10.169:0.1": "Восходящие Наставления 10.169",
  "an10.169:0.2": "Глава Джануссони",
  "an10.169:0.3": "Сутта Сангарава",
  "an10.169:1.1": "И тогда брахман Сангарава подошёл к Благословенному и обменялся с ним вежливыми приветствиями.",
  "an10.169:1.2": "После обмена вежливыми приветствиями он сел рядом и сказал Благословенному:",
  "an10.169:2.1": "«Мастер Готама, что такое ближний берег? Что такое другой берег?»",
  "an10.169:2.2": "«Брахман, Уменьшение жизни - ближний берег, отвержение уменьшения жизни - другой берег.",
  "an10.169:2.3": "Неданное даяние - ближний берег, отвержение неданного даяния - другой берег.",
  "an10.169:2.4": "Ошибочное поведение в желаниях - ближний берег, отвержение ошибоного поведения в желаниях - другой берег.",
  "an10.169:2.5": "Ложное утверждение - ближний берег, отвержение ложного утверждения - другой берег.",
  "an10.169:2.6": "Рознящая речь - ближний берег, отвержение рознящей речи - другой берег.",
  "an10.169:2.7": "Жёсткая речь - ближний берег, отвержение жёсткой речи - другой берег.",
  "an10.169:2.8": "Пустословие - ближний берег, отвержение пустословия - другой берег.",
  "an10.169:2.9": "Алчность - ближний берег, не-алчность - другой берег.",
  "an10.169:2.10": "Враждебность - ближний берег, невраждебность - другой берег.",
  "an10.169:2.11": "Ошибочный взгляд - ближний берег, правильный взгляд - другой берег.",
  "an10.169:2.12": "Одно, брахман, это берег ближний; другое – берег другой». [И далее Благословенный добавил]:",
  "an10.169:3.1": "«Как мало тех среди людей,",
  "an10.169:3.2": "Кто перешёл на берег тот,",
  "an10.169:3.3": "А остальные все бегут",
  "an10.169:3.4": "На этом [ближнем] берегу.",
  "an10.169:4.1": "Коль Дхамма была праведно раскрыта,",
  "an10.169:4.2": "Те, кто в согласии с Дхаммой практикует,",
  "an10.169:4.3": "Являются людьми, что перейдут",
  "an10.169:4.4": "То царство Смерти, кое сложно пересечь.",
  "an10.169:5.1": "Тёмные качества оставив позади,",
  "an10.169:5.2": "Мудрейший должен яркие развить.",
  "an10.169:5.3": "Покинув дом, в бездомье перейдя,",
  "an10.169:5.4": "Которым столь непросто наслаждаться,",
  "an10.169:6.1": "В уединении он ищет наслаждение,",
  "an10.169:6.2": "Оставив позади услады чувств.",
  "an10.169:6.3": "Мудрейший, не владеющий ничем,",
  "an10.169:6.4": "Пускай очистится от умственных пороков.",
  "an10.169:7.1": "И тот, чей ум был развит хорошо",
  "an10.169:7.2": "В тех факторах, ведут что к пробуждению,",
  "an10.169:7.3": "Кто не-цеплянием находит наслаждение",
  "an10.169:7.4": "В отбрасывании всякого цепляния:",
  "an10.169:7.5": "Тот, лучезарный, пятна уничтожив,",
  "an10.169:7.6": "Является погасшим в этом мире».",
  "an10.169:7.7": "Третья."
}