{
 "an10.24:0.1": "Восходящие Наставления 10.24",
 "an10.24:0.2": "Большая Глава",
 "an10.24:0.3": "Сутта Чунда",
 "an10.24:1.1": "Однажды Достопочтенный Махачунда пребывал в стране Четтиев в Сахаджати.",
 "an10.24:1.2": "Там Достопочтенный Махачунда обратился к монахам:",
 "an10.24:1.3": "«Друзья монахи!»",
 "an10.24:1.4": "«Друг!» – отвечали те монахи.",
 "an10.24:1.5": "Достопочтенный Махачунда сказал:",
 "an10.24:2.1": "«Друзья, делая заявление о знании, монах говорит:",
 "an10.24:2.2": "«Я знаю эту Дхамму, я вижу эту Дхамму».",
 "an10.24:2.3": "Однако, если жадность одолевает этого монаха и удерживается [в нём];",
 "an10.24:2.4": "если ненависть…",
 "an10.24:2.5": "заблуждение…",
 "an10.24:2.6": "злость…",
 "an10.24:2.7": "враждебность…",
 "an10.24:2.8": "клеветнические измышления…",
 "an10.24:2.9": "презрение…",
 "an10.24:2.10": "скупость…",
 "an10.24:2.11": "порочная зависть…",
 "an10.24:2.12": "порочное желание одолевает этого монаха и удерживается, то [этого монаха] следует понимать таковым:",
 "an10.24:2.13": "«Этот достопочтенный не понимает так, чтобы у него не было жадности. Поэтому жадность одолевает его и удерживается.",
 "an10.24:2.14": "Этот достопочтенный не понимает так, чтобы у него не было ненависти…",
 "an10.24:2.15": "заблуждения…",
 "an10.24:2.16": "злости…",
 "an10.24:2.17": "враждебности…",
 "an10.24:2.18": "клеветнических измышлений…",
 "an10.24:2.19": "презрения…",
 "an10.24:2.20": "скупости…",
 "an10.24:2.21": "порочной зависти…",
 "an10.24:2.22": "порочного желания. Поэтому порочное желание одолевает его и удерживается».",
 "an10.24:3.1": "Друзья, делая заявление о развитии, монах говорит:",
 "an10.24:3.2": "«Я развит в теле, нравственном поведении, уме и мудрости».",
 "an10.24:3.3": "Однако, если жадность одолевает этого монаха и удерживается…",
 "an10.24:3.4": "ненависть…",
 "an10.24:3.5": "заблуждение…",
 "an10.24:3.6": "злость…",
 "an10.24:3.7": "враждебность…",
 "an10.24:3.8": "клеветнические измышления…",
 "an10.24:3.9": "презрение…",
 "an10.24:3.10": "скупость…",
 "an10.24:3.11": "порочная зависть…",
 "an10.24:3.12": "порочное желание одолевает этого монаха и удерживается, то [этого монаха] следует понимать таковым:",
 "an10.24:3.13": "«Этот достопочтенный не понимает так, чтобы у него не было жадности. Поэтому жадность одолевает его и удерживается.",
 "an10.24:3.14": "Этот достопочтенный не понимает так, чтобы у него не было ненависти…",
 "an10.24:3.15": "заблуждения…",
 "an10.24:3.16": "злости…",
 "an10.24:3.17": "враждебности…",
 "an10.24:3.18": "клеветнических измышлений…",
 "an10.24:3.19": "презрения…",
 "an10.24:3.20": "скупости…",
 "an10.24:3.21": "порочной зависти…",
 "an10.24:3.22": "порочного желания. Поэтому порочное желание одолевает его и удерживается».",
 "an10.24:4.1": "Друзья, делая заявление о знании и развитии, монах говорит:",
 "an10.24:4.2": "«Я знаю эту Дхамму, я вижу эту Дхамму. Я развит в теле, нравственном поведении, уме и мудрости».",
 "an10.24:4.3": "Однако, если жадность одолевает этого монаха и удерживается…",
 "an10.24:4.4": "ненависть…",
 "an10.24:4.5": "заблуждение…",
 "an10.24:4.6": "злость…",
 "an10.24:4.7": "враждебность…",
 "an10.24:4.8": "клеветнические измышления…",
 "an10.24:4.9": "презрение…",
 "an10.24:4.10": "скупость…",
 "an10.24:4.11": "порочная зависть…",
 "an10.24:4.12": "порочное желание",
 "an10.24:4.13": "…Этот достопочтенный не понимает так, чтобы у него не было жадности. Поэтому жадность одолевает его и удерживается.",
 "an10.24:4.14": "Этот достопочтенный не понимает так, чтобы у него не было ненависти…",
 "an10.24:4.15": "заблуждения…",
 "an10.24:4.16": "злости…",
 "an10.24:4.17": "враждебности…",
 "an10.24:4.18": "клеветнических измышлений…",
 "an10.24:4.19": "презрения…",
 "an10.24:4.20": "скупости…",
 "an10.24:4.21": "порочной зависти…",
 "an10.24:4.22": "порочного желания. Поэтому порочное желание одолевает его и удерживается».",
 "an10.24:5.1": "Представьте, как если бы бедный, лишённый, нуждающийся человек заявлял бы о том, что он богатый и состоятельный.",
 "an10.24:5.2": "Если, когда он хочет что-либо купить, он не может заплатить деньгами, зерном, серебром или золотом,",
 "an10.24:5.3": "то его узнают",
 "an10.24:5.4": "как бедного, лишённого, нуждающегося, который заявляет, что он богатый и состоятельный.",
 "an10.24:5.5": "И почему?",
 "an10.24:5.6": "Потому что когда он хочет что-либо купить, он не может заплатить деньгами, зерном, серебром или золотом.",
 "an10.24:6.1": "Точно также, друзья, делая заявление о знании и развитии, монах говорит:",
 "an10.24:6.2": "«Я знаю эту Дхамму, я вижу эту Дхамму. Я развит в теле, нравственном поведении, уме и мудрости».",
 "an10.24:6.3": "Однако, если жадность одолевает этого монаха и удерживается…",
 "an10.24:6.4": "ненависть…",
 "an10.24:6.5": "заблуждение…",
 "an10.24:6.6": "злость…",
 "an10.24:6.7": "враждебность…",
 "an10.24:6.8": "клеветнические измышления…",
 "an10.24:6.9": "презрение…",
 "an10.24:6.10": "скупость…",
 "an10.24:6.11": "порочная зависть…",
 "an10.24:6.12": "порочное желание…",
 "an10.24:6.13": "Этот достопочтенный не понимает так, чтобы у него не было жадности. Поэтому жадность одолевает его и удерживается.",
 "an10.24:6.14": "Этот достопочтенный не понимает так, чтобы у него не было ненависти…",
 "an10.24:6.15": "заблуждения…",
 "an10.24:6.16": "злости…",
 "an10.24:6.17": "враждебности…",
 "an10.24:6.18": "клеветнических измышлений…",
 "an10.24:6.19": "презрения…",
 "an10.24:6.20": "скупости…",
 "an10.24:6.21": "порочной зависти…",
 "an10.24:6.22": "порочного желания. Поэтому порочное желание одолевает его и удерживается».",
 "an10.24:7.1": "«Друзья, делая заявление о знании…",
 "an10.24:7.2": "«Я знаю эту Дхамму, я вижу эту Дхамму. Я развит в теле, нравственном поведении, уме и мудрости».",
 "an10.24:7.3": "Если жадность не одолевает этого монаха и не удерживается;",
 "an10.24:7.4": "если ненависть…",
 "an10.24:7.5": "заблуждение…",
 "an10.24:7.6": "злость…",
 "an10.24:7.7": "враждебность…",
 "an10.24:7.8": "клеветнические измышления…",
 "an10.24:7.9": "презрение…",
 "an10.24:7.10": "скупость…",
 "an10.24:7.11": "порочная зависть…",
 "an10.24:7.12": "порочное желание не одолевает этого монаха и не удерживается, то [этого монаха] следует понимать таковым:",
 "an10.24:7.13": "«Этот достопочтенный понимает так, чтобы у него не было жадности. Поэтому жадность не одолевает его и не удерживается.",
 "an10.24:7.14": "если ненависть…",
 "an10.24:7.15": "заблуждение…",
 "an10.24:7.16": "злость…",
 "an10.24:7.17": "враждебность…",
 "an10.24:7.18": "клеветнические измышления…",
 "an10.24:7.19": "презрение…",
 "an10.24:7.20": "скупость…",
 "an10.24:7.21": "порочная зависть…",
 "an10.24:7.22": "порочное желание…",
 "an10.24:8.1": "Друзья, делая заявление о развитии…",
 "an10.24:8.2": "«Я развит в теле, нравственном поведении, уме и мудрости».",
 "an10.24:8.3": "Если жадность не одолевает этого монаха и не удерживается;",
 "an10.24:8.4": "если ненависть…",
 "an10.24:8.5": "заблуждение…",
 "an10.24:8.6": "злость…",
 "an10.24:8.7": "враждебность…",
 "an10.24:8.8": "клеветнические измышления…",
 "an10.24:8.9": "презрение…",
 "an10.24:8.10": "скупость…",
 "an10.24:8.11": "порочная зависть…",
 "an10.24:8.12": "порочное желание не одолевает этого монаха и не удерживается, то [этого монаха] следует понимать таковым:",
 "an10.24:8.13": "«Этот достопочтенный понимает так, чтобы у него не было жадности. Поэтому жадность не одолевает его и не удерживается.",
 "an10.24:8.14": "ненависть…",
 "an10.24:8.15": "заблуждение…",
 "an10.24:8.16": "злость…",
 "an10.24:8.17": "враждебность…",
 "an10.24:8.18": "клеветнические измышления…",
 "an10.24:8.19": "презрение…",
 "an10.24:8.20": "скупость…",
 "an10.24:8.21": "порочная зависть…",
 "an10.24:8.22": "порочное желание…",
 "an10.24:9.1": "Друзья, делая заявление о знании и развитии, монах говорит:",
 "an10.24:9.2": "«Я знаю эту Дхамму, я вижу эту Дхамму. Я развит в теле, нравственном поведении, уме и мудрости».",
 "an10.24:9.3": "Если жадность не одолевает этого монаха и не удерживается;",
 "an10.24:9.4": "если ненависть…",
 "an10.24:9.5": "заблуждение…",
 "an10.24:9.6": "злость…",
 "an10.24:9.7": "враждебность…",
 "an10.24:9.8": "клеветнические измышления…",
 "an10.24:9.9": "презрение…",
 "an10.24:9.10": "скупость…",
 "an10.24:9.11": "порочная зависть…",
 "an10.24:9.12": "порочное желание не одолевает этого монаха и не удерживается, то [этого монаха] следует понимать таковым:",
 "an10.24:9.13": "«Этот достопочтенный понимает так, чтобы у него не было жадности. Поэтому жадность не одолевает его и не удерживается.",
 "an10.24:9.14": "Этот достопочтенный понимает так, чтобы у него не было ненависти…",
 "an10.24:9.15": "заблуждения…",
 "an10.24:9.16": "злости…",
 "an10.24:9.17": "враждебности…",
 "an10.24:9.18": "клеветнических измышлений…",
 "an10.24:9.19": "презрения…",
 "an10.24:9.20": "скупости…",
 "an10.24:9.21": "порочной зависти…",
 "an10.24:9.22": "порочного желания. Поэтому порочное желание не одолевает его и не удерживается».",
 "an10.24:10.1": "Представьте, как если бы богатый и состоятельный человек заявлял бы о том, что он богатый и состоятельный.",
 "an10.24:10.2": "Если, когда он хочет что-либо купить, он может заплатить деньгами, зерном, серебром или золотом,",
 "an10.24:10.3": "то его узнают",
 "an10.24:10.4": "как богатого и состоятельного, который заявляет, что он богатый и состоятельный.",
 "an10.24:10.5": "И почему?",
 "an10.24:10.6": "Потому что когда он хочет что-либо купить, он может заплатить деньгами, зерном, серебром или золотом.",
 "an10.24:11.1": "Точно также, друзья, делая заявление о знании и развитии, монах говорит:",
 "an10.24:11.2": "«Я знаю эту Дхамму, я вижу эту Дхамму. Я развит в теле, нравственном поведении, уме и мудрости».",
 "an10.24:11.3": "Если жадность не одолевает этого монаха и не удерживается;",
 "an10.24:11.4": "если ненависть…",
 "an10.24:11.5": "заблуждение…",
 "an10.24:11.6": "злость…",
 "an10.24:11.7": "враждебность…",
 "an10.24:11.8": "клеветнические измышления…",
 "an10.24:11.9": "презрение…",
 "an10.24:11.10": "скупость…",
 "an10.24:11.11": "порочная зависть…",
 "an10.24:11.12": "порочное желание не одолевает этого монаха и не удерживается, то [этого монаха] следует понимать таковым:",
 "an10.24:11.13": "«Этот достопочтенный понимает так, чтобы у него не было жадности. Поэтому жадность не одолевает его и не удерживается.",
 "an10.24:11.14": "Этот достопочтенный понимает так, чтобы у него не было ненависти…",
 "an10.24:11.15": "заблуждения…",
 "an10.24:11.16": "злости…",
 "an10.24:11.17": "враждебности…",
 "an10.24:11.18": "клеветнических измышлений…",
 "an10.24:11.19": "презрения…",
 "an10.24:11.20": "скупости…",
 "an10.24:11.21": "порочной зависти…",
 "an10.24:11.22": "порочного желания. Поэтому порочное желание не одолевает его и не удерживается».",
 "an10.24:11.23": "Четвёртая."
}