{
 "an10.142:0.1": "Восходящие Наставления 10.142",
 "an10.142:0.2": "Глава Садху",
 "an10.142:0.3": "Сутта Загроможденость",
 "an10.142:1.1": "Загромождающее, монахи, явление объясню и не-загромождающее.",
 "an10.142:1.2": "Услышьте это…",
 "an10.142:1.3": "«И что такое, монахи, загромождающее явление?",
 "an10.142:1.4": "Ошибочный взгляд… ошибочное освбождение—",
 "an10.142:1.5": "об этом говорится, монахи, загромождающее явление.",
 "an10.142:1.6": "И что такое, монахи, не-загромождающее явление?",
 "an10.142:1.7": "Правильный взгляд… правильное освобождение—",
 "an10.142:1.8": "об этом говорится, монахи, не-загромождающее явление.",
 "an10.142:1.9": "Девятая."
}