{
 "an10.191:0.1": "Восходящие Наставления 10.191",
 "an10.191:0.2": "Глава Ариямагга",
 "an10.191:0.3": "Сутта Подлинная Дхамма",
 "an10.191:1.1": "Подлинной Дхаммы, монахи, явление объясню и неподлинной дхаммы.",
 "an10.191:1.2": "Услышьте это…",
 "an10.191:1.3": "«И что такое, монахи, неподлинная Дхамма?",
 "an10.191:1.4": "Уменьшение жизни…",
 "an10.191:1.5": "ошибочный взгляд—",
 "an10.191:1.6": "об этом говорится, монахи, неподлинная Дхамма.",
 "an10.191:2.1": "И что такое, монахи, подлинная Дхамма?",
 "an10.191:2.2": "отвергание уменьшения жизни…",
 "an10.191:2.3": "правильный взгляд—",
 "an10.191:2.4": "об этом говорится, монахи, подлинная Дхамма.",
 "an10.191:2.5": "Третья."
}