{
 "an10.92:0.1": "Восходящие Наставления 10.92",
 "an10.92:0.2": "Глава Упали",
 "an10.92:0.3": "Сутта Опасность",
 "an10.92:1.1": "И тогда домохозяин Анатхапиндика подошёл к Благословенному, поклонился ему и сел рядом. Благословенный сказал ему:",
 "an10.92:2.1": "«Когда в ученике Благородных успокоены пять ужасающих враждебностей, когда он обладает четырьмя факторами вступления в поток, когда он чётко увидел и тщательно проник мудростью в благородный метод – то тогда, если он хочет, он может заявить о себе:",
 "an10.92:2.2": "«Я тот, кто покончил с адом, покончил с миром животных, покончил с обителью страдающих духов, покончил с состояниями лишений, с плохими уделами, с нижними мирами. Я – вступивший в поток, не прикованный более к нижним мирам, непреклонный в своей участи, устремлённый к просветлению».",
 "an10.92:3.1": "И каковы эти пять ужасающих враждебностей, что успокоены [в нём]?",
 "an10.92:3.2": "Домохозяин, тот, кто уничтожает жизнь, этим своим поведением вызывает ужасающую враждебность, имеющую отношение к нынешней жизни, и ужасающую враждебность, имеющую отношение к будущей жизни, и он испытывает умственную боль и недовольство.",
 "an10.92:3.3": "Поэтому у того, кто воздерживается от уничтожения жизни, эта ужасающая враждебность успокоена.",
 "an10.92:4.1": "Тот, кто берёт то, что [ему] не было дано…",
 "an10.92:4.2": "Тот, кто пускается в неблагое сексуальное поведение…",
 "an10.92:4.3": "Тот, кто говорит ложь…",
 "an10.92:4.4": "Тот, кто потакает распитию вина, спиртного, опьяняющих напитков [или веществ], что создают основание для беспечности, этим своим поведением вызывает ужасающую враждебность, имеющую отношение к нынешней жизни, и ужасающую враждебность, имеющую отношение к будущей жизни, и он испытывает умственную боль и недовольство.",
 "an10.92:4.5": "Поэтому у того, кто воздерживается от распития вина, спиртного, опьяняющих напитков [или веществ], что создают основание для беспечности, эта ужасающая враждебность успокоена.",
 "an10.92:4.6": "Таковы пять ужасающих враждебностей, что успокоены [в нём].",
 "an10.92:5.1": "И каковы четыре фактора вступления в поток, которыми он обладает?",
 "an10.92:5.2": "Вот ученик Благородных наделён подтверждённой верой в Будду:",
 "an10.92:5.3": "«В самом деле Благословенный – достойный, всецело просветлённый, совершенный в истинном знании и поведении, достигший блага, знаток мира, непревзойдённый учитель тех, кто готов обучаться, учитель богов и людей, пробуждённый, благословенный».",
 "an10.92:5.4": "Он наделён подтверждённой верой в Дхамму:",
 "an10.92:5.5": "«Дхамма превосходно разъяснена Благословенным, напрямую видимая [здесь и сейчас], не зависящая от времени, приглашающая пойти и увидеть, ведущая к цели, познаваемая мудрыми самостоятельно».",
 "an10.92:5.6": "Он наделён подтверждённой верой в Сангху:",
 "an10.92:5.7": "«Сангха учеников Благословенного, идущих по хорошему пути, идущих по прямому пути, идущих по верному пути, идущих по совершенному пути, другими словами, четыре пары или восемь типов личностей – это Сангха учеников Благословенного: достойная даров, достойная гостеприимства, достойная подношений, достойная уважения, непревзойдённое поле заслуг для мира».",
 "an10.92:5.8": "Он наделён добродетелями, которые дороги благородным: прочными, цельными, незапятнанными, освобождающими, восхваляемыми мудрецами, яркими, ведущими к сосредоточению.",
 "an10.92:5.9": "Таковы четыре фактора вступления в поток, которыми он обладает.",
 "an10.92:6.1": "И каков благородный метод, который он чётко увидел и [в который] тщательно проник мудростью?",
 "an10.92:6.2": "Вот, домохозяин, ученик Благородных размышляет:",
 "an10.92:6.3": "«Когда есть это, появляется и то. Когда этого нет, не появляется и то.",
 "an10.92:6.4": "С возникновением этого, возникает то. С прекращением этого, прекращается и то. То есть:",
 "an10.92:6.5": "С невежеством как условием, волевые формирователи [возникают].",
 "an10.92:6.6": "С волевыми формирователями как условием, сознание [возникает].",
 "an10.92:6.7": "С сознанием как условием, имя-и-форма [возникает].",
 "an10.92:6.8": "С именем-и-формой как условием, шесть сфер чувств [возникают].",
 "an10.92:6.9": "С шестью сферами чувств как условием, контакт [возникает].",
 "an10.92:6.10": "С контактом как условием, чувство [возникает].",
 "an10.92:6.11": "С чувством как условием, жажда [возникает].",
 "an10.92:6.12": "С жаждой как условием, цепляние [возникает].",
 "an10.92:6.13": "С цеплянием как условием, существование [возникает].",
 "an10.92:6.14": "С существованием как условием, рождение [возникает].",
 "an10.92:6.15": "С рождением как условием, старение-и-смерть, печаль, стенание, боль, недовольство и отчаяние возникают.",
 "an10.92:6.16": "Таково происхождение всей этой груды боли.",
 "an10.92:6.17": "прекращением невежества происходит прекращение волевых формирователей…",
 "an10.92:6.18": "Таково прекращение всей этой груды боли».",
 "an10.92:6.19": "Таков благородный метод, который он чётко увидел и [в который] тщательно проник мудростью.",
 "an10.92:7.1": "Когда, домохозяин, в ученике Благородных успокоены пять ужасающих враждебностей, когда он обладает четырьмя факторами вступления в поток, когда он чётко увидел и тщательно проник мудростью в благородный метод – то тогда, если он хочет, он может заявить о себе:",
 "an10.92:7.2": "«Я тот, кто покончил с адом, покончил с миром животных, покончил с обителью страдающих духов, покончил с состояниями лишений, с плохими уделами, с нижними мирами. Я – вступивший в поток, не прикованный более к нижним мирам, непреклонный в своей участи, устремлённый к просветлению».",
 "an10.92:7.3": "Вторая."
}