{
 "an10.233-236:0.1": "Восходящие Наставления 10.233-236",
 "an10.233-236:0.2": "Глава Саманнья",
 "an10.233-236:0.3": "",
 "an10.233-236:1.1": "«Монахи, [этого человека], обладающего десятью качествами, можно считать глупцом…",
 "an10.233-236:1.2": "обладающего десятью качествами, можно считать мудрецом».",
 "an10.233-236:1.3": "двадцатью, монахи…",
 "an10.233-236:1.4": "тридцатью, монахи…",
 "an10.233-236:1.5": "сорока, монахи, качествами обладающего, можно считать глупцом…",
 "an10.233-236:1.6": "считать мудрецом…",
 "an10.233-236:1.7": "«Этими, монахи, сорока качествами обладающего, можно считать мудрецом…",
 "an10.233-236:1.8": ""
}