{
  "an10.224:0.1": "Восходящие Наставления 10.224",
  "an10.224:0.2": "Глава Саманнья",
  "an10.224:0.3": "",
  "an10.224:1.1": "«Монахи, обладая сорока качествами, [после смерти] некий человек оказывается в аду, как если бы его туда затянули [силой].",
  "an10.224:1.2": "Какими сорока?",
  "an10.224:1.3": "Он уничтожает жизнь, поощряет других уничтожать жизнь, одобряет уничтожение жизни, восхваляет уничтожение жизни…",
  "an10.224:1.4": "",
  "an10.224:1.5": "",
  "an10.224:1.6": "",
  "an10.224:1.7": "",
  "an10.224:1.8": "",
  "an10.224:1.9": "",
  "an10.224:1.10": "",
  "an10.224:1.11": "",
  "an10.224:1.12": "придерживается неправильных воззрений, поощряет других к [утверждению в] неправильных воззрениях, одобряет [утверждение] в неправильных воззрениях, восхваляет [утверждение] в неправильных воззрениях.",
  "an10.224:1.13": "Обладая этими сорока качествами, [после смерти] некий человек оказывается в аду, как если бы его туда затянули [силой].",
  "an10.224:2.1": "Обладая сорока качествами, [после смерти] некий человек оказывается в небесном мире, как если бы его туда затянули [силой].",
  "an10.224:2.2": "Какими сорока?",
  "an10.224:2.3": "Он воздерживается от уничтожения жизни, поощряет других к воздержанию от уничтожения жизни, одобряет воздержание от уничтожения жизни, восхваляет воздержание от уничтожения жизни…",
  "an10.224:2.4": "",
  "an10.224:2.5": "",
  "an10.224:2.6": "",
  "an10.224:2.7": "",
  "an10.224:2.8": "",
  "an10.224:2.9": "",
  "an10.224:2.10": "",
  "an10.224:2.11": "",
  "an10.224:2.12": "придерживается правильных воззрений, поощряет других [к утверждению] в правильных воззрениях, одобряет [утверждение] в правильных воззрениях, восхваляет [утверждение] в правильных воззрениях.",
  "an10.224:2.13": "Обладая этими сорока качествами, [после смерти] некий человек оказывается в небесном мире, как если бы его туда затянули [силой]»."
}