{
  "an10.75:0.1": "Восходящие Наставления 10.75",
  "an10.75:0.2": "Глава Аканкха",
  "an10.75:0.3": "Сутта Мигасала",
  "an10.75:1.1": "Однажды Благословенный пребывал в Саваттхи в Роще Джеты, в монастыре Анатхапиндики.",
  "an10.75:1.2": "И тогда, утром, Достопочтенный Ананда оделся, взял чашу и одеяние и отправился к дому мирянки Мигасалы, где сел на подготовленное для него сиденье.",
  "an10.75:1.3": "Затем мирянка Мигасала подошла к Достопочтенному Ананде, поклонилась ему, села рядом и сказала:",
  "an10.75:2.1": "«Господин Ананда, так как же следует понимать учение Благословенного, когда некто ведёт целомудренную жизнь, а другой не целомудренную, [но] оба имеют в точности одинаковую участь в будущей жизни?",
  "an10.75:2.2": "Мой отец Пурана вёл целомудренную жизнь, жил отдельно, воздерживался от половых сношений, которые привычны среди простых людей. Когда он скончался, то Благословенный объявил:",
  "an10.75:2.3": "«Он достиг состояния однажды-возвращающегося, переродился среди [божеств небесного мира] Туситы».",
  "an10.75:2.4": "Мой дядя по отцовской линии, Исидатта, не вёл целомудренной жизни, а жил, довольствуясь жизнью женатой.",
  "an10.75:2.5": "Когда он скончался, то Благословенный также объявил: «Он достиг состояния однажды-возвращающегося, переродился среди [божеств небесного мира] Туситы».",
  "an10.75:3.1": "Господин Ананда, так как же следует понимать учение Благословенного, когда некто ведёт целомудренную жизнь, а другой не целомудренную, [но] оба имеют в точности одинаковую участь в будущей жизни?»",
  "an10.75:3.2": "«Так, сестра, Благословенный объявил об этом».",
  "an10.75:4.1": "И затем, когда Достопочтенный Ананда получил еду в доме Мигасалы, он поднялся со своего сиденья и ушёл.",
  "an10.75:4.2": "После приёма пищи, вернувшись с хождения за подаяниями, он отправился к Благословенному, поклонился ему, сел рядом и сказал:",
  "an10.75:5.1": "«Учитель, утром я оделся, взял чашу и одеяние и отправился к дому мирянки Мигасалы…",
  "an10.75:5.2": "",
  "an10.75:6.1": "",
  "an10.75:6.2": "",
  "an10.75:6.3": "",
  "an10.75:6.4": "",
  "an10.75:6.5": "",
  "an10.75:7.1": "",
  "an10.75:7.2": "…Когда она спросила меня об этом, я ответил:",
  "an10.75:7.3": "«Так, сестра, Благословенный объявил об этом». [Благословенный ответил]:",
  "an10.75:8.1": "«Воистину, кто она такая, эта мирянка Мигасала? Глупая, несведущая женщина с женским рассудком. И кто они – те, [кто имеют прямое] знание других личностей как высших или низших.",
  "an10.75:9.1": "Ананда, есть десять типов личностей, существующих в мире.",
  "an10.75:9.2": "Какие десять?",
  "an10.75:9.3": "Вот, Ананда, [бывает так, что] человек безнравственный",
  "an10.75:9.4": "и не понимает в соответствии с действительностью освобождения ума, освобождения мудростью, и того, где эта его безнравственность прекращается без остатка.",
  "an10.75:9.5": "И он не слушал [учений], не изучал [их], не проникал [в них] воззрением, и он не достигает временного освобождения.",
  "an10.75:9.6": "С распадом тела, после смерти, он направляется к ухудшению, а не к исключительности.",
  "an10.75:9.7": "Он тот, кто устремлён к ухудшению, а не к исключительности.",
  "an10.75:10.1": "Далее, Ананда, [бывает так, что] человек безнравственный,",
  "an10.75:10.2": "но, всё же, понимает в соответствии с действительностью освобождение ума, освобождение мудростью, и то, где эта его безнравственность прекращается без остатка.",
  "an10.75:10.3": "И он слушал [учения], изучал [их], проникал [в них] воззрением, и он достигает временного освобождения.",
  "an10.75:10.4": "С распадом тела, после смерти, он направляется к исключительности, а не к ухудшению.",
  "an10.75:10.5": "Он тот, кто устремлён к исключительности, а не к ухудшению.",
  "an10.75:11.1": "Ананда, те, кто любят критиковать, будут судить о них так:",
  "an10.75:11.2": "«У этого такие же качества, как и у другого. Так почему же один из них должен быть ниже, а второй – выше?».",
  "an10.75:11.3": "И подобное их [суждение] воистину приведёт их к вреду и боли на долгое время.",
  "an10.75:12.1": "Из них, Ананда, человек, который безнравственный,",
  "an10.75:12.2": "но который понимает в соответствии с действительностью освобождение ума, освобождение мудростью…",
  "an10.75:12.3": "достигает временного освобождения –",
  "an10.75:12.4": "превышает и превосходит [того] другого человека.",
  "an10.75:12.5": "И почему?",
  "an10.75:12.6": "Потому что его несёт поток Дхаммы.",
  "an10.75:12.7": "Но кто может знать это различие [между ними], кроме Татхагаты?",
  "an10.75:12.8": "Поэтому, Ананда, не делай суждений в отношении людей.",
  "an10.75:12.9": "Не выноси решений по людям.",
  "an10.75:12.10": "Те, кто выносят решения по людям, вредят самим себе.",
  "an10.75:12.11": "Только я, или такой как я, может выносить решения по людям.",
  "an10.75:13.1": "Далее, Ананда, [бывает так, что] человек нравственный,",
  "an10.75:13.2": "но, всё же, не понимает в соответствии с действительностью освобождения ума, освобождения мудростью, и того, где эта его нравственность прекращается без остатка.",
  "an10.75:13.3": "И он не слушал [учений], не изучал [их], не проникал [в них] воззрением, и он не достигает временного освобождения.",
  "an10.75:13.4": "С распадом тела, после смерти, он направляется к ухудшению, а не к исключительности.",
  "an10.75:13.5": "Он тот, кто устремлён к ухудшению, а не к исключительности.",
  "an10.75:14.1": "Далее, Ананда, [бывает так, что] человек нравственный",
  "an10.75:14.2": "и понимает в соответствии с действительностью освобождение ума…",
  "an10.75:14.3": "достигает временного освобождения.",
  "an10.75:14.4": "С распадом тела, после смерти, он направляется к исключительности, а не к ухудшению.",
  "an10.75:14.5": "Он тот, кто устремлён к исключительности, а не к ухудшению.",
  "an10.75:15.1": "Ананда, те, кто любят критиковать, будут судить о них так…",
  "an10.75:15.2": "…Только я, или такой как я, может выносить решения по людям.",
  "an10.75:16.1": "Далее, Ананда, [бывает так, что] человек имеет сильную страсть,",
  "an10.75:16.2": "и не понимает в соответствии с действительностью освобождения ума, освобождения мудростью, и того, где эта его страсть прекращается без остатка.",
  "an10.75:16.3": "И он не слушал [учений], не изучал [их], не проникал [в них] воззрением, и он не достигает временного освобождения.",
  "an10.75:16.4": "С распадом тела, после смерти, он направляется к ухудшению, а не к исключительности.",
  "an10.75:16.5": "Он тот, кто устремлён к ухудшению, а не к исключительности.",
  "an10.75:17.1": "Далее, Ананда, [бывает так, что] человек имеет сильную страсть,",
  "an10.75:17.2": "но, всё же, понимает в соответствии с действительностью освобождение ума…",
  "an10.75:17.3": "достигает временного освобождения.",
  "an10.75:17.4": "С распадом тела, после смерти, он направляется к исключительности, а не к ухудшению.",
  "an10.75:17.5": "Он тот, кто устремлён к исключительности, а не к ухудшению.",
  "an10.75:18.1": "Ананда, те, кто любят критиковать, будут судить о них так…",
  "an10.75:18.2": "…Только я, или такой как я, может выносить решения по людям.",
  "an10.75:19.1": "Далее, Ананда, [бывает так, что] человек имеет сильную склонность к злости,",
  "an10.75:19.2": "и не понимает в соответствии с действительностью освобождения ума, освобождения мудростью, и того, где эта его злость прекращается без остатка.",
  "an10.75:19.3": "И он не слушал [учений], не изучал [их], не проникал [в них] воззрением, и он не достигает временного освобождения.",
  "an10.75:19.4": "С распадом тела, после смерти, он направляется к ухудшению, а не к исключительности.",
  "an10.75:19.5": "Он тот, кто устремлён к ухудшению, а не к исключительности.",
  "an10.75:20.1": "Далее, Ананда, [бывает так, что] человек имеет сильную склонность к злости,",
  "an10.75:20.2": "но, всё же, понимает в соответствии с действительностью освобождение ума…",
  "an10.75:20.3": "достигает временного освобождения.",
  "an10.75:20.4": "С распадом тела, после смерти, он направляется к исключительности, а не к ухудшению.",
  "an10.75:20.5": "Он тот, кто устремлён к исключительности, а не к ухудшению.",
  "an10.75:21.1": "Ананда, те, кто любят критиковать, будут судить о них так…",
  "an10.75:21.2": "…Только я, или такой как я, может выносить решения по людям.",
  "an10.75:22.1": "Далее, Ананда, [бывает так, что] человек беспокойный,",
  "an10.75:22.2": "и не понимает в соответствии с действительностью освобождения ума, освобождения мудростью, и того, где эта его беспокойность прекращается без остатка.",
  "an10.75:22.3": "И он не слушал [учений], не изучал [их], не проникал [в них] воззрением, и он не достигает временного освобождения.",
  "an10.75:22.4": "С распадом тела, после смерти, он направляется к ухудшению, а не к исключительности.",
  "an10.75:22.5": "Он тот, кто устремлён к ухудшению, а не к исключительности.",
  "an10.75:23.1": "Далее, Ананда, [бывает так, что] человек беспокойный,",
  "an10.75:23.2": "но, всё же, понимает в соответствии с действительностью освобождение ума, освобождение мудростью и то, где эта его беспокойность прекращается без остатка.",
  "an10.75:23.3": "И он слушал [учения], изучал [их], проникал [в них] воззрением, и он достигает временного освобождения.",
  "an10.75:23.4": "С распадом тела, после смерти, он направляется к исключительности, а не к ухудшению.",
  "an10.75:23.5": "Он тот, кто устремлён к исключительности, а не к ухудшению.",
  "an10.75:24.1": "Ананда, те, кто любят критиковать, будут судить о них так:",
  "an10.75:24.2": "«У этого такие же качества, как и у другого. Так почему же один из них должен быть ниже, а второй – выше?».",
  "an10.75:24.3": "И подобное их [суждение] воистину приведёт их к вреду и боли на долгое время.",
  "an10.75:25.1": "Из них, Ананда, человек, который беспокойный, но который понимает в соответствии с действительностью освобождение ума, освобождение мудростью…",
  "an10.75:25.2": "достигает временного освобождения –",
  "an10.75:25.3": "превышает и превосходит [того] другого человека.",
  "an10.75:25.4": "И почему?",
  "an10.75:25.5": "Потому что его несёт поток Дхаммы.",
  "an10.75:25.6": "Но кто может знать это различие [между ними], кроме Татхагаты?",
  "an10.75:25.7": "Поэтому, Ананда, не делай суждений в отношении людей.",
  "an10.75:25.8": "Не выноси решений по людям.",
  "an10.75:25.9": "Те, кто выносят решения по людям, вредят самим себе.",
  "an10.75:25.10": "Только я, или такой как я, может выносить решения по людям.",
  "an10.75:26.1": "Воистину, кто она такая, эта мирянка Мигасала? Глупая, несведущая женщина с женским рассудком. И кто они – те, [кто имеют прямое] знание других личностей как высших или низших.",
  "an10.75:26.2": "Таковы десять типов личностей, что существуют в мире.",
  "an10.75:27.1": "Ананда, если бы Исидатта обладал тем же нравственным поведением, что и Пурана, то Пурана даже бы и не узнал о его участи.",
  "an10.75:27.2": "А если бы Пурана обладал той же мудростью, что и Исидатта, то Исидатта даже бы и не узнал о его участи.",
  "an10.75:27.3": "Таким образом, Ананда, каждый из них был неполным в одном отношении».",
  "an10.75:27.4": "Пятая."
}