{
 "an10.218:0.1": "Восходящие Наставления 10.218",
 "an10.218:0.2": "Глава Караджакайя",
 "an10.218:0.3": "Сутта Намеренное Первая",
 "an10.218:1.1": "«Монахи, я не утверждаю, что существует окончание намеренной совершённой и накопленной деятельности до тех пор, покуда человек не пережил [её результатов],",
 "an10.218:1.2": "что может случиться в видимой действительности, или в другом случае.",
 "an10.218:1.3": "Но [также] я не утверждаю, что можно положить конец дискомфорту, покуда человек не пережил [результаты] намеренной совершённой и накопленной деятельности.",
 "an10.218:2.1": "В этом плане, монахи, существует трёхчастный изъян и повреждённость телесной деятельности, возникшей из неблагого намерения, имеющей болезненный исход и результат;",
 "an10.218:2.2": "[существует] четырёхчастный изъян и повреждённость словесной деятельности, возникшей из неблагого намерения, имеющей болезненный исход и результат;",
 "an10.218:2.3": "[существует] трёхчастный изъян и повреждённость умственной деятельности, возникшей из неблагого намерения, имеющей болезненный исход и результат.",
 "an10.218:3.1": "И каким образом, монахи, существует трёхчастный изъян и повреждённость телесной деятельности, возникшей из неблагого намерения, имеющей болезненный исход и результат?…",
 "an10.218:3.2": "Вот каким образом существует трёхчастный изъян и повреждённость телесной деятельности, возникшей из неблагого намерения, имеющей болезненный исход и результат.",
 "an10.218:4.1": "И каким образом, монахи, существует четырёхчастный изъян и повреждённость словесной деятельности, возникшей из неблагого намерения, имеющей болезненный исход и результат?",
 "an10.218:4.2": "Вот каким образом существует четырёхчастный изъян и повреждённость словесной деятельности, возникшей из неблагого намерения, имеющей болезненный исход и результат.",
 "an10.218:5.1": "И каким образом, монахи, существует трёхчастный изъян и повреждённость умственной деятельности, возникшей из неблагого намерения, имеющей болезненный исход и результат?",
 "an10.218:5.2": "Вот каким образом существует трёхчастный изъян и повреждённость умственной деятельности, возникшей из неблагого намерения, имеющей болезненный исход и результат.",
 "an10.218:6.1": "Монахи, из-за трёхчастного изъяна и повреждённости телесной деятельности, возникшей из неблагого намерения, после распада тела, после смерти, существа перерождаются в состояниях лишений, в неблагих уделах, в нижних мирах, в аду. Или из-за четырёхчастного изъяна и повреждённости словесной деятельности… Или из-за трёхчастного изъяна и повреждённости умственной деятельности, возникшей из неблагого намерения, после распада тела, после смерти, существа перерождаются в состояниях лишений, в неблагих уделах, в нижних мирах, в аду.",
 "an10.218:7.1": "Монахи, я не утверждаю, что существует окончание намеренной совершённой и накопленной деятельности до тех пор, покуда человек не пережил [её результатов],",
 "an10.218:7.2": "что может случиться в видимой действительности, или в другом случае.",
 "an10.218:7.3": "Но [также] я не утверждаю, что можно положить конец дискомфорту, покуда человек не пережил [результаты] намеренной совершённой и накопленной деятельности.",
 "an10.218:8.1": "В этом плане, монахи, существует трёхчастный благоприятный исход телесной деятельности, возникшей из благого намерения, имеющей приятный исход и результат;",
 "an10.218:8.2": "четырёхчастный благоприятный исход словесной деятельности, возникшей из благого намерения, имеющей приятный исход и результат;",
 "an10.218:8.3": "трёхчастный благоприятный исход умственной деятельности, возникшей из благого намерения, имеющей приятный исход и результат.",
 "an10.218:9.1": "И каким образом, монахи, существует трёхчастный благоприятный исход телесной деятельности, возникшей из благого намерения, имеющей приятный исход и результат?",
 "an10.218:9.2": "Вот каким образом существует трёхчастный благоприятный исход телесной деятельности, возникшей из благого намерения, имеющей приятный исход и результат.",
 "an10.218:10.1": "И каким образом, монахи, существует четырёхчастный благоприятный исход словесной деятельности, возникшей из благого намерения, имеющей приятный исход и результат?",
 "an10.218:10.2": "Вот каким образом существует четырёхчастный благоприятный исход словесной деятельности, возникшей из благого намерения, имеющей приятный исход и результат.",
 "an10.218:11.1": "И каким образом, монахи, существует трёхчастный благоприятный исход умственной деятельности, возникшей из благого намерения, имеющей приятный исход и результат?",
 "an10.218:11.2": "Вот каким образом существует трёхчастный благоприятный исход умственной деятельности, возникшей из благого намерения, имеющей приятный исход и результат.",
 "an10.218:12.1": "Монахи, из-за трёхчастного благоприятного исхода телесной деятельности, возникшей из благого намерения, после распада тела, после смерти, существа перерождаются в благих уделах, в небесных мирах. Или из-за четырёхчастного благоприятного исхода словесной деятельности… Или из-за трёхчастного благоприятного исхода умственной деятельности, возникшей из благого намерения, после распада тела, после смерти, существа перерождаются в благих уделах, в небесных мирах….",
 "an10.218:12.2": "Восьмая."
}