{
 "an10.8:0.1": "Восходящие Наставления 10.8",
 "an10.8:0.2": "Глава Анисамса",
 "an10.8:0.3": "Сутта Вера",
 "an10.8:1.1": "«Монахи, монах Может обладать верой, но он безнравственен.",
 "an10.8:1.2": "Таким образом, он неполноценен в отношении этого фактора.",
 "an10.8:1.3": "Ему следует исполнить этот фактор [с помощью такого рассуждения]:",
 "an10.8:1.4": "«Как мне обладать верой, но также и быть нравственным?»",
 "an10.8:1.5": "Но когда монах обладает верой, а также он нравственный, то в этом случае он полноценен в отношении этого фактора.",
 "an10.8:2.1": "Монах может обладать верой и быть нравственным, но не быть учёным…",
 "an10.8:2.2": "учёным, но не являться проповедником Дхаммы…",
 "an10.8:2.3": "проповедником Дхаммы, но не тем, кто часто посещает собрания…",
 "an10.8:2.4": "тем, кто часто посещает собрания, но не тем, кто уверенно учит Дхамме собрание…",
 "an10.8:2.5": "тем, кто уверенно учит Дхамме собрание, но не являться экспертом по Винае…",
 "an10.8:2.6": "являться экспертом по Винае, но не быть тем, кто, отправившись в уединённые жилища, проживает в лесу…",
 "an10.8:2.7": "быть тем, кто, отправившись в уединённые жилища, проживает в лесу, но не тем, кто без сложностей и проблем достигает четырёх джхан, что составляют высший ум и являются приятным пребыванием в этой самой жизни…",
 "an10.8:2.8": "тем, кто без сложностей и проблем достигает четырёх джхан, что составляют высший ум и являются приятным пребыванием в этой самой жизни, но не тем, кто за счёт уничтожения умственных загрязнений прямо [здесь и сейчас] в этой самой жизни входит и пребывает в незапятнанном освобождении ума, освобождении мудростью, напрямую зная и проявляя это для себя самостоятельно.",
 "an10.8:2.9": "Таким образом, он неполноценен в отношении этого фактора.",
 "an10.8:2.10": "Ему следует исполнить этот фактор [с помощью такого рассуждения]:",
 "an10.8:2.11": "«Как мне обладать верой и быть нравственным, учёным, являться проповедником Дхаммы; тем, кто часто посещает собрания; тем, кто уверенно учит Дхамме собрание; являться экспертом по Винае; быть тем, кто, отправившись в уединённые жилища, проживает в лесу, тем, кто без сложностей и проблем достигает четырёх джхан, что составляют высший ум и являются приятным пребыванием в этой самой жизни, и тем, кто за счёт уничтожения умственных загрязнений прямо [здесь и сейчас] в этой самой жизни входит и пребывает в незапятнанном освобождении ума, освобождении мудростью, напрямую зная и проявляя это для себя самостоятельно?»",
 "an10.8:3.1": "Но когда монах обладает верой… является нравственным, учёным, являться проповедником Дхаммы; тем, кто часто посещает собрания; тем, кто уверенно учит Дхамме собрание; являться экспертом по Винае; быть тем, кто, отправившись в уединённые жилища, проживает в лесу, тем, кто без сложностей и проблем достигает четырёх джхан, что составляют высший ум и являются приятным пребыванием в этой самой жизни, и тем, кто за счёт уничтожения умственных загрязнений прямо [здесь и сейчас] в этой самой жизни входит и пребывает в незапятнанном освобождении ума, освобождении мудростью, напрямую зная и проявляя это для себя самостоятельно,",
 "an10.8:3.2": "то в этом случае он полноценен в отношении этого фактора.",
 "an10.8:3.3": "Монах, который обладает этими десятью качествами, является тем, кто вселяет уверенность во всех отношениях, и тем, кто полноценен во всех аспектах».",
 "an10.8:3.4": "Восьмая."
}