{
 "an10.48:0.1": "Восходящие Наставления 10.48",
 "an10.48:0.2": "Глава Аккоса",
 "an10.48:0.3": "Сутта Десять вещей",
 "an10.48:1.1": "Есть десять вещей, над которыми должен часто размышлять ушедший в бездомную жизнь.",
 "an10.48:1.2": "Какие десять?",
 "an10.48:2.1": "«Я не принадлежу более к варне»: над этим должен часто размышлять ушедший в бездомную жизнь.",
 "an10.48:3.1": "«Моё житие зависит от других»:",
 "an10.48:4.1": "«Мои манеры поведения должны быть другими [по сравнению с домохозяйскими]»:",
 "an10.48:5.1": "«Могу ли я порицать себя в отношении своей нравственности?»:",
 "an10.48:6.1": "«Могут ли мои товарищи по святой жизни после тщательного исследования порицать меня в отношении моей нравственности?»:",
 "an10.48:7.1": "«Я буду отлучён от всего, что дорого и приятно мне»:",
 "an10.48:8.1": "«Я владелец собственной каммы, наследник собственной каммы, рождён своей каммой, породнён со своей каммой, моя камма будет мне судьёй.",
 "an10.48:9.1": "Что бы я ни делал – хорошее или плохое – я унаследую [результат] этого»:",
 "an10.48:10.1": "«Каким я становлюсь по мере того как пролетают дни и ночи?»:",
 "an10.48:11.1": "«Радуюсь ли я [пребыванию] в пустом жилище?»…",
 "an10.48:12.1": "«Достиг ли я сверхчеловеческих достижений, истинно благородного различения в знании и видении – такого, что когда мои товарищи по святой жизни спросят меня [об этом] в последние дни моей жизни – я бы не чувствовал себя смущённым?»: над этим должен часто размышлять ушедший в бездомную жизнь.",
 "an10.48:13.1": "Таковы десять вещей, над этим должен часто размышлять ушедший в бездомную жизнь».",
 "an10.48:13.2": "Восьмая."
}