{
 "an10.151:0.1": "Восходящие Наставления 10.151",
 "an10.151:0.2": "Глава Ария",
 "an10.151:0.3": "Сутта Нужно Развить",
 "an10.151:1.1": "Которое должно быть развито, монахи, явление объясню и которое не должно быть развито.",
 "an10.151:1.2": "Услышьте это…",
 "an10.151:1.3": "«И что такое, монахи, явление, которое не должно быть развито?",
 "an10.151:1.4": "Ошибочный взгляд… ошибочное освбождение—",
 "an10.151:1.5": "об этом говорится, монахи, явление, которое не должно быть развито.",
 "an10.151:1.6": "И что такое, монахи, явление, которое должно быть развито?",
 "an10.151:1.7": "Правильный взгляд… правильное освобождение—",
 "an10.151:1.8": "об этом говорится, монахи, которое должно быть развито.",
 "an10.151:1.9": "Седьмая."
}