{
 "an10.193:0.1": "Восходящие Наставления 10.193",
 "an10.193:0.2": "Глава Ариямагга",
 "an10.193:0.3": "Сутта Должно быть поднято",
 "an10.193:1.1": "Которое нужно поднять, монахи, явление объясню и, которое не нужно",
 "an10.193:1.2": "поднимать. Услышьте это…",
 "an10.193:1.3": "«И что такое, монахи, явление, которое не нужно поднимать?",
 "an10.193:1.4": "Уменьшение жизни…",
 "an10.193:1.5": "ошибочный взгляд—",
 "an10.193:1.6": "об этом говорится, монахи, явление, которое не нужно поднимать.",
 "an10.193:2.1": "И что такое, монахи, явление, которое нужно поднять?",
 "an10.193:2.2": "отвергание уменьшения жизни…",
 "an10.193:2.3": "правильный взгляд—",
 "an10.193:2.4": "об этом говорится, монахи, которое нужно поднять.",
 "an10.193:2.5": "Пятая."
}