{
  "an10.124:0.1": "Восходящие Наставления 10.124",
  "an10.124:0.2": "Глава Парисуддха",
  "an10.124:0.3": "Сутта Вторая",
  "an10.124:1.1": "«Монахи, эти десять вещей, будучи невозникшими, возникают нигде более, кроме как в дисциплине Счастливого.",
  "an10.124:1.2": "Какие десять?",
  "an10.124:1.3": "Правильный взгляд, правильное намерение-заготовка, правильная речь, правильные действия, правильный быт, правильное старание, правильное памятование, правильное объединение опыта, правильное знание, правильное освобождение.",
  "an10.124:1.4": "Монахи, эти десять вещей, будучи невозникшими, возникают нигде более, кроме как в дисциплине Счастливого».",
  "an10.124:1.5": "Вторая."
}