{
 "an10.136:0.1": "Восходящие Наставления 10.136",
 "an10.136:0.2": "Глава Садху",
 "an10.136:0.3": "Сутта Неблаготворное",
 "an10.136:1.1": "Что есть неблаготворное, монахи, преподам и что благотворное.",
 "an10.136:1.2": "Услышьте это…",
 "an10.136:1.3": "«И что такое, монахи, неблаготворное?",
 "an10.136:1.4": "Ошибочный взгляд… ошибочное освбождение—",
 "an10.136:1.5": "об этом говорится, монахи, неблаготворное.",
 "an10.136:1.6": "И что такое, монахи, благотворное?",
 "an10.136:1.7": "Правильный взгляд… правильное освобождение—",
 "an10.136:1.8": "об этом говорится, монахи, благотворное.",
 "an10.136:1.9": "Третья."
}