{
  "an10.133:0.1": "Восходящие Наставления 10.133",
  "an10.133:0.2": "Глава Парисуддха",
  "an10.133:0.3": "Сутта Одиннадцатая",
  "an10.133:1.1": "«Эти десять, монахи, правильностей.",
  "an10.133:1.2": "Какие десять?",
  "an10.133:1.3": "Правильный взгляд, правильное намерение-заготовка, правильная речь, правильные действия, правильный быт, правильное старание, правильное памятование, правильное объединение опыта, правильное знание, правильное освобождение.",
  "an10.133:1.4": "Эти, монахи, десять правильностей».",
  "an10.133:1.5": "Одниннадцатая.",
  "an10.133:1.6": "Глава Парисудха Третья."
}