{
  "an2.32:0.1": "Восходящие Наставления 2.32-41",
  "an2.32:0.2": "Глава Сама Читта",
  "an2.32:1.0": "1",
  "an2.32:1.1": "«Монахи, я научу вас состоянию плохого человека и состоянию хорошего человека. ",
  "an2.32:1.2": "Слушайте внимательно. Я буду говорить».",
  "an2.32:1.3": "«Да, Учитель» – ответили те монахи. ",
  "an2.32:1.4": "Благословенный сказал:",
  "an2.32:2.1": "«И что такое состояние плохого человека? ",
  "an2.32:2.2": "Плохой человек является непризнательным и неблагодарным. ",
  "an2.32:2.3": "Отсутствие признательности и неблагодарность восхваляются плохими [людьми]. ",
  "an2.32:2.4": "Отсутствие признательности и неблагодарность всецело относятся к состоянию плохого человека… И что такое состояние хорошего человека? ",
  "an2.32:2.5": "Хороший человек является признательным и благодарным. ",
  "an2.32:2.6": "Признательность и благодарность восхваляются хорошими [людьми]. ",
  "an2.32:2.7": "Признательность и благодарность всецело относятся к состоянию хорошего человека».",
  "an2.33:1.0": "2",
  "an2.33:1.1": "«Монахи, этим двум личностям невозможно легко отплатить. ",
  "an2.33:1.2": "Каким двум? ",
  "an2.33:1.3": "Собственному отцу и матери.",
  "an2.33:1.4": "Даже если кто-либо нёс бы свою мать на одном плече, а отца на другом, и у него был бы срок жизни равный сотне лет, он жил бы сотню лет; и если бы он ухаживал за ними, растирая их бальзамом, делая массаж, купая, растирая их члены тела, ",
  "an2.33:1.5": "а они бы изливали [на него] свою мочу и фекалии, он всё равно не сделал бы достаточно для своих родителей, как и не смог бы отплатить им.",
  "an2.33:1.6": "Даже если бы он сделал своих родителей величайшими владыками и управителями над этой великой землёй, имеющими семь сокровищ, всё равно он бы не сделал достаточно для своих родителей, как и не смог бы отплатить им. ",
  "an2.33:1.7": "И почему? ",
  "an2.33:1.8": "[Потому что] родители неимоверно полезны своим детям. Они взращивают их, кормят их, открывают для них мир.",
  "an2.33:1.9": "Но, монахи, если у чьих-либо родителей отсутствует вера, и он побуждает, укореняет, утверждает их в вере; если чьи-либо родители безнравственны, и он побуждает, укореняет, утверждает их в нравственности; если чьи-либо родители скупы, и он побуждает, укореняет, утверждает их в щедрости; если чьи-либо родители не мудры, и он побуждает, укореняет, утверждает их в мудрости – то тогда он сделал достаточно для своих родителей, отплатил им, сделал для них больше, чем требуется».",
  "an2.34:1.0": "3",
  "an2.34:1.1": "И тогда некий брахман подошёл к Благословенному и обменялся с ним вежливыми приветствиями. После обмена вежливыми приветствиями и любезностями он сел рядом и сказал Благословенному: ",
  "an2.34:1.2": "«Что Мастер Готама утверждает, что он провозглашает?»",
  "an2.34:1.3": "«Брахман, я утверждаю доктрину поступков и доктрину не-делания».",
  "an2.34:1.4": "«Но каким образом Мастер Готама утверждает доктрину поступков и доктрину не-делания?»",
  "an2.34:2.1": "«Я утверждаю не-делание в отношении телесного, словесного, и умственного неблагого поведения. Я утверждаю не-делание в отношении многочисленных видов плохих, неблагих качеств. ",
  "an2.34:2.2": "Я утверждаю делание в отношении телесного, словесного, и умственного благого поведения. Я утверждаю делание в отношении многочисленных видов благих качеств. ",
  "an2.34:2.3": "Вот каким образом, брахман, я утверждаю доктрину поступков и доктрину не-делания».",
  "an2.34:3.1": "«Великолепно, Мастер Готама! Великолепно, Мастер Готама!… Пусть Мастер Готама помнит меня как мирского последователя, принявшего прибежище с этого дня и на всю жизнь».",
  "an2.35:1.0": "4",
  "an2.35:1.1": "И тогда домохозяин Анатхапиндика подошёл к Благословенному, поклонился ему, сел рядом и сказал ему: ",
  "an2.35:1.2": "«Господин, кто в мире достоин подношений, и куда следует давать дар?»",
  "an2.35:1.3": "«Домохозяин, в мире есть двое достойных подношений: ",
  "an2.35:1.4": "ученик и тот, кто завершил тренировку. ",
  "an2.35:1.5": "Таковы двое в мире, кто достоин подношений, и им следует давать дар».",
  "an2.35:2.1": "Так сказал Благословенный. ",
  "an2.35:2.2": "И сказав так, Счастливейший, Учитель, далее добавил:",
  "an2.35:3.1": "«Ученики есть в мире этом, И тот, окончил тренировку кто.",
  "an2.35:3.2": "Даров такие личности достойны От тех, кто подаяния даёт.",
  "an2.35:3.3": "Они чисты и телом, и умом, и речью,",
  "an2.35:3.4": "Поле [заслуг] для тех, кто подаяния даёт.",
  "an2.35:3.5": "И всё подаренное личностям подобным",
  "an2.35:3.6": "[Впоследствии] большой приносит плод».",
  "an2.36:1.0": "5",
  "an2.36:1.1": "Так я слышал. ",
  "an2.36:1.2": "Однажды Благословенный пребывал в Саваттхи в роще Джеты в монастыре Анатхапиндики. ",
  "an2.36:1.3": "И в то время Достопочтенный Сарипутта пребывал в Саваттхи в особняке Мигараматы в Восточном Парке. ",
  "an2.36:1.4": "Там Достопочтенный Сарипутта обратился к монахам: ",
  "an2.36:1.5": "«Друзья монахи!»",
  "an2.36:1.6": "«Друг!» – ответили те монахи. ",
  "an2.36:1.7": "Достопочтенный Сарипутта сказал:",
  "an2.36:1.8": "«Друзья, я научу вас личности, которая опутана внутренне, и личности, которая опутана внешне. ",
  "an2.36:1.9": "Слушайте внимательно, я буду говорить».",
  "an2.36:1.10": "«Да, друг» – ответили те монахи. ",
  "an2.36:1.11": "Достопочтенный Сарипутта сказал:",
  "an2.36:2.1": "«И кто, друзья, является личностью, опутанной внутренне? ",
  "an2.36:2.2": "Вот монах нравственен. Он пребывает, обуздывая себя Патимоккхой, обладая хорошим поведением и [подобающими] средствами, видя опасность в мельчайших проступках. Возложив на себя правила тренировки, он тренируется в них. ",
  "an2.36:2.3": "С распадом тела, после смерти, он перерождается среди некоей группы дэвов. ",
  "an2.36:2.4": "Умерев там, он является возвращающимся, тем, кто вернётся в это состояние существования. ",
  "an2.36:2.5": "Такой зовётся тем, кто опутан внутренне, кто является возвращающимся, тем, кто вернётся в это состояние существования.",
  "an2.36:3.1": "И кто, друзья, является личностью, опутанной внешне? ",
  "an2.36:3.2": "Вот монах нравственен. Он пребывает, обуздывая себя Патимоккхой, обладая хорошим поведением и [подобающими] средствами, видя опасность в мельчайших проступках. Возложив на себя правила тренировки, он тренируется в них. ",
  "an2.36:3.3": "Войдя в некое умиротворённое освобождение ума, он пребывает в нём. ",
  "an2.36:3.4": "С распадом тела, после смерти, он перерождается среди некой группы дэвов. ",
  "an2.36:3.5": "Умерев там, он является не-возвращающимся, тем, кто не вернётся в это состояние существования. ",
  "an2.36:3.6": "Такой зовётся тем, кто опутан внешне, кто является не-возвращающимся, тем, кто не вернётся в это состояние существования.",
  "an2.36:4.1": "Далее, друзья, вот монах нравственен… тренируется в них. ",
  "an2.36:4.2": "Он практикует ради разочарования по отношению к чувственным удовольствиям, ради бесстрастия к ним, ради их прекращения. ",
  "an2.36:4.3": "Он практикует ради разочарования по отношению к состояниям существования, ради бесстрастия к ним, ради их прекращения. ",
  "an2.36:4.4": "Он практикует ради уничтожения жажды. ",
  "an2.36:4.5": "Он практикует ради уничтожения влечения. ",
  "an2.36:4.6": "С распадом тела, после смерти, он перерождается среди некой группы дэвов. ",
  "an2.36:4.7": "Умерев там, он является не-возвращающимся, тем, кто не вернётся в это состояние существования. ",
  "an2.36:4.8": "Такой зовётся тем, кто опутан внешне, кто является не-возвращающимся, тем, кто не вернётся в это состояние существования».",
  "an2.36:5.1": "И тогда группа божеств с одинаковыми умами подошла к Благословенному, они поклонились ему, встали рядом и сказали: ",
  "an2.36:5.2": "«Господин, в особняке Мигараматы в Восточном Парке Достопочтенный Сарипутта обучает монахов личности, которая опутана внутренне, и личности, которая опутана внешне. ",
  "an2.36:5.3": "Собрание заинтриговано. ",
  "an2.36:5.4": "Было бы хорошо, если бы Благословенный отправился к Достопочтенному Сарипутте из сострадания». ",
  "an2.36:5.5": "Благословенный молча согласился.",
  "an2.36:5.6": "И тогда, также быстро, как сильный человек мог бы распрямить согнутую руку или согнуть распрямлённую, Благословенный исчез из рощи Джеты и возник в особняке Мигараматы в Восточном Парке перед Достопочтенным Сарипуттой. ",
  "an2.36:5.7": "Он сел на подготовленное для него сиденье. ",
  "an2.36:5.8": "Достопочтенный Сарипутта поклонился Благословенному и сел рядом. ",
  "an2.36:5.9": "Затем Благословенный сказал Достопочтенному Сарипутте:",
  "an2.36:6.1": "«Сарипутта, группа божеств с одинаковыми умами подошла ко мне, они поклонились мне, встали рядом и сказали: ",
  "an2.36:6.2": "«Господин, в особняке Мигараматы в Восточном Парке Достопочтенный Сарипутта обучает монахов личности, которая опутана внутренне, и личности, которая опутана внешне. ",
  "an2.36:6.3": "Собрание заинтриговано. ",
  "an2.36:6.4": "Было бы хорошо, если бы Благословенный отправился к Достопочтенному Сарипутте из сострадания».",
  "an2.36:6.5": "Те божества – численностью в десять, двадцать, тридцать, сорок, пятьдесят, и даже шестьдесят – стоят на участке такой малой [площади], какую [занимает] острие шила, и всё же не задевают друг друга. ",
  "an2.36:6.6": "Быть может, Сарипутта, ты подумаешь: ",
  "an2.36:6.7": "«Вне сомнений, [где-то] там божества развили свои умы так, что численностью в десять… какую [занимает] острие шила, и всё же не задевают друг друга». ",
  "an2.36:6.8": "Но не стоит так думать. ",
  "an2.36:6.9": "Именно здесь эти божества развили свои умы так… стоят на участке такой малой [площади], какую [занимает] острие шила, и всё же не задевают друг друга.",
  "an2.36:6.10": "Поэтому, Сарипутта, вот как вы должны тренировать себя: ",
  "an2.36:6.11": "«У нас будут умиротворённые органы чувств и умиротворённые умы». ",
  "an2.36:6.12": "Вот как вы должны тренировать себя. ",
  "an2.36:6.13": "Когда у вас умиротворённые органы чувств и умиротворённые умы, ваши телесные действия будут умиротворёнными, ваши словесные действия будут умиротворёнными, и ваши умственные действия будут умиротворёнными. ",
  "an2.36:6.14": "«Будем оказывать только умиротворённое услужение нашим товарищам-монахам». ",
  "an2.36:6.15": "Вот каким образом, Сарипутта, вы должны тренировать себя. ",
  "an2.36:6.16": "Сарипутта, те странники-приверженцы других учений, которым не удалось услышать это изложение Дхаммы, потеряны».",
  "an2.37:1.0": "6",
  "an2.37:1.1": "Так я слышал. ",
  "an2.37:1.2": "Однажды Достопочтенный Махакаччана пребывал в Варане на берегу озера Каддамы. ",
  "an2.37:1.3": "И тогда брахман Арамаданда подошёл к Достопочтенному Махакаччане и обменялся с ним вежливыми приветствиями. ",
  "an2.37:1.4": "После обмена вежливыми приветствиями и любезностями он сел рядом и сказал ему:",
  "an2.37:1.5": "«Почему, Мастер Каччана, кхаттии воюют с кхаттиями, брахманы с брахманами, а домохозяева с домохозяевами?»",
  "an2.37:1.6": "«Брахман, из-за приверженности жажде к чувственным удовольствиям, из-за зависимости [от них], из-за связанности [с ними], из-за охваченности [ими], из-за прочного [их] удержания кхаттии воюют с кхаттиями, брахманы с брахманами, а домохозяева с домохозяевами».",
  "an2.37:2.1": "«Но почему, Мастер Каччана, отшельники воюют с отшельниками?»",
  "an2.37:2.2": "«Брахман, из-за приверженности жажде к воззрениям, из-за зависимости [от них], из-за связанности [с ними], из-за охваченности [ими], из-за прочного [их] удержания отшельники воюют с отшельниками».",
  "an2.37:3.1": "«Но есть ли кто-либо в мире, кто преодолел эту приверженность жажде к чувственным удовольствиям… прочное [их] удержание и эту приверженность жажде к воззрениям… прочное [их] удержание?»",
  "an2.37:3.2": "«Есть».",
  "an2.37:4.1": "«И кто же это?»",
  "an2.37:4.2": "«К востоку отсюда есть, брахман, город под названием Саваттхи. ",
  "an2.37:4.3": "Там сейчас проживает Благословенный, Арахант, Полностью Просветлённый. ",
  "an2.37:4.4": "Благословенный преодолел эту приверженность жажде к чувственным удовольствиям, зависимость [от них], связанность [с ними], охваченность [ими], прочное [их] удержание, и он преодолел эту приверженность жажде к воззрениям… прочное [их] удержание».",
  "an2.37:5.1": "Когда так было сказано, брахман Арамаданда поднялся со своего сиденья, закинул верхнее одеяние за плечо, встал на правое колено, выразил почтение в направлении Благословенного и произнёс это вдохновенное изречение три раза: ",
  "an2.37:6.1": "«Почтение Благословенному, Араханту, Полностью Просветлённому. ",
  "an2.37:7.1": "Почтение Благословенному, Араханту, Полностью Просветлённому. ",
  "an2.37:8.1": "Почтение Благословенному, Араханту, Полностью Просветлённому. ",
  "an2.37:9.1": "Воистину, Благословенный преодолел эту приверженность жажде к чувственным удовольствиям… и он преодолел приверженность жажде к воззрениям… прочное [их] удержание.",
  "an2.37:10.1": "Великолепно, Мастер Каччана! Великолепно, Мастер Каччана! ",
  "an2.37:10.2": "Как если бы он поставил на место то, что было перевёрнуто, раскрыл бы спрятанное, показал путь тому, кто потерялся, внёс бы лампу во тьму, чтобы зрячий да мог увидеть, точно также Мастер Каччана различными способами прояснил Дхамму. ",
  "an2.37:10.3": "Я принимаю прибежище в Мастере Готаме, прибежище в Дхамме, и прибежище в Сангхе монахов. ",
  "an2.37:10.4": "Пусть Мастер Каччана помнит меня как мирского последователя, принявшего прибежище с этого дня и на всю жизнь».",
  "an2.38:1.0": "7",
  "an2.38:1.1": "Однажды Достопочтенный Махакаччана пребывал в Мадхуре в роще Чунды. ",
  "an2.38:1.2": "И тогда брахман Кандараяна подошёл к Достопочтенному Махакаччане и обменялся с ним вежливыми приветствиями. После обмена вежливыми приветствиями и любезностями он сел рядом и сказал ему:",
  "an2.38:1.3": "«Мастер Каччана, я слышал следующее: «Этот отшельник Каччана не выражает почтения тем брахманам, которые старые, пожилые, отягощены годами, много прожившие, чьи дни подходят к концу. Он не встаёт перед ними и не предлагает им сиденья». ",
  "an2.38:1.4": "И это действительно правда? ",
  "an2.38:1.5": "Мастер Каччана не выражает почтения тем брахманам, которые старые, пожилые, отягощены годами, много прожившие, чьи дни подходят к концу, не встаёт перед ними и не предлагает им сиденья. ",
  "an2.38:1.6": "Не подобает так делать, Мастер Каччана».",
  "an2.38:2.1": "«Брахман, Благословенный, Арахант, Полностью Просветлённый, зная и видя, провозгласил уровень старца и уровень юнца. ",
  "an2.38:2.2": "Даже если некий человек стар и [ему] восемьдесят, девяносто, или же сто лет от рождения, [и при этом] он наслаждается чувственными удовольствиями, пребывает в чувственных удовольствиях, сгорает во взбудораженности чувственных удовольствий, поглощён мыслями о чувственных удовольствиях, жаждет поисков чувственных удовольствий, ",
  "an2.38:2.3": "то тогда он глуп и не считается старцем. ",
  "an2.38:2.4": "Но даже если некий человек молод, черноволос, наделён благословением молодости на первом этапе жизни, ",
  "an2.38:2.5": "[и при этом] если он не наслаждается чувственными удовольствиями, не пребывает в чувственных удовольствиях, не сгорает во взбудораженности чувственных удовольствий, не поглощён мыслями о чувственных удовольствиях, не жаждет поисков чувственных удовольствий, ",
  "an2.38:2.6": "то тогда он считается мудрым старцем».",
  "an2.38:3.1": "Когда так было сказано, брахман Кандараяна поднялся со своего сиденья, закинул верхнее одеяние за плечо, припал своей головой к ногам юных монахов [и сказал]: ",
  "an2.38:3.2": "«Вы, старцы, находитесь на уровне старцев. ",
  "an2.38:3.3": "Мы юнцы, и находимся на уровне юнцов.",
  "an2.38:4.1": "Великолепно, Мастер Каччана! Великолепно, Мастер Каччана!… Пусть Мастер Каччана помнит меня как мирского последователя, принявшего прибежище с этого дня и на всю жизнь».",
  "an2.39:1.0": "8",
  "an2.39:1.1": "«Монахи, когда разбойники сильны, то цари слабы. ",
  "an2.39:1.2": "В это время царю непросто въехать [в свою столицу] или же выехать или же отправиться в путешествие по дальним областям. ",
  "an2.39:1.3": "В это время брахманам и домохозяевам также непросто въехать [в свои города и селения], выехать или же взяться за работу [вне поселения].",
  "an2.39:1.4": "Точно также, монахи, когда порочные монахи сильны, то хорошо себя ведущие монахи слабы. ",
  "an2.39:1.5": "В это время хорошо себя ведущие монахи сидят молча в Сангхе или же уходят в дальние области. ",
  "an2.39:1.6": "И это ведёт к вреду многих людей, к несчастью многих людей, к погибели, вреду, и страданию многих людей и божеств.",
  "an2.39:2.1": "Монахи, когда цари сильны, то разбойники слабы. ",
  "an2.39:2.2": "В это время царю просто въехать [в свою столицу] или же выехать или же отправиться в путешествие по дальним областям. ",
  "an2.39:2.3": "В это время брахманам и домохозяевам также просто въехать [в свои города и селения], выехать или же взяться за работу [вне поселения].",
  "an2.39:2.4": "Точно также, когда хорошо себя ведущие монахи сильны, то порочные монахи слабы. ",
  "an2.39:2.5": "В это время порочные монахи сидят молча в Сангхе или же уходят в дальние области. ",
  "an2.39:2.6": "И это ведёт к благополучию многих людей, к счастью многих людей, к благу, благополучию и счастью многих людей и божеств».",
  "an2.40:1.0": "9",
  "an2.40:1.1": "«Монахи, я не восхваляю неправильной практики этих двух: мирянина и того, кто покинул жизнь домохозяйскую ради бездомной. ",
  "an2.40:1.2": "Будь то мирянин, или же тот, кто покинул жизнь домохозяйскую ради бездомной, если он практикует неправильно, то он не достигает истинного пути, Дхаммы, которая является благой.",
  "an2.40:2.1": "Монахи, я восхваляю правильную практику этих двух: мирянина и того, кто покинул жизнь домохозяйскую ради бездомной. ",
  "an2.40:2.2": "Будь то мирянин, или же тот, кто покинул жизнь домохозяйскую ради бездомной, если он практикует правильно, то он достигает истинного пути, Дхаммы, которая является благой».",
  "an2.41:1.0": "10",
  "an2.41:1.1": "«Монахи, те монахи, которые исключают смысл и Дхамму плохо обретёнными лекциями, чьи формулировки являются [лишь] видимостью [правильных формулировок], действуют ради вреда многих людей, ради несчастья многих людей, ради погибели, вреда, и несчастья многих людей и божеств. ",
  "an2.41:1.2": "Эти монахи порождают множество неблагого и делают так, что благая Дхамма исчезает.",
  "an2.41:2.1": "Монахи, те монахи, которые следуют смыслу и Дхамме хорошо обретёнными лекциями, чьи формулировки не являются [лишь] видимостью [правильных формулировок], действуют ради благополучия многих людей, ради счастья многих людей, ради блага, благополучия, и счастья многих людей и божеств. ",
  "an2.41:2.2": "Эти монахи порождают множество благого и продлевают благую Дхамму».",
  "an2.41:2.3": "Четвёртая Глава Самачитта."
}