{
  "an2.151:0.1": "Восходящие Наставления 2.151-162",
  "an2.151:0.2": "Глава Сантхара ",
  "an2.151:1.0": "1",
  "an2.151:1.1": "«Монахи, есть эти два вида необычайной щедрости. ",
  "an2.151:1.2": "Какие два? ",
  "an2.151:1.3": "Необычайная щедрость материальными благами и необычайная щедрость Дхаммой. ",
  "an2.151:1.4": "Таковы два вида необычайной щедрости. ",
  "an2.151:1.5": "Из этих двух видов необычайной щедрости необычайная щедрость Дхаммой является высочайшей».",
  "an2.152:1.0": "2",
  "an2.152:1.1": "«Монахи, есть эти два вида гостеприимства. ",
  "an2.152:1.2": "Какие два? ",
  "an2.152:1.3": "Гостеприимство материальными благами и гостеприимство Дхаммой. ",
  "an2.152:1.4": "Таковы два вида гостеприимства. ",
  "an2.152:1.5": "Из этих двух видов гостеприимства гостеприимство Дхаммой является высочайшим».",
  "an2.153:1.0": "3",
  "an2.153:1.1": "«Монахи, есть эти два вида исканий. ",
  "an2.153:1.2": "Какие два? ",
  "an2.153:1.3": "Искание материальных благ и искание Дхаммы. ",
  "an2.153:1.4": "Таковы два вида исканий. ",
  "an2.153:1.5": "Из этих двух видов исканий искание Дхаммы является высочайшим».",
  "an2.154:1.0": "4",
  "an2.154:1.1": "«Монахи, есть эти два вида поисков. ",
  "an2.154:1.2": "Какие два? ",
  "an2.154:1.3": "Поиск материальных благ и поиск Дхаммы. ",
  "an2.154:1.4": "Таковы два вида поисков. ",
  "an2.154:1.5": "Из этих двух видов поиска поиск Дхаммы является высочайшим».",
  "an2.155:1.0": "5",
  "an2.155:1.1": "«Монахи, есть эти два вида выискиваний. ",
  "an2.155:1.2": "Какие два? ",
  "an2.155:1.3": "Выискивание материальных благ и выискивание Дхаммы. ",
  "an2.155:1.4": "Таковы два вида выискиваний. ",
  "an2.155:1.5": "Из этих двух видов выискиваний выискивание Дхаммы является высочайшим».",
  "an2.156:1.0": "6",
  "an2.156:1.1": "«Монахи, есть эти два вида почитания. ",
  "an2.156:1.2": "Какие два? ",
  "an2.156:1.3": "Почитание материальными благами и почитание Дхаммой. ",
  "an2.156:1.4": "Таковы два вида почитания. ",
  "an2.156:1.5": "Из этих двух видов почитания почитание Дхаммой является высочайшим».",
  "an2.157:1.0": "7",
  "an2.157:1.1": "«Монахи, есть эти два вида даров, которые дарят гостю. ",
  "an2.157:1.2": "Какие два? ",
  "an2.157:1.3": "Дар материальных благ и дар Дхаммы. ",
  "an2.157:1.4": "Таковы два вида даров, которые дарят гостю. ",
  "an2.157:1.5": "Из этих двух видов даров, которые дарят гостю, дар Дхаммы является высочайшим».",
  "an2.158:1.0": "8",
  "an2.158:1.1": "«Монахи, есть эти два вида успеха. ",
  "an2.158:1.2": "Какие два? ",
  "an2.158:1.3": "Успех в отношении материальных благ и успех в отношении Дхаммы. ",
  "an2.158:1.4": "Таковы два вида успеха. ",
  "an2.158:1.5": "Из этих двух видов успеха успех в отношении Дхаммы является высочайшим».",
  "an2.159:1.0": "9",
  "an2.159:1.1": "«Монахи, есть эти два вида роста. ",
  "an2.159:1.2": "Какие два? ",
  "an2.159:1.3": "Рост в материальных благах и рост в Дхамме. ",
  "an2.159:1.4": "Таковы два вида роста. ",
  "an2.159:1.5": "Из этих двух видов роста рост в Дхамме является высочайшим».",
  "an2.160:1.0": "10",
  "an2.160:1.1": "«Монахи, есть эти два вида самоцветов. ",
  "an2.160:1.2": "Какие два? ",
  "an2.160:1.3": "Материальный самоцвет и самоцвет Дхаммы. ",
  "an2.160:1.4": "Таковы два вида самоцветов. ",
  "an2.160:1.5": "Из этих двух видов самоцветов самоцвет Дхаммы является высочайшим».",
  "an2.161:1.0": "11",
  "an2.161:1.1": "«Монахи, есть эти два вида накоплений. ",
  "an2.161:1.2": "Какие два? ",
  "an2.161:1.3": "Накопление материальных благ и накопление Дхаммы. ",
  "an2.161:1.4": "Таковы два вида накоплений. ",
  "an2.161:1.5": "Из этих двух видов накоплений накопление Дхаммы является высочайшим».",
  "an2.162:1.0": "12",
  "an2.162:1.1": "«Монахи, есть эти два вида разрастаний. ",
  "an2.162:1.2": "Какие два? ",
  "an2.162:1.3": "Разрастание в материальных благах и разрастание в Дхамме. ",
  "an2.162:1.4": "Таковы два вида разрастаний. ",
  "an2.162:1.5": "Из этих двух видов разрастаний разрастание в Дхамме является высочайшим».",
  "an2.162:1.6": "Глава Сантхара Четвёртая."
}