{
  "an2.1:0.1": "Восходящие Наставления 2.1-10",
  "an2.1:0.2": "Глава Камма Карана",
  "an2.1:1.0": "Сутта Вадджа",
  "an2.1:1.1": "Так я слышал. ",
  "an2.1:1.2": "Однажды Благословенный пребывал в Саваттхи в роще Джеты в монастыре Анатхапиндики. ",
  "an2.1:1.3": "Там Благословенный обратился к монахам: ",
  "an2.1:1.4": "«Монахи!»",
  "an2.1:1.5": "«Учитель!» – ответили те монахи. ",
  "an2.1:1.6": "Благословенный сказал:",
  "an2.1:2.1": "«Монахи, есть эти два изъяна. ",
  "an2.1:2.2": "Какие два? ",
  "an2.1:2.3": "Изъян, относящийся к нынешней жизни, и изъян, относящийся к будущей жизни.",
  "an2.1:2.4": "И что такое изъян, относящийся к нынешней жизни? ",
  "an2.1:2.5": "Вот некий человек видит, что когда цари арестовывают преступника, совершившего преступление, они подвергают его различным наказаниям. ",
  "an2.1:2.6": "Они приказывают хлестать его кнутами, бить бамбуком, бить дубинами. Они приказывают отрезать ему руки, отрезать ему ноги, отрезать ему руки и ноги; отрезать ему уши, отрезать ему нос, отрезать ему уши и нос. Они приказывают подвергнуть его [пытке под названием] «котёл с кашей», «бритьё [до состояния] отполированной раковины», «рот Раху», «огненный венок», «пылающая длань», «лезвия травы», «одежда из коры», «антилопа», «мясные крюки», «монеты», «пикелевание щёлоком», «крутящийся штифт», «свёрнутый матрас». Они приказывают облить его кипящим маслом, приказывают отдать на растерзание собакам, приказывают насадить его заживо на кол, приказывают отрубить ему голову мечом.",
  "an2.1:3.1": "Мысль приходит к нему: ",
  "an2.1:3.2": "«Когда цари арестовали преступника, совершившего преступление, они подвергают его различным наказаниям из-за его плохих поступков. ",
  "an2.1:3.3": "Они приказывают хлестать его кнутами… отрубить ему голову мечом. ",
  "an2.1:3.4": "Если бы я совершил такой плохой поступок, и если бы цари арестовали меня, они бы подвергли меня тем же самым наказаниям. ",
  "an2.1:3.5": "Они бы приказали хлестать меня кнутами… отрубить мне голову мечом». ",
  "an2.1:3.6": "Боясь изъяна, относящегося к нынешней жизни, он не расхищает имущество других.",
  "an2.1:3.7": "Это называется изъяном, относящимся к нынешней жизни.",
  "an2.1:4.1": "И что такое изъян, относящийся к будущей жизни? ",
  "an2.1:4.2": "Вот некий человек обдумывает так: ",
  "an2.1:4.3": "«Неблагое телесное… словесное… умственное поведение приносит плохие, болезненные результаты в будущих жизнях. ",
  "an2.1:4.4": "Если бы я пустился в неблагое поведение телом, речью, и умом, то тогда, после распада тела, после смерти, я бы переродился в состоянии лишений, в плохом уделе, в нижних мирах, в аду». ",
  "an2.1:4.5": "Боясь изъяна, относящегося к будущей жизни, он отбрасывает неблагое телесное поведение и развивает благое телесное поведение. ",
  "an2.1:4.6": "Он отбрасывает неблагое словесное поведение и развивает благое словесное поведение. Он отбрасывает неблагое умственное поведение и развивает благое умственное поведение. Он содержит себя в чистоте.",
  "an2.1:4.7": "Это называется изъяном, относящимся к будущей жизни.",
  "an2.1:4.8": "Таковы, монахи, два изъяна. ",
  "an2.1:4.9": "Поэтому, монахи, вот как вы должны тренировать себя: ",
  "an2.1:4.10": "«Мы будем бояться изъяна, относящегося к нынешней жизни. Мы будем бояться изъяна, относящегося к будущей жизни. Мы будем страшиться изъянов и видеть опасность в изъянах». ",
  "an2.1:4.11": "Вот как вы должны тренировать себя. ",
  "an2.1:4.12": "В отношении того, кто страшится изъянов и видит опасность в изъянах, можно ожидать, что он освободится от всех изъянов».",
  "an2.1:4.13": "Первая.",
  "an2.2:1.0": "Сутта Старание",
  "an2.2:1.1": "«Монахи, есть эти два старания, которых сложно достичь в мире. ",
  "an2.2:1.2": "Какие два? ",
  "an2.2:1.3": "Старание мирян, которые пребывают дома с целью одарить [монахов] одеждами, едой, жилищами, лекарствами и обеспечением для больных, а также старание тех, кто ушёл из жизни домохозяйской в жизнь бездомную ради оставления всех обретений. ",
  "an2.2:1.4": "Таковы два старания, которых сложно достичь в мире.",
  "an2.2:2.1": "Из этих двух стараний, монахи, высочайшим является старание ради оставления всех обретений. ",
  "an2.2:2.2": "Поэтому, монахи, вот как вы должны тренировать себя: ",
  "an2.2:2.3": "«Мы будем стараться ради оставления всех обретений». ",
  "an2.2:2.4": "Вот как вы должны тренировать себя».",
  "an2.2:2.5": "Вторая.",
  "an2.3:1.0": "Сутта Мучительное",
  "an2.3:1.1": "«Монахи, есть эти две вещи, вызывающие мучения. ",
  "an2.3:1.2": "Какие две?",
  "an2.3:1.3": "Вот некий человек пустился в неблагое телесное поведение и не смог пуститься в благое телесное поведение; ",
  "an2.3:1.4": "пустился в неблагое словесное поведение и не смог пуститься в благое словесное поведение; ",
  "an2.3:1.5": "пустился в неблагое умственное поведение и не смог пуститься в благое умственное поведение.",
  "an2.3:1.6": "Он мучается, [думая]: «Я пустился в неблагое телесное поведение». Он мучается, [думая]: «Я не смог пуститься в благое телесное поведение». ",
  "an2.3:1.7": "Он мучается, [думая]: «Я пустился в неблагое словесное поведение». Он мучается, [думая]: «Я не смог пуститься в благое словесное поведение». ",
  "an2.3:1.8": "Он мучается, [думая]: «Я пустился в неблагое умственное поведение». Он мучается, [думая]: «Я не смог пуститься в благое умственное поведение».",
  "an2.3:1.9": "Таковы, монахи, две вещи, вызывающие мучения».",
  "an2.3:1.10": "Третья",
  "an2.4:1.0": "Сутта Немучительное",
  "an2.4:1.1": "«Монахи, есть эти две вещи, которые не вызывают мучений. ",
  "an2.4:1.2": "Какие две?",
  "an2.4:1.3": "Вот некий человек пустился в благое телесное поведение и избежал того, чтобы пуститься в неблагое телесное поведение; ",
  "an2.4:1.4": "пустился в благое словесное поведение и избежал того, чтобы пуститься в неблагое словесное поведение; ",
  "an2.4:1.5": "пустился в благое умственное поведение и избежал того, чтобы пуститься в неблагое умственное поведение.",
  "an2.4:1.6": "Он не мучается, [зная]: «Я пустился в благое телесное поведение». Он не мучается, [зная]: «Я избежал того, чтобы пуститься в неблагое телесное поведение». ",
  "an2.4:1.7": "Он не мучается, [зная]: «Я пустился в благое словесное поведение». Он не мучается, [зная]: «Я избежал того, чтобы пуститься в неблагое словесное поведение». ",
  "an2.4:1.8": "Он не мучается, [зная]: «Я пустился в благое умственное поведение». Он не мучается, [зная]: «Я избежал того, чтобы пуститься в неблагое умственное поведение».",
  "an2.4:1.9": "Таковы, монахи, две вещи, которые не вызывают мучений».",
  "an2.4:1.10": "Четвёртая.",
  "an2.5:1.0": "Сутта Узнанное",
  "an2.5:1.1": "«Монахи, я лично познал две вещи: ",
  "an2.5:1.2": "отсутствие удовлетворённости в отношении благих качеств и неутомимость в старании. ",
  "an2.5:1.3": "Я неутомимо старался, [решив]: ",
  "an2.5:1.4": "«Пусть останутся только кожа, сухожилия и кости, пусть высохнет плоть и кровь в моём теле, но я не позволю своему усердию ослабнуть, пока не достигну того, что может быть достигнуто человеческой силой, старанием, рвением». ",
  "an2.5:1.5": "Именно за счёт прилежания я достиг просветления, монахи. ",
  "an2.5:1.6": "Именно за счёт прилежания я достиг непревзойдённой защиты от подневольности.",
  "an2.5:1.7": "Если бы, монахи, вы бы тоже старались, [решив]: «Пусть останутся только кожа… человеческой силой, старанием, рвением» – то вы бы тоже вскоре реализовали для себя самостоятельно в этой самой жизни прямым знанием это непревзойдённое достижение святой жизни, ",
  "an2.5:1.8": "ради которого представители клана праведно оставляют жизнь домохозяйскую ради бездомной. И, войдя в это [состояние], вы будете пребывать в нём.",
  "an2.5:1.9": "Поэтому, монахи, вот как вы должны тренировать себя: ",
  "an2.5:1.10": "«Мы будем неутомимо стараться, [решив]: ",
  "an2.5:1.11": "«Пусть останутся только кожа… человеческой силой, старанием, рвением». ",
  "an2.5:1.12": "Вот как вы должны тренировать себя».",
  "an2.5:1.13": "Пятая.",
  "an2.6:1.0": "Сутта Связанности",
  "an2.6:1.1": "«Монахи, есть эти две вещи. ",
  "an2.6:1.2": "Какие две? ",
  "an2.6:1.3": "Созерцание привлекательности в вещах, которые могут опутать, и созерцание разочарования по отношению к вещам, которые могут опутать.",
  "an2.6:1.4": "Тот, кто пребывает в созерцании привлекательности в вещах, которые могут опутать, не отбрасывает жажды, злобы, заблуждения. ",
  "an2.6:1.5": "Не отбросив жажды, злобы, заблуждения, он не освобождён от рождения, старости и смерти, от печали, стенания, боли, недовольства и отчаяния. ",
  "an2.6:1.6": "Он не освобождён от боли, я говорю вам.",
  "an2.6:2.1": "Тот, кто пребывает в созерцании разочарования по отношению к вещам, которые могут опутать, отбрасывает жажду, злобу, заблуждение. ",
  "an2.6:2.2": "Отбросив жажду, злобу, заблуждение, он освобождён от рождения, старости и смерти, от печали, стенания, боли, недовольства и отчаяния. ",
  "an2.6:2.3": "Он освобождён от боли, я говорю вам.",
  "an2.6:2.4": "Таковы, монахи, две вещи».",
  "an2.6:2.5": "Шестая.",
  "an2.7:1.0": "Сутта Тёмное",
  "an2.7:1.1": "«Монахи, есть эти два тёмных качества. ",
  "an2.7:1.2": "Какие два? ",
  "an2.7:1.3": "Бесстыдство и безбоязненность совершить проступок. ",
  "an2.7:1.4": "Таковы два тёмных качества».",
  "an2.7:1.5": "Седьмая.",
  "an2.8:1.0": "Сутта Светлое",
  "an2.8:1.1": "«Монахи, есть эти два ярких качества. ",
  "an2.8:1.2": "Какие два? ",
  "an2.8:1.3": "Стыд и боязнь совершить проступок. ",
  "an2.8:1.4": "Таковы два ярких качества».",
  "an2.8:1.5": "Восьмая.",
  "an2.9:1.0": "Сутта Поведение",
  "an2.9:1.1": "«Монахи, эти два ярких качества защищают мир. ",
  "an2.9:1.2": "Какие два? ",
  "an2.9:1.3": "Стыд и боязнь совершить проступок. ",
  "an2.9:1.4": "Если бы эти два ярких качества не защищали мир, то нельзя было бы увидеть [сдержанности] в отношении собственной матери, тётки, жён других учителей и [жён других] уважаемых людей.",
  "an2.9:1.5": "Мир впал бы в беспорядочные [связи], как в случае с козами и овцами, курами и свиньями, собаками и шакалами. ",
  "an2.9:1.6": "Но поскольку эти два ярких качества защищают мир, можно увидеть [сдержанность] в отношении собственной матери, тётки, жён других учителей и [жён других] уважаемых людей».",
  "an2.9:1.7": "Девятая.",
  "an2.10:1.0": "Сутта Вступление в Сезон Дождей",
  "an2.10:1.1": "«Монахи, есть эти два [случая для] проведения сезона дождей. ",
  "an2.10:1.2": "Какие два? ",
  "an2.10:1.3": "Ранний и поздний. ",
  "an2.10:1.4": "Таковы два [случая для] проведения сезона дождей».",
  "an2.10:1.5": "Десятая.",
  "an2.10:1.6": "Глава Каммакарана Первая.",
  "an2.10:2.0": "Оглавление",
  "an2.10:2.1": "Вадджа, старание две мучительные,",
  "an2.10:2.2": "Понятое пятая;",
  "an2.10:2.3": "И связанность и тёмное,",
  "an2.10:2.4": "Светлое, поведение со вступлением в вассу глава."
}