{
  "an2.21:0.1": "Восходящие Наставления 2.21-31",
  "an2.21:0.2": "Глава Бала",
  "an2.21:1.0": "1",
  "an2.21:1.1": "«Монахи, есть эти два вида глупцов. ",
  "an2.21:1.2": "Какие два? ",
  "an2.21:1.3": "Тот, кто не видит свой проступок как проступок, и тот, кто в соответствии с Дхаммой не принимает [признания] проступка того, кто в нём сознаётся. ",
  "an2.21:1.4": "Таковы два вида глупцов.",
  "an2.21:2.1": "Монахи, есть эти два вида мудрецов. ",
  "an2.21:2.2": "Какие два? ",
  "an2.21:2.3": "Тот, кто видит свой проступок как проступок, и тот, кто в соответствии с Дхаммой принимает [признание] проступка того, кто в нём сознаётся. ",
  "an2.21:2.4": "Таковы два вида мудрецов».",
  "an2.22:1.0": "2",
  "an2.22:1.1": "«Монахи, эти двое выставляют Татхагату в ложном свете. ",
  "an2.22:1.2": "Какие двое? ",
  "an2.22:1.3": "Тот, кто будучи полным ненависти питает ненависть и тот, кто обладает верой из-за своего неправильного понимания. ",
  "an2.22:1.4": "Эти двое выставляют Татхагату в ложном свете».",
  "an2.23:1.0": "3",
  "an2.23:1.1": "«Монахи, эти двое выставляют Татхагату в ложном свете. ",
  "an2.23:1.2": "Какие двое? ",
  "an2.23:1.3": "Тот, кто объясняет то, что не было утверждено и произнесено Татхагатой как то, что было утверждено и произнесено им, и тот, кто объясняет то, что было утверждено и произнесено Татхагатой как то, что не было утверждено и произнесено им. ",
  "an2.23:1.4": "Эти двое выставляют Татхагату в ложном свете.",
  "an2.23:2.1": "Монахи, эти двое не выставляют Татхагату в ложном свете. ",
  "an2.23:2.2": "Какие двое? ",
  "an2.23:2.3": "Тот, кто объясняет то, что не было утверждено и произнесено Татхагатой как то, что не было утверждено и произнесено им, и тот, кто объясняет то, что было утверждено и произнесено Татхагатой как то, что было утверждено и произнесено им. ",
  "an2.23:2.4": "Эти двое не выставляют Татхагату в ложном свете».",
  "an2.24:1.0": "4",
  "an2.24:1.1": "«Монахи, эти двое выставляют Татхагату в ложном свете. ",
  "an2.24:1.2": "Какие двое? ",
  "an2.24:1.3": "Тот, кто объясняет лекцию, смысл которой требует истолкования, как лекцию, смысл которой очевиден, и тот, кто объясняет лекцию, смысл которой очевиден, как лекцию, смысл которой требует истолкования. ",
  "an2.24:1.4": "Эти двое выставляют Татхагату в ложном свете».",
  "an2.25:1.0": "5",
  "an2.25:1.1": "«Монахи, эти двое не выставляют Татхагату в ложном свете. ",
  "an2.25:1.2": "Какие двое? ",
  "an2.25:1.3": "Тот, кто объясняет лекцию, смысл которой требует истолкования, как лекцию, смысл которой требует истолкования, и тот, кто объясняет лекцию, смысл которой очевиден, как лекцию, смысл которой очевиден. ",
  "an2.25:1.4": "Эти двое не выставляют Татхагату в ложном свете».",
  "an2.26:1.0": "6",
  "an2.26:1.1": "«Монахи, тот, кто скрывает свои поступки, может ожидать одного из двух уделов: ",
  "an2.26:1.2": "ада, либо мира животных. ",
  "an2.26:2.1": "Тот, кто не скрывает своих поступков, может ожидать одного из двух уделов: ",
  "an2.26:2.2": "мира дэвов, либо мира людей».",
  "an2.27:1.0": "7",
  "an2.27:1.1": "«Монахи, тот, кто придерживается неправильных воззрений, может ожидать одного из двух уделов: ",
  "an2.27:1.2": "ада, либо мира животных».",
  "an2.28:1.0": "8",
  "an2.28:1.1": "«Монахи, тот, кто придерживается правильных воззрений, может ожидать одного из двух уделов: ",
  "an2.28:1.2": "мира дэвов, либо мира людей».",
  "an2.29:1.0": "9",
  "an2.29:1.1": "«Монахи, для безнравственного человека есть два вместилища: ",
  "an2.29:1.2": "ад, либо мир животных. ",
  "an2.29:2.1": "Для нравственного человека есть эти два вместилища: ",
  "an2.29:2.2": "мир дэвов, либо мир людей».",
  "an2.30:1.0": "10",
  "an2.30:1.1": "«Монахи, видя два преимущества, я затворяюсь в уединённых обиталищах в лесах и рощах. ",
  "an2.30:1.2": "Какие два? ",
  "an2.30:1.3": "Для себя [в этом] я вижу приятное пребывание в этой самой жизни, и проявляю сострадание будущим поколениям. ",
  "an2.30:1.4": "Видя эти два преимущества, я затворяюсь в уединённых обиталищах в лесах и рощах».",
  "an2.31:1.0": "11",
  "an2.31:1.1": "«Монахи, эти две вещи относятся к истинному знанию. ",
  "an2.31:1.2": "Какие две? ",
  "an2.31:1.3": "Равновесие и рассмотрение. ",
  "an2.31:1.4": "Когда развито равновесие, то какую пользу переживает человек? ",
  "an2.31:1.5": "Ум развивается. ",
  "an2.31:1.6": "Когда ум развит, какую пользу он переживает? ",
  "an2.31:1.7": "Любая страсть отбрасывается. ",
  "an2.31:1.8": "Когда рассмотрение развито, какую пользу переживает человек? ",
  "an2.31:1.9": "Понимание развивается. ",
  "an2.31:1.10": "Когда понимание развито, какую пользу он переживает? ",
  "an2.31:1.11": "Невежество отбрасывается.",
  "an2.31:1.12": "Ум, загрязнённый страстью, не освобождён, а понимание, загрязнённое невежеством, не развивается. ",
  "an2.31:1.13": "Поэтому, монахи, посредством угасания страсти имеет место освобождение ума, а посредством угасания невежества имеет место освобождение пониманием».",
  "an2.31:1.14": "Глава Бала Третья."
}