{
  "an2.42:0.1": "Восходящие Наставления 2.42-51",
  "an2.42:0.2": "Глава Париса",
  "an2.42:1.0": "1",
  "an2.42:1.1": "«Монахи, есть эти два вида собраний. ",
  "an2.42:1.2": "Какие два? ",
  "an2.42:1.3": "Мелкое собрание и глубокое собрание.",
  "an2.42:1.4": "И что такое мелкое собрание? ",
  "an2.42:1.5": "Собрание, в котором монахи неугомонны, напыщенны, самовлюблённы, болтливы, бессвязны в своих разговорах, с замутнёнными умами, без бдительности, несосредоточенные, с блуждающими умами и распущенными органами чувств, ",
  "an2.42:1.6": "называется мелким собранием.",
  "an2.42:2.1": "И что такое глубокое собрание? ",
  "an2.42:2.2": "Собрание, в котором монахи не неугомонны, не напыщенны, не самовлюблённы, не болтливы, не бессвязны в своих разговорах, но с утверждённой осознанностью, бдительные, сосредоточенные, с однонаправленными умами и сдержанными органами чувств, ",
  "an2.42:2.3": "называется глубоким собранием.",
  "an2.42:2.4": "Таковы, монахи, два вида собраний. ",
  "an2.42:2.5": "Из этих двух видов собраний глубокое собрание является наивысшим».",
  "an2.43:1.0": "2",
  "an2.43:1.1": "«Монахи, есть эти два вида собраний. ",
  "an2.43:1.2": "Какие два? ",
  "an2.43:1.3": "Разделённое и единодушное.",
  "an2.43:1.4": "И что такое разделённое собрание? ",
  "an2.43:1.5": "Собрание, в котором монахи спорят и ссорятся, затевают диспуты, пронзая друг друга острыми словами, ",
  "an2.43:1.6": "называется разделённым собранием.",
  "an2.43:2.1": "И что такое единодушное собрание? ",
  "an2.43:2.2": "Собрание, в котором монахи живут в согласии, в гармонии, не ссорятся, подобны смешанному с водой молоку, смотрят друг на друга дружескими взорами, ",
  "an2.43:2.3": "называется единодушным собранием.",
  "an2.43:2.4": "Таковы, монахи, два вида собраний. ",
  "an2.43:2.5": "Из этих двух видов собраний единодушное собрание является наивысшим».",
  "an2.44:1.0": "3",
  "an2.44:1.1": "«Монахи, есть эти два вида собраний. ",
  "an2.44:1.2": "Какие два? ",
  "an2.44:1.3": "Собрание низших и собрание высочайших.",
  "an2.44:1.4": "И что такое собрание низших? ",
  "an2.44:1.5": "В этом виде собрания старшие монахи являются теми, кто проживают в роскоши, апатичными, превосходящими других в своём падении, уклоняющимися от ведения [жизни] в затворничестве. Они не прилагают усилия к достижению ещё-не-достигнутого, к обретению ещё-не-обретённого, к осуществлению ещё-не-осуществлённого. ",
  "an2.44:1.6": "Они станут образцом для будущих поколений [монахов], ",
  "an2.44:1.7": "которые также станут проживать в роскоши, будут апатичными, превосходящими других в своём падении, уклоняющимися от ведения [жизни] в затворничестве. Они также не будут прилагать усилия к достижению ещё-не-достигнутого, к обретению ещё-не-обретённого, к осуществлению ещё-не-осуществлённого. ",
  "an2.44:1.8": "Это называется собранием низших.",
  "an2.44:2.1": "И что такое собрание высочайших? ",
  "an2.44:2.2": "В этом виде собрания старшие монахи не являются теми, кто проживают в роскоши, апатичными, но отбрасывают своё падение и превосходят других в [ведении жизни] в затворничестве. Они прилагают усилия к достижению ещё-не-достигнутого, к обретению ещё-не-обретённого, к осуществлению ещё-не-осуществлённого. ",
  "an2.44:2.3": "Они станут образцом для будущих поколений [монахов], ",
  "an2.44:2.4": "которые также не станут проживать в роскоши, не будут апатичными, но отбросят своё падение и будут превосходить других в [ведении жизни] в затворничестве. И они тоже будут прилагать усилия к достижению ещё-не-достигнутого, к обретению ещё-не-обретённого, к осуществлению ещё-не-осуществлённого. ",
  "an2.44:2.5": "Это называется собранием высочайших.",
  "an2.44:2.6": "Таковы, монахи, два вида собрания. ",
  "an2.44:2.7": "Из этих двух видов собраний собрание высочайших является наивысшим».",
  "an2.45:1.0": "4",
  "an2.45:1.1": "«Монахи, есть эти два вида собраний. ",
  "an2.45:1.2": "Какие два? ",
  "an2.45:1.3": "Собрание благородных и собрание неблагородных.",
  "an2.45:1.4": "И что такое собрание неблагородных? ",
  "an2.45:1.5": "Собрание, в котором монахи не понимают в соответствии с действительностью: «Это – боль»; не понимают в соответствии с действительностью: «Это – схождение боли»… «Это – истечение боли»… «Это – к истечение боли ведущая практика», ",
  "an2.45:1.6": "называется собранием неблагородных.",
  "an2.45:2.1": "И что такое собрание благородных? ",
  "an2.45:2.2": "Собрание, в котором монахи понимают в соответствии с действительностью: «Это – боль»; не понимают в соответствии с действительностью: «Это – схождение боли»… «Это – истечение боли»… «Это – к истечение боли ведущая практика», ",
  "an2.45:2.3": "называется собранием благородных.",
  "an2.45:2.4": "Таковы, монахи, два вида собрания. ",
  "an2.45:2.5": "Из этих двух видов собраний собрание благородных является наивысшим».",
  "an2.46:1.0": "5",
  "an2.46:1.1": "«Монахи, есть эти два вида собраний. ",
  "an2.46:1.2": "Какие два? ",
  "an2.46:1.3": "Осадок собрания и сливки собрания.",
  "an2.46:1.4": "И что такое осадок собрания? ",
  "an2.46:1.5": "Собрание, в котором монахи берут неправильный курс из-за импульсивности, злобности, замутненности, страха, ",
  "an2.46:1.6": "является осадками собрания.",
  "an2.46:2.1": "И что такое сливки собрания? ",
  "an2.46:2.2": "Собрание, в котором монахи не берут неправильный курс из-за импульсивности, злобности, замутненности, страха, ",
  "an2.46:2.3": "является сливками собрания.",
  "an2.46:2.4": "Таковы, монахи, два вида собрания. ",
  "an2.46:2.5": "Из этих двух видов собраний сливки собрания являются наивысшими».",
  "an2.47:1.0": "6",
  "an2.47:1.1": "«Монахи, есть эти два вида собраний. ",
  "an2.47:1.2": "Какие два? ",
  "an2.47:1.3": "Собрание, обученное бесполезным разговорам, а не вопрошанию, и собрание, обученное вопрошанию, а не бесполезным разговорам.",
  "an2.47:1.4": "И каково собрание, обученное бесполезным разговорам, а не вопрошанию? ",
  "an2.47:1.5": "В этом виде собрания, когда декламируются беседы, что являются словами Татхагаты – глубокими, глубокими в своём значении, сверхмирскими, связанными с пустотностью – монахи не хотят их слушать, не склоняют к ним ухо, не утверждают свои умы в их познании. Они не считают, что эти учения стоит изучать и запоминать.",
  "an2.47:1.6": "Но когда декламируются беседы, что являются просто лишь стихами, сочинёнными поэтами, что изящны в звучании и изящны в риторике, трудами чужаков, словами учеников – они хотят их слушать, склоняют к ним ухо, утверждают свои умы в их познании. Они считают, что эти учения стоит изучать и запоминать. И, запомнив эти учения, они не вопрошают друг друга о них и тщательно их не изучают, [задавая такие вопросы]: ",
  "an2.47:1.7": "«Как это [понять]? Каково значение этого?» ",
  "an2.47:1.8": "Они не раскрывают [другим] то, что не было раскрыто, не проясняют неясное, не рассеивают замешательство в отношении многочисленных трудных моментов. ",
  "an2.47:1.9": "Это называется собранием, обученном бесполезным разговорам, а не вопрошанию.",
  "an2.47:2.1": "И каково собрание, обученное вопрошанию, а не бесполезным разговорам? ",
  "an2.47:2.2": "В этом виде собрания, когда декламируются беседы, что являются просто лишь стихами, сочинёнными поэтами, что изящны в звучании и изящны в риторике, трудами чужаков, словами учеников – монахи не хотят их слушать, не склоняют к ним ухо, не утверждают свои умы в их познании. Они не считают, что эти учения стоит изучать и запоминать.",
  "an2.47:2.3": "Но когда декламируются те беседы, что являются словами Татхагаты – глубокими, глубокими в своём значении, сверхмирскими, связанными с пустотностью – монахи хотят их слушать, склоняют к ним ухо, утверждают свои умы в их познании. Они считают, что эти учения стоит изучать и запоминать.",
  "an2.47:2.4": "И, запомнив эти учения, они вопрошают друг друга о них и тщательно их изучают, [задавая такие вопросы]: ",
  "an2.47:2.5": "«Как это [понять]? Каково значение этого?» ",
  "an2.47:2.6": "Они раскрывают [другим] то, что не было раскрыто, проясняют неясное, рассеивают замешательство в отношении многочисленных трудных моментов. ",
  "an2.47:2.7": "Это называется собранием, обученным вопрошанию, а не бесполезным разговорам.",
  "an2.47:2.8": "Таковы, монахи, два вида собрания. ",
  "an2.47:2.9": "Из этих двух видов собраний собрание, обученное вопрошанию, а не бесполезным разговорам, является высочайшим».",
  "an2.48:1.0": "7",
  "an2.48:1.1": "«Монахи, есть эти два вида собраний. ",
  "an2.48:1.2": "Какие два? ",
  "an2.48:1.3": "Собрание, которое ценит мирские вещи, а не благую Дхамму, и собрание, которое ценит благую Дхамму, а не мирские вещи.",
  "an2.48:1.4": "И каково собрание, которое ценит мирские вещи, а не благую Дхамму? ",
  "an2.48:1.5": "В этом виде собрания монахи восхваляют друг друга в присутствии одетых в белое мирян, говоря: ",
  "an2.48:1.6": "«Такой-то и такой-то монах является освобождённым в обоих отношениях. Такой-то и такой-то является освобождённым мудростью. Такой-то и такой-то является засвидетельствовавшим телом… достигшим воззрения… освобождённым верой… идущим-за-счёт-Дхаммы… идущим-за-счёт-веры. Такой-то и такой-то является нравственным, обладает хорошим характером. Такой-то и такой-то является безнравственным, обладает плохим характером». ",
  "an2.48:1.7": "И тогда они получают обретения, ",
  "an2.48:1.8": "которые они используют, будучи привязанными к ним, очарованными ими, слепо поглощёнными ими, не видя опасности и не понимая спасения. ",
  "an2.48:1.9": "Это называется собранием, которое ценит мирские вещи, а не благую Дхамму.",
  "an2.48:2.1": "И каково собрание, которое ценит благую Дхамму, а не мирские вещи? ",
  "an2.48:2.2": "В этом виде собрания монахи не восхваляют друг друга в присутствии одетых в белое мирян, говоря: ",
  "an2.48:2.3": "«Такой-то и такой-то монах является освобождённым… Такой-то и такой-то является безнравственным, обладает плохим характером». ",
  "an2.48:2.4": "И тогда они получают обретения, ",
  "an2.48:2.5": "которые они используют, не будучи привязанными к ним, очарованными ими, слепо поглощёнными ими, видя опасность и понимая спасение. ",
  "an2.48:2.6": "Это называется собранием, которое ценит благую Дхамму, а не мирские вещи.",
  "an2.48:2.7": "Таковы, монахи, два вида собраний. ",
  "an2.48:2.8": "Из этих двух видов собраний собрание, которое ценит благую Дхамму, а не мирские вещи, является высочайшим».",
  "an2.49:1.0": "8",
  "an2.49:1.1": "«Монахи, есть эти два вида собраний. ",
  "an2.49:1.2": "Какие два? ",
  "an2.49:1.3": "Неправедное собрание и праведное собрание.",
  "an2.49:1.4": "И каково неправедное собрание? ",
  "an2.49:1.5": "В этом собрании предписаны противоположные Дхамме дисциплинарные поступки, и не предписаны соответствующие Дхамме дисциплинарные поступки; предписаны противоположные Винае дисциплинарные поступки, и не предписаны соответствующие Винае дисциплинарные поступки. Противоположные Дхамме дисциплинарные поступки объясняются, а соответствующие Дхамме дисциплинарные поступки не объясняются; противоположные Винае дисциплинарные поступки объясняются, а соответствующие Винае дисциплинарные поступки не объясняются.",
  "an2.49:1.6": "Это, монахи, называется неправедным собранием. Именно потому, что оно неправедное, [здесь] предписаны противоположные Дхамме дисциплинарные поступки… соответствующие Винае дисциплинарные поступки не объясняются.",
  "an2.49:2.1": "И каково праведное собрание? ",
  "an2.49:2.2": "В этом собрании предписаны соответствующие Дхамме дисциплинарные поступки, и не предписаны противоположные Дхамме дисциплинарные поступки… соответствующие Винае дисциплинарные поступки объясняются, а противоположные Винае дисциплинарные поступки не объясняются.",
  "an2.49:2.3": "Это, монахи, называется праведным собранием. Именно потому, что оно праведное, [здесь] предписаны соответствующие Дхамме дисциплинарные поступки… противоположные Винае дисциплинарные поступки не объясняются.",
  "an2.49:2.4": "Таковы, монахи, два вида собраний. ",
  "an2.49:2.5": "Из этих двух видов собраний праведное собрание является высочайшим».",
  "an2.50:1.0": "9",
  "an2.50:1.1": "«Монахи, есть эти два вида собраний. ",
  "an2.50:1.2": "Какие два? ",
  "an2.50:1.3": "Собрание, которое поступает вопреки Дхамме, и собрание, которое поступает в соответствии с Дхаммой… Таковы, монахи, два вида собрания. ",
  "an2.50:1.4": "Из этих двух видов собраний собрание, которое говорит Дхамму, является высочайшим».",
  "an2.51:1.0": "10",
  "an2.51:1.1": "«Монахи, есть эти два вида собраний. ",
  "an2.51:1.2": "Какие два? ",
  "an2.51:1.3": "Собрание, которое говорит не-Дхамму, и собрание, которое говорит Дхамму.",
  "an2.51:1.4": "И каково собрание, которое говорит не-Дхамму? ",
  "an2.51:1.5": "В этом виде собрания монахи поднимают дисциплинарные вопросы, которые могут соответствовать Дхамме или быть противоположными Дхамме. ",
  "an2.51:1.6": "Подняв вопрос, они не убеждают друг друга и не дают другим убедить себя. Они не обдумывают и не приветствуют обдумывания. ",
  "an2.51:1.7": "Не имея силы убеждения и силы обдумывания, не желая оставить своей точки зрения, они неподобающим образом цепляются ещё больше за этот дисциплинарный вопрос, и, стоя на своём, заявляют: ",
  "an2.51:1.8": "«Только это правда. Всё остальное ошибочно». ",
  "an2.51:1.9": "Это называется собранием, которое говорит не-Дхамму.",
  "an2.51:2.1": "И каково собрание, которое говорит Дхамму? ",
  "an2.51:2.2": "В этом виде собрания монахи поднимают дисциплинарные вопросы, которые могут соответствовать Дхамме или быть противоположными Дхамме. ",
  "an2.51:2.3": "Подняв вопрос, они убеждают друг друга и дают другим убедить себя. Они обдумывают и приветствуют обдумывания. ",
  "an2.51:2.4": "Обладая силой убеждения и силой обдумывания, имея готовность оставить свою точку зрения, они не цепляются ещё больше неподобающим образом за этот дисциплинарный вопрос, и не заявляют, стоя на своём: ",
  "an2.51:2.5": "«Только это правда. Всё остальное ошибочно». ",
  "an2.51:2.6": "Это называется собранием, которое говорит Дхамму.",
  "an2.51:2.7": "Таковы, монахи, два вида собрания. ",
  "an2.51:2.8": "Из этих двух видов собраний собрание, которое говорит Дхамму, является высочайшим».",
  "an2.51:2.9": "Глава Париса Пятая.",
  "an2.51:3.0": "Оглавление",
  "an2.51:3.1": "",
  "an2.51:3.2": "",
  "an2.51:3.3": "",
  "an2.51:3.4": "",
  "an2.51:3.5": "Первая Пятидесятка Завершена."
}