{
  "an2.130:0.1": "Восходящие Наставления 2.130-140",
  "an2.130:0.2": "Глава Аячана",
  "an2.130:1.0": "1",
  "an2.130:1.1": "«Монахи, монах, наделённый верой, праведно устремляясь, мог бы стремиться к этому: ",
  "an2.130:1.2": "«Пусть я стану таким, как Сарипутта и Моггаллана!» – ",
  "an2.130:1.3": "поскольку таков эталон и мерило для моих монахов-учеников, то есть, Сарипутта и Моггаллана.",
  "an2.131:1.0": "2",
  "an2.131:1.1": "Монахи, монахиня, наделённая верой, праведно устремляясь, могла бы стремиться к этому: ",
  "an2.131:1.2": "«Пусть я стану такой, как монахини Кхема и Уппалаванна!» – ",
  "an2.131:1.3": "поскольку таков эталон и мерило для моих монахинь-учениц, то есть, монахини Кхема и Уппалаванна.",
  "an2.132:1.0": "3",
  "an2.132:1.1": "Монахи, мирянин, наделённый верой, праведно устремляясь, мог бы стремиться к этому: ",
  "an2.132:1.2": "«Пусть я стану таким, как домохозяин Читта и Хаттхака из Алави!» – ",
  "an2.132:1.3": "поскольку таков эталон и мерило для моих мирян-учеников, то есть, домохозяин Читта и Хаттхака из Алави.",
  "an2.133:1.0": "4",
  "an2.133:1.1": "Монахи, мирянка, наделённая верой, праведно устремляясь, могла бы стремиться к этому: ",
  "an2.133:1.2": "«Пусть я стану такой, как мирянки Кхудджуттара и Велукандакия, мать Нанды!» –",
  "an2.133:1.3": "поскольку таков эталон и мерило для моих мирянок-учениц, то есть, мирянка Кхудджуттара и Велукандакия, мать Нанды».",
  "an2.134:1.0": "5",
  "an2.134:1.1": "«Монахи, обладая двумя качествами, глупый, несведущий, плохой человек держит себя в изувеченном и искалеченном состоянии. Он достоин порицания и упрёков со стороны мудрых, и он порождает множество неблагих заслуг. ",
  "an2.134:1.2": "Какими двумя? ",
  "an2.134:1.3": "Без изучения и тщательного рассмотрения он хвалит того, кто заслуживает порицания. ",
  "an2.134:1.4": "Без изучения и тщательного рассмотрения он порицает того, кто заслуживает похвалы. ",
  "an2.134:1.5": "Обладая этими двумя качествами, глупый, несведущий, плохой человек держит себя в изувеченном и искалеченном состоянии. Он достоин порицания и упрёков со стороны мудрых, и он порождает множество неблагих заслуг. ",
  "an2.134:2.1": "Монахи, обладая двумя качествами, мудрый, сведущий, хороший человек поддерживает себя неизувеченным и неискалеченным. Он безупречен и не порицается мудрыми, и он порождает множество благих заслуг. ",
  "an2.134:2.2": "Какими двумя? ",
  "an2.134:2.3": "Изучив и тщательно рассмотрев, он порицает того, кто заслуживает порицания. ",
  "an2.134:2.4": "Изучив и тщательно рассмотрев, он хвалит того, кто заслуживает похвалы. ",
  "an2.134:2.5": "Обладая этими двумя качествами, мудрый, сведущий, хороший человек поддерживает себя неизувеченным и неискалеченным. Он безупречен и не порицается мудрыми, и он порождает множество благих заслуг».",
  "an2.135:1.0": "6",
  "an2.135:1.1": "«Монахи, обладая двумя качествами, глупый, несведущий, плохой человек держит себя в изувеченном и искалеченном состоянии. Он достоин порицания и упрёков со стороны мудрых, и он порождает множество неблагих заслуг. ",
  "an2.135:1.2": "Какими двумя? ",
  "an2.135:1.3": "Без изучения и тщательного рассмотрения он верит обстоятельству, к которому стоит отнестись с подозрением. ",
  "an2.135:1.4": "Без изучения и тщательного рассмотрения он относится с подозрением к обстоятельству, к которому стоит отнестись доверием. ",
  "an2.135:1.5": "Обладая этими двумя качествами, глупый, несведущий, плохой человек держит себя в изувеченном и искалеченном состоянии. Он достоин порицания и упрёков со стороны мудрых, и он порождает множество неблагих заслуг. ",
  "an2.135:2.1": "Монахи, обладая двумя качествами, мудрый, сведущий, хороший человек поддерживает себя неизувеченным и неискалеченным. Он безупречен и не порицается мудрыми, и он порождает множество благих заслуг. ",
  "an2.135:2.2": "Какими двумя? ",
  "an2.135:2.3": "Изучив и тщательно рассмотрев, он относится с подозрением к обстоятельству, к которому стоит отнестись с подозрением. ",
  "an2.135:2.4": "Изучив и тщательно рассмотрев, он верит обстоятельству, к которому стоит отнестись доверием. ",
  "an2.135:2.5": "Обладая этими двумя качествами, мудрый, сведущий, хороший человек поддерживает себя неизувеченным и неискалеченным. Он безупречен и не порицается мудрыми, и он порождает множество благих заслуг».",
  "an2.136:1.0": "7",
  "an2.136:1.1": "«Монахи, глупый, несведущий, плохой человек, который ведёт себя плохо по отношению к двум личностям, держит себя в изувеченном и искалеченном состоянии. Он достоин порицания и упрёков со стороны мудрых, и он порождает множество неблагих заслуг. ",
  "an2.136:1.2": "К каким двум? ",
  "an2.136:1.3": "К своему отцу и матери. ",
  "an2.136:1.4": "Глупый, несведущий, плохой человек, который ведёт себя плохо по отношению к этим двум личностям, держит себя в изувеченном и искалеченном состоянии. Он достоин порицания и упрёков со стороны мудрых, и он порождает множество неблагих заслуг. ",
  "an2.136:2.1": "Монахи, мудрый, сведущий, хороший человек, который ведёт себя хорошо по отношению к двум личностям, поддерживает себя неизувеченным и неискалеченным. Он безупречен и не порицается мудрыми, и он порождает множество благих заслуг. ",
  "an2.136:2.2": "К каким двум? ",
  "an2.136:2.3": "К своему отцу и матери. ",
  "an2.136:2.4": "Когда мудрый, сведущий, хороший человек ведёт себя хорошо по отношению к этим двум личностям, он поддерживает себя неизувеченным и неискалеченным. Он безупречен и не порицается мудрыми, и он порождает множество благих заслуг».",
  "an2.137:1.0": "8",
  "an2.137:1.1": "«Монахи, глупый, несведущий, плохой человек, который ведёт себя плохо по отношению к двум личностям, держит себя в изувеченном и искалеченном состоянии. Он достоин порицания и упрёков со стороны мудрых, и он порождает множество неблагих заслуг. ",
  "an2.137:1.2": "К каким двум? ",
  "an2.137:1.3": "К Татхагате и последователю Татхагаты. ",
  "an2.137:1.4": "Глупый, несведущий, плохой человек, который ведёт себя плохо по отношению к этим двум личностям, держит себя в изувеченном и искалеченном состоянии. Он достоин порицания и упрёков со стороны мудрых, и он порождает множество неблагих заслуг. ",
  "an2.137:2.1": "Монахи, мудрый, сведущий, хороший человек, который ведёт себя хорошо по отношению к двум личностям, поддерживает себя неизувеченным и неискалеченным. Он безупречен и не порицается мудрыми, и он порождает множество благих заслуг. ",
  "an2.137:2.2": "К каким двум? ",
  "an2.137:2.3": "К Татхагате и последователю Татхагаты. ",
  "an2.137:2.4": "Когда мудрый, сведущий, хороший человек ведёт себя хорошо по отношению к этим двум личностям, он поддерживает себя неизувеченным и неискалеченным. Он безупречен и не порицается мудрыми, и он порождает множество благих заслуг».",
  "an2.138:1.0": "9",
  "an2.138:1.1": "«Монахи, есть эти две вещи. ",
  "an2.138:1.2": "Какие две? ",
  "an2.138:1.3": "Очищение собственного ума и [когда] человек не цепляется ни к чему в мире. ",
  "an2.138:1.4": "Таковы эти две вещи».",
  "an2.139:1.0": "10",
  "an2.139:1.1": "«Монахи, есть эти две вещи. ",
  "an2.139:1.2": "Какие две? ",
  "an2.139:1.3": "Злость и враждебность. ",
  "an2.139:1.4": "Таковы эти две вещи».",
  "an2.140:1.0": "11",
  "an2.140:1.1": "«Монахи, есть эти две вещи. ",
  "an2.140:1.2": "Какие две? ",
  "an2.140:1.3": "Устранение злобы и устранение враждебности. ",
  "an2.140:1.4": "Таковы эти две вещи».",
  "an2.140:1.5": "Глава Аячана Вторая."
}