{
  "an2.180-184:0.1": "Восходящие Наставления 2.180-229",
  "an2.180-184:0.2": "Сокращение Кодха",
  "an2.180-184:1.0": "1-5",
  "an2.180-184:1.1": "«Монахи, есть эти два качества. ",
  "an2.180-184:1.2": "Какие два? ",
  "an2.180-184:1.3": "Злость и враждебность… клевета и высокомерие… зависть и скупость… лживость и коварство… бесстыдство и безбоязненность совершить проступок  ",
  "an2.180-184:1.4": "Таковы два качества».",
  "an2.185-189:1.0": "6-10",
  "an2.185-189:1.1": "«Монахи, есть эти два качества. ",
  "an2.185-189:1.2": "Какие два? ",
  "an2.185-189:1.3": "Не-злоба и не-враждебность… не-клевета и не-высокомерие… не-зависть и не-скупость… не-лживость и не-коварство… стыд и боязнь совершить проступок",
  "an2.185-189:1.4": "Таковы два качества».",
  "an2.190-194:1.0": "11-15",
  "an2.190-194:1.1": "«Наделенный, монахи, двумя качествами, пребывает в боли.",
  "an2.190-194:1.2": "Какими двумя? ",
  "an2.190-194:1.3": "Злость и враждебность… клевета и высокомерие… зависть и скупость… лживость и коварство… бесстыдство и безбоязненность совершить проступок  ",
  "an2.190-194:1.4": "Этими, монахи, двумя качествами наделенный, пребывает в боли».",
  "an2.195-199:1.0": "16-20",
  "an2.195-199:1.1": "«Наделенный, монахи, двумя качествами, пребывает в приятном.",
  "an2.195-199:1.2": "Какими двумя? ",
  "an2.195-199:1.3": "Не-злоба и не-враждебность… не-клевета и не-высокомерие… не-зависть и не-скупость… не-лживость и не-коварство… стыд и боязнь совершить проступок",
  "an2.195-199:1.4": "Этими, монахи, двумя качествами наделенный, пребывает в приятном».",
  "an2.200-204:1.0": "21-25",
  "an2.200-204:1.1": "«Два, монахи, качества приводят к упадку монаха ученика. ",
  "an2.200-204:1.2": "Какие два? ",
  "an2.200-204:1.3": "Злость и враждебность… клевета и высокомерие… зависть и скупость… лживость и коварство… бесстыдство и безбоязненность совершить проступок  ",
  "an2.200-204:1.4": "«Эти два, монахи, качества приводят к упадку монаха ученика».",
  "an2.205-209:1.0": "26-30",
  "an2.205-209:1.1": "«Два, монахи, качества приводят к не-упадку монаха ученика. ",
  "an2.205-209:1.2": "Какие два? ",
  "an2.205-209:1.3": "Не-злоба и не-враждебность… не-клевета и не-высокомерие… не-зависть и не-скупость… не-лживость и не-коварство… стыд и боязнь совершить проступок",
  "an2.205-209:1.4": "«Эти два, монахи, качества приводят к не-упадку монаха ученика».",
  "an2.210-214:1.0": "31-35",
  "an2.210-214:1.1": "«Наделенный, монахи, двумя качествами, как нагруженный так падает в ад.",
  "an2.210-214:1.2": "Какими двумя? ",
  "an2.210-214:1.3": "Злость и враждебность… клевета и высокомерие… зависть и скупость… лживость и коварство… бесстыдство и безбоязненность совершить проступок  ",
  "an2.210-214:1.4": "Этими, монахи, двумя качествами наделенный, как нагруженный так падает в ад».",
  "an2.215-219:1.0": "36-40",
  "an2.215-219:1.1": "«Наделенный, монахи, двумя качествами, как нагруженный так попадает в рай.",
  "an2.215-219:1.2": "Какими двумя? ",
  "an2.215-219:1.3": "Не-злоба и не-враждебность… не-клевета и не-высокомерие… не-зависть и не-скупость… не-лживость и не-коварство… стыд и боязнь совершить проступок",
  "an2.215-219:1.4": "Этими, монахи, двумя качествами наделенный, как нагруженный так попадает в рай».",
  "an2.220-224:1.0": "41-45",
  "an2.220-224:1.1": "«Наделенный, монахи, двумя качествами, с распадом тела, после смерти, человек перерождается в состоянии лишений, в плохих уделах, в нижних мирах, в аду.",
  "an2.220-224:1.2": "Какими двумя? ",
  "an2.220-224:1.3": "Злость и враждебность… клевета и высокомерие… зависть и скупость… лживость и коварство… бесстыдство и безбоязненность совершить проступок  ",
  "an2.220-224:1.4": "Этими, монахи, двумя качествами наделенный,  с распадом тела, после смерти, человек перерождается в состоянии лишений, в плохих уделах, в нижних мирах, в аду».",
  "an2.225-229:1.0": "46-50",
  "an2.225-229:1.1": "«Наделенный, монахи, двумя качествами, обладая двумя качествами, с распадом тела, после смерти, человек перерождается в благом уделе, в небесном мире.",
  "an2.225-229:1.2": "Какими двумя? ",
  "an2.225-229:1.3": "Не-злоба и не-враждебность… не-клевета и не-высокомерие… не-зависть и не-скупость… не-лживость и не-коварство… стыд и боязнь совершить проступок",
  "an2.225-229:1.4": "Этими, монахи, двумя качествами наделенный, обладая двумя качествами, с распадом тела, после смерти, человек перерождается в благом уделе, в небесном мире».",
  "an2.225-229:1.5": "Сокращение Кодха окончено."
}