{
  "an2.118:0.1": "Восходящие Наставления 2.118-129",
  "an2.118:0.2": "Глава Асадуппаджаха",
  "an2.118:1.0": "1",
  "an2.118:1.1": "«Монахи, эти два желания трудно отбросить. ",
  "an2.118:1.2": "Какие два? ",
  "an2.118:1.3": "Желание обретений и желание жизни. ",
  "an2.118:1.4": "Эти два желания трудно отбросить».",
  "an2.119:1.0": "2",
  "an2.119:1.1": "«Монахи, эти два типа личности редки в мире. ",
  "an2.119:1.2": "Какие два? ",
  "an2.119:1.3": "Тот, кто делает первый шаг в помощи другим и тот, кто признателен и благодарен. ",
  "an2.119:1.4": "Эти два типа личности редки в мире».",
  "an2.120:1.0": "3",
  "an2.120:1.1": "«Монахи, эти два типа личности редки в мире. ",
  "an2.120:1.2": "Какие два? ",
  "an2.120:1.3": "Тот, кто удовлетворён и тот, кто обеспечивает удовлетворение. ",
  "an2.120:1.4": "Эти два типа личности редки в мире».",
  "an2.121:1.0": "4",
  "an2.121:1.1": "«Монахи, этих двух типов личностей трудно удовлетворить. ",
  "an2.121:1.2": "Каких двух? ",
  "an2.121:1.3": "Того, кто накапливает то, что он обретает, и того, кто расточает то, что он обретает. ",
  "an2.121:1.4": "Этих двух типов личностей трудно удовлетворить».",
  "an2.122:1.0": "5",
  "an2.122:1.1": "«Монахи, этих двух типов личностей легко удовлетворить. ",
  "an2.122:1.2": "Каких двух? ",
  "an2.122:1.3": "Того, кто не накапливает то, что он обретает, и того, кто не расточает то, что он обретает. ",
  "an2.122:1.4": "Этих двух типов личностей легко удовлетворить».",
  "an2.123:1.0": "6",
  "an2.123:1.1": "«Монахи, есть эти два условия для возникновения жажды. ",
  "an2.123:1.2": "Какие два? ",
  "an2.123:1.3": "Образ привлекательного и немудрое внимание. ",
  "an2.123:1.4": "Таковы два условия для возникновения жажды».",
  "an2.124:1.0": "7",
  "an2.124:1.1": "«Монахи, есть эти два условия для возникновения злобы. ",
  "an2.124:1.2": "Какие два? ",
  "an2.124:1.3": "Образ неприятного и немудрое внимание. ",
  "an2.124:1.4": "Таковы два условия для возникновения злобы».",
  "an2.125:1.0": "8",
  "an2.125:1.1": "«Монахи, есть эти два условия для возникновения неправильных воззрений. ",
  "an2.125:1.2": "Какие два? ",
  "an2.125:1.3": "Высказывание другого [человека] и немудрое внимание. ",
  "an2.125:1.4": "Таковы два условия для возникновения неправильных воззрений».",
  "an2.126:1.0": "9",
  "an2.126:1.1": "«Монахи, есть эти два условия для возникновения правильных воззрений. ",
  "an2.126:1.2": "Какие два? ",
  "an2.126:1.3": "Речь другого [человека] и мудрое внимание. ",
  "an2.126:1.4": "Таковы два условия для возникновения правильных воззрений». ",
  "an2.127:1.0": "10",
  "an2.127:1.1": "«Монахи, есть эти два вида проступков. ",
  "an2.127:1.2": "Какие два? ",
  "an2.127:1.3": "Лёгкий проступок и серьёзный проступок. ",
  "an2.127:1.4": "Таковы эти два вида проступков».",
  "an2.128:1.0": "11",
  "an2.128:1.1": "«Монахи, есть эти два вида проступков. ",
  "an2.128:1.2": "Какие два? ",
  "an2.128:1.3": "Грубый проступок и проступок, не являющийся грубым. ",
  "an2.128:1.4": "Таковы эти два вида проступков».",
  "an2.129:1.0": "12",
  "an2.129:1.1": "«Монахи, есть эти два вида проступков. ",
  "an2.129:1.2": "Какие два? ",
  "an2.129:1.3": "Поправимый проступок и непоправимый проступок. ",
  "an2.129:1.4": "Таковы эти два вида проступков».",
  "an2.129:1.5": "Глава Глава Асадуппаджаха Первая."
}