{
  "an2.310-319:0.1": "Восходящие Наставления 2.310-479",
  "an2.310-319:0.2": "Сокращение Страсть",
  "an2.310-319:1.0": "310-319",
  "an2.310-319:1.1": "«Ради прямого, монахи, знания страсти следует развивать два вещи. ",
  "an2.310-319:1.2": "Какие две? ",
  "an2.310-319:1.3": "Равновесие и рассматривание. ",
  "an2.310-319:1.4": "Ради прямого, монахи, знания страсти следует развивать эти две вещи».",
  "an2.310-319:2.1": "«Ради полного, монахи, понимания… полного уничтожения… оставления… уничтожения… преодоления…  угасания…  прекращения… отказа от… отдаления… ",
  "an2.320-479:1.0": "320-479",
  "an2.320-479:1.1": "Злобы… заблуждения… злости… враждебности… клеветы… презрения… зависти… скупости… неискренности… лукавства… упрямства… горячности… самомнения… надменности… опьянения… беспечности… полного понимания… полного уничтожения… оставления… уничтожения… преодоления…  угасания…  прекращения… отказа от… отдаления… ",
  "an2.320-479:1.2": "Какие две? ",
  "an2.320-479:1.3": "Равновесие и рассматривание. ",
  "an2.320-479:1.4": "От беспечности, монахи, отдаления эти два качества должны быть развиты.",
  "an2.320-479:2.1": "Так сказал Благословенный.",
  "an2.320-479:2.2": "Удовлетворенные те монахи речи Благословенного обрадовались.",
  "an2.320-479:2.3": "Сокращение Страсть окончено.",
  "an2.320-479:2.4": "Собрание Двоек окончено."
}