{
  "an2.98:0.1": "Восходящие Наставления 2.98-117",
  "an2.98:0.2": "Глава Бала",
  "an2.98:1.0": "1",
  "an2.98:1.1": "«Монахи, есть эти два вида глупцов. ",
  "an2.98:1.2": "Какие два? ",
  "an2.98:1.3": "Тот, кто берёт на себя ответственность за то, к чему он не причастен, и тот, кто не берёт на себя ответственность за то, к чему он причастен. ",
  "an2.98:1.4": "Таковы два вида глупцов». ",
  "an2.99:1.0": "2",
  "an2.99:1.1": "«Монахи, есть эти два вида мудрецов. ",
  "an2.99:1.2": "Какие два? ",
  "an2.99:1.3": "Тот, кто берёт на себя ответственность за то, к чему он причастен, и тот, то не берёт на себя ответственность за то, к чему он не причастен. ",
  "an2.99:1.4": "Таковы два вида мудрецов». ",
  "an2.100:1.0": "3",
  "an2.100:1.1": "«Монахи, есть эти два вида глупцов. ",
  "an2.100:1.2": "Какие два? ",
  "an2.100:1.3": "Тот, кто воспринимает непозволительное как позволительное и тот, кто воспринимает позволительное как непозволительное. ",
  "an2.100:1.4": "Таковы два вида глупцов». ",
  "an2.101:1.0": "4",
  "an2.101:1.1": "«Монахи, есть эти два вида мудрецов. ",
  "an2.101:1.2": "Какие два? ",
  "an2.101:1.3": "Тот, кто воспринимает непозволительное как непозволительное и тот, кто воспринимает позволительное как позволительное. ",
  "an2.101:1.4": "Таковы два вида мудрецов». ",
  "an2.102:1.0": "5",
  "an2.102:1.1": "«Монахи, есть эти два вида глупцов. ",
  "an2.102:1.2": "Какие два? ",
  "an2.102:1.3": "Тот, кто воспринимает то, что не является проступком как проступок и тот, кто воспринимает то, что является проступком, как не являющееся проступком. ",
  "an2.102:1.4": "Таковы два вида глупцов». ",
  "an2.103:1.0": "6",
  "an2.103:1.1": "«Монахи, есть эти два вида мудрецов. ",
  "an2.103:1.2": "Какие два? ",
  "an2.103:1.3": "Тот, кто воспринимает то, что не является проступком как не являющееся проступком и тот, кто воспринимает то, что является проступком, как проступок. ",
  "an2.103:1.4": "Таковы два вида мудрецов». ",
  "an2.104:1.0": "7",
  "an2.104:1.1": "«Монахи, есть эти два вида глупцов. ",
  "an2.104:1.2": "Какие два? ",
  "an2.104:1.3": "Тот, кто воспринимает не-Дхамму как Дхамму и тот, кто воспринимает Дхамму как не-Дхамму. ",
  "an2.104:1.4": "Таковы два вида глупцов». ",
  "an2.105:1.0": "8",
  "an2.105:1.1": "«Монахи, есть эти два вида мудрецов. ",
  "an2.105:1.2": "Какие два? ",
  "an2.105:1.3": "Тот, кто воспринимает Дхамму как Дхамму и тот, кто воспринимает не-Дхамму как не-Дхамму. ",
  "an2.105:1.4": "Таковы два вида мудрецов». ",
  "an2.106:1.0": "9",
  "an2.106:1.1": "«Монахи, есть эти два вида глупцов. ",
  "an2.106:1.2": "Какие два? ",
  "an2.106:1.3": "Тот, кто воспринимает не-Винаю как Винаю и тот, кто воспринимает Винаю как не-Винаю. ",
  "an2.106:1.4": "Таковы два вида глупцов». ",
  "an2.107:1.0": "10",
  "an2.107:1.1": "«Монахи, есть эти два вида мудрецов. ",
  "an2.107:1.2": "Какие два? ",
  "an2.107:1.3": "Тот, кто воспринимает не-Винаю как не-Винаю и тот, кто воспринимает Винаю как Винаю. ",
  "an2.107:1.4": "Таковы два вида мудрецов». ",
  "an2.108:1.0": "11",
  "an2.108:1.1": "«Монахи, пятна [умственных загрязнений] увеличиваются у этих двух. ",
  "an2.108:1.2": "У каких двух? ",
  "an2.108:1.3": "У того, кто сожалеет о том, о чём не стоит сожалеть, и у того, кто не сожалеет о том, о чём стоит сожалеть. ",
  "an2.108:1.4": "Пятна [умственных загрязнений] увеличиваются у этих двух». ",
  "an2.109:1.0": "12",
  "an2.109:1.1": "«Монахи, пятна [умственных загрязнений] не увеличиваются у этих двух. ",
  "an2.109:1.2": "У каких двух? ",
  "an2.109:1.3": "У того, кто не сожалеет о том, о чём не стоит сожалеть, и у того, кто сожалеет о том, о чём стоит сожалеть. ",
  "an2.109:1.4": "Пятна [умственных загрязнений] не увеличиваются у этих двух». ",
  "an2.110:1.0": "13",
  "an2.110:1.1": "«Монахи, пятна [умственных загрязнений] увеличиваются у этих двух. ",
  "an2.110:1.2": "У каких двух? ",
  "an2.110:1.3": "У того, кто в недозволенном воспринимает дозволенное, и тот кто в дозволенном воспринимает недозволенное. ",
  "an2.110:1.4": "Пятна [умственных загрязнений] увеличиваются у этих двух». ",
  "an2.111:1.0": "14",
  "an2.111:1.1": "«Монахи, пятна [умственных загрязнений] не увеличиваются у этих двух. ",
  "an2.111:1.2": "У каких двух? ",
  "an2.111:1.3": "У того, кто в недозволенном воспринимает недозволенное, и тот кто в дозволенном воспринимает дозволенное. ",
  "an2.111:1.4": "Пятна [умственных загрязнений] не увеличиваются у этих двух». ",
  "an2.112:1.0": "15",
  "an2.112:1.1": "«Монахи, пятна [умственных загрязнений] увеличиваются у этих двух.",
  "an2.112:1.2": "У каких двух?",
  "an2.112:1.3": "Тот, кто воспринимает то, что не является проступком как проступок и тот, кто воспринимает то, что является проступком, как не являющееся проступком. ",
  "an2.112:1.4": "Пятна [умственных загрязнений] увеличиваются у этих двух».",
  "an2.113:1.0": "16",
  "an2.113:1.1": "«Монахи, пятна [умственных загрязнений] не увеличиваются у этих двух. ",
  "an2.113:1.2": "У каких двух?",
  "an2.113:1.3": "Тот, кто воспринимает то, что не является проступком как не являющееся проступком и тот, кто воспринимает то, что является проступком, как проступок. ",
  "an2.113:1.4": "Пятна [умственных загрязнений] не увеличиваются у этих двух». ",
  "an2.114:1.0": "17",
  "an2.114:1.1": "«Монахи, пятна [умственных загрязнений] увеличиваются у этих двух.",
  "an2.114:1.2": "У каких двух?",
  "an2.114:1.3": "Тот, кто воспринимает не-Дхамму как Дхамму и тот, кто воспринимает Дхамму как не-Дхамму. ",
  "an2.114:1.4": "Пятна [умственных загрязнений] увеличиваются у этих двух».",
  "an2.115:1.0": "18",
  "an2.115:1.1": "«Монахи, пятна [умственных загрязнений] не увеличиваются у этих двух. ",
  "an2.115:1.2": "У каких двух?",
  "an2.115:1.3": "Тот, кто воспринимает Дхамму как Дхамму и тот, кто воспринимает не-Дхамму как не-Дхамму. ",
  "an2.115:1.4": "Пятна [умственных загрязнений] не увеличиваются у этих двух». ",
  "an2.116:1.0": "19",
  "an2.116:1.1": "«Монахи, пятна [умственных загрязнений] увеличиваются у этих двух.",
  "an2.116:1.2": "У каких двух?",
  "an2.116:1.3": "Тот, кто воспринимает не-Винаю как Винаю и тот, кто воспринимает Винаю как не-Винаю. ",
  "an2.116:1.4": "Пятна [умственных загрязнений] увеличиваются у этих двух».",
  "an2.117:1.0": "20",
  "an2.117:1.1": "«Монахи, пятна [умственных загрязнений] не увеличиваются у этих двух. ",
  "an2.117:1.2": "У каких двух?",
  "an2.117:1.3": "Тот, кто воспринимает не-Винаю как не-Винаю и тот, кто воспринимает Винаю как Винаю. ",
  "an2.117:1.4": "Пятна [умственных загрязнений] не увеличиваются у этих двух». ",
  "an2.117:1.5": "Глава Бала Пятая.",
  "an2.117:1.6": "Вторая Пятидесятка Завершена."
}