{
  "an2.230-279:0.1": "Восходящие Наставления 2.230-279",
  "an2.230-279:0.2": "Сокращение Акусала",
  "an2.230-279:1.1": "«Эти, монахи, два неблагих качества… два благих качества… два порицаемых качества… два не порицаемых качества… два качества, имеющие своим исходом боль… два качества, имеющие своим исходом приятное… два качества, которые оканчиваются болью… два качества, которые оканчиваются приятным… два вредных качества… два безвредных качества.",
  "an2.230-279:1.2": "Какие два? ",
  "an2.230-279:1.3": "Не-злоба и не-враждебность… не-клевета и не-высокомерие… не-зависть и не-скупость… не-лживость и не-коварство… стыд и боязнь совершить проступок",
  "an2.230-279:1.4": "Эти, монахи, два качества безвредны».",
  "an2.230-279:1.5": "Сокращение Акусала окончено."
}