{
  "dn19:0.1": "Длинные Наставления 19 ",
  "dn19:0.2": "Махаговинда Сутта ",
  "dn19:1.1": "Вот что я слышал",
  "dn19:1.2": "Однажды Благостный пребывал в Раджагахе на холме Гиджджхакута. ",
  "dn19:1.3": "И вот с исходом ночи превосходный видом отпрыск гандхаббов Панчасикха, озарив сиянием всю Гиджджхакуту, приблизился к Благостному. Приблизившись, он приветствовал Благостного и стал в стороне. И, стоя в стороне, отпрыск гандхаббов Панчасикха так сказал Благостному: ",
  "dn19:1.4": "«Что, господин, я слышал из уст, что воспринял из уст тридцати трех богов, то, господин, я передам Благостному». ",
  "dn19:1.5": "«Передай мне [это], Панчасикха», — сказал Благостный. ",
  "dn19:2.0": "1. Собрание божеств ",
  "dn19:2.1": "«В далекие, очень далекие времена, господин, в тот день упосатхи [что перед] пятнадцатым [днем месяца], в праздник Паварана в ночь полнолуния все тридцать три бога, собравшись, сидели вместе в зале Судхамма; ",
  "dn19:2.2": "и со всех сторон сидело великое божественное собрание, и с четырех сторон сидели четыре Великих царя; ",
  "dn19:2.3": "с восточной стороны, лицом к западу, сидел Великий царь Дхатараттха, чтимый богами; ",
  "dn19:2.4": "с южной стороны, лицом к северу, сидел Великий царь Вирулхака, чтимый богами; ",
  "dn19:2.5": "с западной стороны, лицом к востоку, сидел Великий царь Вирупаккха, чтимый богами; ",
  "dn19:2.6": "с северной стороны, лицом к югу, сидел Великий царь Вессавана, чтимый богами. ",
  "dn19:2.7": "И когда, господин, все тридцать три бога, собравшись, сидели вместе в зале Судхамма, и со всех сторон сидело великое божественное собрание, и с четырех сторон сидели четыре Великих царя, то таковы были их сиденья. А за ними были наши сиденья; ",
  "dn19:2.8": "а за ними были наши сиденья. ",
  "dn19:3.1": "И те боги, господин, которые, ведя целомудренную жизнь, недавно родились в сонме тридцати трех, затмевали других богов красотой и славой. ",
  "dn19:3.2": "И тридцать три бога, господин, были удовлетворены этим, довольны, исполнены радости и веселья, [говоря]; ",
  "dn19:3.3": "„Поистине, божественные сонмы возрастают и уменьшаются сонмы асуров“. ",
  "dn19:3.4": "И тогда, господин, повелитель богов Сакка, видя удовлетворение тридцати трех богов, выразил свою радость такими строфами: ",
  "dn19:3.5": "„Поистине, радуются тридцать три бога вместе с [их] повелителем, ",
  "dn19:3.6": "чтя Татхагату и благость дхаммы; ",
  "dn19:3.7": "Чтя Татхагату, ",
  "dn19:3.8": "и благость дхаммы. ",
  "dn19:3.9": "Смотря на новых богов, прекрасных, славных, ",
  "dn19:3.10": "прекрасных, славных; ",
  "dn19:3.11": "Ведших целомудренную жизнь ",
  "dn19:3.12": "при Счастливом и пришедших сюда. ",
  "dn19:3.13": "Они затмевают других ",
  "dn19:3.14": "красотой, славой, долголетием; ",
  "dn19:3.15": "Ученики Великомудрого, ",
  "dn19:3.16": "достигшие здесь отличия. ",
  "dn19:3.17": "Видя это, веселятся ",
  "dn19:3.18": "тридцать три [бога] вместе с [их] повелителем; ",
  "dn19:3.19": "Чтя Татхагату ",
  "dn19:3.20": "и благость дхаммы“. ",
  "dn19:3.21": "И тридцать три бога, господин, были еще в большей мере удовлетворены этим, довольны, исполнены радости и веселья, [говоря]; ",
  "dn19:3.22": "„Поистине, божественные сонмы возрастают и уменьшаются сонмы асуров“. ",
  "dn19:4.0": "2. Восемь заявлений, согласных с истиной ",
  "dn19:4.1": "И тогда, господин, повелитель богов Сакка, видя удовлетворение тридцати трех богов, обратился к тридцати трем богам: ",
  "dn19:4.2": "„Не хотите ли вы, досточтимые, услышать восемь согласных с истиной восхвалений этого Благостного?“ ",
  "dn19:4.3": "„Мы хотим, досточтимый, услышать восемь согласных с истиной восхвалений этого Благостного“. ",
  "dn19:4.4": "И тогда, господин, повелитель богов Сакка произнес перед тридцатью тремя богами восемь согласных с истиной восхвалений Благостного: ",
  "dn19:5.1": "„Как вы думаете об этом, почтенные тридцать три бога? ",
  "dn19:5.2": "Ведь Благостный достиг этого ради благополучия многих людей, ради счастья многих людей, ради сострадания к миру, ради пользы, благополучия и счастья богов и людей. ",
  "dn19:5.3": "И достигшего этого ради благополучия многих людей, ради счастья многих людей, ради сострадания к миру, ради пользы, благополучия и счастья богов и людей, наделенного этим признаком другого учителя, кроме Благостного, мы не увидим ни в прошлом, ни в настоящем. ",
  "dn19:6.1": "Ведь Благостным хорошо провозглашена истина — предназначенная для этого мира, непреходящая, открытая всем, ведущая к спасению, которую мудрые должны ощутить в своем сердце. ",
  "dn19:6.2": "И проповедующего эту истину, ведущую к спасению, наделенного этим признаком другого учителя, кроме Благостного, мы не увидим ни в прошлом, ни в настоящем. ",
  "dn19:7.1": "Ведь Благостным хорошо постигнуто: ‘это хорошо’, хорошо постигнуто ‘это нехорошо’. ",
  "dn19:7.2": "хорошо постигнуто: ‘это запретно’ — ‘это незапретно’, ‘это уместно’ — ‘это неуместно’, ‘это низко’ — ‘это возвышенно’, ‘это напоминает и черное и белое’. ",
  "dn19:7.3": "И дающего постичь хорошие и нехорошие вещи, запретные и незапретные, уместные и неуместные, низменные и возвышенные, напоминающие и черное и белое, наделенного этим признаком другого учителя, кроме Благостного, мы не увидим ни в прошлом, ни в настоящем. ",
  "dn19:8.1": "Ведь Благостным хорошо постигнут путь, ведущий учеников к ниббане, и ниббана и путь сливаются вместе. ",
  "dn19:8.2": "Подобно тому, как воды Ганга сливаются вместе, движутся вместе с водами Ямуны; ",
  "dn19:8.3": "так же точно Благостным хорошо постигнут путь, ведущий учеников к ниббане, и ниббана и путь сливаются вместе. ",
  "dn19:8.4": "И дающего постичь путь, ведущий к ниббане, наделенного этим признаком другого учителя, кроме Благостного, мы не увидим ни в прошлом, ни в настоящем. ",
  "dn19:9.1": "Ведь совершенны приобретения Благостного, совершенна слава, так что кшатрии, я бы сказал, пребывают в дружеском расположении [к нему], и все же этот Благостный принимает пропитание, освободившись от гордыни. ",
  "dn19:9.2": "И принимающего пропитание без гордыни, наделенного этим признаком другого учителя, кроме Благостного, мы не увидим ни в прошлом, ни в будущем. ",
  "dn19:10.1": "Ведь Благостный приобрел спутников — и следующих путем ученичества, и уничтоживших порочные свойства, достигших совершенства. ",
  "dn19:10.2": "И Благостный, не отсылая их, живет, преследуя удовлетворенность лишь в одном. ",
  "dn19:10.3": "И преследующего удовлетворенность лишь в одном, наделенного этим признаком другого учителя, кроме Благостного, мы не увидим ни в прошлом, ни в настоящем. ",
  "dn19:11.1": "Ведь слова Благостного соответствуют делам, дела соответствуют словам. ",
  "dn19:11.2": "И того, чьи слова соответствуют делам, а дела соответствуют словам, следующего истине во всей ее последовательности, наделенного этим признаком другого учителя, кроме Благостного, мы не увидим ни в прошлом, ни в будущем. ",
  "dn19:12.1": "Ведь Благостный преодолел сомнение, освободился от замешательства, исполнил намерение, устремленное к целомудрию. ",
  "dn19:12.2": "И преодолевшего сомнение, освободившегося от замешательства, исполнившего намерение, устремленное к целомудрию, наделенного этим признаком другого учителя, кроме Благостного, мы не увидим ни в прошлом, ни в будущем“. ",
  "dn19:12.3": "Так, господин, повелитель богов Сакка произнес перед тридцатью тремя богами восемь согласных с истиной восхвалений Благостного. ",
  "dn19:12.4": "И вот, господин, услышав восемь согласных с истиной восхвалений Благостного, тридцать три бога были еще в большей мере удовлетворены этим, довольны, исполнены радости и веселья. ",
  "dn19:13.1": "И тогда, господин, некоторые боги сказали так: ",
  "dn19:13.2": "„О, если бы, досточтимые, в мире появились четверо всецело просветленных и, подобно Благостному, стали бы наставлять в истине. ",
  "dn19:13.3": "Ради благополучия многих людей, ради счастья многих людей, ради сострадания к миру, ради пользы, благополучия и счастья богов и людей!“. ",
  "dn19:13.4": "А некоторые боги сказали так: ",
  "dn19:13.5": "„Оставьте, досточтимые, четверых всецело просветленных. О, если бы, досточтимые, в мире появились трое всецело просветленных и, подобно Благостному, стали бы наставлять в истине. ",
  "dn19:13.6": "Ради благополучия многих людей, ради счастья многих людей, ради сострадания к миру, ради пользы, благополучия и счастья богов и людей!“. ",
  "dn19:13.7": "А некоторые боги сказали так: ",
  "dn19:13.8": "„Оставьте, досточтимые, трех всецело просветленных. О, если бы, досточтимые, в мире появились двое всецело просветленных и, подобно Благостному, стали бы наставлять в истине. ",
  "dn19:13.9": "Ради благополучия многих людей, ради счастья многих людей, ради сострадания к миру, ради пользы, благополучия и счастья богов и людей!“. ",
  "dn19:14.1": "Когда, господин, так было сказано, повелитель богов Сакка, сказал тридцати трем богам: ",
  "dn19:14.2": "„Невозможно это, досточтимые, и невероятно, чтобы в одном мироздании появились два архата, всецело просветленных — ни раньше, ни позже [один другого] Такого быть не может. ",
  "dn19:14.3": "О, досточтимые, пусть же этот Благостный освободится от болезни, освободится от недуга и живет долгое, продолжительное время. ",
  "dn19:14.4": "Ради благополучия многих людей, ради счастья многих людей, ради сострадания к миру, ради пользы, благополучия и счастья богов и людей!“. ",
  "dn19:14.5": "И тогда, господин, подумав о той цели и обсудив ту цель, ради которой они, собравшись, уселись вместе в зале Судхамма, тридцать три бога произнесли слова об этой цели четырем Великим царям. ",
  "dn19:14.6": "Наставили словами об этой цели четырех Великих царей, которые, не уходя, пребывали на своих сиденьях. ",
  "dn19:14.7": "Восприняв произнесенную речь, ",
  "dn19:14.8": "[восприняв] наставления, эти цари; ",
  "dn19:14.9": "Успокоившись сердцем, ",
  "dn19:14.10": "пребывали на своих сиденьях. ",
  "dn19:15.1": "И тогда, господин, великий свет родился с северной стороны, открылось сияние, превосходящее божественный блеск богов. ",
  "dn19:15.2": "И вот, господин, повелитель богов Сакка обратился к тридцати трем богам: ",
  "dn19:15.3": "„Когда, досточтимые, появляются знамения, рождается свет, открывается сияние, то тогда открывается Брахма; ",
  "dn19:15.4": "ведь знамения, предшествующие откровению Брахмы, таковы, что рождается свет и открывается сияние. ",
  "dn19:15.5": "Когда являются знамения, ",
  "dn19:15.6": "то открывается Брахма; ",
  "dn19:15.7": "Это знамение Брахмы, ",
  "dn19:15.8": "ведь великое, могучее сияние. ",
  "dn19:16.0": "3. Брахма Сананкунара ",
  "dn19:16.1": "И тогда, господин, тридцать три бога уселись на свои сиденья, [говоря]: ",
  "dn19:16.2": "„Узнаем, каков будет плод этого сияния — испытав [это], мы выйдем к нему [навстречу]“. ",
  "dn19:16.3": "А четыре Великих царя также уселись на свои сиденья, [говоря]: ",
  "dn19:16.4": "„Узнаем, каков будет плод этого сияния — испытав [это], мы выйдем к нему [навстречу]“. ",
  "dn19:16.5": "Слыша это, тридцать три бога все сошлись [во мнении]: ",
  "dn19:16.6": "„Узнаем, каков будет плод этого сияния — испытав [это], мы выйдем к нему [навстречу]“. ",
  "dn19:16.7": "Когда, господин, Брахма Сананкумара открывается тридцати трем богам, он открывается, приняв грубый облик. ",
  "dn19:16.8": "Ведь естественный вид Брахмы, господин, не достигает пределов зрения тридцати трех богов. ",
  "dn19:16.9": "Когда, господин, Брахма Сананкумара открывается тридцати трем богам, он затмевает других богов красотой и славой. ",
  "dn19:16.10": "Подобно тому, господин, как золотая фигура затмевает человеческую фигуру; ",
  "dn19:16.11": "так же точно, господин, когда Брахма Сананкумара открывается тридцати трем богам, он затмевает других богов красотой и славой. ",
  "dn19:16.12": "Когда, господин, Брахма Сананкумара открывается тридцати трем богам, то ни один бог в этом собрании ни приветствует [его], ни поднимается, ни предлагает сиденье. ",
  "dn19:16.13": "Все пребывают в безмолвии и сидят, сложив ладони и скрестив под собой ноги, [с мыслью]: ",
  "dn19:16.14": "„Брахма Сананкумара усядется на ложе того бога, которого он сейчас изберет“. ",
  "dn19:16.15": "И вот, господин, на чье ложе усаживается Брахма Сананкумара, тот бог обретает великое одушевление, тот бог обретает великое удовлетворение. ",
  "dn19:17.1": "Подобно тому, господин, как царь, повелитель, недавно увенчанный и помазанный на царство, обретает великое одушевление, обретает великое удовлетворение; ",
  "dn19:17.2": "так же точно, господин, на чье ложе усаживается Брахма Сананкумара, тот бог обретает великое одушевление, тот бог обретает великое удовлетворение. ",
  "dn19:17.3": "И вот, господин, Брахма Сананкумара, видя удовлетворение тридцати трех богов и будучи скрыт, выразил свою радость такими строфами: ",
  "dn19:17.4": "„Поистине, радуются тридцать три бога ",
  "dn19:17.5": "вместе с [их] повелителем; ",
  "dn19:17.6": "Чтя Татхагату ",
  "dn19:17.7": "и благость дхаммы. ",
  "dn19:17.8": "Смотря на новых богов, ",
  "dn19:17.9": "прекрасных, славных; ",
  "dn19:17.10": "Ведших целомудренную жизнь ",
  "dn19:17.11": "при Счастливом и пришедших сюда. ",
  "dn19:17.12": "Они затмевают других ",
  "dn19:17.13": "красотой, славой, долголетием; ",
  "dn19:17.14": "Ученики Великомудрого, ",
  "dn19:17.15": "достигшие здесь отличия. ",
  "dn19:17.16": "Видя это, веселятся ",
  "dn19:17.17": "вместе с [их] повелителем; ",
  "dn19:17.18": "Чтя Татхагату ",
  "dn19:17.19": "и благость дхаммы“. ",
  "dn19:18.1": "Так Брахма Сананкумара, господин, стал говорить об этом деле. ",
  "dn19:18.2": "И у Брахмы Сананкумары, господин, говорящем об этом деле, голос был наделен восемью свойствами: отчетливый, понятный, красивый, приятный для слуха, связный, непрерывающийся, глубокий, звучный. ",
  "dn19:18.3": "Когда Брахма Сананкумара, господин, обращается этим голосом к собранию, то звук его [голоса] не выходит за пределы собрания. ",
  "dn19:18.4": "И вот, господин, чей голос наделен этими восемью свойствами, тот зовется обладающим голосом Брахмы. ",
  "dn19:19.1": "И вот, господин, тридцать три бога так сказали Брахме Сананкумаре: ",
  "dn19:19.2": "„Хорошо, Брахма, мы радуемся, рассуждая об этом; ",
  "dn19:19.3": "и мы радуемся, рассуждая о восьми согласных с истиной восхвалениях этого Благостного; ",
  "dn19:19.4": "изреченных владыкой богов Саккой“. ",
  "dn19:19.5.0": "4. Восемь заявлений, согласных с истиной ",
  "dn19:19.6": "И вот, господин, Брахма Сананкумара так сказал владыке богов Сакке: ",
  "dn19:19.7": "„Хорошо, владыка богов, и мы тоже хотим услышать восемь согласных с истиной восхвалений этого Благостного“. ",
  "dn19:19.8": "„Хорошо, великий Брахма“, — [сказав] так, господин, повелитель богов Сакка произнес перед Брахмой Сананкумарой восемь согласных с истиной восхвалений Благостного. ",
  "dn19:20.1": "„Как ты думаешь об этом, великий Брахма? ",
  "dn19:20.2": "Ведь Благостный достиг этого ради благополучия многих людей, ради счастья многих людей, ради сострадания к миру, ради пользы, благополучия и счастья богов и людей. ",
  "dn19:20.3": "И достигшего этого ради благополучия многих людей, ради счастья многих людей, ради сострадания к миру, ради пользы, благополучия и счастья богов и людей, наделенного этим признаком другого учителя, кроме Благостного, мы не увидим ни в прошлом, ни в настоящем. ",
  "dn19:21.1": "Ведь Благостным хорошо провозглашена истина — предназначенная для этого мира, непреходящая, открытая всем, ведущая к спасению, которую мудрые должны ощутить в своем сердце. ",
  "dn19:21.2": "И проповедуя эту истину, ведущую к спасению, наделенного этим признаком другого учителя, кроме Благостного, мы не увидим ни в прошлом, ни в настоящем. ",
  "dn19:22.1": "Ведь Благостным хорошо постигнуто: ‘это хорошо’, хорошо постигнуто ‘это нехорошо’, хорошо постигнуто: ‘это запретно’ — ‘это незапретно’, ‘это уместно’ — ‘это неуместно’, ‘это низко’ — ‘это возвышенно’, ‘это напоминает и черное и белое’. ",
  "dn19:22.2": "И дающего постичь хорошие и нехорошие вещи, запретные и незапретные, уместные и неуместные, низменные и возвышенные, напоминающие и черное и белое, ",
  "dn19:22.3": "наделенного этим признаком другого учителя, кроме Благостного, мы не увидим ни в прошлом, ни в настоящем. ",
  "dn19:23.1": "Ведь Благостным хорошо постигнут путь, ведущий учеников к ниббане, и ниббана и путь сливаются вместе. ",
  "dn19:23.2": "Подобно тому как воды Ганга сливаются вместе, движутся вместе с водами Ямуны, ",
  "dn19:23.3": "так же точно Благостным хорошо постигнут путь, ведущий учеников к ниббане, и ниббана и путь сливаются вместе. ",
  "dn19:23.4": "И дающего постичь путь, ведущий к ниббане, наделенного этим признаком другого учителя, кроме Благостного, мы не увидим ни в прошлом, ни в настоящем. ",
  "dn19:24.1": "Ведь совершенны приобретения Благостного, совершенна слава, так что кшатрии, я бы сказал, пребывают в дружеском расположении [к нему], ",
  "dn19:24.2": "и все же этот Благостный принимает пропитание, освободившись от гордыни. ",
  "dn19:24.3": "И принимающего пропитание без гордыни, наделенного этим признаком другого учителя, кроме Благостного, мы не увидим ни в прошлом, ни в будущем. ",
  "dn19:25.1": "Ведь Благостный приобрел спутников — и следующих путем ученичества, и уничтоживших порочные свойства, достигших совершенства, и Благостный, не отсылая их, живет, преследуя удовлетворенность лишь в одном. ",
  "dn19:25.2": "И преследующего удовлетворенность лишь в одном, наделенного этим признаком другого учителя, кроме Благостного, мы не увидим ни в прошлом, ни в будущем. ",
  "dn19:26.1": "1.26. Ведь слова Благостного соответствуют делам, дела соответствуют словам. ",
  "dn19:26.2": "И того, чьи слова соответствуют делам, а дела соответствуют словам, ",
  "dn19:26.3": "следующего истине во всей ее последовательности, наделенного этим признаком другого учителя, кроме Благостного, мы не увидим ни в прошлом, ни в будущем. ",
  "dn19:27.1": "Ведь Благостный преодолел сомнение, освободился от замешательства, исполнил намерение, устремленное к целомудрию. ",
  "dn19:27.2": "И преодолевшего сомнение, освободившегося от замешательства, исполнившего намерение, устремленное к целомудрию, ",
  "dn19:27.3": "наделенного этим признаком другого учителя, кроме Благостного, мы не увидим ни в прошлом, ни в будущем“. ",
  "dn19:28.1": "Так, господин, повелитель богов Сакка произнес перед Брахмой Сананкумарой восемь согласных с истиной восхвалений Благостного. ",
  "dn19:28.2": "И вот, господин, услышав восемь согласных с истиной восхвалений Благостного, Брахма Сананкумара был удовлетворен этим, доволен, исполнен радости и веселья. ",
  "dn19:28.3": "И вот, господин, Брахма Сананкумара, приняв грубый облик в виде юноши Панчасикхи, открылся тридцати трем богам. ",
  "dn19:28.4": "И, поднявшись в воздух, он уселся в воздушном пространстве, скрестив под собой ноги. ",
  "dn19:28.5": "Подобно тому, господин, как сильный человек мог бы, скрестив под собой ноги, усесться на хорошо разостланном ложе или на ровной поверхности земли, ",
  "dn19:28.6": "так же точно, господин, Брахма Сананкумара, поднявшись в воздух, уселся в воздушном пространстве, скрестив под собой ноги, и обратился к тридцати трем богам: ",
  "dn19:28.7.0": "5. О брахмане-попечителе ",
  "dn19:28.8": "„Как вы думаете об этом, почтенные тридцать три бога? Ведь этот Благостный в течение долгого времени был наделен великим постижением. ",
  "dn19:29.1": "Когда-то давно, почтенные, жил царь по имени Дисампати. ",
  "dn19:29.2": "У царя Дисампати был главный жрец — брахман по имени Говинда. ",
  "dn19:29.3": "У царя Дисампати был сын — царевич по имени Рену. ",
  "dn19:29.4": "У брахмана Говинды был сын — юноша по имени Джотипала. ",
  "dn19:29.5": "И вот царский сын Рену и юноша Джотипала и шестеро других кшатриев — эти восемь — были друзьями. ",
  "dn19:29.6": "И вот с течением времени брахман Говинда окончил свои дни. ",
  "dn19:29.7": "Когда же брахман Говинда окончил свои дни, царь Дисампати стал оплакивать его: ",
  "dn19:29.8": "‘Увы, почтенные! Едва мы доверили брахману Говинде все дела и стали услаждаться, будучи наделены и одарены пятью признаками чувственности, как брахман Говинда окончил свои дни!’ ",
  "dn19:29.9": "Когда так было сказано, царский сын Рену сказал царю:  ",
  "dn19:29.10": "‘Не оплакивай столь горько, Божественный, брахмана Говинду, окончившего свои дни. ",
  "dn19:29.11": "У брахмана Говинды, Божественный, есть сын — юноша по имени Джотипала, который и мудрее отца, и лучше отца способен различать полезное. ",
  "dn19:29.12": "Пусть юноша Джотипала заботится о тех делах, о которых заботился отец’. ",
  "dn19:29.13": "‘Так ли, царевич?’ ",
  "dn19:29.14": "‘Так, Божественный’“. ",
  "dn19:30.0": "6. О великом попечителе ",
  "dn19:30.1": "И тогда, почтенные, царь Дисампати обратился к одному слуге: ",
  "dn19:30.2": "„Эй, слуга, иди к юноше Джотипале, приблизься к нему и, приблизившись, скажи так юноше Джотипале: ",
  "dn19:30.3": "‘Пусть здравствует досточтимый юноша Джотипала. Царь Дисампати обращается к досточтимому юноше Джотипале. Царь Дисампати желает видеть досточтимого юношу Джотипалу’“. ",
  "dn19:30.4": "„Хорошо, Божественный“, — согласился этот слуга с царем Дисампати и вот, почтенные, он приблизился к юноше Джотипале и, приблизившись, так сказал юноше Джотипале: ",
  "dn19:30.5": "„Пусть здравствует досточтимый юноша Джотипала. Царь Дисампати обращается к досточтимому юноше Джотипале. Царь Дисампати желает видеть досточтимого юношу Джотипалу“. ",
  "dn19:30.6": "„Хорошо, почтенный“, — согласился юноша Джотипала с этим слугой, и вот, почтенные, он приблизился к царю Дисампати, приблизившись, он обменялся с царем Дисампати дружескими, дружелюбными словами и почтительным приветствием и сел в стороне. ",
  "dn19:30.7": "И вот, почтенные, царь Дисампати так сказал сидящему в стороне юноше Джотипале: ",
  "dn19:30.8": "„Пусть досточтимый юноша Джотипала заботится о наших [делах] и пусть досточтимый Джотипала не отказывается от этой заботы. ",
  "dn19:30.9": "Я поставлю его на отцовское место и возведу в должность Говинды“. ",
  "dn19:30.10": "„Хорошо, почтенный“, — так, почтенные, согласился юноша Джотипала с царем Дисампати. ",
  "dn19:31.1": "И тогда, почтенные, царь Дисампати возвел юношу Джотипалу в должность Говинды, поставил на отцовское место. ",
  "dn19:31.2": "И возведенный в должность Говинды, поставленный на отцовское место, юноша Джотипала заботился о тех делах, ",
  "dn19:31.3": "о которых заботился его отец, не заботился о тех делах, о которых не заботился его отец, нес те труды, которые нес его отец, не нес тех трудов, которых не нес его отец. ",
  "dn19:31.4": "И люди так говорили о нем: ",
  "dn19:31.5": "„Поистине, этот брахман — [как сам] Говинда, поистине, этот брахман — великий Говинда!“ ",
  "dn19:31.6": "И вот, почтенные, таким образом юношу Джотипалу стали звать по имени: „Махаговинда, Махговинда“. ",
  "dn19:32.0": "6.1. Раздел имущества царя ",
  "dn19:32.1": "И вот, почтенные, однажды брахман Махаговинда приблизился к тем шестерым кшатриям и, приблизившись, так сказал тем шестерым кшатриям: ",
  "dn19:32.2": "„Ведь царь Дисампати, почтенные, стар, преклонных лет, много прожил, достиг конца жизненного пути, исполнился его срок. Кто же знает, почтенные, о [смертном часе] живущих? ",
  "dn19:32.3": "Если случится так, что царь Дисампати окончит свои дни, то пусть совершающие обряд воцарения помажут на царство царского сына Рену. ",
  "dn19:32.4": "Идите же, почтенные, приблизьтесь к царскому сыну Рену и, приблизившись, так скажите царскому сыну Рену: ",
  "dn19:32.5": "‘Мы — дорогие, близкие, неизменные друзья почтенного Рену. Что счастье для досточтимого — то счастье для нас, что несчастье для досточтимого — то несчастье для нас. ",
  "dn19:32.6": "Ведь царь Дисампати, почтенный, стар, преклонных лет, много прожил, достиг конца жизненного пути, исполнился его срок. Кто же знает, почтенный, о [смертном часе] живущих? ",
  "dn19:32.7": "Если случится так, что царь Дисампати окончит свои дни, то пусть совершающие обряд воцарения помажут на царство досточтимого Рену. ",
  "dn19:32.8": "Если же досточтимый Рену получит царскую власть, то пусть поделится с нами царской властью’“. ",
  "dn19:33.1": "„Хорошо, почтенный“, — согласились те шесть кшатриев с брахманом Махаговиндой, и вот, почтенные, они приблизились к царскому сыну Рену и, приблизившись, так сказали царскому сыну Рену: ",
  "dn19:33.2": "„Мы — дорогие, близкие, неизменные друзья почтенного Рену. ",
  "dn19:33.3": "Что счастье для досточтимого — то счастье для нас, что несчастье для досточтимого — то несчастье для нас. ",
  "dn19:33.4": "Ведь царь Дисампати, почтенный, стар, преклонных лет, много прожил, достиг конца жизненного пути, исполнился его срок. Кто же знает, почтенный, о [смертном часе] живущих? ",
  "dn19:33.5": "Если случится так, что царь Дисампати окончит свои дни, то пусть совершающие обряд воцарения помажут на царство досточтимого Рену. ",
  "dn19:33.6": "Если же досточтимый Рену получит царскую власть, то пусть поделится с нами царской властью“. ",
  "dn19:33.7": "„Кто же другой, почтенные, должен еще счастливо процветать в моем царстве, кроме вас? ",
  "dn19:33.8": "Если, почтенные, я получу царскую власть, то поделюсь с вами царской властью“. ",
  "dn19:34.1": "И вот, почтенные, с течением времени царь Дисампати окончил свои дни. ",
  "dn19:34.2": "Когда царь Дисампати окончил свои дни, совершающие обряд воцарения помазали на царство царского сына Рену. ",
  "dn19:34.3": "И помазанный на царство Рену стал наслаждаться, будучи наделен и одарен пятью признаками чувственности. ",
  "dn19:34.4": "И тогда, почтенные, брахман Махаговинда приблизился к тем шести кшатриям и, приблизившись, так сказал тем шестерым кшатриям: ",
  "dn19:34.5": "„Царь Дисампати, почтенные, окончил свои дни, ",
  "dn19:34.6": "досточтимый Рену помазан на царство и наслаждается, будучи наделен и одарен пятью признаками чувственности. ",
  "dn19:34.7": "Кто же знает, почтенные? Чувственные удовольствия опьяняют. ",
  "dn19:34.8": "Идите же, почтенные, приблизьтесь к царю Рену и, приблизившись, так скажите царю Рену: ",
  "dn19:34.9": "‘Царь Дисампати, почтенный, окончил свои дни, досточтимый Рену помазан на царство — помнит ли досточтимый те [свои] слова?’“ ",
  "dn19:34.10": "„Хорошо, почтенный“, — согласились те шестеро кшатриев с брахманом Махаговиндой, и вот, почтенные, они приблизились к царю Рену и, приблизившись, так сказали царю Рену: ",
  "dn19:34.11": "„Царь Дисампати, почтенный, окончил свои дни, досточтимый Рену помазан на царство — помнит ли досточтимый те [свои] слова?“ ",
  "dn19:34.12": "„Я помню, почтенные, те слова. ",
  "dn19:34.13": "Кто же [из вас], почтенные, способен хорошо разделить поровну на семь частей эту великую землю, простирающуюся с севера на юг, словно передняя часть повозки?“ ",
  "dn19:34.14": "„Кто же, почтенный, другой, кроме брахмана Махаговинды, способен на это?“ ",
  "dn19:35.1": "И тогда, почтенные, царь Рену обратился к одному слуге: ",
  "dn19:35.2": "„Эй, слуга, иди к брахману Махаговинде, приблизься к нему и, приблизившись, скажи так брахману Махаговинде: ",
  "dn19:35.3": "‘Господин, к тебе обращается царь Рену’“. ",
  "dn19:35.4": "„Хорошо, Божественный“, — согласился этот слуга с царем Рену, и вот, почтенные, он приблизился к брахману Махаговинде и, приблизившись, так сказал брахману Махаговинде: ",
  "dn19:35.5": "„Господин, к тебе обращается царь Рену“. ",
  "dn19:35.6": "„Хорошо, почтенный“, — согласился брахман Махаговинда с этим слугой и вот, почтенные, он приблизился к царю Рену; приблизившись, он обменялся с царем Рену дружескими, дружелюбными словами и почтительным приветствием ",
  "dn19:35.7": "и сел в стороне. И вот, почтенные, царь Рену так сказал сидящему в стороне брахману Махаговинде: ",
  "dn19:35.8": "„Пусть досточтимый [Махаговинда пойдет и хорошо разделит поровну на семь частей эту великую землю, простирающуюся с севера на юг, словно передняя часть повозки“. ",
  "dn19:35.9": "„Хорошо, почтенный“, — согласился брахман Махаговинда с царем Рену, и вот, почтенные, он хорошо разделил поровну на семь частей эту великую землю, простирающуюся с севера на юг, словно передняя часть повозки, ",
  "dn19:36.1": "и распределил все [части], словно передние части повозки. ",
  "dn19:36.2": "И страна царя Рену находилась там в середине: ",
  "dn19:36.3": "Дантапура у калингов ",
  "dn19:36.4": "и у ассаков — Потана, ",
  "dn19:36.5": "Махиссати у аванти ",
  "dn19:36.6": "и у совиров — Рорука, ",
  "dn19:36.7": "И Митхила у видехов, ",
  "dn19:36.8": "Чампа определена у ангов, ",
  "dn19:36.9": "И Баранаси у касийцев — ",
  "dn19:36.10": "эти [части] определены [Махаговиндой. ",
  "dn19:36.11": "И вот, почтенные, те шестеро кшатриев, исполнивших [свои] намерения, были удовлетворены каждый своим приобретением [и говорили]: ",
  "dn19:36.12": "„Поистине, мы приобрели то, чего желали, чего хотели, к чему стремились, о чем просили“. ",
  "dn19:36.13": "Саттабху и Брахмадатта, ",
  "dn19:36.14": "Вессабху с Бхаратой, ",
  "dn19:36.15": "Рену и двое Дхатараттх — ",
  "dn19:36.16": "таковы семь Бхарат». ",
  "dn19:36.17": "Окончен первый раздел поучения. ",
  "dn19:37.0": "6.2. Распространение молвы ",
  "dn19:37.1": "«И вот, почтенные, те шестеро кшатриев приблизились к брахману Махаговинде и, приблизившись, так сказали брахману Махаговинде: ",
  "dn19:37.2": "„Как досточтимый [Маха]говинда — дорогой, близкий, неизменный друг царя Рену, так досточтимый [Маха]говинда — дорогой, близкий, неизменный друг и нам. ",
  "dn19:37.3": "Пусть досточтимый [Маха]говинда заботится о наших [делах],  ",
  "dn19:37.4": "пусть досточтимый [Маха]говинда не отказывается от этой заботы“. ",
  "dn19:37.5": "„Хорошо, почтенные“, — так, почтенные, согласился брахман Махаговинда с этими шестью кшатриями. ",
  "dn19:37.6": "И вот, почтенные, брахман Махаговинда наставил в царских делах семерых помазанных на царство кшатриев и поставил читать священные тексты семерых богатых брахманов и семь сотен [брахманов], завершивших обучение. ",
  "dn19:38.1": "И вот, почтенные, о брахмане Махаговинде пошла со временем такая добрая слава: ",
  "dn19:38.2": "„Брахман Махаговинда воочию видит Брахму, брахман Махаговинда воочию общается, беседует, советуется с Брахмой“. ",
  "dn19:38.3": "И тогда, почтенные, брахман Махаговинда подумал так: ",
  "dn19:38.4": " „Ведь обо мне пошла такая добрая слава: ",
  "dn19:38.5": "‘Брахман Махаговинда воочию видит Брахму, брахман Махаговинда воочию общается, беседует, советуется с Брахмой’. ",
  "dn19:38.6": "Между тем я ни вижу Брахму, ни общаюсь с Брахмой, ни беседую с Брахмой, ни советуюсь с Брахмой. ",
  "dn19:38.7": "А я слыхал, что старшие, престарелые брахманы, наставники [моих] наставников говорят так: ",
  "dn19:38.8": "‘Кто в течение четырех дождливых месяцев предается уединению и стремится к подвигу сострадания, тот видит Брахму, общается, беседует, советуется с Брахмой’. ",
  "dn19:38.9": "Что, если теперь я в течение четырех дождливых месяцев стану предаваться уединению, стремиться к подвигу сострадания?“ ",
  "dn19:39.1": "И тогда, почтенные, брахман Махаговинда приблизился к царю Рену и, приблизившись, так сказал царю Рену: ",
  "dn19:39.2": "„Обо мне, почтенный, пошла такая добрая слава: ",
  "dn19:39.3": "‘Брахман Махаговинда воочию видит Брахму, брахман Махаговинда воочию общается, беседует, советуется с Брахмой’. ",
  "dn19:39.4": "Между тем, почтенный, я ни вижу Брахму, ни общаюсь с Брахмой, ни беседую с Брахмой, ни советуюсь с Брахмой. ",
  "dn19:39.5": "А я слыхал, что старшие, престарелые брахманы, наставники [моих] наставников говорят так: ",
  "dn19:39.6": "‘Кто в течение четырех дождливых месяцев предается уединению и стремится к подвигу сострадания, тот видит Брахму, общается, беседует, советуется с Брахмой’. ",
  "dn19:39.7": "Я хочу, почтенный, в течение четырех месяцев предаваться уединению, стремиться к подвигу сострадания. ",
  "dn19:39.8": "Никто не должен приближаться ко мне, кроме подносящего пищу“. ",
  "dn19:39.9": "„[Делай] теперь, досточтимый, как [Маха]говинда считает нужным“. ",
  "dn19:40.1": "И тогда, почтенные, брахман Махаговинда приблизился к тем шестерым кшатриям и, приблизившись, так сказал тем шестерым кшатриям: ",
  "dn19:40.2": "„Обо мне, почтенные, пошла такая добрая слава: ",
  "dn19:40.3": "‘Брахман Махаговинда воочию видит Брахму, брахман Махаговинда воочию общается, беседует, советуется с Брахмой’. ",
  "dn19:40.4": "Между тем, почтенные, я ни вижу Брахму, ни общаюсь с Брахмой, ни беседую с Брахмой, ни советуюсь с Брахмой. ",
  "dn19:40.5": "А я слыхал, что старшие, престарелые брахманы, наставники [моих] наставников говорят так: ",
  "dn19:40.6": "‘Кто в течение четырех дождливых месяцев предается уединению и стремится к подвигу сострадания, тот видит Брахму, общается, беседует, советуется с Брахмой’. ",
  "dn19:40.7": "Я хочу, почтенный, в течение четырех месяцев предаваться уединению, стремиться к подвигу сострадания. ",
  "dn19:40.8": "Никто не должен приближаться ко мне, кроме подносящего пищу“. ",
  "dn19:40.9": "„[Делай] теперь, досточтимый, как [Маха]говинда считает нужным“. ",
  "dn19:41.1": "И тогда, почтенные, брахман Махаговинда приблизился к семи богатым брахманам и семи сотням [брахманов], завершивших обучение, и, приблизившись, так сказал семерым богатым брахманам и семи сотням [брахманов], завершивших обучение: ",
  "dn19:41.2": "„Обо мне, почтенные, пошла такая добрая слава: ",
  "dn19:41.3": "‘Брахман Махаговинда воочию видит Брахму, брахман Махаговинда воочию общается, беседует, советуется с Брахмой’. ",
  "dn19:41.4": "Между тем, почтенные, я ни вижу Брахму, ни общаюсь с Брахмой, ни беседую с Брахмой, ни советуюсь с Брахмой. ",
  "dn19:41.5": "А я слыхал, что старшие, престарелые брахманы, наставники [моих] наставников говорят так: ",
  "dn19:41.6": "‘Кто в течение четырех дождливых месяцев предается уединению и стремится к подвигу сострадания, тот видит Брахму, общается, беседует, советуется с Брахмой’. ",
  "dn19:41.7": "Поэтому, почтенные, повторяйте целиком священные тексты, как [вы] слышали, как заучили [их], побуждайте друг друга читать священные тексты. ",
  "dn19:41.8": "Я хочу, почтенные, в течение четырех месяцев предаваться уединению, стремиться к подвигу сострадания. ",
  "dn19:41.9": "Никто не должен приближаться ко мне, кроме подносящего пищу“. ",
  "dn19:41.10": "„[Делай] теперь, досточтимый, как [Маха]говинда считает нужным“. ",
  "dn19:42.1": "2.42. И тогда, почтенные, брахман Махаговинда приблизился к сорока [своим] женам, равным [друг другу], и, приблизившись, так сказал сорока [своим] женам, равным [друг другу]: ",
  "dn19:42.2": "„Обо мне, почтенные, пошла такая добрая слава: ",
  "dn19:42.3": "‘Брахман Махаговинда воочию видит Брахму, брахман Махаговинда воочию общается, беседует, советуется с Брахмой’. ",
  "dn19:42.4": "Между тем, почтенные, я ни вижу Брахму, ни общаюсь с Брахмой, ни беседую с Брахмой, ни советуюсь с Брахмой. ",
  "dn19:42.5": "А я слыхал, что старшие, престарелые брахманы, наставники [моих] наставников говорят так: ",
  "dn19:42.6": "‘Кто в течение четырех дождливых месяцев предается уединению и стремится к подвигу сострадания, тот видит Брахму, общается, беседует, советуется с Брахмой’. ",
  "dn19:42.7": "Я хочу, почтенные, в течение четырех месяцев предаваться уединению, стремиться к подвигу сострадания. ",
  "dn19:42.8": "Никто не должен приближаться ко мне, кроме подносящего пищу“. ",
  "dn19:42.9": "„[Делай] теперь, досточтимый, как [Маха]говинда считает нужным“. ",
  "dn19:43.1": "2.43. И тогда, почтенные, брахман Махаговинда, приказал построить к востоку от города новую обитель, в течение четырех месяцев предавался [там] уединению, стремился к подвигу сострадания, ",
  "dn19:43.2": "и никто не приближался к нему, кроме подносящего пищу. ",
  "dn19:43.3": "И вот, почтенные, по истечении четырех месяцев у брахмана Махаговинды возникло разочарование, возникло беспокойство: ",
  "dn19:43.4": "„Ведь я слыхал, что старшие, престарелые брахманы, наставники [моих] наставников говорят: ",
  "dn19:43.5": "‘Кто в течение четырех дождливых месяцев предается уединению и стремится к подвигу сострадания, тот видит Брахму, общается, беседует, советуется с Брахмой’. ",
  "dn19:43.6": "Между тем я ни вижу Брахму, ни общаюсь с Брахмой, ни беседую с Брахмой, ни советуюсь с Брахмой“. ",
  "dn19:44.0": "6.3. Беседа с Брахмой ",
  "dn19:44.1": "И вот, почтенные, Брахма Сананкумара постиг умом размышление, возникшее у брахмана Махаговинды, и подобно тому как сильный человек вытягивает согнутую руку или сгибает вытянутую руку, так же точно он исчез из мира Брахмы и появился перед лицом брахмана Махаговинды. ",
  "dn19:44.2": "И вот, почтенные, у брахмана Махаговинды, увидевшего этот невиданный прежде облик, возник страх, возникло оцепенение, возникла дрожь волосков. ",
  "dn19:44.3": "И вот, почтенные, брахман Махаговинда, устрашенный, побужденный, испытывающий дрожь волосков, обратился к Брахме Сананкумаре с [такой] строфой: ",
  "dn19:44.4": "„Прекрасный, славный, величественный ",
  "dn19:44.5": "кто же ты, досточтимый? ",
  "dn19:44.6": "Не зная этого, ",
  "dn19:44.7": "мы спрашиваем — как же мы узнаем это?“ ",
  "dn19:44.8": "„В мире Брахмы меня знают ",
  "dn19:44.9": "как юношу, вечного, ",
  "dn19:44.10": "Все знают меня как бога — ",
  "dn19:44.11": "то же знай и ты, [Маха]говинда!“ ",
  "dn19:44.12": "„Сиденье, воду [для омовения] ног ",
  "dn19:44.13": "и медовый напиток Брахме, ",
  "dn19:44.14": "Досточтимому, предлагаем мы в дар — ",
  "dn19:44.15": "да сделает нам дар и досточтимый!“ ",
  "dn19:44.16": "„Мы принимаем твой дар, ",
  "dn19:44.17": "о котором ты говоришь, [Маха]говинда, ",
  "dn19:44.18": "Ради [твоего] благополучия в зримом мире ",
  "dn19:44.19": "и счастья в будущем ",
  "dn19:44.20": "[Тебе] дано разрешение — ",
  "dn19:44.21": "проси же о том, чего желаешь!“ ",
  "dn19:45.1": "И тогда, почтенные, брахман Махаговинда подумал так: ",
  "dn19:45.2": "„Брахмой Сананкумарой мне дано разрешение. ",
  "dn19:45.3": "О чем же я попрошу Брахму Сананкумару — о полезном для зримого мира или для будущего?“ ",
  "dn19:45.4": "И тогда, почтенные, брахман Махаговинда подумал так: ",
  "dn19:45.5": "„Ведь я сведущ в делах, полезных для зримого мира. Даже другие спрашивают меня о полезном для зримого мира. ",
  "dn19:45.6": "Поэтому теперь я попрошу Брахму Сананкумару о полезном для будущего“. ",
  "dn19:45.7": "И тогда, почтенные, брахман Махаговинда обратился к Брахме Сананкумаре со строфой: ",
  "dn19:45.8": "„Я прошу Брахму Сананкумару, ",
  "dn19:45.9": "Сомневающийся — свободного от сомнений в том, что должно быть известно другим, —  ",
  "dn19:45.10": "В каком положении и чему обученный ",
  "dn19:45.11": "Смертный достигает бессмертного мира Брахмы?“ ",
  "dn19:45.12": "„Оставивший среди людей помыслы о своем, брахман, ",
  "dn19:45.13": "Сосредоточенный, обращенный к состраданию, ",
  "dn19:45.14": "Непорочный, воздерживающийся от совокупления — ",
  "dn19:45.15": "В таком положении, обученный этому ",
  "dn19:45.16": "Смертный достигает бессмертного мира Брахмы“. ",
  "dn19:46.1": "„Досточтимый, я понимаю эти [слова]: ‘оставивший помыслы о своем’. ",
  "dn19:46.2": "— Вот некто, отказавшись от малого достатка или отказавшись от большого достатка, отказавшись от малого круга родственников или отказавшись от большого круга родственников, сбривает волосы и бороду, надевает желтые одежды и, оставив дом, странствует бездомным — ",
  "dn19:46.3": " так, досточтимый, я понимаю эти [слова]: ‘оставивший помыслы о своем’. ",
  "dn19:46.4": "Досточтимый, я понимаю и [слово]: ‘сосредоточенный’. ",
  "dn19:46.5": "Вот некто удаляется в уединенную обитель — в лесу, у подножия дерева, на горе, в пещере, в расселине скалы, у кладбища, в лесной чаще, на открытом месте, на груде соломы — ",
  "dn19:46.6": "так, досточтимый, я и понимаю [слово]: ‘сосредоточенный’. ",
  "dn19:46.7": "Досточтимый, я понимаю и [слова]: ‘обращенный к состраданию’. ",
  "dn19:46.8": "Вот некто пребывает, пронизывая разумом, исполненным сострадания, одну сторону света, затем — вторую, затем — третью, затем — четвертую. Он пребывает, пронизывая великим, всеобъемлющим, безграничным, невраждебным, незлонамеренным разумом, исполненным сострадания, весь мир вверх, вниз, поперек и во все стороны, ",
  "dn19:46.9": "так, досточтимый, я и понимаю [слова]: ‘обращенный к состраданию’. ",
  "dn19:46.10": "Но, досточтимый, я не понимаю сказанного [тобой слова]: ‘порочный’. ",
  "dn19:46.11": "Кто среди людей порочен, Брахма? ",
  "dn19:46.12": "[Я] не знаю их — поведай, мудрый. ",
  "dn19:46.13": "Чем покрытый дышит зловонием [человеческий] род, ",
  "dn19:46.14": "Обреченный на бедствия, лишенный мира Брахмы?“ ",
  "dn19:46.15": "„Гнев, лживая речь, коварство и обман, ",
  "dn19:46.16": "Скупость, высокомерие, зависть, ",
  "dn19:46.17": "Страсть, сомнение и разорение ближнего, ",
  "dn19:46.18": "Алчность, и ненависть, и гордыня, и заблуждение — ",
  "dn19:46.19": "Связанные этими [пороками], лишенные непорочности ",
  "dn19:46.20": "Обречены на бедствия, лишены мира Брахмы“. ",
  "dn19:46.21": "„Досточтимый, насколько я понимаю сказанное о порочном, оно не может быть легко подавлено обитающим в доме — ",
  "dn19:46.22": "[поэтому], почтенный, я оставлю дом и буду странствовать бездомным“. ",
  "dn19:46.23": "„[Делай] теперь, досточтимый, как [Маха]говинда считает нужным“. ",
  "dn19:47.0": "6.4. Царь Рену извещён об уходе ",
  "dn19:47.1": "И тогда, почтенные, брахман Махаговинда приблизился к царю Рену и, приблизившись, так сказал царю Рену: ",
  "dn19:47.2": "„Пусть досточтимый поищет теперь другого главного жреца, который будет заботиться о царстве досточтимого. ",
  "dn19:47.3": "Я хочу, почтенный, оставить дом и странствовать бездомным. ",
  "dn19:47.4": "Ведь насколько я слыхал сказанное Брахмой о порочном, оно не может быть легко подавлено обитающим в доме — ",
  "dn19:47.5": "[поэтому], почтенный, я оставлю дом и буду странствовать бездомным. ",
  "dn19:47.6": "Я обращаюсь к царю Рену,  ",
  "dn19:47.7": "владыке земли, — ",
  "dn19:47.8": "Управляй царством ты [сам], ",
  "dn19:47.9": "я не нахожу [больше] радости в службе жреца“. ",
  "dn19:47.10": "„Если тебе недостает удовольствий, ",
  "dn19:47.11": "я восполню их, ",
  "dn19:47.12": "Я, владыка земли и войска, ",
  "dn19:47.13": "отражу того, кто вредит тебе, ",
  "dn19:47.14": "Ты — отец, я — сын, ",
  "dn19:47.15": "не оставляй нас, [Маха]говинда!‘‘ ",
  "dn19:47.16": "„Нет у меня недостатка в удовольствиях, ",
  "dn19:47.17": "никто не вредит мне, ",
  "dn19:47.18": "[Но], услышав нечеловеческий голос, ",
  "dn19:47.19": "я не нахожу [больше] радости в доме“. ",
  "dn19:47.20": "„Каков этот не-человек, ",
  "dn19:47.21": "что он поведал тебе, ",
  "dn19:47.22": "Что услышав, ты оставляешь ",
  "dn19:47.23": "наш дом и нас всех?“ ",
  "dn19:47.24": "„Прежде, когда я соблюдал ",
  "dn19:47.25": "все требуемые обряды, ",
  "dn19:47.26": "Огонь был разожжен ",
  "dn19:47.27": "и разостланы листья кусы, ",
  "dn19:47.28": "Но затем мне с неба ",
  "dn19:47.29": "Брахмы явился вечный Брахма. ",
  "dn19:47.30": "Он ответил на мой вопрос, ",
  "dn19:47.31": "и, услышав его, я не нахожу [больше] радости в доме“. ",
  "dn19:47.32": "„Я верю, досточтимый [Маха]говинда, ",
  "dn19:47.33": "тому, что ты говоришь, — ",
  "dn19:47.34": "Как можно поступить иначе, ",
  "dn19:47.35": "услышав нечеловеческий голос? ",
  "dn19:47.36": "Поэтому мы последуем за тобой, ",
  "dn19:47.37": "будь, [Маха]говинда, нашим учителем! ",
  "dn19:47.38": "Подобные драгоценному бериллу — ",
  "dn19:47.39": "чистому, незапятнанному, сияющему, — ",
  "dn19:47.40": "Мы, непорочные, будем следовать ",
  "dn19:47.41": "наставничеству [Маха]говинды. ",
  "dn19:47.42": "Если досточтимый [Маха]говинда, оставив дом, будет странствовать бездомным, то и я, оставив дом, ",
  "dn19:47.43": "буду странствовать бездомным“. ",
  "dn19:48.0": "6.5. Шесть кшатриев узнают об уходе ",
  "dn19:48.1": "И тогда, почтенные, брахман Махаговинда приблизился к тем шестерым кшатриям и, приблизившись, так сказал шестерым кшатриям: ",
  "dn19:48.2": "„Пусть досточтимые поищут теперь другого главного жреца, который будет заботиться о царствах досточтимых. ",
  "dn19:48.3": "Я хочу, почтенные, оставить дом и странствовать бездомным. ",
  "dn19:48.4": "Ведь насколько я слыхал сказанное Брахмой о порочном, оно не может быть легко подавлено обитающим в доме — ",
  "dn19:48.5": "[поэтому], почтенные, я оставлю дом и буду странствовать бездомным“. ",
  "dn19:49.1": "И тогда, почтенные, шесть кшатриев, отойдя в сторону, стали так советоваться друг с другом: ",
  "dn19:49.2": "„Ведь эти самые брахманы жадны до богатств. ",
  "dn19:49.3": "Поэтому теперь мы сможем соблазнить брахмана Махаговинду богатством“ ",
  "dn19:49.4": "И, приблизившись к брахману Махаговинде, они сказали так: ",
  "dn19:49.5": "„В этих семи царствах, почтенный, находится множество богатств. Пусть же досточтимый возьмет столько, сколько ему нужно“. ",
  "dn19:49.6": "„Оставьте, почтенные! Благодаря досточтимым у меня есть уже это множество богатств. ",
  "dn19:49.7": "Отказавшись от этого благополучия, я оставлю дом и буду странствовать бездомным. ",
  "dn19:49.8": "Ведь насколько я слыхал сказанное Брахмой о порочном, оно не может быть легко подавлено обитающим в доме — ",
  "dn19:49.9": "[поэтому], почтенные, я оставлю дом и буду странствовать бездомным“. ",
  "dn19:49.10": "И тогда, почтенные, шесть кшатриев, отойдя в сторону, стали так советоваться друг с другом:  ",
  "dn19:49.11": "„Ведь эти самые брахманы жадны до женщин. ",
  "dn19:49.12": "Поэтому теперь мы сможем соблазнить брахмана Махаговинду женщинами“. ",
  "dn19:49.13": "И, приблизившись к брахману Махаговинде, они сказали так: ",
  "dn19:49.14": "„В этих семи царствах, почтенный, находится множество женщин. Пусть же досточтимый уведет с собой столько, сколько ему нужно“. ",
  "dn19:49.15": "„Оставьте, почтенные! Ведь у меня есть уже эти сорок жен, равных [друг другу]. ",
  "dn19:49.16": "Отказавшись от всех их, я оставлю дом и буду странствовать бездомным. ",
  "dn19:49.17": "Ведь насколько я слыхал сказанное Брахмой о порочном, оно не может быть легко подавлено обитающим в доме — [поэтому], почтенные, ",
  "dn19:49.18": "я оставлю дом и буду странствовать бездомным“. ",
  "dn19:50.1": "„Если досточтимый [Маха]говинда, оставив дом, будет странствовать бездомным, то и мы, оставив дом, будем странствовать бездомными. Каков твой путь, таким будет и наш путь“. ",
  "dn19:50.2": "„Если вы оставляете чувственные удовольствия, ",
  "dn19:50.3": "к которым привязаны миряне, ",
  "dn19:50.4": "То будьте решительны, крепитесь, ",
  "dn19:50.5": "соберите [всю] силу терпения. ",
  "dn19:50.6": "Этот путь — прямой путь, ",
  "dn19:50.7": "этот путь — непревзойденный; ",
  "dn19:50.8": "Благая истина, которой следуют добродетельные, ",
  "dn19:50.9": "ведет к миру Брахмы“. ",
  "dn19:51.1": "„Тогда пусть досточтимый [Маха]говинда подождет семь лет. ",
  "dn19:51.2": "По истечении семи лет и мы, оставив дом, станем странствовать бездомными. Каков твой путь, таким будет и наш путь“. ",
  "dn19:51.3": "„Слишком долги, почтенные, семь лет. Не могу я, досточтимые, ждать семь лет. ",
  "dn19:51.4": "Кто же знает, почтенные [смертный час] живущих? ",
  "dn19:51.5": "Неизбежно грядущее существование, и следует постигать священные тексты, творить добро, пребывать в целомудрии — не дано же бессмертия рожденному. ",
  "dn19:51.6": "Ведь насколько я слыхал сказанное Брахмой о порочном’ оно не может быть легко подавлено обитающим в доме — ",
  "dn19:51.7": "[поэтому], почтенные, я оставлю дом и буду странствовать бездомным“. ",
  "dn19:52.1": "„Тогда пусть досточтимый [Маха]говинда подождет шесть лет … ",
  "dn19:52.2": "подождет пять лет … ",
  "dn19:52.3": "подождет четыре года … ",
  "dn19:52.4": "подождет три года … ",
  "dn19:52.5": "подождет два года … ",
  "dn19:52.6": "подождет один год. По истечении одного года и мы, оставив дом, станем странствовать бездомными. Каков твой путь, таким будет и наш путь“. ",
  "dn19:53.1": "„Слишком долог, почтенные, один год. Не могу я, досточтимые, ждать один год. ",
  "dn19:53.2": "Кто же знает, почтенные, [смертный час] живущих? ",
  "dn19:53.3": "Неизбежно грядущее существование, и следует постигать священные тексты, творить добро, пребывать в целомудрии — не дано же бессмертия рожденному. ",
  "dn19:53.4": "Ведь насколько я слыхал сказанное Брахмой о порочном, оно не может быть легко подавлено обитающим в доме — ",
  "dn19:53.5": "[поэтому], почтенные, я оставлю дом и буду странствовать бездомным“. ",
  "dn19:53.6": "„Тогда пусть досточтимый [Маха]говинда подождет семь месяцев. По истечении семи месяцев и мы, оставив дом, станем странствовать бездомными. Каков твой путь, таким будет и наш путь“. ",
  "dn19:54.1": "„Слишком долги, почтенные, семь месяцев. Не могу я, досточтимые, ждать семь месяцев. ",
  "dn19:54.2": "Кто же знает, почтенные, [смертный час] живущих? ",
  "dn19:54.3": "Неизбежно грядущее существование, и следует постигать священные тексты, творить добро, пребывать в целомудрии — не дано же бессмертия рожденному. ",
  "dn19:54.4": "Ведь насколько я слыхал сказанное Брахмой о порочном, оно не может быть легко подавлено обитающим в доме — ",
  "dn19:54.5": "[поэтому], почтенные, я оставлю дом и буду странствовать бездомным“. ",
  "dn19:54.6": "„Тогда пусть досточтимый [Маха]говинда подождет шесть месяцев … ",
  "dn19:54.7": "подождет пять месяцев … ",
  "dn19:54.8": "подождет четыре месяца … ",
  "dn19:54.9": "подождет три месяца … ",
  "dn19:54.10": "подождет два месяца … ",
  "dn19:54.11": "подождет один месяц … ",
  "dn19:54.12": "подождет полмесяца. По истечении половины месяца и мы, оставив дом, станем странствовать бездомными. Каков твой путь, таким будет и наш путь“. ",
  "dn19:55.1": "„Слишком долги, почтенные, полмесяца. Не могу я, досточтимые, ждать полмесяца. ",
  "dn19:55.2": "Кто же знает, почтенные [смертный час] живущих? ",
  "dn19:55.3": "Неизбежно грядущее существование, и следует постигать священные тексты, творить добро, пребывать в целомудрии — не дано же бессмертия рожденному. ",
  "dn19:55.4": "Ведь насколько я слыхал сказанное Брахмой о порочном, оно не может быть легко подавлено обитающим в доме — ",
  "dn19:55.5": "[поэтому], почтенные, я оставлю дом и буду странствовать бездомным“. ",
  "dn19:55.6": "„Тогда пусть досточтимый [Маха]говинда подождет семь дней, чтобы мы поручили царства нашим сыновьям и братьям. По истечении семи дней и мы, оставив дом, станем странствовать бездомными. Каков твой путь, таким будет и наш путь“. ",
  "dn19:55.7": "„Не долги, почтенные, семь дней. Я подожду, досточтимые, семь дней“. ",
  "dn19:56.0": "6.6. Брахманы узнают об уходе ",
  "dn19:56.1": "И тогда, почтенные, брахман Махаговинда приблизился к тем семи богатым брахманам и к семи сотням [брахманов], завершивших обучение, и, приблизившись, так сказал семерым богатым брахманам и семи сотням [брахманов], завершивших обучение: ",
  "dn19:56.2": "„Пусть досточтимые поищут теперь другого наставника, который поставит досточтимых читать священные тексты. ",
  "dn19:56.3": "Я хочу, почтенные, оставить дом и странствовать бездомным. ",
  "dn19:56.4": "Ведь насколько я слыхал сказанное Брахмой о порочном, оно не может быть легко подавлено обитающим в доме — ",
  "dn19:56.5": "[поэтому], почтенные, я оставлю дом и буду странствовать бездомным“. ",
  "dn19:56.6": "„Пусть досточтимый [Маха]говинда не оставляет дом, чтобы странствовать бездомным. ",
  "dn19:56.7": "Ведь странничество, почтенный, приносит мало власти и мало прибыли, ",
  "dn19:56.8": "брахманство же — много власти и много прибыли“. ",
  "dn19:56.9": "„Не говорите так, досточтимые: ‘Странничество приносит мало власти и мало прибыли, брахманство же — много власти и много прибыли’. ",
  "dn19:56.10": "У кого же еще, почтенные, больше власти и больше прибыли чем у меня? ",
  "dn19:56.11": "Ведь здесь, почтенные, я [словно] царь над царями, Брахма над брахманами, божество над домоправителями, ",
  "dn19:56.12": "но, отказавшись от всего этого, я оставлю дом и буду странствовать бездомным. ",
  "dn19:56.13": "Ведь насколько я слыхал сказанное Брахмой о порочном, оно не может быть легко подавлено обитающим в доме — ",
  "dn19:56.14": "[поэтому], почтенные, я оставлю дом и буду странствовать бездомным“. ",
  "dn19:56.15": "„Если досточтимый [Маха]говинда, оставив дом, будет странствовать бездомным, то и мы, оставив дом, будем странствовать бездомными. Каков твой путь, таким будет и наш путь“. ",
  "dn19:57.0": "6.7. Жёны узнают об уходе ",
  "dn19:57.1": "И тогда, почтенные, брахман Махаговинда приблизился к сорока [своим] женам, равным [друг другу], и, приблизившись, так сказал сорока [своим] женам, равным [друг другу]: ",
  "dn19:57.2": "„Кто из досточтимых хочет, — пусть идет в семью своих родственником или поищет другого супруга. ",
  "dn19:57.3": "Я хочу, почтенные, оставить дом и странствовать бездомным. ",
  "dn19:57.4": "Ведь насколько я слыхал сказанное Брахмой о порочном, оно не может быть легко подавлено обитающим в доме — ",
  "dn19:57.5": "[поэтому], почтенные, я оставлю дом и буду странствовать бездомным“. ",
  "dn19:57.6": "„Ты — наш родственник из желанных родственников, ты и супруг из желанных супругов. ",
  "dn19:57.7": "Если досточтимый [Маха]говинда, оставив дом, будет странствовать бездомным, то и мы, оставив дом, будем странствовать бездомными. Каков твой путь, таким будет и наш путь“. ",
  "dn19:58.0": "6.8. Великий попечитель покинул мирскую жизнь ",
  "dn19:58.1": "И тогда, почтенные, по истечении тех семи дней брахман Махаговинда, обрив волосы и бороду, надев желтые одеяния, оставил дом и стал странствовать бездомным. ",
  "dn19:58.2": "И когда брахман Махаговинда стал странствовать, то и семеро царей — кшатриев, помазанных на царство, и семеро богатых брахманов и семь сотен [брахманов], завершивших обучение, и сорок жен, равных [друг другу], и много тысяч кшатриев, и много тысяч брахманов, и много тысяч домоправителей, и множество женщин из женских покоев — [все], обрив волосы и бороды и надев желтые одеяния, стали странствовать вслед за брахманом Махаговиндой, который оставил дом и стал странствовать бездомным. ",
  "dn19:58.3": "И вот, почтенные, окруженный этим собранием, брахман Махаговинда отправился в путь по селениям, торговым поселкам, царским городам. ",
  "dn19:58.4": "И к какому бы, почтенные, селению, торговому поселку, царскому городу ни приближался в то время брахман Махаговинда, там он был [словно] царь над царями, Брахма над брахманами, божество над домоправителями. ",
  "dn19:58.5": "И вот, почтенные, когда в то время люди чихали или поскальзывались,  ",
  "dn19:58.6": "то они говорили так: ",
  "dn19:58.7": "„Почтение брахману Махаговинде! Почтение главному жрецу семерых [царей]!“ ",
  "dn19:59.1": "И брахман Махаговинда, почтенные, пребывал, пронизывая разумом, исполненным дружелюбия, одну сторону света, затем — вторую, затем — третью, затем — четвертую. Он пребывал, пронизывая великим, всеобъемлющим, безграничным, невраждебным, незлонамеренным разумом, исполненным дружелюбия, весь мир вверх, вниз, поперек и во все стороны. ",
  "dn19:59.2": "разумом, исполненным сострадания … ",
  "dn19:59.3": "разумом, исполненным удовлетворенности … ",
  "dn19:59.4": "разумом, исполненным уравновешенности … незлонамеренным разумом, исполненным уравновешенности. ",
  "dn19:59.5": "и преподавал ученикам путь к соединению с миром Брахмы. ",
  "dn19:60.1": "И вот, почтенные, те ученики брахмана Махаговинды, которые в то время всецело постигли всё [его] наставление, ",
  "dn19:60.2": "с распадом тела после смерти [вновь] родились в счастливом мире Брахмы. ",
  "dn19:60.3": "Из тех же, которые не всецело постигли всё [его] наставление, некоторые с распадом тела после смерти родились в свите богов параниммита-васаватти, ",
  "dn19:60.4": "некоторые родились в свите богов нимманарати, ",
  "dn19:60.5": "некоторые родились в свите богов тусита, ",
  "dn19:60.6": "некоторые родились в свите богов яма, ",
  "dn19:60.7": "некоторые родились в свите тридцати трех богов, ",
  "dn19:60.8": "некоторые родились в свите богов — четырех Великих царей. ",
  "dn19:60.9": "Все те, кто составили самый низший сонм, составили сонм гандхаббов. ",
  "dn19:60.10": "Так, почтенные, у всех тех [отпрысков] славных семейств не напрасным было странничество, не бесполезным — [оно было] плодоносным, несущим [благие] последствия». ",
  "dn19:60.11": "«Помнит ли это Благостный?» ",
  "dn19:61.1": "«Я помню [это], Панчасикха. ",
  "dn19:61.2": "В то время я был брахманом Махаговиндой. ",
  "dn19:61.3": "Я преподавал этим ученикам путь к соединению с миром Брахмы. ",
  "dn19:61.4": "Ведь то целомудрие, Панчасикха, не ведет ни к отказу [от мира], ни к бесстрастию, ни к уничтожению, ни к успокоению, ни к постижению, ни к просветлению, ни к ниббане, но лишь — к достижению мира Брахмы. ",
  "dn19:61.5": "Это же [нынешнее] мое целомудрие, Панчасикха, всецело ведет к отказу [от мира], к бесстрастию, к уничтожению, к успокоению, к постижению, к просветлению, к ниббане, ",
  "dn19:61.6": "Каково же это целомудрие, Панчасикха, которое всецело ведет к отказу [от мира], к бесстрастию, к уничтожению, к успокоению, к постижению, к просветлению, к ниббане? ",
  "dn19:61.7": "и это — праведный восьмичленный путь, ",
  "dn19:61.8": "а именно: надлежащее воззрение, надлежащее намерение, надлежащая речь, надлежащее действие, надлежащее поддержание жизни, надлежащее усилие, надлежащая способность самосознания, надлежащая сосредоточенность. ",
  "dn19:61.9": "Таково это целомудрие, Панчасикха, которое всецело ведет к отказу [от мира], к бесстрастию, к уничтожению, к успокоению, к постижению, к просветлению, к ниббане. ",
  "dn19:62.1": "И вот, Панчасикха, те мои ученики, которые всецело постигают всё [мое] наставление, с уничтожением порочных свойств пребывают [здесь], сами познав, испытав и обретя в зримом мире лишенные порочных свойств освобождение сердца и освобождение постижения. ",
  "dn19:62.2": "Из тех, которые не всецело постигают всё [мое] наставление, некоторые, избавившись от пяти уз низшего порядка, становятся самопроизвольно родившимися [в высшем мире], достигшими там освобождения, не подверженными возвращению из того мира. ",
  "dn19:62.3": "Из тех, которые не всецело постигают всё [мое] наставление, некоторые, избавившись от трех уз, сведя на нет страсть, ненависть и заблуждения, становятся единожды возвращающимися, которые, вернувшись еще раз в этот мир, кладут конец страданию. ",
  "dn19:62.4": "Из тех, которые не всецело постигают всё [мое] наставление, некоторые, избавившись от трех уз, становятся вступившими в поток, не подверженными страданию, уверенными, движущимися к просветлению. ",
  "dn19:62.5": "Так, Панчасикха, у всех тех [отпрысков] славных семейств не напрасным было странничество, не бесполезным — [оно было] плодоносным, несущим [благие] последствия». ",
  "dn19:62.6": "Так сказал Благостный, ",
  "dn19:62.7": "и удовлетворенный отпрыск гандхаббов Панчасикха, порадовавшись словам Благостного и поблагодарив [за них], приветствовал Благостного и, обойдя [его] с правой стороны, исчез оттуда. ",
  "dn19:62.8": "«Махаговинда-сутта» Окончена. Шестая. "
}