{
  "dn30:0.1": "Длинные Наставления 30 ",
  "dn30:0.2": "Лаккхана Сутта ",
  "dn30:1.1.1": "Вот что я слышал. ",
  "dn30:1.1.2": "Однажды Благостный пребывал в Саваттхи в Джетаване, в [монашеской] роще Анатхапиндики. ",
  "dn30:1.1.3": "И там Благостный обратился к монахам: ",
  "dn30:1.1.4": "«Монахи!» ",
  "dn30:1.1.5": "— «Да, господин!» — ответили те монахи Благостному. ",
  "dn30:1.1.6": "Благостный сказал так: ",
  "dn30:1.1.7": "«У великого человека, монахи, существует тридцать два знака великого человека, у наделенного которыми великого человека бывает два пути и не более. ",
  "dn30:1.1.8": "Если он обитает в доме, то становится царем, владыкой мира, добродетельным царем добродетели, правящим четырьмя сторонами света, победоносным, доставившим стране безопасность, наделенным семью сокровищами. ",
  "dn30:1.1.9": "Эти его семь сокровищ: ",
  "dn30:1.1.10": "А именно: колесо-сокровище, слон-сокровище, конь-сокровище, драгоценность-сокровище, женщина-сокровище, домоправитель-сокровище и наставник-сокровище — в седьмых. ",
  "dn30:1.1.11": "И у него есть больше тысячи сыновей — героев могучего сложения, повергающих вражеское войско. ",
  "dn30:1.1.12": "Он занимает эту землю, ограниченную океаном, покорив ее не палкой, не мечом, [но одной лишь] добродетелью. ",
  "dn30:1.1.13": "Если же он, оставив дом, странствует бездомным, то становится архатом, всецело просветленным, снимающим покров с мира. ",
  "dn30:1.2.1": "Каковы же, монахи, у великого человека эти тридцать два знака великого человека, у наделенного которыми великого человека бывает два пути и не более? ",
  "dn30:1.2.2": "Если он обитает в доме, то становится царем, владыкой мира … ",
  "dn30:1.2.3": "Если же он, оставив дом, странствует бездомным, то становится архатом, всецело просветленным, снимающим покров с мира. ",
  "dn30:1.2.4": "Вот, монахи, у великого человека ноги имеют хорошую опору. То, что у великого человека, монахи, ноги имеют хорошую опору, является у великого человека, монахи, знаком великого человека. ",
  "dn30:1.2.5": "И далее, монахи, у великого человека внизу на ступнях видны [знаки в виде] колес с тысячами спиц, с ободьями, со ступицами, завершенными во всех частях, хорошо отделенными друг от друга. То, что у великого человека, монахи, внизу на ступнях видны [знаки в виде] колес с тысячами спиц, с ободьями, со ступицами, завершенными во всех частях, хорошо отделенными друг от друга, является у великого человека, монахи, знаком великого человека. ",
  "dn30:1.2.6": "И далее, монахи, у великого человека выступающие пятки … ",
  "dn30:1.2.7": "длинные пальцы … ",
  "dn30:1.2.8": "нежные, мягкие руки и ноги … ",
  "dn30:1.2.9": "руки и ноги — словно с сетью [между пальцами] … ",
  "dn30:1.2.10": "высоко расположенные лодыжки … ",
  "dn30:1.2.11": "ноги, как у антилопы … ",
  "dn30:1.2.12": "стоя и не наклоняясь, может коснуться и охватить колени обеими ладонями … ",
  "dn30:1.2.13": "скрытый под одеждой [член] находится в углублении … ",
  "dn30:1.2.14": "[тело] золотистого цвета, кожа — словно золото … ",
  "dn30:1.2.15": "гладкая поверхность кожи, и из-за гладкой поверхности кожи к телу не пристает грязь … ",
  "dn30:1.2.16": "волоски [на теле таковы, что] из каждой поры растет по волоску … ",
  "dn30:1.2.17": "волоски [на теле] направлены вверх, и волоски, направленные вверх — темно-синие, цвета глазной мази, завиваются в кольца, растут, завиваясь, в правую сторону … ",
  "dn30:1.2.18": "превосходно стройное тело … ",
  "dn30:1.2.19": "семь выпуклостей … ",
  "dn30:1.2.20": "передняя половина тела — как у льва … ",
  "dn30:1.2.21": "заполнено [углубление] между плечами … ",
  "dn30:1.2.22": "[пропорции подобны] окружности баньянового дерева, какова [высота] его тела, таков размах его рук; каков размах его рук, такова [высота] его тела … ",
  "dn30:1.2.23": "округлые плечи … ",
  "dn30:1.2.24": "в высшей степени тонкий вкус … ",
  "dn30:1.2.25": "челюсть — как у льва … ",
  "dn30:1.2.26": "сорок зубов … ",
  "dn30:1.2.27": "ровные зубы … ",
  "dn30:1.2.28": "зубы не посажены редко … ",
  "dn30:1.2.29": "очень белые зубы … ",
  "dn30:1.2.30": "большой язык … ",
  "dn30:1.2.31": "превосходно звучащий голос, как у каравики … ",
  "dn30:1.2.32": "темно-синие глаза … ",
  "dn30:1.2.33": "ресницы, как у коровы … ",
  "dn30:1.2.34": "между бровями растут белые волоски, подобные мягкой хлопковой ткани. То, что у великого человека, монахи, между бровями растут белые волоски, подобные мягкой хлопковой ткани, является у великого человека, монахи, знаком великого человека. ",
  "dn30:1.2.35": "И далее, монахи, у великого человека на голове сверху выпуклость. То, что у великого человека, монахи, на голове сверху выпуклость, является у великого человека, монахи, знаком великого человека. ",
  "dn30:1.3.1": "Таковы, монахи, у великого человека тридцать два знака великого человека, у наделенного которыми великого человека бывает два пути и не более. ",
  "dn30:1.3.2": "Если он обитает в доме, то становится царем … ",
  "dn30:1.3.3": "Если же он, оставив дом, странствует бездомным, то становится архатом, всецело просветленным, снимающим покров с мира. ",
  "dn30:1.3.4": "И вот, монахи, мудрецам из других [школ] известны эти тридцать два знака великого человека у великого человека, но они не знают: ",
  "dn30:1.3.5": "„Благодаря свершению такого-то дела он приобретает такой-то знак“. ",
  "dn30:1.4.0": "1. Suppatiṭṭhitapādatālakkhaṇaṁ ",
  "dn30:1.4.1": "Поскольку, монахи, в прежнем рождении, прежнем существовании, прежнем местопребывании наделенный тогда человеческим обликом Татхагата был всецело предан, неуклонно предан хорошим свойствам — доброму поведению тела, доброму поведению в речи, доброму поведению разума, раздаче подаяний, нравственному поведению, соблюдению упосатхи, уважению к матери, уважению к отцу, уважению к отшельникам, уважению к брахманам, почитанию старших в роду и всяческим другим весьма хорошим свойствам, — ",
  "dn30:1.4.2": "он, совершив, накопив, в изобилии умножив подобные дела, с распадом тела после смерти вновь рождается в счастливом небесном мире. ",
  "dn30:1.4.3": "Там он превосходит других богов в десяти вещах: божественном сроке жизни, божественной красоте, божественном счастье, божественной славе, божественном владычестве, божественных видах, божественных звуках, божественных запахах, божественных вкусах, божественных осязаниях. ",
  "dn30:1.4.4": "Оставив существование там и придя в этот мир, он приобретает этот знак великого человека — ",
  "dn30:1.4.5": "ноги [его] имеют хорошую опору, ",
  "dn30:1.4.6": "он ровно ставит ногу на землю, ровно поднимает, ровно касается земли всею поверхностью стопы. ",
  "dn30:1.5.1": "Наделенный этим знаком, он если обитает в доме, то становится царем, владыкой мира, добродетельным царем добродетели, правящим четырьмя сторонами света, победоносным, доставившим стране безопасность, наделенным семью сокровищами. ",
  "dn30:1.5.2": "Эти его семь сокровищ: ",
  "dn30:1.5.3": "А Именно: колесо-сокровище, слон-сокровище, конь-сокровище, драгоценность-сокровище, женщина-сокровище, домоправитель-сокровище и наставник-сокровище — в седьмых. ",
  "dn30:1.5.4": "И у него есть больше тысячи сыновей — героев могучего сложения, повергающих вражеское войско. ",
  "dn30:1.5.5": "Он занимает эту землю, ограниченную океаном, — плодородную, безопасную, умиротворенную, богатую, преуспевающую, спокойную, счастливую, свободную от недугов, — покорив ее не палкой, не мечом, [но одной лишь] добродетелью. ",
  "dn30:1.5.6": "Что он получает, будучи царем? ",
  "dn30:1.5.7": "Ни одно человеческое существо, противник, недруг не может нанести [ему] ущерба. ",
  "dn30:1.5.8": "Это он получает, будучи царем. ",
  "dn30:1.5.9": "Если же он, оставив дом, странствует бездомным, то становится архатом, всецело просветленным, снимающим покров с мира. ",
  "dn30:1.5.10": "Что он получает, будучи Буддой? ",
  "dn30:1.5.11": "Ни внутренние, ни внешние противники и недруги, ни страсть, ни ненависть, ни заблуждения, ни отшельник, ни брахман, ни бог, ни Мара, ни Брахма — ничто в мире не может нанести [ему] ущерба. ",
  "dn30:1.5.12": "Это он получает, будучи Буддой». ",
  "dn30:1.5.13": "Вот что сказал Благостный. ",
  "dn30:1.6.1": "Об этом сказано так: ",
  "dn30:1.6.2": "«Приверженный правде, истине, самообузданию, сдержанности, ",
  "dn30:1.6.3": "Чистоте, нравственному поведению, [соблюдению] упосатх, ",
  "dn30:1.6.4": "Подаянию, непричинению вреда, ненасилию, ",
  "dn30:1.6.5": "Всецело, полностью преданный достойному поведению, ",
  "dn30:1.6.6": "Он благодаря этим делам достигает небес, ",
  "dn30:1.6.7": "Счастливый, наслаждающийся счастьем и радостью, великий; ",
  "dn30:1.6.8": "Оставив существование там, придя сюда, ",
  "dn30:1.6.9": "Он ровно касается ногами земли. ",
  "dn30:1.6.10": "Прорицатели, собравшись, разъяснили: ",
  "dn30:1.6.11": "„У ровно опирающегося [на землю] не бывает препятствий — ",
  "dn30:1.6.12": "И у домохозяина, и у странника — ",
  "dn30:1.6.13": "Свидетельством тому является подобный знак. ",
  "dn30:1.6.14": "Живя в доме, он не знает ущерба ",
  "dn30:1.6.15": "И поражения от врагов, [но сам] повергает врага, ",
  "dn30:1.6.16": "Ни одно человеческое существо не [препятствует] ему; ",
  "dn30:1.6.17": "Он хорошо поддерживается плодом [своих] дел. ",
  "dn30:1.6.18": "Если же подобный отправляется в странствование, ",
  "dn30:1.6.19": "Наслаждающийся стремлением к отречению, внимательный, ",
  "dn30:1.6.20": "Превосходный он право же не идет к [новому] рождению — ",
  "dn30:1.6.21": "Высший из людей. Таков для него порядок вещей“». ",
  "dn30:1.7.0": "2. Pādatalacakkalakkhaṇaṁ ",
  "dn30:1.7.1": "«Поскольку, монахи, в прежнем рождении, прежнем существовании, прежнем местопребывании наделенный тогда человеческим обликом Татхагата ",
  "dn30:1.7.2": "служил счастью многих людей, рассеивая беспокойство, боязнь, страх, доставляя подобающую охрану, ограду и защиту и вместе с окружающими [его] раздавал подаяния — ",
  "dn30:1.7.3": "он, совершив, накопив, в изобилии умножив подобные дела, с распадом тела после смерти вновь рождается в счастливом небесном мире … ",
  "dn30:1.7.4": "Оставив существование там и придя в этот мир, он приобретает этот знак великого человека — ",
  "dn30:1.7.5": "внизу на ступнях видны [знаки в виде] колес с тысячами спиц, с ободьями, со ступицами, завершенными во всех частях, хорошо отделенными друг от друга. ",
  "dn30:1.8.1": "Наделенный этим знаком, он если обитает в доме, то становится царем … ",
  "dn30:1.8.2": "Что он получает, будучи царем? ",
  "dn30:1.8.3": "У него великое окружение, ",
  "dn30:1.8.4": "многие окружают его — брахманы-домохозяева, городские и деревенские жители, заведующие казной, стражники, привратники, приближенные, придворные, царская знать, царевичи. ",
  "dn30:1.8.5": "Это он получает, будучи царем. ",
  "dn30:1.8.6": "Если же он, оставив дом, странствует бездомным, то становится архатом, всецело просветленным, снимающим покров с мира. ",
  "dn30:1.8.7": "Что он получает, будучи Буддой? ",
  "dn30:1.8.8": "У него великое окружение, ",
  "dn30:1.8.9": "многие окружают его — монахи, монахини, преданные миряне, преданные мирянки, боги, люди, асуры, наги, гандхаббы. ",
  "dn30:1.8.10": "Это он получает, будучи Буддой». ",
  "dn30:1.8.11": "Вот что сказал Благостный. ",
  "dn30:1.9.1": "Об этом сказано так: ",
  "dn30:1.9.2": "«Прежде, в прежних, предыдущих рождениях, ",
  "dn30:1.9.3": "Будучи человеком, неся счастье многим, ",
  "dn30:1.9.4": "Рассеивая беспокойство, болезнь, страх, ",
  "dn30:1.9.5": "Стремясь [доставлять] защиту, охрану и ограду, ",
  "dn30:1.9.6": "Благодаря этим делам он достиг небес — ",
  "dn30:1.9.7": "Счастливый, наслаждающийся счастьем и радостью, великий, ",
  "dn30:1.9.8": "Оставив существование там, придя сюда, ",
  "dn30:1.9.9": "Он имеет на обеих ступнях [знаки в виде] колес ",
  "dn30:1.9.10": "С ободьями и всеми [принадлежностями] и тысячами спиц. ",
  "dn30:1.9.11": "Прорицатели, собравшись, разъяснили, ",
  "dn30:1.9.12": "Видя мальчика, наделенного сотней достойных признаков: ",
  "dn30:1.9.13": "„Он будет наделен окружением, повергать врага — ",
  "dn30:1.9.14": "Ведь об этом [говорят] колеса с ободьями и всеми [принадлежностями]. ",
  "dn30:1.9.15": "Если подобный не отправляется в странствование, ",
  "dn30:1.9.16": "То приводит в движение колесо [владычества], ",
  "dn30:1.9.17": "правит землей, И вот преданные ему повелители ",
  "dn30:1.9.18": "Окружают его великой славой. ",
  "dn30:1.9.19": "Если же подобный отправляется в странствование, ",
  "dn30:1.9.20": "Наслаждающийся стремлением к отречению, внимательный, ",
  "dn30:1.9.21": "То боги, люди, асуры, Сакка, раккхасы, ",
  "dn30:1.9.22": "Гандхаббы, наги, птицы, четвероногие ",
  "dn30:1.9.23": "Окружают его великой славой, ",
  "dn30:1.9.24": "Несравненным почитанием богов и людей“». ",
  "dn30:1.10.0": "3–5. Āyatapaṇhitāditilakkhaṇaṁ ",
  "dn30:1.10.1": "«Поскольку, монахи, в прежнем рождении, прежнем существовании, прежнем местопребывании наделенный тогда человеческим обликом Татхагата, ",
  "dn30:1.10.2": "оставив убийство, воздерживаясь от убийства, отказался от палки, отказался от оружия, пребывал скромным, сострадательным, в доброте и сочувствии ко всем живым существам, — ",
  "dn30:1.10.3": "он, совершив, накопив, в изобилии умножив подобные дела … ",
  "dn30:1.10.4": " Оставив существование там и придя в этот мир, он приобретает эти три знака великого человека — ",
  "dn30:1.10.5": "у него вытянутые пятки, и длинные пальцы, и превосходное стройное тело. ",
  "dn30:1.11.1": "Наделенный этими знаками, он если обитает в доме, то становится царем … ",
  "dn30:1.11.2": "Что он получает, будучи царем? ",
  "dn30:1.11.3": "Он долго живет, долговечен, живет долгую жизнь, и в течение этого времени ни одно человеческое существо, противник, недруг не может лишить его жизни. ",
  "dn30:1.11.4": "Это он получает, будучи царем … ",
  "dn30:1.11.5": "Что он получает, будучи Буддой? ",
  "dn30:1.11.6": "Он долго живет, долговечен, живет долгую жизнь, и в течение этого времени никакие противники и недруги — ни отшельник, ни брахман, ни бог, ни Мара, ни Брахма — никто в мире не может лишить его жизни. ",
  "dn30:1.11.7": "Это он получает, будучи Буддой». ",
  "dn30:1.11.8": "Вот что сказал Благостный. ",
  "dn30:1.12.1": "Об этом сказано так: ",
  "dn30:1.12.2": "«Видя смерть и убийство, несущие страх, ",
  "dn30:1.12.3": "Он воздерживался от [причинения] смерти другому [существу]. ",
  "dn30:1.12.4": "Благодаря этому доброму делу достиг неба, ",
  "dn30:1.12.5": "Наслаждаясь плодами добрых дел. ",
  "dn30:1.12.6": "Оставив существование [там], снова придя в этот мир, ",
  "dn30:1.12.7": "Он приобретает здесь три знака: ",
  "dn30:1.12.8": "У него большие, длинные пятки, ",
  "dn30:1.12.9": "Превосходное и стройное, прекрасное, благородное тело — ",
  "dn30:1.12.10": "Чистое, хорошо сложенное, благородное. ",
  "dn30:1.12.11": "У него нежные, мягкие пальцы. ",
  "dn30:1.12.12": "Благодаря трем знакам превосходного человека ",
  "dn30:1.12.13": "Указывают, что мальчик наделен продолжительной, долгой жизнью. ",
  "dn30:1.12.14": "Он долго живет, находясь в доме, ",
  "dn30:1.12.15": "И еще дольше живет, — если уходит оттуда в странствие. ",
  "dn30:1.12.16": "На осуществление власти, богатства, ",
  "dn30:1.12.17": "На достижение долгого срока жизни [указывает] этот знак». ",
  "dn30:1.13.0": "6. Sattussadatālakkhaṇaṁ ",
  "dn30:1.13.1": "«Поскольку, монахи, в прежнем рождении, прежнем существовании, прежнем местопребывании наделенный тогда человеческим обликом Татхагата ",
  "dn30:1.13.2": "был даятелем изысканной, лакомой, твердой пищи и мягкой пищи, вкусных и тонких напитков, — ",
  "dn30:1.13.3": "он, совершив, накопив, в изобилии умножив подобные дела … ",
  "dn30:1.13.4": "Оставив существование там и придя в этот мир, он приобретает этот знак великого человека — имеет семь выпуклостей. У него есть семь выпуклостей — ",
  "dn30:1.13.5": "есть выпуклости на обеих руках, есть выпуклости на обеих ногах, есть выпуклости на обоих плечах, есть выпуклость на спине. ",
  "dn30:1.14.1": "Наделенный этим знаком, он если обитает в доме, то становится царем, владыкой мира, добродетельным царем добродетели … ",
  "dn30:1.14.2": "Что он получает, будучи царем? ",
  "dn30:1.14.3": "Он получает изысканную, лакомую, твердую пищу и мягкую пищу, вкусные и тонкие напитки. ",
  "dn30:1.14.4": "Это он получает, будучи царем … ",
  "dn30:1.14.5": "Что он получает, будучи Буддой? ",
  "dn30:1.14.6": "Он получает изысканную, лакомую, твердую пищу и мягкую пищу, вкусные и тонкие напитки. ",
  "dn30:1.14.7": "Это он получает, будучи Буддой». ",
  "dn30:1.14.8": "Вот что сказал Благостный. ",
  "dn30:1.15.1": "Об этом сказано так: ",
  "dn30:1.15.2": "«Говорят, что он давал превосходную, лакомую ",
  "dn30:1.15.3": "Твердую и мягкую пищу — тонкую, вкусную. ",
  "dn30:1.15.4": "Благодаря этому совершенному доброму делу ",
  "dn30:1.15.5": "Он долго наслаждается блаженством. ",
  "dn30:1.15.6": "Он приходит сюда [на землю] с семью выпуклостями ",
  "dn30:1.15.7": "И имеет нежные руки и ноги. ",
  "dn30:1.15.8": "Сведущие в приметах и предзнаменованиях говорят ",
  "dn30:1.15.9": "О получении [им] лакомой твердой пищи и мягкой пищи. ",
  "dn30:1.15.10": "Но подобное разъяснение об этом не относится лишь к находящемуся в доме. ",
  "dn30:1.15.11": "Оно касается и странствия. ",
  "dn30:1.15.12": "Превосходную, лакомую твердую пищу и мягкую пищу получает — ",
  "dn30:1.15.13": "Говорят они — и порвавший все связи с домом». ",
  "dn30:1.16.0": "7–8. Karacaraṇamudujālatālakkhaṇāni ",
  "dn30:1.16.1": "«Поскольку, монахи, в прежнем рождении, прежнем существовании, прежнем местопребывании наделенный тогда человеческим обликом Татхагата ",
  "dn30:1.16.2": "был добр с людьми четырьмя путями доброго обхождения — ",
  "dn30:1.16.3": "подаянием, ласковой речью, оказыванием услуг, беспристрастностью, ",
  "dn30:1.16.4": "он, совершив, накопив, в изобилии умножив подобные дела … ",
  "dn30:1.16.5": "Оставив существование там и придя в этот мир, он приобретает два знака великого человека. ",
  "dn30:1.16.6": "у него нежные, мягкие руки и ноги; руки и ноги — словно с сетью [между пальцами]. ",
  "dn30:1.17.1": "1.17. Наделенный этими знаками, он если обитает в доме, то становится царем, владыкой мира … ",
  "dn30:1.17.2": "Что он получает, будучи царем? ",
  "dn30:1.17.3": "У него весьма доброе к нему окружение, к нему весьма добры — брахманы, домохозяева, городские и деревенские жители, заведующие казной, стражники, привратники, приближенные, придворные, царская знать, царевичи. ",
  "dn30:1.17.4": "Это он получает, будучи царем … ",
  "dn30:1.17.5": "Что он получает, будучи Буддой? ",
  "dn30:1.17.6": "У него весьма доброе к нему окружение, к нему весьма добры — монахи, монахини, преданные миряне, преданные мирянки, боги, люди, асуры, наги, гандхаббы. ",
  "dn30:1.17.7": "Это он получает, будучи Буддой». ",
  "dn30:1.17.8": "Вот что сказал Благостный. ",
  "dn30:1.18.1": "Об этом сказано так: ",
  "dn30:1.18.2": "«Отличаясь и подаянием, и оказыванием услуг, ",
  "dn30:1.18.3": "И ласковой речью, и беспристрастным намерением, ",
  "dn30:1.18.4": "Будучи весьма добрым ко многим, ",
  "dn30:1.18.5": "Он благодаря безупречному достоинству достигает неба. ",
  "dn30:1.18.6": "Оставив существование [там], снова придя в этот мир, ",
  "dn30:1.18.7": "Руки и ноги, нежные и словно с сетью [между пальцами]; ",
  "dn30:1.18.8": "Весьма блестящую, прекрасную, приятную на вид [внешность], ",
  "dn30:1.18.9": "Этот маленький ребенок, мальчик, обретает. ",
  "dn30:1.18.10": "Он живет среди вас, наделенный окружением ",
  "dn30:1.18.11": "На земле, — весьма добрым [к нему]; ",
  "dn30:1.18.12": "Сладкоречивым, стремящимся к благополучию и счастью, ",
  "dn30:1.18.13": "И отличается приятными достоинствами. ",
  "dn30:1.18.14": "Если же он оставляет наслаждение всем чувственным, ",
  "dn30:1.18.15": "То — победитель — он ведет с людьми беседы о добродетели; ",
  "dn30:1.18.16": "[И те], слыша [его] речь и уверовав, ",
  "dn30:1.18.17": "Следуют истине во всей [ее] последовательности». ",
  "dn30:1.19.0": "9–10. Ussaṅkhapāda-uddhaggalomatālakkhaṇāni ",
  "dn30:1.19.1": "«Поскольку, монахи, в прежнем рождении, прежнем существовании, прежнем местопребывании наделенный тогда человеческим обликом Татхагата ",
  "dn30:1.19.2": "говорил речи, связанные с пользой многих людей, связанные с истиной, разъясняя [истину] многим людям, нес благополучие и счастье существам, совершал жертвы ради истины. ",
  "dn30:1.19.3": "Он, совершив, накопив, в изобилии умножив подобные дела … ",
  "dn30:1.19.4": "оставив существование там и придя в этот мир, он приобретает эти два знака великого человека. ",
  "dn30:1.19.5": "У него высоко расположенные лодыжки и волоски [на теле] направлены вверх. ",
  "dn30:1.20.1": "Наделенный этими знаками, он если обитает в доме, то становится царем… ",
  "dn30:1.20.2": "что он получает, будучи царем? ",
  "dn30:1.20.3": "Он становится и главным, и лучшим, и первым, и высшим, и превосходнейшим среди вкушающих чувственные удовольствия. ",
  "dn30:1.20.4": "Это он получает, будучи царем … ",
  "dn30:1.20.5": "что он получает, будучи Буддой? ",
  "dn30:1.20.6": "Он становится и главным, и лучшим, и первым, и высшим, и превосходнейшим среди всех существ. ",
  "dn30:1.20.7": "Это он получает, будучи Буддой». ",
  "dn30:1.20.8": "Вот что сказал Благостный. ",
  "dn30:1.21.1": "Об этом сказано так: ",
  "dn30:1.21.2": "«Прежде, ведя речь, связанную с пользой и истиной, ",
  "dn30:1.21.3": "Он разъяснял [истину] многим людям; ",
  "dn30:1.21.4": "Нес благополучие и счастье существам, ",
  "dn30:1.21.5": "Жил, совершая жертвы ради истины. ",
  "dn30:1.21.6": "Благодаря этому совершенному доброму делу ",
  "dn30:1.21.7": "Он идет счастливым путем и радуется там [на небе]; ",
  "dn30:1.21.8": "А придя сюда, имеет два знака — ",
  "dn30:1.21.9": "В высшей степени счастливых. ",
  "dn30:1.21.10": "Волоски [на теле] растут направленные вверх, ",
  "dn30:1.21.11": "Сочленения ног хорошо сложенные; ",
  "dn30:1.21.12": "Наделенные мясом и кровью, обтянутые кожей ",
  "dn30:1.21.13": "Прекрасны сверху. ",
  "dn30:1.21.14": "И он, если живет в доме, выглядя таким образом, ",
  "dn30:1.21.15": "То становится главным среди вкушающих чувственные удовольствия; ",
  "dn30:1.21.16": "Нет [человека] превосходнее его ",
  "dn30:1.21.17": "Он двигается по Джамбудипе, покорив [ее]. ",
  "dn30:1.21.18": "Будучи же отшельником, совершенный, свободный от желаний, ",
  "dn30:1.21.19": "Он становится главным среди всех живущих; ",
  "dn30:1.21.20": "Нет [человека] превосходнее его, ",
  "dn30:1.21.21": "Он обитает во всем мире, покорив [его]». ",
  "dn30:1.22.0": "11. Eṇijaṅghalakkhaṇaṁ ",
  "dn30:1.22.1": "«Поскольку, монахи, в прежнем рождении, прежнем существовании, прежнем местопребывании наделенный тогда человеческим обликом Татхагата ",
  "dn30:1.22.2": "был усердным наставником в ремесле, или науке, или поведении, или [других] делах: ",
  "dn30:1.22.3": "[говоря]: „Пусть же меня быстро узнают, быстро поймут, быстро последуют [за мной] и не будут долго нечистыми“. ",
  "dn30:1.22.4": "Он, совершив, накопив, в изобилии умножив подобные дела … ",
  "dn30:1.22.5": "оставив существование там и придя в этот мир, он приобретает этот знак великого человека. ",
  "dn30:1.22.6": "Ноги, как у антилопы. ",
  "dn30:1.23.1": "Наделенный этим знаком, он если обитает в доме, то становится царем, владыкой мира, добродетельным царем добродетели … ",
  "dn30:1.23.2": "что он получает, будучи царем? ",
  "dn30:1.23.3": "Он быстро приобретает [все] подобающее царю, свойственное царю, радующее царя, подходящее для царя. ",
  "dn30:1.23.4": "Это он получает, будучи царем … ",
  "dn30:1.23.5": "что он получает, будучи Буддой? ",
  "dn30:1.23.6": "Он быстро приобретает [всё] подобающее отшельнику, свойственное отшельнику, радующее отшельника, подходящее для отшельника. ",
  "dn30:1.23.7": "Это он получает, будучи Буддой». ",
  "dn30:1.23.8": "Вот что сказал Благостный. ",
  "dn30:1.24.1": "Об этом сказано так: ",
  "dn30:1.24.2": "«[Наставляя] в ремесла, науках, поведении и [других] делах, ",
  "dn30:1.24.3": "Он желает: „Как бы [человеку], распознав, постичь [это]?“; ",
  "dn30:1.24.4": "Ни у какого [человека от него] нет ущерба — ",
  "dn30:1.24.5": "Быстро получив наставления, [тот] не бывает долго нечистым. ",
  "dn30:1.24.6": "Совершив это хорошее дело, несущее счастье, ",
  "dn30:1.24.7": "Он получает прекрасные, хорошо сложенные ноги —; ",
  "dn30:1.24.8": "Округлые, благородные, должным образом высокие ",
  "dn30:1.24.9": "Волоски, направленные вверх, и также — гладкую кожу. ",
  "dn30:1.24.10": "У такого человека ноги — как у антилопы ",
  "dn30:1.24.11": "Говорят — это знак быстрого успеха; ",
  "dn30:1.24.12": "Когда каждый волосок [его таков], то чего [он] желает, ",
  "dn30:1.24.13": "Не становясь отшельником, того быстро достигает здесь. ",
  "dn30:1.24.14": "Если же подобный отправляется в странствование, ",
  "dn30:1.24.15": "Наслаждающийся стремлением к отречению, внимательный; ",
  "dn30:1.24.16": "То все подходящее и соответствующее [ему] ",
  "dn30:1.24.17": "Он быстро обретает — совершенный, свободный от желаний». ",
  "dn30:1.25.0": "12. Sukhumacchavilakkhaṇaṁ ",
  "dn30:1.25.1": "«Поскольку, монахи, в прежнем рождении, прежнем существовании, прежнем местопребывании наделенный тогда человеческим обликом Татхагата ",
  "dn30:1.25.2": "приближался к отшельнику и брахману и спрашивал: ",
  "dn30:1.25.3": "„Что, господин, хорошо, что нехорошо? Что следует порицать, чего не следует порицать? Что уместно, что неуместно? От каких дел у меня долгое время будет неблагополучие и несчастье? И от каких дел у меня долгое время будет благополучие и счастье?“. ",
  "dn30:1.25.4": "Он, совершив, накопив, в изобилии умножив подобные дела … ",
  "dn30:1.25.5": "оставив существование там и придя в этот мир, он приобретает этот знак великого человека. ",
  "dn30:1.25.6": "У него гладкая поверхность кожи, и из-за гладкой поверхности кожи к телу не пристает грязь. ",
  "dn30:1.26.1": "Наделенный этим знаком, он если обитает в доме, то становится царем, владыкой мира … ",
  "dn30:1.26.2": "что он получает, будучи царем? ",
  "dn30:1.26.3": "Он велик постижением, и нет никого из вкушающих чувственные удовольствия, кто был бы равен ему или выше постижением. ",
  "dn30:1.26.4": "Это он получает, будучи царем … ",
  "dn30:1.26.5": "что он получает, будучи Буддой? ",
  "dn30:1.26.6": "Он велик постижением, широк постижением, получает радость от постижения, быстр постижением, остер постижением, отвращается постижением [от зла], и нет никого из всех существ, кто был бы равен ему или выше постижением. ",
  "dn30:1.26.7": "Это он получает, будучи Буддой». ",
  "dn30:1.26.8": "Вот что сказал Благостный. ",
  "dn30:1.27.1": "Об этом сказано так: ",
  "dn30:1.27.2": "«Прежде, раньше, в прежних рождениях, ",
  "dn30:1.27.3": "Стремясь к знанию, он спрашивал; ",
  "dn30:1.27.4": "Желая учиться, чтя отшельничество, ",
  "dn30:1.27.5": "Внимая разъяснениям ради пользы. ",
  "dn30:1.27.6": "Благодаря этим делам, ведущим к приобретению постижения, ",
  "dn30:1.27.7": "Он, будучи человеком, наделен гладкой поверхностью кожи; ",
  "dn30:1.27.8": "Сведущие в приметах и знамениях разъяснили ",
  "dn30:1.27.9": "„Он в совершенстве будет видеть возвышенные предметы“. ",
  "dn30:1.27.10": "Если подобный не отправляется в странствование, ",
  "dn30:1.27.11": "Он приводит в движение колесо [власти], правит землей; ",
  "dn30:1.27.12": "И среди наставленных в полезном и постигающих [полезное] ",
  "dn30:1.27.13": "Нет никого, кто был бы лучше или равен [ему]. ",
  "dn30:1.27.14": "Ели же подобный отправляется в странствование, ",
  "dn30:1.27.15": "Наслаждающийся стремлением к отречению, внимательный; ",
  "dn30:1.27.16": "Он обретает несравненное, высшее постижение ",
  "dn30:1.27.17": "Наделенным превосходным, наилучшим разумением он достигает просветления». ",
  "dn30:1.28.0": "13. Suvaṇṇavaṇṇalakkhaṇaṁ ",
  "dn30:1.28.1": "«Поскольку, монахи, в прежнем рождении, прежнем существовании, прежнем местопребывании наделенный тогда человеческим обликом Татхагата ",
  "dn30:1.28.2": "был лишен гнева, полон умиротворенности, ",
  "dn30:1.28.3": "и даже когда ему говорили много [дурного], не бранился, не гневался, не делал зла, не упирался, не выказывал ни гнева, ни ненависти, ни недовольства. ",
  "dn30:1.28.4": "И раздавал тонкие, мягкие покрывала и одежды тонкого льна, тонкого хлопка, тонкого шелка, тонкой шерсти. ",
  "dn30:1.28.5": "Он, совершив, накопив, в изобилии умножив подобные дела … ",
  "dn30:1.28.6": "оставив существование там и придя в этот мир, он приобретает этот знак великого человека. ",
  "dn30:1.28.7": "[тело его] золотистого цвета, кожа — словно золото. ",
  "dn30:1.29.1": "Наделенный этим знаком, он если обитает в доме, то становится царем, владыкой мира … ",
  "dn30:1.29.2": "что он получает, будучи царем? ",
  "dn30:1.29.3": "Он получает тонкие, мягкие покрывала и одежды тонкого льна, тонкого хлопка, тонкого шелка, тонкой шерсти. ",
  "dn30:1.29.4": "Это он получает, будучи царем … ",
  "dn30:1.29.5": "что он получает, будучи Буддой? ",
  "dn30:1.29.6": "Он получает тонкие, мягкие покрывала и одежды тонкого льна, тонкого хлопка, тонкого шелка, тонкой шерсти. ",
  "dn30:1.29.7": "Это он получает, будучи Буддой». ",
  "dn30:1.29.8": "Вот что сказал Благостный. ",
  "dn30:1.30.1": "Об этом сказано так: ",
  "dn30:1.30.2": "«Он был лишен гнева и охотно раздавал ",
  "dn30:1.30.3": "В дар тонкие, приятные для кожи одежды; ",
  "dn30:1.30.4": "Находясь в прежнем существовании, он расточал [это], ",
  "dn30:1.30.5": "Как бог посылает дождь на землю. ",
  "dn30:1.30.6": "Совершая это и оставив существование здесь, ",
  "dn30:1.30.7": "Он достиг неба — как созревшего плода добрых дел; ",
  "dn30:1.30.8": "Насладившись [там], он, с телом, подобным золоту, ",
  "dn30:1.30.9": "Существует здесь — прекраснее богов, словно Инда. ",
  "dn30:1.30.10": "Живя в доме мужем, не желающим быть отшельником, ",
  "dn30:1.30.11": "Он правит великой землей; ",
  "dn30:1.30.12": "В силу [прежних заслуг] он одновременно обретает семь сокровищ ",
  "dn30:1.30.13": "И множество тонких приятных для кожи [одежд]. ",
  "dn30:1.30.14": "Он также получает накидки, облачения, превосходные одежды, ",
  "dn30:1.30.15": "Если и странствует бездомным; ",
  "dn30:1.30.16": "Так он одновременно наслаждается плодом прежних дел — ",
  "dn30:1.30.17": "Ведь совершенное [дело] не пропадает». ",
  "dn30:1.31.0": "14. Kosohitavatthaguyhalakkhaṇaṁ ",
  "dn30:1.31.1": "«Поскольку, монахи, в прежнем рождении, прежнем существовании, прежнем местопребывании наделенный тогда человеческим обликом Татхагата ",
  "dn30:1.31.2": "соединял вместе давно расставшихся с давно отсутствовавшими родными, друзьями, близкими, спутниками. ",
  "dn30:1.31.3": "Соединял вместе мать с сыном, соединял вместе сына с матерью, соединял вместе отца с сыном, соединял вместе сына с отцом, соединял вместе брата с братом, соединял вместе брата с сестрой, соединял вместе сестру с братом, собирая и радуя [их]. ",
  "dn30:1.31.4": "Он, совершив, накопив, в изобилии умножив подобные дела … ",
  "dn30:1.31.5": "оставив существование там и придя в этот мир, он приобретает этот знак великого человека",
  "dn30:1.31.6": "скрытый под одеждой [член] находится [у него] в углублении. ",
  "dn30:1.32.1": "Наделенный этим знаком, он если обитает в доме, то становится царем, владыкой мира … ",
  "dn30:1.32.2": "что он получает, будучи царем? ",
  "dn30:1.32.3": "Он имеет много сыновей, у него больше тысячи сыновей — героев могучего сложения, повергающих вражеское войско. ",
  "dn30:1.32.4": "Это он получает, будучи царем … ",
  "dn30:1.32.5": "что он получает, будучи Буддой? ",
  "dn30:1.32.6": "Он имеет много сыновей, у него больше тысячи сыновей — героев могучего сложения, повергающих вражеское войско. ",
  "dn30:1.32.7": "Это он получает, будучи Буддой». ",
  "dn30:1.32.8": "Вот что сказал Благостный. ",
  "dn30:1.33.1": "Об этом сказано так: ",
  "dn30:1.33.2": "«Прежде, раньше, в прежних рождениях ",
  "dn30:1.33.3": "Он соединял вместе давно расставшихся с давно отсутствовавшими; ",
  "dn30:1.33.4": "Родными, близкими, спутниками, ",
  "dn30:1.33.5": "Собирая и радуя [их]. ",
  "dn30:1.33.6": "Благодаря этому делу он достиг небес — ",
  "dn30:1.33.7": "Счастливый, наслаждающийся счастьем и радостью, великий; ",
  "dn30:1.33.8": "Оставив существование там, придя сюда, ",
  "dn30:1.33.9": "Он имеет скрытое под одеждой — в углублении. ",
  "dn30:1.33.10": "Подобным же образом у него много сыновей — ",
  "dn30:1.33.11": "Больше тысячи, рожденных здесь; ",
  "dn30:1.33.12": "Героев, мужей, испепеляющих недругов, ",
  "dn30:1.33.13": "Доставляющих радость в доме хозяина, — говорящих приятное. ",
  "dn30:1.33.14": "И еще больше у отправившегося в странствование ",
  "dn30:1.33.15": "Бывает сыновей, послушных [его] словам; ",
  "dn30:1.33.16": "И у домохозяина, и у странника ",
  "dn30:1.33.17": "Свидетельством тому является подобный знак». ",
  "dn30:1.33.18": "[Окончен] первый раздел поучения. ",
  "dn30:2.1.0": "15–16. Parimaṇḍalaanonamajaṇṇuparimasanalakkhaṇāni ",
  "dn30:2.1.1": "«Поскольку, монахи, в прежнем рождении, прежнем существовании, прежнем местопребывании наделенный тогда человеческим обликом Татхагата ",
  "dn30:2.1.2": "взирая на собрание многих людей, познавал [их], знал в равной мере, знал [каждого] человека, знал разницу между людьми [и, говоря]: ",
  "dn30:2.1.3": "„Этот заслуживает того-то, этот заслуживает того-то“ — таким образом проводил разницу между людьми. ",
  "dn30:2.1.4": "Он, совершив, накопив, в изобилии умножив подобные дела … ",
  "dn30:2.1.5": "оставив существование там и придя в этот мир, он приобретает эти два знака великого человека. ",
  "dn30:2.1.6": "У него [пропорции подобны] окружности баньянового дерева, и, стоя, не наклоняясь, он может коснуться и охватить колени обеими руками. ",
  "dn30:2.2.1": "Наделенный этими знаками, он если обитает в доме, то становится царем, владыкой мира … ",
  "dn30:2.2.2": "что он получает, будучи царем? ",
  "dn30:2.2.3": "Он богат, обладает большим имуществом, большим достатком; много золота и серебра, много добра, много денег и зерна наполняет [его] сокровищницу. ",
  "dn30:2.2.4": "Это он получает, будучи царем … ",
  "dn30:2.2.5": "что он получает, будучи Буддой? ",
  "dn30:2.2.6": "Он богат, обладает большим имуществом, большим достатком. ",
  "dn30:2.2.7": "Богатство же его таково",
  "dn30:2.2.8": "богатство веры, богатство нравственности, богатство скромности, богатство самообуздания, богатство учености, богатство отречения, богатство постижения. ",
  "dn30:2.2.9": "Это он получает, будучи Буддой». ",
  "dn30:2.2.10": "Вот что сказал Благостный. ",
  "dn30:2.3.1": "Об этом сказано так: ",
  "dn30:2.3.2": "«Взвешивая, исследуя, размышляя, ",
  "dn30:2.3.3": "Взирая на собрание многих людей; ",
  "dn30:2.3.4": "[Говоря]: „Этот заслуживает того-то“, — он таким образом ",
  "dn30:2.3.5": "Проводил прежде разницу между людьми. ",
  "dn30:2.3.6": "И вот, стоя, не наклоняясь, ",
  "dn30:2.3.7": "Он касается обеими руками колен; ",
  "dn30:2.3.8": "И [его пропорции подобны] окружности дерева — ",
  "dn30:2.3.9": "[Таков] оставшийся результат добрых дел. ",
  "dn30:2.3.10": "Знатоки множества различных предзнаменований и знаков, ",
  "dn30:2.3.11": "Весьма разумные люди разъяснили; ",
  "dn30:2.3.12": "Множество различных [вещей], приличествующих домохозяевам ",
  "dn30:2.3.13": "Этот маленький ребенок, мальчик, получает. ",
  "dn30:2.3.14": "Здесь у [него —] владыки земли — чувственные наслаждения, ",
  "dn30:2.3.15": "И есть многое, подобающее домохозяину; ",
  "dn30:2.3.16": "Если же он оставляет чувственные наслаждения, ",
  "dn30:2.3.17": "То обретает несравненное, превосходное, высшее богатство“». ",
  "dn30:2.4.0": "17–19. Sīhapubbaddhakāyāditilakkhaṇaṁ ",
  "dn30:2.4.1": "«Поскольку, монахи, в прежнем рождении, прежнем существовании, прежнем местопребывании наделенный тогда человеческим обликом Татхагата ",
  "dn30:2.4.2": "желал пользы, желал добра, желал благополучия, желал свободы от уз многим людям, [думая]: ",
  "dn30:2.4.3": "„Пусть они процветают у меня в вере, процветают в нравственности, процветают в учености, процветают в самообуздании, процветают в истине, процветают в постижении, процветают с деньгами и зерном, процветают с полями и землями, процветают с двуногими и четвероногими, процветают с детьми и женами, процветают с рабами и слугами, процветают с родственниками, процветают с друзьями, процветают с близкими!“. ",
  "dn30:2.4.4": "Он, совершив, накопив, в изобилии умножив подобные дела … ",
  "dn30:2.4.5": "оставив существование там и придя в этот мир, он приобретает эти три знака великого человека. ",
  "dn30:2.4.6": "У него передняя половина тела, как у льва, и заполнено [углубление] между плечами, и округлые плечи. ",
  "dn30:2.5.1": "Наделенный этими знаками, он если обитает в доме, то становится царем, владыкой мира … ",
  "dn30:2.5.2": "что он получает, будучи царем? ",
  "dn30:2.5.3": "Он не подвержен ущербу, не знает ущерба в деньгах и зерне, в полях и землях, в двуногих и четвероногих, в детях и женах, в рабах и слугах, в родственниках, друзьях и близких, не знает ущерба ни в каких достижениях. ",
  "dn30:2.5.4": "Это он получает, будучи царем … ",
  "dn30:2.5.5": "что он получает, будучи Буддой? ",
  "dn30:2.5.6": "Он не подвержен ущербу, не знает ущерба в вере, нравственности, учености, самообуздании, постижении, не знает ущерба ни в каких достижениях. ",
  "dn30:2.5.7": "Это он получает, будучи Буддой». ",
  "dn30:2.5.8": "Вот что сказал Благостный. ",
  "dn30:2.6.1": "Об этом сказано так: ",
  "dn30:2.6.2": "«В вере, нравственности, учености, просветлении, ",
  "dn30:2.6.3": "Самообуздании, истине и многих добрых [свойствах]; ",
  "dn30:2.6.4": "В деньгах и зерне, полях и землях, ",
  "dn30:2.6.5": "Детях, женах и четвероногих. ",
  "dn30:2.6.6": "В родственниках, друзьях и близких, ",
  "dn30:2.6.7": "В силе, красоте и счастье; ",
  "dn30:2.6.8": "Он желал пользы и успеха и стремился [к этому, думая] ",
  "dn30:2.6.9": "„Как бы другие не терпели ущерба“. ",
  "dn30:2.6.10": "[И вот у него] передняя половина [тела], как у льва, ",
  "dn30:2.6.11": "Хорошо сложена, округлые плечи и заполнено [углубление] между плечами; ",
  "dn30:2.6.12": "Благодаря непропадающим, хорошо исполненным делам, совершенным прежде ",
  "dn30:2.6.13": "Это предзнаменование у него. ",
  "dn30:2.6.14": "Домохозяином он процветает, [наделенный] зерном и деньгами, ",
  "dn30:2.6.15": "Детьми, женами и четвероногими; ",
  "dn30:2.6.16": "Отшельником же, даже ничего не имея, ",
  "dn30:2.6.17": "Он достигает несравненного просветления, не подверженного ущербу». ",
  "dn30:2.7.0": "20. Rasaggasaggitālakkhaṇaṁ ",
  "dn30:2.7.1": "«Поскольку, монахи, в прежнем рождении, прежнем существовании, прежнем местопребывании наделенный тогда человеческим обликом Татхагата ",
  "dn30:2.7.2": "не причинял зла существам — ни рукой, ни камнем, ни палкой, ни мечом. ",
  "dn30:2.7.3": "Он, совершив, накопив, в изобилии умножив подобные дела … ",
  "dn30:2.7.4": "оставив существование там и придя в этот мир, он приобретает этот знак великого человека — у него в высшей степени тонкий вкус; ощущение вкуса, родившись в горле от [всего], находящегося на кончике языка, распространяется [в нем]. ",
  "dn30:2.8.1": "Наделенный этим знаком, он если обитает в доме, то становится царем, владыкой мира … ",
  "dn30:2.8.2": "что он получает, будучи царем? ",
  "dn30:2.8.3": "Он испытывает мало недугов, мало болезней, наделен хорошим пищеварением — не слишком холодным, не слишком горячим. ",
  "dn30:2.8.4": "Это он получает, будучи царем … ",
  "dn30:2.8.5": "что он получает, будучи Буддой? ",
  "dn30:2.8.6": "Он испытывает мало недугов, мало болезней, наделен хорошим пищеварением — не слишком холодным, не слишком горячим, [наделен] умеренностью и терпением в усилиях. ",
  "dn30:2.8.7": "Это он получает, будучи Буддой». ",
  "dn30:2.8.8": "Вот что сказал Благостный. ",
  "dn30:2.9.1": "Об этом сказано так: ",
  "dn30:2.9.2": "«Ни рукою, ни палкой и камнем, ",
  "dn30:2.9.3": "Ни мечом, ни смертоубийством, Ни удушением; ",
  "dn30:2.9.4": "Ни испугом он не причинял зла [ни одному] существу, ",
  "dn30:2.9.5": "Был не причиняющим зла. ",
  "dn30:2.9.6": "Следуя этому благому пути, ",
  "dn30:2.9.7": "Он радуется плодам добрых дел и обретает счастье; ",
  "dn30:2.9.8": "Он получает в высшей степени тонкий вкус, ",
  "dn30:2.9.9": "Придя сюда [в мир]; свойства его вкуса превосходно сотворены. ",
  "dn30:2.9.10": "Поэтому говорят о нем разумные и внимательные ",
  "dn30:2.9.11": "„Этот человек будет иметь много счастья”; ",
  "dn30:2.9.12": "И у домохозяина, и у странника ",
  "dn30:2.9.13": "Свидетельством тому является подобный знак». ",
  "dn30:2.10.0": "21–22. Abhinīlanettagopakhumalakkhaṇāni ",
  "dn30:2.10.1": "«Поскольку, монахи, в прежнем рождении, прежнем существовании, прежнем местопребывании наделенный тогда человеческим обликом Татхагата ",
  "dn30:2.10.2": "глядел на многих людей не рассеянно, и не бездумно, и не неразличающим взглядом, но прямо и открыто, прямодушно, любящими глазами. ",
  "dn30:2.10.3": "Он, совершив, накопив, в изобилии умножив подобные дела … ",
  "dn30:2.10.4": "оставив существование там и придя в этот мир, он приобретает эти два знака великого человека. ",
  "dn30:2.10.5": "У него темно-синие глаза и ресницы как у коровы. ",
  "dn30:2.11.1": "Наделенный этими знаками, он если обитает в доме, то становится царем… ",
  "dn30:2.11.2": "что он получает, будучи царем? ",
  "dn30:2.11.3": "Он приятен на вид для многих людей, он приятен и дорог брахманам-домохозяевам, городским и деревенским жителям, заведующим казной, стражникам, привратникам, приближенным, придворным, царской знати, царевичам. ",
  "dn30:2.11.4": "Это он получает, будучи царем … ",
  "dn30:2.11.5": "что он получает, будучи Буддой? ",
  "dn30:2.11.6": "Он приятен на вид для многих людей, он приятен и дорог монахам, монахиням, преданным мирянам, преданным мирянкам, богам, людям, асурам, нагам, гандхаббам. ",
  "dn30:2.11.7": "Это он получает, будучи Буддой». ",
  "dn30:2.11.8": "Вот что сказал Благостный. ",
  "dn30:2.12.1": "Об этом сказано так: ",
  "dn30:2.12.2": "«Не рассеянно, и не бездумно, ",
  "dn30:2.12.3": "И не неразличающим взглядом; ",
  "dn30:2.12.4": "Но прямо и открыто, прямодушно, ",
  "dn30:2.12.5": "Любящими глазами он глядел на многих людей. ",
  "dn30:2.12.6": "Созревший плод благих путей ",
  "dn30:2.12.7": "Он вкушает и радуется в том [мире]; ",
  "dn30:2.12.8": "Здесь же он наделен ресницами как у коровы ",
  "dn30:2.12.9": "И темно-синими глазами — он прекрасен. ",
  "dn30:2.12.10": "Искусные в предсказаниях и разумные, ",
  "dn30:2.12.11": "Знатоки множества предзнаменований; ",
  "dn30:2.12.12": "Говорят: „Приятен на вид“ — ",
  "dn30:2.12.13": "О человеке с красивыми, хорошими глазами. ",
  "dn30:2.12.14": "Домохозяином он приятен на вид ",
  "dn30:2.12.15": "Для многих и любим; ",
  "dn30:2.12.16": "Если же он не бывает домохозяином, а становится отшельником, ",
  "dn30:2.12.17": "То любим многими и устраняет [их] горе». ",
  "dn30:2.13.0": "23. Uṇhīsasīsalakkhaṇaṁ ",
  "dn30:2.13.1": "«Поскольку, монахи, в прежнем рождении, прежнем существовании, прежнем местопребывании наделенный тогда человеческим обликом Татхагата ",
  "dn30:2.13.2": "был первым среди многих людей в хороших свойствах, лучшим среди многих людей в добром поведении тела, добром поведении в речи, добром поведении разума, в раздаче подаяний, в приверженности нравственному поведению, в соблюдении упосатхи, в уважении к матери, уважении к отцу, уважении к отшельникам, в уважении к брахманам, почитании старших в роду и во всевозможных других весьма добрых свойствах. ",
  "dn30:2.13.3": "Он, совершив, накопив, в изобилии умножив подобные дела … ",
  "dn30:2.13.4": "оставив существование там и придя в этот мир, он приобретает этот знак великого человека",
  "dn30:2.13.5": "на голове сверху выпуклость. ",
  "dn30:2.14.1": "Наделенный этим знаком, он если обитает в доме, то становится царем, владыкой мира … ",
  "dn30:2.14.2": "что он получает, будучи царем? ",
  "dn30:2.14.3": "За ним следует много существ — брахманы-домохозяева, городские и деревенские жители, заведующие казной, стражники, привратники, приближенные, придворные, царская знать, царевичи. ",
  "dn30:2.14.4": "Это он получает, будучи царем … ",
  "dn30:2.14.5": "что он получает, будучи Буддой? ",
  "dn30:2.14.6": "За ним следует много существ — монахи, монахини, преданные миряне, преданные мирянки, боги, люди, асуры, наги, гандхаббы. ",
  "dn30:2.14.7": "Это он получает, будучи Буддой». ",
  "dn30:2.14.8": "Вот что сказал Благостный. ",
  "dn30:2.15.1": "Об этом сказано так: ",
  "dn30:2.15.2": "«Он был первым в добрых, праведных делах ",
  "dn30:2.15.3": "И наслаждался праведным поведением; ",
  "dn30:2.15.4": "Следуя [нуждам] многих существ, ",
  "dn30:2.15.5": "И испытал на небесах плод заслуг. ",
  "dn30:2.15.6": "И испытав плод добрых дел, ",
  "dn30:2.15.7": "Он пришел сюда [в мир] с головой, сверху на которой выпуклость; ",
  "dn30:2.15.8": "Знающие приметы и предзнаменования разъяснили, ",
  "dn30:2.15.9": "„Он будет первым среди многих“. ",
  "dn30:2.15.10": "И полезное для людей здесь, ",
  "dn30:2.15.11": "Ему приносят — как и прежде; ",
  "dn30:2.15.12": "Если он кшатрий, повелитель земли, ",
  "dn30:2.15.13": "То получает подношения от многих людей. ",
  "dn30:2.15.14": "Если же этот человек странствует, ",
  "dn30:2.15.15": "Всецело исполненный добродетелей; ",
  "dn30:2.15.16": "То восхищенные достоинствами его наставлений, ",
  "dn30:2.15.17": "За ним следуют множество людей». ",
  "dn30:2.16.0": "24–25. Ekekalomatāuṇṇālakkhaṇāni ",
  "dn30:2.16.1": "«Поскольку, монахи, в прежнем рождении, прежнем существовании, прежнем местопребывании наделенный тогда человеческим обликом Татхагата ",
  "dn30:2.16.2": "отказываясь от лживой речи, избегая лживой речи, говорил правду, был связан с правдой, надежен, достоин доверия, не обманывал людей. ",
  "dn30:2.16.3": "Он, совершив, накопив, в изобилии умножив подобные дела … ",
  "dn30:2.16.4": "оставив существование там и придя в этот мир, он приобретает эти два знака великого человека. ",
  "dn30:2.16.5": "[у него из каждой поры растет] по одному волоску, и между бровями растут белые волоски, подобные мягкой хлопковой ткани. ",
  "dn30:2.17.1": "Наделенный этими знаками, он если обитает в доме, то становится царем… ",
  "dn30:2.17.2": "что он получает, будучи царем? ",
  "dn30:2.17.3": "Ему служит много существ — брахманы-домохозяева, городские и сельские жители, заведующие казной, стражники, привратники, приближенные, придворные, царская знать, царевичи. ",
  "dn30:2.17.4": "Это он получает, будучи царем … ",
  "dn30:2.17.5": "что он получает, будучи Буддой? ",
  "dn30:2.17.6": "Ему служит много существ — монахи, монахини, преданные миряне, преданные мирянки, боги, люди, асуры, наги, гандхаббы. ",
  "dn30:2.17.7": "Это он получает, будучи Буддой». ",
  "dn30:2.17.8": "Вот что сказал Благостный. ",
  "dn30:2.18.1": "Об этом сказано так: ",
  "dn30:2.18.2": "«В предыдущих рождениях он был привержен правде, ",
  "dn30:2.18.3": "Искренен в речах, отвергал ложь; ",
  "dn30:2.18.4": "Никого не обманывал, ",
  "dn30:2.18.5": "Радовался тому, что соответствует правде, истине. ",
  "dn30:2.18.6": "Белые, очень светлые, подобные мягкой хлопковой ткани ",
  "dn30:2.18.7": "Волоски хорошо выросли у него между бровями; ",
  "dn30:2.18.8": "И из [каждой] поры выросло ",
  "dn30:2.18.9": "По одному волоску — так сотворены [его] черты. ",
  "dn30:2.18.10": "Сошлись многие знатоки знаков, ",
  "dn30:2.18.11": "Сведущие в знамениях и предзнаменованиях, и разъяснили о нем; ",
  "dn30:2.18.12": "„Когда хорошо выросли волоски и волосы, ",
  "dn30:2.18.13": "То подобному [человеку] служит много людей. ",
  "dn30:2.18.14": "Когда он домохозяин, ему служат многие ",
  "dn30:2.18.15": "Люди за совершенные прежде дела; ",
  "dn30:2.18.16": "Но и когда он — не имеющий ничего странник, непревзойденный ",
  "dn30:2.18.17": "Будда — ему служат люди“». ",
  "dn30:2.19.0": "26–27. Cattālīsaaviraḷadantalakkhaṇāni ",
  "dn30:2.19.1": "«Поскольку, монахи, в прежнем рождении, прежнем существовании, прежнем местопребывании наделенный тогда человеческим обликом Татхагата ",
  "dn30:2.19.2": "отказывался от клеветнической речи, избегал клеветнической речи; не рассказывал в другом месте услышанного здесь, чтобы не вызвать раздора со здешними, и не рассказывал здесь услышанного в другом месте, чтобы не вызвать раздора с тамошними; соединяя разобщенных, поощряя соединенных, был удовлетворен согласием, доволен согласием, наслаждался согласием, вел речь, родящую согласие. ",
  "dn30:2.19.3": "Он, совершив, накопив, в изобилии умножив подобные дела … ",
  "dn30:2.19.4": "оставив существование там и придя в этот мир, он приобретает эти два знака великого человека. ",
  "dn30:2.19.5": "У него сорок зубов, и зубы не посажены редко. ",
  "dn30:2.20.1": "Наделенный этими знаками, он если обитает в доме, то становится царем, владыкой мира … ",
  "dn30:2.20.2": "что он получает, будучи царем? ",
  "dn30:2.20.3": "Окружающие его не разделены [между собой] — не разделены у него брахманы-домохозяева, городские и сельские жители, заведующие казной, стражники, привратники, приближенные, придворные, царская знать, царевичи. ",
  "dn30:2.20.4": "Это он получает, будучи царем … ",
  "dn30:2.20.5": "что он получает, будучи Буддой? ",
  "dn30:2.20.6": "Окружающие его не разделены [между собой] — не разделены у него монахи, монахини, преданные миряне, преданные мирянки, боги, люди, асуры, наги, гандхаббы. ",
  "dn30:2.20.7": "Это он получает, будучи Буддой». ",
  "dn30:2.20.8": "Вот что сказал Благостный. ",
  "dn30:2.21.1": "Об этом сказано так: ",
  "dn30:2.21.2": "«Он не говорил связанного клеветой, причиняющего разделение, ",
  "dn30:2.21.3": "Причиняющего распрю, вырастающую из разделения; ",
  "dn30:2.21.4": "Причиняющего недолжное, вырастающее из ссоры, ",
  "dn30:2.21.5": "Рождающего разделение соединенных. ",
  "dn30:2.21.6": "Он говорил надолго причиняющее возрастание согласия, ",
  "dn30:2.21.7": "Рождающее соединение разделенных; ",
  "dn30:2.21.8": "Устраняя ссоры между людьми и, наделенный ",
  "dn30:2.21.9": "Сопутствующими [ему], наслаждается и радуется. ",
  "dn30:2.21.10": "Созревший плод благих путей ",
  "dn30:2.21.11": "Он вкушает и радуется в том [мире]; ",
  "dn30:2.21.12": "Здесь [его] зубы не посажены редко, и всего ",
  "dn30:2.21.13": "Их у него сорок, растущих во рту, хорошо расположенных. ",
  "dn30:2.21.14": "Если он кшатрий, повелитель земли, ",
  "dn30:2.21.15": "То окружающие его не бывают враждебны; ",
  "dn30:2.21.16": "Когда же он — отшельник — непорочный, незапятнанный, ",
  "dn30:2.21.17": "То окружающие преданы ему и непоколебимы». ",
  "dn30:2.22.0": "28–29. Pahūtajivhābrahmassaralakkhaṇāni ",
  "dn30:2.22.1": "«Поскольку, монахи, в прежнем рождении, прежнем существовании, прежнем местопребывании наделенный тогда человеческим обликом Татхагата ",
  "dn30:2.22.2": "отказывался от грубой речи, избегал грубой речи, вел лишь такую речь, которая непорочна, радует слух, добра, доходит до сердца, вежлива, дорога многим людям, приятна многим людям. ",
  "dn30:2.22.3": "Он, совершив, накопив, в изобилии умножив подобные дела … ",
  "dn30:2.22.4": "оставив существование там и придя в этот мир, он приобретает эти два знака великого человека. ",
  "dn30:2.22.5": "У него большой язык и превосходно звучащий голос, как у каравики. ",
  "dn30:2.23.1": "Наделенный этими знаками, он если обитает в доме, то становится царем, владыкой мира … ",
  "dn30:2.23.2": "что он получает, будучи царем? ",
  "dn30:2.23.3": "У него захватывающая речь; его речью захвачены брахманы-домохозяева, городские и сельские жители, заведующие казной, стражники, привратники, приближенные, придворные, царская знать, царевичи. ",
  "dn30:2.23.4": "Это он получает, будучи царем … ",
  "dn30:2.23.5": "что он получает, будучи Буддой? ",
  "dn30:2.23.6": "У него захватывающая речь; его речью захвачены монахи, монахини, преданные миряне, преданные мирянки, боги, люди, асуры, наги, гандхаббы. ",
  "dn30:2.23.7": "Это он получает, будучи Буддой». ",
  "dn30:2.23.8": "Вот что сказал Благостный. ",
  "dn30:2.24.1": "Об этом сказано так: ",
  "dn30:2.24.2": "«Он не поднимал голоса, не говорил грубого, ",
  "dn30:2.24.3": "Причиняющего оскорбление, ссоры, тягость; ",
  "dn30:2.24.4": "Разрушающего, сокрушающего многих людей, ",
  "dn30:2.24.5": "Вел сладкозвучные [речи], хорошо составленные, добрые. ",
  "dn30:2.24.6": "Были приятны для разума и доходили до сердца [Его] слова ",
  "dn30:2.24.7": "Он говорил, радуя слух; ",
  "dn30:2.24.8": "И вкушает плод хорошо произнесенных слов ",
  "dn30:2.24.9": "Испытал на небесах плод заслуг. ",
  "dn30:2.24.10": "Испытав плод добрых дел, ",
  "dn30:2.24.11": "Он пришел сюда [в мир] с превосходно звучащим голосом; ",
  "dn30:2.24.12": "И язык его — большой величины ",
  "dn30:2.24.13": "Он говорит речь, которая захватывает. ",
  "dn30:2.24.14": "Будучи домохозяином, он процветает, говоря ",
  "dn30:2.24.15": "Но и когда этот человек отправился в странствие; ",
  "dn30:2.24.16": "То людей захватывает его речь, ",
  "dn30:2.24.17": "Когда, говоря, он говорит многое многим». ",
  "dn30:2.25.0": "30. Sīhahanulakkhaṇaṁ ",
  "dn30:2.25.1": "«Поскольку, монахи, в прежнем рождении, прежнем существовании, прежнем местопребывании наделенный тогда человеческим обликом Татхагата ",
  "dn30:2.25.2": "отказывался от легкомысленной болтовни, избегал легкомысленной болтовни, говорил вовремя, говорил о действительно происшедшем, говорил с пользой, говорил об истине, говорил о должном поведении, своевременно вел достопамятную речь, обоснованную, соразмерную, несущую пользу. ",
  "dn30:2.25.3": "Он, совершив, накопив, в изобилии умножив подобные дела … ",
  "dn30:2.25.4": "оставив существование там и придя в этот мир, он приобретает этот знак великого человека, ",
  "dn30:2.25.5": "у него челюсть, как у льва. ",
  "dn30:2.26.1": "Наделенный этим знаком, он если обитает в доме, то становится царем, владыкой мира … ",
  "dn30:2.26.2": "что он получает, будучи царем? ",
  "dn30:2.26.3": "Ни одно человеческое существо, противник, недруг не может нанести [ему] поражения. ",
  "dn30:2.26.4": "Это он получает, будучи царем … ",
  "dn30:2.26.5": "что он получает, будучи Буддой? ",
  "dn30:2.26.6": "Ни внутренние, ни внешние противники, ни страсть, ни ненависть, ни заблуждение, ни отшельник, ни брахман, ни бог, ни Мара, ни Брахма — ничто в мире не может нанести ему поражение. ",
  "dn30:2.26.7": "Это он получает, будучи Буддой». ",
  "dn30:2.26.8": "Вот что сказал Благостный. ",
  "dn30:2.27.1": "Об этом сказано так: ",
  "dn30:2.27.2": "«Он не произносил ни легкомысленной болтовни, ни глупостей, ",
  "dn30:2.27.3": "Не был занят рассеянными речами; ",
  "dn30:2.27.4": "И отвергал бесполезное, и говорил лишь о полезном ",
  "dn30:2.27.5": "И счастливом для многих людей. ",
  "dn30:2.27.6": "Совершая это и оставив существование здесь, он достиг неба, ",
  "dn30:2.27.7": "Наслаждаясь плодами добрых дел; ",
  "dn30:2.27.8": "Оставив существование [там], снова придя в этот мир, ",
  "dn30:2.27.9": "Он приобрел челюсть, подобную [челюсти] превосходнейшего из четвероногих. ",
  "dn30:2.27.10": "Царь, владыка людей, он непобедим — ",
  "dn30:2.27.11": "Повелитель человеческого рода, великий могуществом; ",
  "dn30:2.27.12": "Подобный лучшему в граде трех небес, ",
  "dn30:2.27.13": "Словно превосходнейший владыка богов. ",
  "dn30:2.27.14": "Гандхаббам, асурам, Сакке, раккхасам, ",
  "dn30:2.27.15": "Богам — нелегко победить его; ",
  "dn30:2.27.16": "Таким же образом он бывает подобным домохозяином ",
  "dn30:2.27.17": "Во [всех] сторонах света, и противоположных сторонах, и промежуточных сторонах». ",
  "dn30:2.28.0": "31–32. Samadantasusukkadāṭhālakkhaṇāni ",
  "dn30:2.28.1": "«Поскольку, монахи, в прежнем рождении, прежнем существовании, прежнем местопребывании наделенный тогда человеческим обликом Татхагата ",
  "dn30:2.28.2": "отказался от неправедного образа жизни, добывал средства к существованию праведной жизнью, избегая обмана на весах, обмана в монете, обмана в мере, криводушия, нечестности, обмана, изворотливости, [избегая] ранить, убивать, заключать в оковы, разбойничать, грабить, применять насилие. ",
  "dn30:2.28.3": "Он, совершив, накопив, в изобилии умножив подобные дела, с распадом тела после смерти вновь рождается в счастливом небесном мире. ",
  "dn30:2.28.4": "Там он превосходит других богов в десяти вещах: божественном сроке жизни, божественной красоте, божественном счастье, божественной славе, божественном владычестве, божественных видах, божественных звуках, божественных запахах, божественных вкусах, божественных осязаниях. ",
  "dn30:2.28.5": "Оставив существование там и придя в этот мир, он приобретает эти два знака великого человека — у него ровные зубы и очень белые зубы. ",
  "dn30:2.29.1": "Если он обитает в доме, то становится царем, владыкой мира, добродетельным царем добродетели, правящим четырьмя сторонами света, победоносным, доставившим стране безопасность, наделенным семью сокровищами. ",
  "dn30:2.29.2": "Эти его семь сокровищ",
  "dn30:2.29.3": "колесо-сокровище, слон-сокровище, конь-сокровище, драгоценность-сокровище, женщина-сокровище, домоправитель-сокровище и наставник-сокровище — в седьмых. ",
  "dn30:2.29.4": "И у него есть больше тысячи сыновей — героев могучего сложения, повергающих вражеское войско. ",
  "dn30:2.29.5": "Он занимает эту землю, ограниченную океаном, — плодородную, безопасную, умиротворенную, богатую, преуспевающую, спокойную, счастливую, свободную от недугов, — покорив ее не палкой, не мечом, [но одной лишь] добродетелью. ",
  "dn30:2.29.6": "Это он получает, будучи царем? ",
  "dn30:2.29.7": "У него чистое окружение, чистые окружают его — брахманы, домохозяева, городские и деревенские жители, заведующие казной, стражники, привратники, приближенные, придворные, царская знать, царевичи. ",
  "dn30:2.29.8": "Это он получает, будучи царем. ",
  "dn30:2.30.1": "Если же он, оставив дом, странствует бездомным, то становится архатом, всецело просветленным, снимающим покров с мира. ",
  "dn30:2.30.2": "Что он получает, будучи Буддой? ",
  "dn30:2.30.3": "У него чистое окружение, чистые окружают его — монахи, монахини, преданные миряне, преданные мирянки, боги, люди, асуры, наги, гандхаббы. ",
  "dn30:2.30.4": "Это он получает, будучи Буддой». ",
  "dn30:2.30.5": "Вот что сказал Благостный. ",
  "dn30:2.31.1": "Об этом сказано так: ",
  "dn30:2.31.2": "«Он должным образом отбросил неправедный образ жизни, ",
  "dn30:2.31.3": "И вел себя чисто, праведно; ",
  "dn30:2.31.4": "И отвергал бесполезное, и делал лишь полезное ",
  "dn30:2.31.5": "И счастливое для многих людей. ",
  "dn30:2.31.6": "На небе [этот] человек познал счастливые плоды ",
  "dn30:2.31.7": "Совершив превозносимое мудрыми и сведущими; ",
  "dn30:2.31.8": "Подобный лучшему в граде трех небес ",
  "dn30:2.31.9": "Он наслаждается, наделенный сладостными удовольствиями. ",
  "dn30:2.31.10": "Обретя человеческую природу, оставив существование там, ",
  "dn30:2.31.11": "Благодаря оставшимся плодам добрых дел; ",
  "dn30:2.31.12": "Он получает ровные зубы — ",
  "dn30:2.31.13": "Очень чистые, очень белые. ",
  "dn30:2.31.14": "Собравшись, многие прорицатели, ",
  "dn30:2.31.15": "Почитаемые искусными, первые среди людей, разъяснили о нем; ",
  "dn30:2.31.16": "„Толпа чистых людей окружает ",
  "dn30:2.31.17": "Наделенного ровными зубами и белыми, чистыми, прекрасными зубами. ",
  "dn30:2.31.18": "Царь — он наделен чистым окружением из многих людей, ",
  "dn30:2.31.19": "Правит великой землей; ",
  "dn30:2.31.20": "Народ не побуждают насилием ",
  "dn30:2.31.21": "И делают лишь полезное и счастливое для многих людей. ",
  "dn30:2.31.22": "Когда же он отправляется в странствие — ",
  "dn30:2.31.23": "Непорочный отшельник, Успокоивший страсть; ",
  "dn30:2.31.24": "Снимающий покров [с мира], Лишенный беспокойства и мучений, ",
  "dn30:2.31.25": "То зрит и этот, и тот мир. ",
  "dn30:2.31.26": "Увещеваемые им многие домохозяева и странники ",
  "dn30:2.31.27": "Отбрасывают нечистое и порицаемое зло; ",
  "dn30:2.31.28": "Ибо он, окруженный чистыми, ",
  "dn30:2.31.29": "Изгоняет нечистоту, преграды, проступки, пороки“». ",
  "dn30:2.31.30": "Так сказал Благостный. ",
  "dn30:2.31.31": "Обрадованные, монахи восхитились словами Благословенного. ",
  "dn30:2.31.32": "«Лаккхана-сутта» Окончена. Седьмая. "
}