{
  "dn32:0.1": "Длинные Наставлния 32 ",
  "dn32:0.2": "Атанатия Сутта ",
  "dn32:1.0": "1. Первый фрагмент декламации ",
  "dn32:1.1": "Вот что я слышал. ",
  "dn32:1.2": "Однажды Благостный пребывал в Раджагахе на холме Гиджджхакута. ",
  "dn32:1.3": "И вот четыре Великих царя с великим войском гандхаббов и великим войском яккхов, и великим войском кумбхандов, и великим войском нагов, установив охрану над четырьмя сторонами света, установил заслон с четырех сторон света, установил преграду в четырех сторонах света, на исходе ночи озарив всю Гиджджхакуту чудесным блеском, приблизились к Благостному; приблизившись, они приветствовали Благостного и сели в стороне. ",
  "dn32:1.4": "И некоторые яккхи, приветствовав Благостного, сели в стороне, некоторые обменялись с Благостным дружескими, дружелюбными словами и почтительным приветствием и сели в стороне; некоторые, со сложенными ладонями поклонившись Благостному, сели в стороне; некоторые, назвав [свое] имя и род, сели в стороне; некоторые, оставаясь безмолвными, сели в стороне. ",
  "dn32:2.1": "И вот, сидя в стороне, Великий царь Вессавана так сказал Благостному: ",
  "dn32:2.2": "«Есть ведь, господин, высшие яккхи, не верящие Благостному, ",
  "dn32:2.3": "и есть, господин, высшие яккхи, верящие Благостному; ",
  "dn32:2.4": "есть ведь, господин, средние яккхи, не верящие Благостному, ",
  "dn32:2.5": "и есть, господин, средние яккхи, верящие Благостному; ",
  "dn32:2.6": "есть ведь, господин, низшие яккхи, не верящие Благостному, ",
  "dn32:2.7": "и есть, господин, низшие яккхи, верящие Благостному. ",
  "dn32:2.8": "Но по большей части, господин, яккхи не верят Благостному. ",
  "dn32:2.9": "По какой же это причине? ",
  "dn32:2.10": "Ведь Благостный, господин, проповедует воздержание от уничтожения жизни, проповедует воздержание от присвоения [того, что] не дано, проповедует воздержание от неправедных страстей; проповедует воздержание от лживой речи, проповедует воздержание от хмельных, спиртных, опьяняющих напитков, вызывающих легкомыслие. ",
  "dn32:2.11": "Яккхи же, господин, по большей части не отказываются от уничтожения жизни, не отказываются от присвоения [того, что] не дано, не отказываются от неправедных страстей, не отказываются от лживой речи, не отказываются от хмельных, спиртных, опьяняющих напитков, вызывающих легкомыслие. ",
  "dn32:2.12": "И эта [проповедь] им не дорога, не приятна. ",
  "dn32:2.13": "Между тем есть, господин, ученики Благостного, что стремятся к отдаленным обителям в глуши, в лесной чаще, где нет шума, нет звуков, [обителям], дышащим безлюдьем, пригодным, чтобы скрыться от людей, подходящим для уединения. ",
  "dn32:2.14": "А там обитают высшие яккхи, которые не верят этим словам Благостного. ",
  "dn32:2.15": "Пусть, господин, чтобы умилостивить их, Благостный овладеет охранительным заклинанием Атанатией ради защиты, охраны, безопасности, спокойствия монахов, монахинь, преданных мирян и преданных мирянок». ",
  "dn32:2.16": "И Благостный безмолвно согласился. ",
  "dn32:3.1": "И вот Великий царь Вессавана, видя согласие Благостного, произнес в это время охранительное заклинание Атанатию: ",
  "dn32:3.2": "«Да будет слава Випасси, ",
  "dn32:3.3": "прозорливому, величественному! ",
  "dn32:3.4": "Да будет слава Сикхи, ",
  "dn32:3.5": " сострадающему всем существам! ",
  "dn32:3.6": "Да будет слава Вессабху, ",
  "dn32:3.7": "подвижнику, омывшемуся [от всех проступков]! ",
  "dn32:3.8": "Да будет слава Какусандхе, ",
  "dn32:3.9": "сокрушающему войско Мары! ",
  "dn32:3.10": "Да будет слава Конагамане, ",
  "dn32:3.11": " совершенному праведнику! ",
  "dn32:3.12": "Да будет слава Кассапе, ",
  "dn32:3.13": "всецело освобожденному! ",
  "dn32:3.14": "Да будет слава Ангирасе, ",
  "dn32:3.15": "сыну сакьев, величественному, ",
  "dn32:3.16": "Который преподает это наставление, ",
  "dn32:3.17": "отвращающее всякое несчастье! ",
  "dn32:3.18": "И [пусть славятся] те, которые успокоились в мире, ",
  "dn32:3.19": "прозрев суть вещей, — ",
  "dn32:3.20": "Те, незлобивые существа, ",
  "dn32:3.21": "великие, мудрые. ",
  "dn32:3.22": "Благо богам и людям, ",
  "dn32:3.23": "которые славят Готаму, ",
  "dn32:3.24": "Знающего и праведного, ",
  "dn32:3.25": "великого, мудрого! ",
  "dn32:4.1": "Откуда восходит солнце, ",
  "dn32:4.2": "светило, великий диск, ",
  "dn32:4.3": "С восходом которого ",
  "dn32:4.4": "кончается ночь, ",
  "dn32:4.5": "Когда со взошедшим солнцем ",
  "dn32:4.6": "говорят: „Вот день!“ — ",
  "dn32:4.7": "Там глубокая пучина, ",
  "dn32:4.8": "океан волнующихся вод; ",
  "dn32:4.9": "Так там и зовут его: ",
  "dn32:4.10": "„Океан волнующихся вод“. ",
  "dn32:4.11": "Оттуда [простирается] эта восточная сторона света, ",
  "dn32:4.12": " как зовут ее люди. ",
  "dn32:4.13": "Эту сторону охраняет ",
  "dn32:4.14": "Великий царь, наделенный славой, ",
  "dn32:4.15": "Повелитель гандхаббов, ",
  "dn32:4.16": "имя его Дхатараттха. ",
  "dn32:4.17": "Он наслаждается танцами и пением, ",
  "dn32:4.18": "чтимый гандхаббами; ",
  "dn32:4.19": "У него многочисленные сыновья, ",
  "dn32:4.20": "как я слышал, [носящие] одно имя. ",
  "dn32:4.21": "Их восемьдесят и десять и один — названные [вслед за] ",
  "dn32:4.22": "Индой, наделенные великой силой. ",
  "dn32:4.23": "И они также, видя Будду, ",
  "dn32:4.24": "Будду — родича светила, ",
  "dn32:4.25": "Еще издали славят ",
  "dn32:4.26": "великого, мудрого: ",
  "dn32:4.27": "„Слава тебе, благородный человек! ",
  "dn32:4.28": "Слава тебе, высший из людей! ",
  "dn32:4.29": "С добротой ты взираешь [на нас], ",
  "dn32:4.30": "даже нечеловеческие [существа] восславляют тебя!“ ",
  "dn32:4.31": "Вот что постоянно мы слышим ",
  "dn32:4.32": "и вот что отвечаем на это: ",
  "dn32:4.33": "„Вы восславляете победителя Готаму?“ — ",
  "dn32:4.34": "„Мы восславляем победителя Готаму, ",
  "dn32:4.35": "Знающего и праведного, ",
  "dn32:4.36": "мы восхваляем Будду, Готаму“. ",
  "dn32:5.1": "Где [обитают существа], зовущиеся петы, ",
  "dn32:5.2": "злобные, вредящие за спиной,",
  "dn32:5.3": "Уничтожающие живое, жадные, ",
  "dn32:5.4": "разбойники, лживые существа, — ",
  "dn32:5.5": "Оттуда [простирается] эта южная сторона света, ",
  "dn32:5.6": "как зовут ее люди. ",
  "dn32:5.7": "Эту сторону охраняет ",
  "dn32:5.8": "Великий царь, наделенный славой, ",
  "dn32:5.9": "Повелитель кумбхандов, ",
  "dn32:5.10": "имя его — Вирулха. ",
  "dn32:5.11": "Он наслаждается танцами и пением, ",
  "dn32:5.12": "чтимый кумбхандами; ",
  "dn32:5.13": "У него многочисленные сыновья, ",
  "dn32:5.14": "как я слышал, [носящие] одно имя — ",
  "dn32:5.15": "Их восемьдесят и десять и один — ",
  "dn32:5.16": " названные [вслед за] Индой, наделенные великой силой. ",
  "dn32:5.17": "И они также, видя Будду, ",
  "dn32:5.18": "Будду — родича светила, ",
  "dn32:5.19": "Еще издали славят ",
  "dn32:5.20": "великого, мудрого: ",
  "dn32:5.21": "„Слава тебе, благородный человек! ",
  "dn32:5.22": "Слава тебе, высший из людей! ",
  "dn32:5.23": "С добротой ты взираешь [на нас], ",
  "dn32:5.24": "даже нечеловеческие [существа] восславляют тебя!“ ",
  "dn32:5.25": "Вот что постоянно мы слышим ",
  "dn32:5.26": "и вот что отвечаем на это: ",
  "dn32:5.27": "„Вы восславляете победителя Готаму?“ — ",
  "dn32:5.28": "„Мы восславляем победителя Готаму, ",
  "dn32:5.29": "Знающего и праведного, ",
  "dn32:5.30": "мы восхваляем Будду, Готаму“. ",
  "dn32:6.1": "6. И где заходит солнце, ",
  "dn32:6.2": "светило, великий диск, ",
  "dn32:6.3": "С заходом которого ",
  "dn32:6.4": "кончается ночь, ",
  "dn32:6.5": "Когда с зашедшим солнцем ",
  "dn32:6.6": "говорят: „Вот ночь!“ — ",
  "dn32:6.7": "Там глубокая пучина, ",
  "dn32:6.8": "океан волнующихся вод; ",
  "dn32:6.9": "Так там и зовут его: ",
  "dn32:6.10": "„Океан волнующихся вод“. ",
  "dn32:6.11": "Там эта западная сторона света, ",
  "dn32:6.12": "как зовут ее люди. ",
  "dn32:6.13": "Эту сторону охраняет ",
  "dn32:6.14": "Великий царь, наделенный славой, ",
  "dn32:6.15": "Повелитель нагов, ",
  "dn32:6.16": "имя его — Вирупаккха. ",
  "dn32:6.17": "Он наслаждается танцами и пением, ",
  "dn32:6.18": "чтимый нагами; ",
  "dn32:6.19": "У него многочисленные сыновья, ",
  "dn32:6.20": "как я слышал, [носящие] одно имя — ",
  "dn32:6.21": "Их восемьдесят и десять и один — названные [вслед за] ",
  "dn32:6.22": "Индой, наделенные великой силой. ",
  "dn32:6.23": "И они также, видя Будду, ",
  "dn32:6.24": "Будду — родича светила, ",
  "dn32:6.25": "Еще издали славят ",
  "dn32:6.26": "великого, мудрого: ",
  "dn32:6.27": "„Слава тебе, благородный человек! ",
  "dn32:6.28": "Слава тебе, высший из людей! ",
  "dn32:6.29": "С добротой ты взираешь [на нас], ",
  "dn32:6.30": "даже нечеловеческие [существа] восславляют тебя!“ ",
  "dn32:6.31": "Вот что постоянно мы слышим ",
  "dn32:6.32": "и вот что отвечаем на это: ",
  "dn32:6.33": "„Вы восславляете победителя Готаму?“ ",
  "dn32:6.34": "— „Мы восславляем победителя Готаму, ",
  "dn32:6.35": "Знающего и праведного, ",
  "dn32:6.36": "мы восхваляем Будду, Готаму“. ",
  "dn32:7.1": "Где [находится] восхитительная [страна] — ",
  "dn32:7.2": "северное Куру с прекрасной Маханеру, ",
  "dn32:7.3": "Там рождаются люди, ",
  "dn32:7.4": "лишенные себялюбия и стяжательства. ",
  "dn32:7.5": "Они не сеют семян, ",
  "dn32:7.6": "не ходят с плугом, ",
  "dn32:7.7": "Рисом, созревающим без пахоты, ",
  "dn32:7.8": "питаются люди. ",
  "dn32:7.9": "Лишенные красной пыльцы и шелухи, ",
  "dn32:7.10": "чистые, благоуханные очищенные зерна риса ",
  "dn32:7.11": "Варят на раскаленных камнях ",
  "dn32:7.12": "и затем принимают в пищу. ",
  "dn32:7.13": "Оседлав быка с одним лишь копытом, ",
  "dn32:7.14": "они движутся с места на место; ",
  "dn32:7.15": "Оседлав скот с одним лишь копытом, ",
  "dn32:7.16": "они движутся с места на место; ",
  "dn32:7.17": "Таща [повозки] с женщинами, ",
  "dn32:7.18": "они движутся с места на место; ",
  "dn32:7.19": "Таща [повозки] с мужчинами, ",
  "dn32:7.20": "они движутся с места на место; ",
  "dn32:7.21": "Таща [повозки] с девочками, ",
  "dn32:7.22": "они движутся с места на место; ",
  "dn32:7.23": "Таща [повозки] с мальчиками, ",
  "dn32:7.24": "они движутся с места на место; ",
  "dn32:7.25": "Взошедши на колесницы, ",
  "dn32:7.26": "они движутся повсюду, ",
  "dn32:7.27": "посещая [владения] своего царя. ",
  "dn32:7.28": "Колесницы со слонами, колесницы с конями, ",
  "dn32:7.29": "божественные колесницы служат [им] ",
  "dn32:7.30": "И удобные паланкины Великого царя, ",
  "dn32:7.31": "наделенного славой. ",
  "dn32:7.32": "У него есть и города, ",
  "dn32:7.33": "искусно выстроенные в воздушном пространстве. ",
  "dn32:7.34": "Атаната, Кусината, Паракусината, ",
  "dn32:7.35": "Натапурия, Паракуситаната, ",
  "dn32:7.36": "К северу — Капиванта ",
  "dn32:7.37": "и еще — Джаногха, ",
  "dn32:7.38": "Наванаватия, Амбара-Амбараватия, ",
  "dn32:7.39": "Царская столица под названием Алакаманда. ",
  "dn32:7.40": "Еще у Куверы, Досточтимого Великого царя — ",
  "dn32:7.41": "царская столица под названием Висана, ",
  "dn32:7.42": "И поэтому Великий царь Кувера ",
  "dn32:7.43": "зовется Вессавана. ",
  "dn32:7.44": "О [нем], находящем [там] прибежище, ",
  "dn32:7.45": "возвещают Татола, Таттала, Татотала, ",
  "dn32:7.46": "Оджаси, Теджаси, Татоджаси, ",
  "dn32:7.47": "Сура, Раджа, Ариттха, Неми. ",
  "dn32:7.48": "Там же и озеро под названием Дхарани, ",
  "dn32:7.49": "откуда тучи, [набирая воду], проливают [ее], ",
  "dn32:7.50": "Откуда льются дожди. ",
  "dn32:7.51": "Там же и зал под названием Бхагалавати, ",
  "dn32:7.52": "где, [собравшись, ему] прислуживают яккхи. ",
  "dn32:7.53": "Там — вечно плодоносящие деревья, ",
  "dn32:7.54": "населенные стаями различных птиц, ",
  "dn32:7.55": "[Оглашаемые] криками павлинов и цапель, ",
  "dn32:7.56": "пением кукушек. ",
  "dn32:7.57": "Здесь голос дживандживак, ",
  "dn32:7.58": "также — бодрящие сердце ",
  "dn32:7.59": "Фазаны, кулираки, ",
  "dn32:7.60": "[живущие] в лесу журавли. ",
  "dn32:7.61": "Здесь голоса попугаев и ",
  "dn32:7.62": "скворцов и дандаманавак; ",
  "dn32:7.63": "Во всякое время, постоянно ",
  "dn32:7.64": "сияет красотой этот пруд Куверы. ",
  "dn32:7.65": "Там эта северная сторона света, ",
  "dn32:7.66": "как зовут ее люди. ",
  "dn32:7.67": "Эту сторону охраняет Великий царь, ",
  "dn32:7.68": "наделенный славой, ",
  "dn32:7.69": "Повелитель яккхов, ",
  "dn32:7.70": "имя его — Кувера. ",
  "dn32:7.71": "Он наслаждается танцами и пением, ",
  "dn32:7.72": "чтимый яккхами; ",
  "dn32:7.73": "У него многочисленные сыновья, ",
  "dn32:7.74": "как я слышал, [носящие] одно имя — ",
  "dn32:7.75": "Их восемьдесят и десять и один — названные [вслед за] ",
  "dn32:7.76": "Индой, наделенные великой силой. ",
  "dn32:7.77": "И они также, видя Будду, ",
  "dn32:7.78": "Будду — родича светила, ",
  "dn32:7.79": "Еще издали славят ",
  "dn32:7.80": "великого, мудрого: ",
  "dn32:7.81": "„Слава тебе, благородный человек! ",
  "dn32:7.82": "Слава тебе, высший из людей! ",
  "dn32:7.83": "С добротой ты взираешь [на нас], ",
  "dn32:7.84": "даже нечеловеческие [существа] восславляют тебя!“ ",
  "dn32:7.85": "Вот что постоянно мы слышим ",
  "dn32:7.86": "и вот что отвечаем на это: ",
  "dn32:7.87": "„Вы восславляете победителя Готаму?“ — ",
  "dn32:7.88": "„Мы восславляем победителя Готаму, ",
  "dn32:7.89": "Знающего и праведного, ",
  "dn32:7.90": "мы восхваляем Будду, Готаму“. ",
  "dn32:8.1": "Таково, досточтимый, это охранительное заклинание Атанатия ради защиты, охраны, безопасности, спокойствия монахов, монахинь, преданных мирян и преданных мирянок. ",
  "dn32:8.2": "И когда, досточтимый, какой-либо монах или монахиня, или преданный мирянин, или преданная мирянка хорошо усвоят и будут знать целиком это охранительное заклинание Атанатия, ",
  "dn32:8.3": "то если какое-нибудь нечеловеческое существо — яккха или яккхини, молодой яккха или молодая яккхини, яккха — главный советник, или яккха приближенный, или яккха — слуга; гандхабба или гандхабби, молодой гандхабба или молодая гандхабби, гандхабба — главный советник, или гандхабба — приближенный, или гандхабба — слуга; кумбханда или кумбханди, молодой кумбханда или молодая кумбханди, кумбханда — главный советник, или кумбханда — приближенный, или кумбханда — слуга; нага или наги, молодой нага или молодая наги, нага — главный советник, или нага — приближенный, или нага — слуга — [приблизится] с дурным намерением к монаху, или монахине, или преданному мирянину, или преданной мирянке, идя за идущим, или встав со стоящим, или подсев к сидящему, или легши к лежащему, ",
  "dn32:8.4": "то этому нечеловеческому существу, досточтимый, не окажут у меня внимания, не окажут заботы ни в селениях, ни в торговых поселениях. ",
  "dn32:8.5": "Это нечеловеческое существо, досточтимый, не получит у меня в царской столице Алакаманде ни места, ни жилья. ",
  "dn32:8.6": "Это нечеловеческое существо, досточтимый, не получит у меня доступа в собрание яккхов. ",
  "dn32:8.7": "И [другие] нечеловеческие существа, досточтимый, не дадут ему ни жениться, ни [ей] быть выданной замуж. ",
  "dn32:8.8": "И нечеловеческие существа, досточтимый, даже будучи его близкими, будут порицать его тяжелыми порицаниями. ",
  "dn32:8.9": "И нечеловеческие существа, досточтимый, склонят его голову, словно пустой горшок. ",
  "dn32:8.10": "И нечеловеческие существа, досточтимый, разобьют ему голову на семь частей. ",
  "dn32:9.1": "Есть, досточтимый, свирепые, страшные, дикие, нечеловеческие существа. Они не обращают внимания на великих царей, не обращают внимания на прислужников великих царей, не обращают внимания на прислуживающих прислужникам великих царей. ",
  "dn32:9.2": "Эти нечеловеческие существа, досточтимый, зовутся возмутившимися против великих царей. ",
  "dn32:9.3": "Подобно тому, досточтимый, как главари разбойников в стране царя Магадхи ",
  "dn32:9.4": "не обращают внимания на царя Магадхи, не обращают внимания на прислужников царя Магадхи, не обращают внимания на прислуживающих прислужникам царя Магадхи, ",
  "dn32:9.5": "и эти главари разбойников, досточтимый, зовутся возмутившимися против царя Магадхи, — ",
  "dn32:9.6": "таковы же, досточтимый, и свирепые, страшные, дикие, нечеловеческие существа. Они не обращают внимания на великих царей, не обращают внимания на прислужников великих царей, не обращают внимания на прислуживающих прислужникам великих царей. ",
  "dn32:9.7": "И эти нечеловеческие существа, досточтимый, зовутся возмутившимися против великих царей. ",
  "dn32:9.8": "И если, досточтимый, какое-нибудь нечеловеческое существо — яккха или яккхини, молодой яккха или молодая яккхини, яккха — главный советник, или яккха — приближенный, или яккха — слуга; гандхабба или гандхабби, молодой гандхабба или молодая гандхабби, гандхабба — главный советник, или гандхабба — приближенный, или гандхабба — слуга; кумбханда или кумбханди, молодой кумбханда или молодая кумбханди, кумбханда — главный советник, или кумбханда — приближенный, или кумбханда — слуга; нага или наги, молодой нага или молодая наги, нага — главный советник, или нага — приближенный, или нага — слуга — [приблизится] с дурным намерением к монаху, или монахине, или преданному мирянину, или преданной мирянке, идя за идущим, или встав со стоящим, или подсев к сидящему, или легши к лежащему, ",
  "dn32:9.9": "то следует так воскликнуть и вскричать, чтобы пробудить тех яккхов, великих яккхов, предводителей яккхов, великих предводителей яккхов: ",
  "dn32:9.10": "„Этот яккха хватает [меня], этот яккха нападает, этот яккха беспокоит, этот яккха причиняет беспокойство, этот яккха вредит, этот яккха причиняет вред, этот яккха не отпускает [меня]!“ ",
  "dn32:10.1": "К каким же яккхам, великим яккхам, предводителям яккхов, великим предводителям яккхов [следует взывать]? ",
  "dn32:10.2": "Инда, Сома и Варуна, ",
  "dn32:10.3": "Бхарадваджа, Паджапати, ",
  "dn32:10.4": "Чандана и Камасеттха, ",
  "dn32:10.5": "Киннугханду и Нигханду, ",
  "dn32:10.6": "Панада и Опамання, ",
  "dn32:10.7": "и возница богов Матали, ",
  "dn32:10.8": "И гандхабба Читтасена, ",
  "dn32:10.9": "царь Нама, Джанесабха, ",
  "dn32:10.10": "Сатагира, Хемавата, ",
  "dn32:10.11": "Пуннака, Каратия, Гула, ",
  "dn32:10.12": "Сивака и Мучалинда, ",
  "dn32:10.13": "Вессамитта, Югандхара, ",
  "dn32:10.14": "Гопала и Суппагедха, ",
  "dn32:10.15": "Хири, Нетти и Мандия, ",
  "dn32:10.16": "Панчалачанда, Алавака, ",
  "dn32:10.17": "Паджджунна, Сумана, Сумукха, ",
  "dn32:10.18": "Дадхимукха, Мани, Маничара, Дигха и ",
  "dn32:10.19": "с ними также Сериссака. ",
  "dn32:10.20": "Чтобы пробудить этих яккхов, великих яккхов, предводителей яккхов, великих предводителей яккхов, и следует воскликнуть и вскричать: ",
  "dn32:10.21": "„Этот яккха хватает [меня], этот яккха нападает, этот яккха беспокоит, этот яккха причиняет беспокойство, этот яккха вредит, этот яккха причиняет вред, этот яккха не отпускает [меня]!“ ",
  "dn32:11.1": "Таково, достопочтенный, это охранительное заклинание Атанатия ради защиты, охраны, безопасности, спокойствия монахов, монахинь, преданных мирян и преданных мирянок. ",
  "dn32:11.2": "Ну а теперь, досточтимый, мы пойдем — у нас много дел, многое надлежит сделать». ",
  "dn32:11.3": "«[Делайте] теперь, Великие цари, как вы считаете нужным». ",
  "dn32:11.4": "И тогда четыре Великих царя поднялись с сиденья, приветствовали Благостного и, обойдя [его] с правой стороны, тут же исчезли. ",
  "dn32:11.5": "И когда яккхи поднялись с сиденья, то некоторые приветствовали Благостного и, обойдя [его] с правой стороны, тут же исчезли; некоторые, обменявшись с Благостным дружескими, дружелюбными словами и почтительным приветствием, тут же исчезли; некоторые со сложенными ладонями, поклонившись Благостному, тут же исчезли; некоторые, назвав [свое] имя и род, тут же исчезли; некоторые, оставаясь безмолвными, тут же исчезли. ",
  "dn32:11.6": "Окончен первый раздел поучения. ",
  "dn32:12.0": "2. Второй фрагмент поучения ",
  "dn32:12.1": "12. И тогда Благостный на исходе той ночи обратился к монахам: ",
  "dn32:12.2": "«Этой ночью, монахи, четыре Великих царя с великим войском гандхаббов … ",
  "dn32:12.3": "И некоторые яккхи, приветствовав Благостного, сели в стороне, некоторые обменялись с Благостным дружескими, дружелюбными словами и почтительным приветствием и сели в стороне; некоторые, со сложенными ладонями поклонившись Благостному, сели в стороне; некоторые, назвав [свое] имя и род, сели в стороне; некоторые, оставаясь безмолвными, сели в стороне. И вот, сидя в стороне, Великий царь Вессавана так сказал Благостному: «Есть ведь, господин, высшие яккхи, не верящие Благостному,  ",
  "dn32:12.4": "И вот, сидя в стороне, Великий царь Вессавана так сказал Благостному: «Есть ведь, господин, высшие яккхи, не верящие Благостному, ",
  "dn32:12.5": "‘и есть, господин, высшие яккхи, верящие Благостному … и есть, господин, низшие яккхи, верящие Благостному. ",
  "dn32:12.6": "Но по большей части, господин, яккхи не верят Благостному. ",
  "dn32:12.7": "По какой же это причине? ",
  "dn32:12.8": "Bhagavā hi, bhante, pāṇātipātā veramaṇiyā dhammaṁ deseti … surāmerayamajjappamādaṭṭhānā veramaṇiyā dhammaṁ deseti. ",
  "dn32:12.9": "Yebhuyyena kho pana, bhante, yakkhā appaṭiviratāyeva pāṇātipātā … appaṭiviratā surāmerayamajjappamādaṭṭhānā. ",
  "dn32:12.10": "Tesaṁ taṁ hoti appiyaṁ amanāpaṁ. ",
  "dn32:12.11": "Santi hi, bhante, bhagavato sāvakā araññavanapatthāni pantāni senāsanāni paṭisevanti appasaddāni appanigghosāni vijanavātāni manussarāhasseyyakāni paṭisallānasāruppāni. ",
  "dn32:12.12": "Tattha santi uḷārā yakkhā nivāsino, ye imasmiṁ bhagavato pāvacane appasannā, tesaṁ pasādāya uggaṇhātu, bhante, bhagavā āṭānāṭiyaṁ rakkhaṁ bhikkhūnaṁ bhikkhunīnaṁ upāsakānaṁ upāsikānaṁ guttiyā rakkhāya avihiṁsāya phāsuvihārāyā’ti. ",
  "dn32:12.13": "Adhivāsesiṁ kho ahaṁ, bhikkhave, tuṇhībhāvena. ",
  "dn32:12.14": "Atha kho, bhikkhave, vessavaṇo mahārājā me adhivāsanaṁ viditvā tāyaṁ velāyaṁ imaṁ āṭānāṭiyaṁ rakkhaṁ abhāsi: ",
  
  "dn32:12.15": "«Да будет слава Випасси, ",
  "dn32:12.16": "прозорливому, величественному! ",
  "dn32:12.17": "Да будет слава Сикхи, ",
  "dn32:12.18": " сострадающему всем существам! ",
  "dn32:12.19": "Да будет слава Вессабху, ",
  "dn32:12.20": "подвижнику, омывшемуся [от всех проступков]! ",
  "dn32:12.21": "Да будет слава Какусандхе, ",
  "dn32:12.22": "сокрушающему войско Мары! ",
  "dn32:12.23": "Да будет слава Конагамане, ",
  "dn32:12.24": "совершенному праведнику! ",
  "dn32:12.25": "Да будет слава Кассапе, ",
  "dn32:12.26": "всецело освобожденному! ",
  "dn32:12.27": "Да будет слава Ангирасе, ",
  "dn32:12.28": "сыну сакьев, величественному, ",
  "dn32:12.29": "Который преподает это наставление, ",
  "dn32:12.30": "отвращающее всякое несчастье! ",
  
  "dn32:12.31": "И [пусть славятся] те, которые успокоились в мире, ",
  "dn32:12.32": "прозрев суть вещей, — ",
  "dn32:12.33": "Те, незлобивые существа, ",
  "dn32:12.34": "великие, мудрые. ",
  "dn32:12.35": "Благо богам и людям, ",
  "dn32:12.36": "которые славят Готаму, ",
  "dn32:12.37": "Знающего и праведного, ",
  "dn32:12.38": "великого, мудрого! ",
  "dn32:12.39": "Откуда восходит солнце, ",
  "dn32:12.40": "светило, великий диск, ",
  "dn32:12.41": "С восходом которого ",
  "dn32:12.42": "кончается ночь, ",

  "dn32:12.43": "Когда со взошедшим солнцем ",
  "dn32:12.44": "говорят: „Вот день!“ — ",
  "dn32:12.45": "Там глубокая пучина, ",
  "dn32:12.46": "океан волнующихся вод; ",
  "dn32:12.47": "Так там и зовут его: ",
  "dn32:12.48": "„Океан волнующихся вод“. ",
  "dn32:12.49": "Оттуда [простирается] эта восточная сторона света, ",
  "dn32:12.50": " как зовут ее люди. ",
  "dn32:12.51": "Эту сторону охраняет ",
  "dn32:12.52": "Великий царь, наделенный славой, ",
  "dn32:12.53": "Повелитель гандхаббов, ",
  "dn32:12.54": "имя его Дхатараттха. ",
  "dn32:12.55": "Он наслаждается танцами и пением, ",
  "dn32:12.56": "чтимый гандхаббами; ",
  "dn32:12.57": "У него многочисленные сыновья, ",
  "dn32:12.58": "как я слышал, [носящие] одно имя. ",
  "dn32:12.59": "Их восемьдесят и десять и один — названные [вслед за] ",
  "dn32:12.60": "Индой, наделенные великой силой. ",
  "dn32:12.61": "И они также, видя Будду, ",
  "dn32:12.62": "Будду — родича светила, ",
  "dn32:12.63": "Еще издали славят ",
  "dn32:12.64": "великого, мудрого: ",
  "dn32:12.65": "„Слава тебе, благородный человек! ",
  "dn32:12.66": "Слава тебе, высший из людей! ",
  "dn32:12.67": "С добротой ты взираешь [на нас], ",
  "dn32:12.68": "даже нечеловеческие [существа] восславляют тебя!“ ",
  "dn32:12.69": "Вот что постоянно мы слышим ",
  "dn32:12.70": "и вот что отвечаем на это: ",
  "dn32:12.71": "„Вы восславляете победителя Готаму?“ — ",
  "dn32:12.72": "„Мы восславляем победителя Готаму, ",
  "dn32:12.73": "Знающего и праведного, ",
  "dn32:12.74": "мы восхваляем Будду, Готаму“. ",
  "dn32:12.75": "Где [обитают существа], зовущиеся петы, ",
  "dn32:12.76": "злобные, вредящие за спиной,",
  "dn32:12.77": "Уничтожающие живое, жадные, ",
  "dn32:12.78": "разбойники, лживые существа, — ",
  "dn32:12.79": "Оттуда [простирается] эта южная сторона света, ",
  "dn32:12.80": "как зовут ее люди. ",
  "dn32:12.81": "Эту сторону охраняет ",
  "dn32:12.82": "Великий царь, наделенный славой, ",
  "dn32:12.83": "Повелитель кумбхандов, ",
  "dn32:12.84": "имя его — Вирулха. ",
  "dn32:12.85": "Он наслаждается танцами и пением, ",
  "dn32:12.86": "чтимый кумбхандами; ",
  "dn32:12.87": "У него многочисленные сыновья, ",
  "dn32:12.88": "как я слышал, [носящие] одно имя — ",
  "dn32:12.89": "Их восемьдесят и десять и один — ",
  "dn32:12.90": " названные [вслед за] Индой, наделенные великой силой. ",
  "dn32:12.91": "И они также, видя Будду, ",
  "dn32:12.92": "Будду — родича светила, ",
  "dn32:12.93": "Еще издали славят ",
  "dn32:12.94": "великого, мудрого: ",
  "dn32:12.95": "„Слава тебе, благородный человек! ",
  "dn32:12.96": "Слава тебе, высший из людей! ",
  "dn32:12.97": "С добротой ты взираешь [на нас], ",
  "dn32:12.98": "даже нечеловеческие [существа] восславляют тебя!“ ",
  "dn32:12.99": "Вот что постоянно мы слышим ",
  "dn32:12.100": "и вот что отвечаем на это: ",
  "dn32:12.101": "„Вы восславляете победителя Готаму?“ — ",
  "dn32:12.102": "„Мы восславляем победителя Готаму, ",
  "dn32:12.103": "Знающего и праведного, ",
  "dn32:12.104": "мы восхваляем Будду, Готаму“. ",
  "dn32:12.105": "И где заходит солнце, ",
  "dn32:12.106": "светило, великий диск, ",
  "dn32:12.107": "С заходом которого ",
  "dn32:12.108": "кончается ночь, ",
  "dn32:12.109": "Когда с зашедшим солнцем ",
  "dn32:12.110": "говорят: „Вот ночь!“ — ",
  "dn32:12.111": "Там глубокая пучина, ",
  "dn32:12.112": "океан волнующихся вод; ",
  "dn32:12.113": "Так там и зовут его: ",
  "dn32:12.114": "„Океан волнующихся вод“. ",
  "dn32:12.115": "Там эта западная сторона света, ",
  "dn32:12.116": "как зовут ее люди. ",
  "dn32:12.117": "Эту сторону охраняет ",
  "dn32:12.118": "Великий царь, наделенный славой, ",
  "dn32:12.119": "Повелитель нагов, ",
  "dn32:12.120": "имя его — Вирупаккха. ",
  "dn32:12.121": "Он наслаждается танцами и пением, ",
  "dn32:12.122": "чтимый нагами; ",
  "dn32:12.123": "У него многочисленные сыновья, ",
  "dn32:12.124": "как я слышал, [носящие] одно имя — ",
  "dn32:12.125": "Их восемьдесят и десять и один — названные [вслед за] ",
  "dn32:12.126": "Индой, наделенные великой силой. ",
  "dn32:12.127": "И они также, видя Будду, ",
  "dn32:12.128": "Будду — родича светила, ",
  "dn32:12.129": "Еще издали славят ",
  "dn32:12.130": "великого, мудрого: ",
  "dn32:12.131": "„Слава тебе, благородный человек! ",
  "dn32:12.132": "Слава тебе, высший из людей! ",
  "dn32:12.133": "С добротой ты взираешь [на нас], ",
  "dn32:12.134": "даже нечеловеческие [существа] восславляют тебя!“ ",
  "dn32:12.135": "Вот что постоянно мы слышим ",
  "dn32:12.136": "и вот что отвечаем на это: ",
  "dn32:12.137": "„Вы восславляете победителя Готаму?“ ",
  "dn32:12.138": "— „Мы восславляем победителя Готаму, ",
  "dn32:12.139": "Знающего и праведного, ",
  "dn32:12.140": "мы восхваляем Будду, Готаму“. ",
  "dn32:12.141": "Где [находится] восхитительная [страна] — ",
  "dn32:12.142": "северное Куру с прекрасной Маханеру, ",
  "dn32:12.143": "Там рождаются люди, ",
  "dn32:12.144": "лишенные себялюбия и стяжательства. ",
  "dn32:12.145": "Они не сеют семян, ",
  "dn32:12.146": "не ходят с плугом, ",
  "dn32:12.147": "Рисом, созревающим без пахоты, ",
  "dn32:12.148": "питаются люди. ",
  "dn32:12.149": "Лишенные красной пыльцы и шелухи, ",
  "dn32:12.150": "чистые, благоуханные очищенные зерна риса ",
  "dn32:12.151": "Варят на раскаленных камнях ",
  "dn32:12.152": "и затем принимают в пищу. ",
  "dn32:12.153": "Оседлав быка с одним лишь копытом, ",
  "dn32:12.154": "они движутся с места на место; ",
  "dn32:12.155": "Оседлав скот с одним лишь копытом, ",
  "dn32:12.156": "они движутся с места на место; ",
  "dn32:12.157": "Таща [повозки] с женщинами, ",
  "dn32:12.158": "они движутся с места на место; ",
  "dn32:12.159": "Таща [повозки] с мужчинами, ",
  "dn32:12.160": "они движутся с места на место; ",
  "dn32:12.161": "Таща [повозки] с девочками, ",
  "dn32:12.162": "они движутся с места на место; ",
  "dn32:12.163": "Таща [повозки] с мальчиками, ",
  "dn32:12.164": "они движутся с места на место; ",
  "dn32:12.165": "Взошедши на колесницы, ",
  "dn32:12.166": "они движутся повсюду, ",
  "dn32:12.167": "посещая [владения] своего царя. ",
  "dn32:12.168": "Колесницы со слонами, колесницы с конями, ",
  "dn32:12.169": "божественные колесницы служат [им] ",
  "dn32:12.170": "И удобные паланкины Великого царя, ",
  "dn32:12.171": "наделенного славой. ",
  "dn32:12.172": "У него есть и города, ",
  "dn32:12.173": "искусно выстроенные в воздушном пространстве. ",
  "dn32:12.174": "Атаната, Кусината, Паракусината, ",
  "dn32:12.175": "Натапурия, Паракуситаната, ",
  "dn32:12.176": "К северу — Капиванта ",
  "dn32:12.177": "и еще — Джаногха, ",
  "dn32:12.178": "Наванаватия, Амбара-Амбараватия, ",
  "dn32:12.179": "Царская столица под названием Алакаманда. ",
  "dn32:12.180": "Еще у Куверы, Досточтимого Великого царя — ",
  "dn32:12.181": "царская столица под названием Висана, ",
  "dn32:12.182": "И поэтому Великий царь Кувера ",
  "dn32:12.183": "зовется Вессавана. ",
  "dn32:12.184": "О [нем], находящем [там] прибежище, ",
  "dn32:12.185": "возвещают Татола, Таттала, Татотала, ",
  "dn32:12.186": "Оджаси, Теджаси, Татоджаси, ",
  "dn32:12.187": "Сура, Раджа, Ариттха, Неми. ",
  "dn32:12.188": "Там же и озеро под названием Дхарани, ",
  "dn32:12.189": "откуда тучи, [набирая воду], проливают [ее], ",
  "dn32:12.190": "Откуда льются дожди. ",
  "dn32:12.191": "Там же и зал под названием Бхагалавати, ",
  "dn32:12.192": "где, [собравшись, ему] прислуживают яккхи. ",
  "dn32:12.193": "Там — вечно плодоносящие деревья, ",
  "dn32:12.194": "населенные стаями различных птиц, ",
  "dn32:12.195": "[Оглашаемые] криками павлинов и цапель, ",
  "dn32:12.196": "пением кукушек. ",
  "dn32:12.197": "Здесь голос дживандживак, ",
  "dn32:12.198": "также — бодрящие сердце ",
  "dn32:12.199": "Фазаны, кулираки, ",
  "dn32:12.200": "[живущие] в лесу журавли. ",
  "dn32:12.201": "Здесь голоса попугаев и ",
  "dn32:12.202": "скворцов и дандаманавак; ",
  "dn32:12.203": "Во всякое время, постоянно ",
  "dn32:12.204": "сияет красотой этот пруд Куверы. ",
  "dn32:12.205": "Там эта северная сторона света, ",
  "dn32:12.206": "как зовут ее люди. ",
  "dn32:12.207": "Эту сторону охраняет Великий царь, ",
  "dn32:12.208": "наделенный славой, ",
  "dn32:12.209": "Повелитель яккхов, ",
  "dn32:12.210": "имя его — Кувера. ",
  "dn32:12.211": "Он наслаждается танцами и пением, ",
  "dn32:12.212": "чтимый яккхами; ",
  "dn32:12.213": "У него многочисленные сыновья, ",
  "dn32:12.214": "как я слышал, [носящие] одно имя — ",
  "dn32:12.215": "Их восемьдесят и десять и один — названные [вслед за] ",
  "dn32:12.216": "Индой, наделенные великой силой. ",
  "dn32:12.217": "И они также, видя Будду, ",
  "dn32:12.218": "Будду — родича светила, ",
  "dn32:12.219": "Еще издали славят ",
  "dn32:12.220": "великого, мудрого: ",
  "dn32:12.221": "„Слава тебе, благородный человек! ",
  "dn32:12.222": "Слава тебе, высший из людей! ",
  "dn32:12.223": "С добротой ты взираешь [на нас], ",
  "dn32:12.224": "даже нечеловеческие [существа] восславляют тебя!“ ",
  "dn32:12.225": "Вот что постоянно мы слышим ",
  "dn32:12.226": "и вот что отвечаем на это: ",
  "dn32:12.227": "„Вы восславляете победителя Готаму?“ — ",
  "dn32:12.228": "„Мы восславляем победителя Готаму, ",
  "dn32:12.229": "Знающего и праведного, ",
  "dn32:12.230": "мы восхваляем Будду, Готаму“. ",
  "dn32:12.231": "Таково, досточтимый, это охранительное заклинание Атанатия ради защиты, охраны, безопасности, спокойствия монахов, монахинь, преданных мирян и преданных мирянок. ",
  "dn32:12.232": "И когда, досточтимый, какой-либо монах или монахиня, или преданный мирянин, или преданная мирянка хорошо усвоят и будут знать целиком это охранительное заклинание Атанатия, ",
  "dn32:12.232": "то если какое-нибудь нечеловеческое существо — яккха или яккхини, молодой яккха или молодая яккхини, яккха — главный советник, или яккха приближенный, или яккха — слуга; гандхабба или гандхабби, молодой гандхабба или молодая гандхабби, гандхабба — главный советник, или гандхабба — приближенный, или гандхабба — слуга; кумбханда или кумбханди, молодой кумбханда или молодая кумбханди, кумбханда — главный советник, или кумбханда — приближенный, или кумбханда — слуга; нага или наги, молодой нага или молодая наги, нага — главный советник, или нага — приближенный, или нага — слуга — [приблизится] с дурным намерением к монаху, или монахине, или преданному мирянину, или преданной мирянке, идя за идущим, или встав со стоящим, или подсев к сидящему, или легши к лежащему, ",
  "dn32:12.233": "то этому нечеловеческому существу, досточтимый, не окажут у меня внимания, не окажут заботы ни в селениях, ни в торговых поселениях. ",
  "dn32:12.234": "Это нечеловеческое существо, досточтимый, не получит у меня в царской столице Алакаманде ни места, ни жилья. ",
  "dn32:12.235": "Это нечеловеческое существо, досточтимый, не получит у меня доступа в собрание яккхов. ",
  "dn32:12.236": "И [другие] нечеловеческие существа, досточтимый, не дадут ему ни жениться, ни [ей] быть выданной замуж. ",
  "dn32:12.237": "И нечеловеческие существа, досточтимый, даже будучи его близкими, будут порицать его тяжелыми порицаниями. ",
  "dn32:12.238": "И нечеловеческие существа, досточтимый, склонят его голову, словно пустой горшок. ",
  "dn32:12.239": "И нечеловеческие существа, досточтимый, разобьют ему голову на семь частей. ",
  "dn32:12.240": "Есть, досточтимый, свирепые, страшные, дикие, нечеловеческие существа. Они не обращают внимания на великих царей, не обращают внимания на прислужников великих царей, не обращают внимания на прислуживающих прислужникам великих царей. ",
  "dn32:12.241": "Эти нечеловеческие существа, досточтимый, зовутся возмутившимися против великих царей. ",
  "dn32:12.242": "Подобно тому, досточтимый, как главари разбойников в стране царя Магадхи ",
  "dn32:12.243": "не обращают внимания на царя Магадхи, не обращают внимания на прислужников царя Магадхи, не обращают внимания на прислуживающих прислужникам царя Магадхи, ",
  "dn32:12.244": "и эти главари разбойников, досточтимый, зовутся возмутившимися против царя Магадхи, — ",
  "dn32:12.245": "таковы же, досточтимый, и свирепые, страшные, дикие, нечеловеческие существа. Они не обращают внимания на великих царей, не обращают внимания на прислужников великих царей, не обращают внимания на прислуживающих прислужникам великих царей. ",
  "dn32:12.246": "И эти нечеловеческие существа, досточтимый, зовутся возмутившимися против великих царей. ",
  "dn32:12.247": "И если, досточтимый, какое-нибудь нечеловеческое существо — яккха или яккхини, молодой яккха или молодая яккхини, яккха — главный советник, или яккха — приближенный, или яккха — слуга; гандхабба или гандхабби, молодой гандхабба или молодая гандхабби, гандхабба — главный советник, или гандхабба — приближенный, или гандхабба — слуга; кумбханда или кумбханди, молодой кумбханда или молодая кумбханди, кумбханда — главный советник, или кумбханда — приближенный, или кумбханда — слуга; нага или наги, молодой нага или молодая наги, нага — главный советник, или нага — приближенный, или нага — слуга — [приблизится] с дурным намерением к монаху, или монахине, или преданному мирянину, или преданной мирянке, идя за идущим, или встав со стоящим, или подсев к сидящему, или легши к лежащему, ",
  "dn32:12.248": "то следует так воскликнуть и вскричать, чтобы пробудить тех яккхов, великих яккхов, предводителей яккхов, великих предводителей яккхов: ",
  "dn32:12.249": "„Этот яккха хватает [меня], этот яккха нападает, этот яккха беспокоит, этот яккха причиняет беспокойство, этот яккха вредит, этот яккха причиняет вред, этот яккха не отпускает [меня]!“ ",
  "dn32:12.250": "К каким же яккхам, великим яккхам, предводителям яккхов, великим предводителям яккхов [следует взывать]? ",
  "dn32:12.251": "Инда, Сома и Варуна, ",
  "dn32:12.252": "Бхарадваджа, Паджапати, ",
  "dn32:12.253": "Чандана и Камасеттха, ",
  "dn32:12.254": "Киннугханду и Нигханду, ",
  "dn32:12.255": "Панада и Опамання, ",
  "dn32:12.256": "и возница богов Матали, ",
  "dn32:12.257": "И гандхабба Читтасена, ",
  "dn32:12.258": "царь Нама, Джанесабха, ",
  "dn32:12.259": "Сатагира, Хемавата, ",
  "dn32:12.260": "Пуннака, Каратия, Гула, ",
  "dn32:12.261": "Сивака и Мучалинда, ",
  "dn32:12.262": "Вессамитта, Югандхара, ",
  "dn32:12.263": "Гопала и Суппагедха, ",
  "dn32:12.264": "Хири, Нетти и Мандия, ",
  "dn32:12.265": "Панчалачанда, Алавака, ",
  "dn32:12.266": "Паджджунна, Сумана, Сумукха, ",
  "dn32:12.267": "Дадхимукха, Мани, Маничара, Дигха и ",
  "dn32:12.268": "с ними также Сериссака. ",
  "dn32:12.269": "Чтобы пробудить этих яккхов, великих яккхов, предводителей яккхов, великих предводителей яккхов, и следует воскликнуть и вскричать: ",
  "dn32:12.270": "„Этот яккха хватает [меня], этот яккха нападает, этот яккха беспокоит, этот яккха причиняет беспокойство, этот яккха вредит, этот яккха причиняет вред, этот яккха не отпускает [меня]!“ ",
  "dn32:12.271": "Таково, достопочтенный, это охранительное заклинание Атанатия ради защиты, охраны, безопасности, спокойствия монахов, монахинь, преданных мирян и преданных мирянок. ",
  "dn32:12.272": "Ну а теперь, досточтимый, мы пойдем — у нас много дел, многое надлежит сделать». ",
  "dn32:12.273": "«[Делайте] теперь, Великие цари, как вы считаете нужным». ",
  "dn32:12.274": "И тогда четыре Великих царя поднялись с сиденья, приветствовали Благостного и, обойдя [его] с правой стороны, тут же исчезли. ", 
  "dn32:12.275": "И когда яккхи поднялись с сиденья, то некоторые приветствовали Благостного и, обойдя [его] с правой стороны, тут же исчезли; ",
  "dn32:12.276": "некоторые, обменявшись с Благостным дружескими, дружелюбными словами и почтительным приветствием, тут же исчезли; ",
  "dn32:12.277": "некоторые со сложенными ладонями, поклонившись Благостному, тут же исчезли; ",
  "dn32:12.278": "некоторые, назвав [свое] имя и род, тут же исчезли; ",
  "dn32:12.279": "некоторые, оставаясь безмолвными, тут же исчезли. ",
  "dn32:13.1": "Усвойте, монахи, охранительное заклинание Атанатия, ",
  "dn32:13.2": "выучите наизусть, монахи, охранительное заклинания Атанатия, ",
  "dn32:13.3": "помните, монахи, охранительное заклинание Атанатия; ",
  "dn32:13.4": "это охранительное заклинание Атанатия, монахи, полезно для защиты, охраны, безопасности, спокойствия монахов, монахинь, преданных мирян и преданных мирянок». ",
  "dn32:13.5": "Так сказал Благостный. ",
  "dn32:13.6": "И удовлетворенные монахи порадовались словам Благостного. ",
  "dn32:13.7": "«Атанатия-сутта» Окончена. Девятая. "
}