{
  "dn7:0.1": "Длинные Наставления 7 ",
  "dn7:0.2": "Джалия Сутта ",
  "dn7:1.1": "Вот, что я слышал. ",
  "dn7:1.2": "Однажды Благостный остановился в Косамби в роще Гхоситы. ",
  "dn7:1.3": "И вот два странника — странствующий аскет Мандисса и Джалия, ученик Дарупаттики, приблизились к Благостному.",
  "dn7:1.4": "Приблизившись, они обменялись с Благостным дружескими, дружелюбными словами и почтительным приветствием и стали в стороне. ",
  "dn7:1.5": "И, стоя в стороне, два странника так сказали Благостному: ",
  "dn7:1.6": "«Является ли, почтенный Готама, жизненное начало тем же, что и тело, или жизненное начало — одно, а тело — другое?» ",
  "dn7:1.7": "«В таком случае, почтенные, слушайте тщательно и внимайте [тому, что] я скажу». ",
  "dn7:1.8": "«Хорошо, почтенный», — согласились с Благостным два странника. ",
  "dn7:1.9": "И Благостный сказал так: ",
  "dn7:2.1": "2. «Вот, почтенные, в мир приходит Татхагата <…= II.40-63…> ",
  "dn7:2.2": "Таким, почтенные, бывает монах, наделенный нравственностью ",
  "dn7:2.3": "  <…= II.64-75…> ",
  "dn7:2.4": "он достигает первой ступени созерцания <…> и пребывает [в этом состоянии]. ",
  "dn7:2.5": "И вот, почтенные, когда монах знает так и видит так, то подобает ли ему говорить: ",
  "dn7:2.6": "„жизненное начало — то же, что и тело“, или: „жизненное начало — одно, а тело — другое“?». ",
  "dn7:2.7": "«Когда этот монах, почтенный, знает так и видит так, то ему подобает говорить: ",
  "dn7:2.8": "„жизненное начало — то же, что и тело“, или: „жизненное начало — одно, а тело — другое“». ",
  "dn7:2.9": "«Но вот, почтенные, я знаю так и вижу так. ",
  "dn7:2.10": "И все же я не говорю ни: ",
  "dn7:2.11": "„жизненное начало — то же, что и тело“, ни: „жизненное начало — одно, а тело — другое“ <…= II.75-76…>. ",
  "dn7:3.1": "второй ступени созерцания … ",
  "dn7:3.2": "третьей ступени созерцания … ",
  "dn7:3.3": "<…= 11.77-81 с добавлениями в соотв. местах, приведенных выше (VII.2) и ниже (VII.3-4) вопроса и ответов…> он достигает четвертой ступени созерцания <…> и пребывает [в этом состоянии]. ",
  "dn7:3.4": "И вот, почтенные, когда монах знает так и видит так, то подобает ли ему говорить: ",
  "dn7:3.5": "„жизненное начало — то же, что и тело“, или: „жизненное начало — одно, а тело — другое“?». ",
  "dn7:3.6": "И вот, почтенные, когда монах знает так и видит так, то подобает ли ему говорить: ",
  "dn7:3.7": "„жизненное начало — то же, что и тело“, или: „жизненное начало — одно, а тело — другое“?». ",
  "dn7:3.8": "«Когда этот монах, почтенный, знает так и видит так, то ему подобает говорить: ",
  "dn7:3.9": "И все же я не говорю ни: ",
  "dn7:3.10": "„жизненное начало — то же, что и тело“, или: „жизненное начало — одно, а тело — другое“». «Но вот, почтенные, я знаю так и вижу так.<…= II.81-82…>. ",
  "dn7:4.1": "<…= II.83-84…> Он направляет и обращает ум к совершенному знанию. ",
  "dn7:4.2": "И вот, почтенные, когда монах знает так и видит так, то подобает ли ему говорить: ",
  "dn7:4.3": "„жизненное начало — то же, что и тело“, или: „жизненное начало — одно, а тело — другое“?» ",
  "dn7:4.4": "«Когда этот монах, почтенный, знает так и видит так, то ему подобает говорить: ",
  "dn7:4.5": "„жизненное начало — то же, что и тело“, или: „жизненное начало — одно, а тело — другое“». ",
  "dn7:4.6": "«Но вот, почтенные, я знаю так и вижу так. ",
  "dn7:4.7": "И все же я не говорю ни: ",
  "dn7:4.8": "„жизненное начало — то же, что и тело“, ни: „жизненное начало — одно, а тело — другое“ <…= II.85-96…> ",
  "dn7:5.1": "<…= II.97-98…> Он постигает: … „нет ничего за этим состоянием“. ",
  "dn7:5.2": "И вот, почтенные, когда монах знает так и видит так, то подобает ли ему говорить:  ",
  "dn7:5.3": "„жизненное начало — то же, что и тело“, или: „жизненное начало — одно, а тело — другое“?». ",
  "dn7:5.4": "«Когда этот монах, почтенный, знает так и видит так, то ему подобает говорить: ",
  "dn7:5.5": "„жизненное начало — то же, что и тело“, или: „жизненное начало — одно, а тело — другое“?» ",
  "dn7:5.6": "«Вот, почтенные, и я знаю так и вижу так. ",
  "dn7:5.7": "И я не говорю ни: ",
  "dn7:5.8": "„жизненное начало — то же, что и тело“, ни: „жизненное начало — одно, а тело — другое“». ",
  "dn7:5.9": "Так сказал Благостный. ",
  "dn7:5.10": "И два странника, удовлетворенные, возрадовались словам Благостного. ",
  "dn7:5.11": "Окончена «Джалия-сутта». Седьмая. "
}