{
  "an6.117:0.1": "Восходящие Наставления 6.117",
  "an6.117:0.2": "Глава Саманнья ",
  "an6.117:0.3": "Сутта Созерцая тело ",
  "an6.117:1.1": "«Монахи, не отбросив шесть вещей, человек не способен созерцать тело в теле. ",
  "an6.117:1.2": "Какие шесть? ",
  "an6.117:1.3": "Наслаждение работой, наслаждение разговорами, наслаждение сном, наслаждение компанией, отсутствие охраны дверей органов чувств, неумеренность в еде. ",
  "an6.117:1.4": "Не отбросив эти шесть вещей, человек не способен созерцать тело в теле. ",
  "an6.117:2.1": "Монахи, отбросив шесть вещей, человек способен созерцать тело в теле. ",
  "an6.117:2.2": "Какие шесть? ",
  "an6.117:2.3": "Наслаждение работой… неумеренность в еде. ",
  "an6.117:2.4": "Отбросив эти шесть вещей, человек способен созерцать тело в теле».",
  "an6.117:2.5": "Первая."
}