{
  "an6.93:0.1": "Восходящие Наставления 6.93",
  "an6.93:0.2": "Глава Сити ",
  "an6.93:0.3": "Сутта Случаи Вторая ",
  "an6.93:1.1": "«Монахи, есть эти шесть случаев неспособности. ",
  "an6.93:1.2": "Какие шесть? ",
  "an6.93:1.3": "Человек, совершенный в воззрениях, Не способен считать какой-либо обусловленный феномен постоянным; неспособен считать какой-либо обусловленный феномен приятным; неспособен считать какой-либо феномен своим «я»; не способен совершить пагубное деяние, дающее неизбежный результат; не способен прибегнуть к [мнению], что чистота наступает из-за [следования] суевериям или знамениям; неспособен искать внешнюю [по отношению к Дхамме] личность, достойную подношений. ",
  "an6.93:1.4": "Таковы шесть случаев неспособности».",
  "an6.93:1.5": "Девятая."
}