{
  "an6.115:0.1": "Восходящие Наставления 6.115",
  "an6.115:0.2": "Глава Тика ",
  "an6.115:0.3": "Сутта Трудность исправить ",
  "an6.115:1.1": "«Монахи, есть эти три вещи. ",
  "an6.115:1.2": "Какие три? ",
  "an6.115:1.3": "Трудность [кого-либо] исправить, дружба с плохими друзьями, умственное отвлечение. ",
  "an6.115:1.4": "Таковы три вещи. ",
  "an6.115:1.5": "Три [иные] вещи следует развить ради отбрасывания этих трёх вещей. ",
  "an6.115:1.6": "Какие три? ",
  "an6.115:1.7": "Лёгкость [кого-либо] исправить следует развить для отбрасывания трудности [кого-либо] исправить. Дружбу с хорошими друзьями следует развить для отбрасывания дружбы с плохими друзьями. Осознанность к дыханию следует развить для отбрасывания умственного отвлечения. ",
  "an6.115:1.8": "Эти три вещи следует развить ради отбрасывания первых трёх вещей».",
  "an6.115:1.9": "Девятая."
}