{
  "an6.84:0.1": "Восходящие Наставления 6.84",
  "an6.84:0.2": "Глава Аранатство",
  "an6.84:0.3": "Сутта Ночи",
  "an6.84:1.1": "«Монахи, когда монах обладает шестью качествами, то будь то день или ночь, в его случае можно ожидать лишь упадка в благих качествах, а не возрастания.",
  "an6.84:1.2": "Какими шестью?",
  "an6.84:1.3": "Вот монах имеет сильные желания, чувствует беспокойство, не удовлетворён любым одеянием, едой с подаяний, жилищем, лекарствами и обеспечением для больных. Он не имеет веры, безнравственный, ленивый, с замутнённым умом, и немудрый.",
  "an6.84:1.4": "Когда монах обладает этими шестью качествами, то будь то день или ночь, в его случае можно ожидать лишь упадка в благих качествах, а не возрастания.",
  "an6.84:2.1": "Монахи, когда монах обладает шестью качествами, то будь то день или ночь, в его случае можно ожидать лишь возрастания в благих качествах, а не упадка.",
  "an6.84:2.2": "Какими шестью?",
  "an6.84:2.3": "Вот у монаха нет сильных желаний, он не чувствует беспокойства, он удовлетворён любым одеянием, едой с подаяний, жилищем, лекарствами, и обеспечением для больных. Он наделён верой, нравственный, усердный, осознанный, и мудрый.",
  "an6.84:2.4": "Когда монах обладает этими шестью качествами, то будь то день или ночь, в его случае можно ожидать лишь возрастания в благих качествах, а не упадка».",
  "an6.84:2.5": "Десятая.",
  "an6.84:2.6": "Глава Арахатство Восьмая.",
  "an6.84:3.0": "Оглавление",
  "an6.84:3.1": "",
  "an6.84:3.2": "",
  "an6.84:3.3": "",
  "an6.84:3.4": ""
}