{
  "an6.80:0.1": "Восходящие Наставления 6.80",
  "an6.80:0.2": "Глава Аранатство ",
  "an6.80:0.3": "Сутта Величие ",
  "an6.80:1.1": "«Монахи, обладая шестью качествами, монах быстро достигает величия и обширности в [благих] качествах. ",
  "an6.80:1.2": "Какими шестью? ",
  "an6.80:1.3": "Вот монах пребывает в свете, пребывает в усилии, пребывает в воодушевлении, он не становится самодовольным, он не пренебрегает обязанностью [развития] благих качеств, он продолжает своё [развитие] далее. ",
  "an6.80:1.4": "Обладая этими шестью качествами, монах быстро достигает величия и обширности в [благих] качествах».",
  "an6.80:1.5": "Шестая."
}