{
  "an6.41:0.1": "Восходящие Наставления 6.41",
  "an6.41:0.2": "Глава Девата",
  "an6.41:0.3": "Сутта Деревянный чурбан",
  "an6.41:1.1": "Так я слышал.",
  "an6.41:1.2": "Однажды Достопочтенный Сарипутта пребывал в Раджагахе на горе Пик Грифов.",
  "an6.41:1.3": "И тогда, утром, Достопочтенный Сарипутта оделся, взял чашу и одеяние и спустился с горы Пик Грифов вместе с группой монахов.",
  "an6.41:1.4": "В некоем месте он увидел большой деревянный чурбан и обратился к монахам:",
  "an6.41:1.5": "«Друзья, видите этот большой деревянный чурбан?»",
  "an6.41:1.6": "«Да, друг».",
  "an6.41:2.1": "«Друзья, если монах, обладающий сверхъестественной силой, достигший владения своим умом, пожелал, то он мог бы сфокусироваться на этом деревянном чурбане как на земле.",
  "an6.41:2.2": "И каково основание для этого?",
  "an6.41:2.3": "Потому что в этом деревянном чурбане существует элемент земли. На этом основании монах, обладающий сверхъестественной силой, достигший владения своим умом, мог бы сфокусироваться на нём как на земле.",
  "an6.41:2.4": "Друзья, если монах, обладающий сверхъестественной силой, достигший владения своим умом, пожелал, то он мог бы сфокусироваться на этом деревянном чурбане как на воде…",
  "an6.41:2.5": "как на огне…",
  "an6.41:2.6": "как на воздухе…",
  "an6.41:2.7": "Друзья, если бы монах, обладающий сверхъестественной силой, достигший владения своим умом, пожелал, то он мог бы сфокусироваться на этом деревянном чурбане как на красивом…",
  "an6.41:2.8": "как на отвратительном.",
  "an6.41:2.9": "И каково основание для этого?",
  "an6.41:2.10": "Потому что в этом деревянном чурбане существует элемент отвратительности. На этом основании монах, обладающий сверхъестественной силой, достигший владения своим умом, мог бы сфокусироваться на нём как на отвратительном».",
  "an6.41:2.11": "Одниннадцатая."
}