{
  "an6.90:0.1": "Восходящие Наставления 6.90",
  "an6.90:0.2": "Глава Сити ",
  "an6.90:0.3": "Сутта Отбросив ",
  "an6.90:1.1": "«Монахи, тот, кто реализовал совершенство в воззрениях, отбросил эти шесть вещей. ",
  "an6.90:1.2": "Какие шесть? ",
  "an6.90:1.3": "Воззрение о существовании «я», сомнение, цепляние за правила и предписания, жажду, ведущую в состояние лишений, злобу, ведущую в состояние лишений, заблуждение, ведущее в состояние лишений. ",
  "an6.90:1.4": "Тот, кто реализовал совершенство в воззрениях, отбросил эти шесть вещей».",
  "an6.90:1.5": "Шестая."
}