{
  "an6.92:0.1": "Восходящие Наставления 6.92",
  "an6.92:0.2": "Глава Сити ",
  "an6.92:0.3": "Сутта Случаи Первая ",
  "an6.92:1.1": "«Монахи, есть эти шесть случаев неспособности. ",
  "an6.92:1.2": "Какие шесть? ",
  "an6.92:1.3": "Человек, совершенный в воззрениях, Не способен пребывать без уважения и почтения по отношению к Учителю… Дхамме… Сангхе… практике… не способен прибегнуть к чему-либо, на что не стоит полагаться, не способен перейти в восьмое существование. ",
  "an6.92:1.4": "Таковы шесть случаев неспособности».",
  "an6.92:1.5": "Восьмая."
}