{
  "an6.170-649:0.1": "Восходящие Наставления 6.170-649",
  "an6.170-649:0.2": "Сокращение Страсть",
  "an6.170-649:0.3": "",
  "an6.170-649:1.1": "Для познания злобы, монахи…",
  "an6.170-649:1.2": "заблуждения…",
  "an6.170-649:1.3": "ворчания…",
  "an6.170-649:1.4": "жестокости…",
  "an6.170-649:1.5": "умаления…",
  "an6.170-649:1.6": "завистливого соперничества…",
  "an6.170-649:1.7": "ревности…",
  "an6.170-649:1.8": "жадности…",
  "an6.170-649:1.9": "притворства…",
  "an6.170-649:1.10": "хитрости…",
  "an6.170-649:1.11": "упрямства…",
  "an6.170-649:1.12": "агрессии…",
  "an6.170-649:1.13": "самомнения…",
  "an6.170-649:1.14": "завышенной самооценки…",
  "an6.170-649:1.15": "опьянения",
  "an6.170-649:1.16": "беспечности познания…",
  "an6.170-649:1.17": "полного понимания…",
  "an6.170-649:1.18": "исчерпывания…",
  "an6.170-649:1.19": "покидания…",
  "an6.170-649:1.20": "исчерпания…",
  "an6.170-649:1.21": "исчезновения…",
  "an6.170-649:1.22": "бесстрастия…",
  "an6.170-649:1.23": "истечения…",
  "an6.170-649:1.24": "отказа…",
  "an6.170-649:1.25": "отдаления…",
  "an6.170-649:1.26": "шесть явлений должны быть развиты.",
  "an6.170-649:1.27": "Так сказал Благословенный.",
  "an6.170-649:1.28": "Удовлетворенные монахи обрадовались речи Благословенного.",
  "an6.170-649:1.29": "Сокращение Страсть Закончено.",
  "an6.170-649:1.30": "Собрание Шестёрок Закончено."
}