{
  "an6.102:0.1": "Восходящие Наставления 6.102",
  "an6.102:0.2": "Глава Анисамса ",
  "an6.102:0.3": "Сутта Недолговечные ",
  "an6.102:1.1": "«Монахи, когда монах рассматривает шесть видов полезного, то этого достаточно для того, чтобы утвердить безграничное восприятие непостоянства во всех обусловленных феноменах. ",
  "an6.102:1.2": "Какие шесть? ",
  "an6.102:1.3": "«Все обусловленные феномены будут представляться мне недолговечными». «Мой ум не будет восхищаться чем-либо в мире». «Мой ум поднимется над всем миром». «Мой ум будет склоняться к ниббане». «Мои оковы будут отброшены». «Я буду обладать наивысшей аскезой». ",
  "an6.102:1.4": "Монахи, когда монах рассматривает эти шесть видов полезного, то этого достаточно для того, чтобы утвердить безграничное восприятие непостоянства во всех обусловленных феноменах».",
  "an6.102:1.5": "Седьмая."
}