{
  "an6.79:0.1": "Восходящие Наставления 6.79",
  "an6.79:0.2": "Глава Аранатство ",
  "an6.79:0.3": "Сутта Достижение ",
  "an6.79:1.1": "«Обладая шестью качествами, монах не способен достичь благого качества, которого он ещё не достиг, или усилить благое качество, которое уже было достигнуто. ",
  "an6.79:1.2": "Какими шестью? ",
  "an6.79:1.3": "Вот монах неумелый в обретениях, неумелый в потере, неумелый в средствах, не порождает желание к достижению ещё не достигнутых благих качеств, не охраняет уже достигнутые благие качества, не исполняет своей задачи посредством настойчивого усилия. ",
  "an6.79:1.4": "Обладая этими шестью качествами, монах не способен достичь благого качества, которого он ещё не достиг, или усилить благое качество, которое уже было достигнуто. ",
  "an6.79:2.1": "Обладая шестью качествами, монах способен… ",
  "an6.79:2.2": "Какими шестью? ",
  "an6.79:2.3": "Вот монах умелый в обретениях… исполняет свою задачу посредством настойчивого усилия. ",
  "an6.79:2.4": "Обладая этими шестью качествами, монах способен достичь благого качества, которого он ещё не достиг, или усилить благое качество, которое уже было достигнуто».",
  "an6.79:2.5": "Пятая."
}