{
  "an6.103:0.1": "Восходящие Наставления 6.103",
  "an6.103:0.2": "Глава Анисамса ",
  "an6.103:0.3": "Сутта Поднятый меч ",
  "an6.103:1.1": "«Монахи, когда монах рассматривает шесть видов полезного, то этого достаточно для того, чтобы утвердить безграничное восприятие страдательности во всех обусловленных феноменах. ",
  "an6.103:1.2": "Какие шесть? ",
  "an6.103:1.3": "«Восприятие разочарования будет утверждено во мне ко всем обусловленным феноменам, точно к убийце с поднятым мечом». ",
  "an6.103:1.4": "«Мой ум поднимется над всем миром». «Я буду видеть ниббану умиротворённой». «Мои скрытые склонности будут искоренены». «Я буду тем, кто выполнил свою задачу». «Я услужу учителю доброжелательностью». ",
  "an6.103:1.5": "Монахи, когда монах рассматривает эти шесть видов полезного, то этого достаточно для того, чтобы утвердить безграничное восприятие страдательности во всех обусловленных феноменах».",
  "an6.103:1.6": "Восьмая."
}