{
  "an6.33:0.1": "Восходящие Наставления 6.33",
  "an6.33:0.2": "Глава Девата",
  "an6.33:0.3": "Сутта Стыд",
  "an6.33:1.1": "«Прошлой ночью, монахи, когда наступила глубокая ночь, некий дэва, [обладающий] поразительной красотой, освещая всю рощу Джеты, подошёл ко мне, поклонился, встал рядом, и сказал мне:",
  "an6.33:1.2": "«Господин, есть эти шесть качеств, что ведут к не-упадку монаха.",
  "an6.33:1.3": "Какие шесть?",
  "an6.33:1.4": "Уважение к Учителю, уважение к Дхамме, уважение к Сангхе, уважение к практике, уважение к чувству стыда, уважение к боязни совершить проступок.",
  "an6.33:1.5": "",
  "an6.33:1.6": "",
  "an6.33:1.7": "",
  "an6.33:2.1": "«Он уважителен к Учителю, И Дхамму уважает он,",
  "an6.33:2.2": "И глубоко [монахов] Сангху чтит.",
  "an6.33:2.3": "Он наделён стыдом, боязнью совершить проступок,",
  "an6.33:2.4": "Выказывает он почтение и выражает уважение:",
  "an6.33:2.5": "Такой монах не сможет больше пасть,",
  "an6.33:2.6": "Так как к ниббане близок он».",
  "an6.33:2.7": "Третья."
}