{
  "an6.63:0.1": "Восходящие Наставления 6.63",
  "an6.63:0.2": "Глава Маха",
  "an6.63:0.3": "Сутта Проникающее",
  "an6.63:1.1": "«Монахи, я научу вас проникающему изложению Дхаммы. ",
  "an6.63:1.2": "Слушайте внимательно. Я буду говорить».",
  "an6.63:1.3": "«Да, Учитель» – отвечали те монахи. ",
  "an6.63:1.4": "Благословенный сказал:",
  "an6.63:2.1": "«И каково, монахи, проникающее изложение Дхаммы?",
  "an6.63:2.2": "Чувственные удовольствия следует понять. Источник и происхождение чувственных удовольствий следует понять. Разнообразие чувственных удовольствий следует понять. Результат чувственных удовольствий следует понять. Прекращение чувственных удовольствий следует понять. Путь, ведущий к прекращению чувственных удовольствий, следует понять.",
  "an6.63:3.1": "Чувства следует понять. Источник и происхождение чувств следует понять. Разнообразие чувств следует понять. Результат чувств следует понять. Прекращение чувств следует понять. Путь, ведущий к прекращению чувств, следует понять.",
  "an6.63:4.1": "Восприятия следует понять. Источник и происхождение восприятий следует понять. Разнообразие восприятий следует понять. Результат восприятий следует понять. Прекращение восприятий следует понять. Путь, ведущий к прекращению восприятий, следует понять.",
  "an6.63:5.1": "Пятна [загрязнений ума] следует понять. Источник и происхождение пятен следует понять. Разнообразие пятен следует понять. Результат пятен следует понять. Прекращение пятен следует понять. Путь, ведущий к прекращению пятен, следует понять.",
  "an6.63:6.1": "Камму следует понять. Источник и происхождение каммы следует понять. Разнообразие каммы следует понять. Результат каммы следует понять. Прекращение каммы следует понять. Путь, ведущий к прекращению каммы, следует понять.",
  "an6.63:7.1": "Страдания следует понять. Источник и происхождение страданий следует понять. Разнообразие страданий следует понять. Результат страданий следует понять. Прекращение страданий следует понять. Путь, ведущий к прекращению страданий, следует понять.",
  "an6.63:8.1": "Когда было сказано: «Чувственные удовольствия следует понять… Путь, ведущий к прекращению чувственных удовольствий, следует понять» – ",
  "an6.63:8.2": "то в отношении чего так было сказано?",
  "an6.63:8.3": "Монахи, есть пять нитей чувственных удовольствий:",
  "an6.63:8.4": "Формы, воспринимаемые глазом – милые, приятные, чарующие, привлекательные, воспаляющие желание, соблазнительные.",
  "an6.63:8.5": "Звуки, воспринимаемые ухом…",
  "an6.63:8.6": "Запахи, воспринимаемые носом…",
  "an6.63:8.7": "Вкусы, воспринимаемые языком…",
  "an6.63:8.8": "Тактильные ощущения, воспринимаемые телом – милые, приятные, чарующие, привлекательные, воспаляющие желание, соблазнительные.",
  "an6.63:8.9": "Однако, это не является чувственными удовольствиями. В учении Благородных это называется «нитями чувственных удовольствий». ",
  "an6.63:8.10": "Чувственное удовольствие человека – это его чувственное устремление2.",
  "an6.63:8.11": "«Это не чувственные наслаждения – мирские миловидные вещицы:",
  "an6.63:8.12": "Чувственность человека – устремление страсти.",
  "an6.63:8.13": "А миловидные вещицы лишь просто остаются в мире,",
  "an6.63:8.14": "Но мудрый устраняет всякое желание к ним».",
  "an6.63:9.1": "И каков, монахи, источник и происхождение чувственных удовольствий? ",
  "an6.63:10.2": "Контакт является их источником и происхождением.",
  "an6.63:11.1": "И каково разнообразие чувственных удовольствий? ",
  "an6.63:11.2": "Чувственное желание к формам – это одно, чувственное желание к звукам – это другое, чувственное желание к запахам – ещё другое, чувственное желание ко вкусам – ещё другое, чувственное желание к тактильным ощущениям – ещё другое. ",
  "an6.63:11.3": "Это называется разнообразием чувственных удовольствий.",
  "an6.63:12.1": "И каков результат чувственных удовольствий? ",
  "an6.63:12.2": "Человек порождает личностное существование, соответствующее тем [чувственным удовольствиям], которых он желает, и которое может быть последствием заслуг или проступков. Таков результат чувственных удовольствий.",
  "an6.63:13.1": "И каково прекращение чувственных удовольствий? ",
  "an6.63:13.2": "С прекращением контакта имеет место прекращение чувственных удовольствий.",
  "an6.63:13.3": "Этот самый Благородный Восьмеричный Путь является путём, ведущим к прекращению чувственных удовольствий, то есть:",
  "an6.63:13.4": "Правильные воззрения, Правильное устремление, Правильная речь, Правильные действия, Правильные средства к жизни, Правильное усилие, Правильная осознанность. Правильное сосредоточение.",
  "an6.63:14.1": "Когда, монахи, ученик Благородных так понимает чувственные удовольствия, источник и происхождение чувственных удовольствий, результат чувственных удовольствий, прекращение чувственных удовольствий, и путь, ведущий к прекращению чувственных удовольствий, [то тогда] он понимает, что эта проникающая святая жизнь является прекращением чувственных удовольствий5.",
  "an6.63:14.2": "Когда так было сказано: «Чувственные удовольствия следует понять… Путь, ведущий к прекращению чувственных удовольствий, следует понять» – ",
  "an6.63:14.3": "то в отношении этого так было сказано.",
  "an6.63:15.1": "Когда было сказано: «Чувства следует понять… Путь, ведущий к прекращению чувств, следует понять» – ",
  "an6.63:15.2": "то в отношении чего так было сказано?",
  "an6.63:15.3": "Монахи, есть эти три чувства:",
  "an6.63:15.4": "приятное чувство, болезненное чувство, ни-болезненное-ни-приятное чувство.",
  "an6.63:16.1": "И каков источник и происхождение чувств? ",
  "an6.63:16.2": "Контакт является их источником и происхождением.",
  "an6.63:17.1": "И каково разнообразие чувств? ",
  "an6.63:17.2": "Есть плотское приятное чувство, есть духовное приятное чувство. Есть плотское болезненное чувство, есть духовное болезненное чувство. Есть плотское ни-болезненное-ни-приятное чувство, есть духовное ни-болезненное-ни-приятное чувство. ",
  "an6.63:17.3": "Это называется разнообразием чувств.",
  "an6.63:18.1": "И каков результат чувств? ",
  "an6.63:18.2": "Человек порождает личностное существование, соответствующее тем [чувствам], которых он желает, и которое может быть последствием заслуг или проступков. ",
  "an6.63:18.3": "Таков результат чувств.",
  "an6.63:19.1": "И каково прекращение чувств? ",
  "an6.63:19.2": "С прекращением контакта имеет место прекращение чувств.",
  "an6.63:19.3": "Этот самый Благородный Восьмеричный Путь является путём, ведущим к прекращению чувств, то есть, ",
  "an6.63:19.4": "правильные воззрения… правильное сосредоточение.",
  "an6.63:20.1": "Когда, монахи, ученик Благородных так понимает чувства, источник и происхождение чувств, результат чувств, прекращение чувств, и путь, ведущий к прекращению чувств, [то тогда] он понимает, что эта проникающая святая жизнь является прекращением чувств.",
  "an6.63:20.2": "Когда так было сказано: «Чувства следует понять… Путь, ведущий к прекращению чувств, следует понять» – ",
  "an6.63:20.3": "то в отношении этого так было сказано.",
  "an6.63:21.1": "Когда так было сказано: «Восприятия следует понять… Путь, ведущий к прекращению восприятий, следует понять» – ",
  "an6.63:21.2": "то в отношении чего так было сказано?",
  "an6.63:21.3": "Монахи, есть эти шесть восприятий:",
  "an6.63:21.4": "восприятие форм, восприятие звуков, восприятие запахов, восприятие вкусов, восприятие тактильных ощущений, восприятие ментальных феноменов.",
  "an6.63:22.1": "И каков источник и происхождение восприятий? ",
  "an6.63:22.2": "Контакт является их источником и происхождением.",
  "an6.63:23.1": "И каково разнообразие восприятий? ",
  "an6.63:23.2": "Восприятие форм – это одно, восприятие звуков – другое, восприятие запахов – ещё другое, восприятие вкусов – ещё другое, восприятие тактильных ощущений – ещё другое, восприятие ментальных феноменов – ещё другое. ",
  "an6.63:23.3": "Это называется разнообразием восприятий.",
  "an6.63:24.1": "И каков результат восприятий? ",
  "an6.63:24.2": "Я говорю вам, что результат восприятий заключается в выражении7. ",
  "an6.63:24.3": "То, каким образом человек воспринимает что-либо, именно таким образом он выражает себя, [говоря]: «Я воспринимал то-то и то-то». ",
  "an6.63:24.4": "Это называется результатом восприятия.",
  "an6.63:25.1": "И каково прекращение восприятий? ",
  "an6.63:25.2": "С прекращением контакта имеет место прекращение восприятий.",
  "an6.63:25.3": "Этот самый Благородный Восьмеричный Путь является путём, ведущим к прекращению восприятий, то есть, ",
  "an6.63:25.4": "правильные воззрения… правильное сосредоточение.",
  "an6.63:26.1": "Когда, монахи, ученик Благородных так понимает восприятия, источник и происхождение восприятий, результат восприятий, прекращение восприятий, и путь, ведущий к прекращению восприятий, [то тогда] он понимает, что эта проникающая святая жизнь является прекращением восприятий.",
  "an6.63:26.2": "Когда так было сказано: «Восприятия следует понять… Путь, ведущий к прекращению восприятий, следует понять» – ",
  "an6.63:26.3": "то в отношении этого так было сказано.",
  "an6.63:27.1": "Когда так было сказано: «Пятна [умственных загрязнений] следует понять… Путь, ведущий к прекращению пятен, следует понять» – ",
  "an6.63:27.2": "то в отношении чего так было сказано?",
  "an6.63:27.3": "Монахи, есть эти три пятна:",
  "an6.63:27.4": "пятно чувственности, пятно существования, пятно невежества.",
  "an6.63:28.1": "И каков источник и происхождение пятен? ",
  "an6.63:28.2": "Невежество является их источником и происхождением.",
  "an6.63:29.1": "И каково разнообразие пятен? ",
  "an6.63:29.2": "Есть пятна, ведущие в ад. Есть пятна, ведущие в мир животных. Есть пятна, ведущие в мир страдающих духов. Есть пятна, ведущие в мир людей. Есть пятна, ведущие в мир дэвов. ",
  "an6.63:29.3": "Это называется разнообразием загрязнений.",
  "an6.63:30.1": "И каков результат пятен? ",
  "an6.63:30.2": "Человек, погружённый в невежество, порождает соответствующее личностное существование, которое может быть последствием либо заслуг, либо проступков. Таков результат пятен.",
  "an6.63:31.1": "И каково прекращение пятен? ",
  "an6.63:31.2": "С прекращением невежества имеет место прекращение пятен.",
  "an6.63:31.3": "Этот самый Благородный Восьмеричный Путь является путём, ведущим к прекращению пятен, то есть, ",
  "an6.63:31.4": "правильные воззрения… правильное сосредоточение.",
  "an6.63:32.1": "Когда, монахи, ученик Благородных так понимает пятна, источник и происхождение пятен, результат пятен, прекращение пятен, и путь, ведущий к прекращению пятен, [то тогда] он понимает, что эта проникающая святая жизнь является прекращением пятен.",
  "an6.63:32.2": "Когда так было сказано: «Пятна следует понять… Путь, ведущий к прекращению пятен, следует понять» – ",
  "an6.63:32.3": "то в отношении этого так было сказано.",
  "an6.63:33.1": "Когда так было сказано: «Камму следует понять… Путь, ведущий к прекращению каммы, следует понять» – ",
  "an6.63:33.2": "то в отношении чего так было сказано?",
  "an6.63:33.3": "Монахи, намерение я называю каммой. ",
  "an6.63:33.4": "Породив намерение, человек действует ",
  "an6.63:33.5": "телом, речью или умом.",
  "an6.63:34.1": "И каков источник и происхождение каммы? ",
  "an6.63:34.2": "Контакт является её источником и происхождением.",
  "an6.63:35.1": "И каково разнообразие каммы? ",
  "an6.63:35.2": "Есть камма, переживаемая в аду. Есть камма, переживаемая в мире животных. Есть камма, переживаемая в мире страдающих духов. Есть камма, переживаемая в мире людей. Есть камма, переживаемая в мире дэвов. ",
  "an6.63:35.3": "Это называется разнообразием каммы.",
  "an6.63:36.1": "И каков результат каммы? ",
  "an6.63:36.2": "Результат каммы, я говорю вам, троичен: ",
  "an6.63:36.3": "[переживаемый] в этой самой жизни, или в [следующем] перерождении, или в некоторых последующих случаях. ",
  "an6.63:36.4": "Это называется результатом каммы.",
  "an6.63:37.1": "И каково прекращение каммы? ",
  "an6.63:37.2": "С прекращением контакта имеет место прекращение каммы.",
  "an6.63:37.3": "Этот самый Благородный Восьмеричный Путь является путём, ведущим к прекращению каммы, то есть, ",
  "an6.63:37.4": "правильные воззрения… правильное сосредоточение.",
  "an6.63:38.1": "Когда, монахи, ученик Благородных так понимает камму, источник и происхождение каммы, результат каммы, прекращение каммы, и путь, ведущий к прекращению каммы, [то тогда] он понимает, что эта проникающая святая жизнь является прекращением каммы.",
  "an6.63:38.2": "Когда так было сказано: «Камму следует понять… Путь, ведущий к прекращению каммы, следует понять» – ",
  "an6.63:38.3": "то в отношении этого так было сказано.",
  "an6.63:39.1": "Когда так было сказано: «Страдания следует понять… Путь, ведущий к прекращению страданий, следует понять» – ",
  "an6.63:39.2": "то в отношении чего так было сказано?",
  "an6.63:39.3": "Рождение – это страдание. Старость – это страдание. Болезни – это страдание. Смерть – это страдание. Печаль, стенание, боль, уныние, и отчаяние – это страдание. Неполучение желаемого – это страдание. Вкратце, пять совокупностей, подверженных цеплянию – это страдание.",
  "an6.63:40.1": "И каков источник и происхождение страданий? ",
  "an6.63:40.2": "Жажда является их источником и происхождением.",
  "an6.63:41.1": "И каково разнообразие страданий? ",
  "an6.63:41.2": "Есть неимоверное страдание. Есть лёгкое страдание. Есть страдание, исчезающее медленно. Есть страдание, исчезающее быстро. ",
  "an6.63:41.3": "Это называется разнообразием страданий.",
  "an6.63:42.1": "И каков результат страданий? ",
  "an6.63:42.2": "Вот некий человек, одолеваемый страданием, с умом, охваченным им, печалится, горюет, и плачет. Он рыдает, бьёт себя в груди, становится обезумевшим. Или же, одолеваемый страданием, с умом, охваченным им, он отправляется на внешние поиски, говоря: ",
  "an6.63:42.3": "«У кого есть [мантра в] слово или два, чтобы положить конец этому страданию?»",
  "an6.63:42.4": "Страдание, я говорю вам, заканчивается либо безумием [от горя], либо поиском. ",
  "an6.63:42.5": "Это называется результатом страданий.",
  "an6.63:43.1": "И каково прекращение страданий? ",
  "an6.63:43.2": "С прекращением жажды имеет место прекращение страданий.",
  "an6.63:43.3": "Этот самый Благородный Восьмеричный Путь является путём, ведущим к прекращению страданий, то есть, ",
  "an6.63:43.4": "правильные воззрения… правильное сосредоточение.",
  "an6.63:44.1": "Когда, монахи, ученик Благородных так понимает страдания, источник и происхождение страданий, результат страданий, прекращение страданий, и путь, ведущий к прекращению страданий, [то тогда] он понимает, что эта проникающая святая жизнь является прекращением страданий.",
  "an6.63:44.2": "Когда так было сказано: «Страдания следует понять… Путь, ведущий к прекращению страданий, следует понять» – ",
  "an6.63:44.3": "то в отношении этого так было сказано.",
  "an6.63:45.1": "В этом, монахи, заключается проникающее изложение Дхаммы».",
  "an6.63:45.2": "Девятая."
}