{
  "an6.72:0.1": "Восходящие Наставления 6.72",
  "an6.72:0.2": "Глава Девата ",
  "an6.72:0.3": "Сутта Сила ",
  "an6.72:1.1": "«Монахи, обладая шестью качествами, монах не способен обрести силу в сосредоточении. ",
  "an6.72:1.2": "Какими шестью? ",
  "an6.72:1.3": "Вот монах неумелый в достижении сосредоточения, неумелый в поддержании сосредоточения, неумелый в выходе из сосредоточения, он не практикует тщательно, он не практикует упорно, он не знает, что является уместным. ",
  "an6.72:1.4": "Обладая этими шестью качествами, монах не способен обрести силу в сосредоточении. ",
  "an6.72:2.1": "Монахи, обладая шестью качествами, монах способен обрести силу в сосредоточении. ",
  "an6.72:2.2": "Какими шестью? ",
  "an6.72:2.3": "Вот монах умелый в достижении сосредоточения… знает, что является уместным. ",
  "an6.72:2.4": "Обладая этими шестью качествами, монах способен обрести силу в сосредоточении».",
  "an6.72:2.5": "Восьмая."
}