{
  "an6.98:0.1": "Восходящие Наставления 6.98",
  "an6.98:0.2": "Глава Анисамса ",
  "an6.98:0.3": "Сутта Ненадёжность ",
  "an6.98:1.1": "«Монахи, Не может быть такого, чтобы монах, который считает какой-либо обусловленный феномен постоянным, будет обладать убеждённостью, согласующейся [с Дхаммой]. ",
  "an6.98:1.2": "Не может быть такого, чтобы тот, кто не обладает убеждённостью, согласующейся [с Дхаммой], вступит на твёрдый путь правильности. ",
  "an6.98:1.3": "Не может быть такого, чтобы тот, кто не вступает на твёрдый путь правильности, реализует плод вступления в поток, плод однажды-возвращения, плод не-возвращения, или плод арахантства. ",
  "an6.98:2.1": "Монахи, есть возможность, что монах, который считает все обусловленные феномены непостоянными, будет обладать убеждённостью, согласующейся [с Дхаммой]. ",
  "an6.98:2.2": "Есть возможность, что тот, кто обладает убеждённостью, согласующейся [с Дхаммой], вступит на твёрдый путь правильности. ",
  "an6.98:2.3": "Есть возможность, что тот, кто вступает на твёрдый путь правильности, реализует плод вступления в поток, плод однажды-возвращения, плод не-возвращения, или плод арахантства».",
  "an6.98:2.4": "Третья."
}