{
  "an6.49:0.1": "Восходящие Наставления 6.49",
  "an6.49:0.2": "Глава Дхаммика",
  "an6.49:0.3": "Сутта Кхема",
  "an6.49:1.1": "Однажды Благословенный пребывал в Саваттхи в роще Джеты в монастыре Анатхапиндики.",
  "an6.49:1.2": "И в то время Достопочтенный Кхема и Достопочтенный Сумана пребывали в Саваттхи в роще Слепых.",
  "an6.49:1.3": "Они отправились к Благословенному, поклонились ему, и сели рядом. Затем Достопочтенный Кхема сказал Благословенному:",
  "an6.49:2.1": "«Учитель, когда монах – арахант, чьи пятна [загрязнений ума] уничтожены, который прожил святую жизнь, сделал то, что следовало сделать, сбросил тяжкий груз, достиг своей цели, полностью уничтожил путы существования, и всецело освободился посредством окончательного знания – [такой] мысли не приходит к нему:",
  "an6.49:2.2": "«Есть кто-то лучше меня», или «есть кто-то равный мне», или «есть кто-то хуже меня».",
  "an6.49:2.3": "Так сказал Достопочтенный Кхема.",
  "an6.49:2.4": "Учитель одобрил.",
  "an6.49:2.5": "И тогда Достопочтенный Кхема, думая: «Учитель согласен со мной», поднялся со своего сиденья, поклонился Благословенному, и ушёл, обойдя его с правой стороны.",
  "an6.49:3.1": "Затем, прямо после того как Достопочтенный Кхема ушёл, Достопочтенный Сумана сказал Благословенному:",
  "an6.49:3.2": "«Учитель, когда монах – арахант, чьи пятна уничтожены, который прожил святую жизнь, сделал то, что следовало сделать, сбросил тяжкий груз, достиг своей цели, полностью уничтожил путы существования, и всецело освободился посредством окончательного знания – [такой] мысли не приходит к нему:",
  "an6.49:3.3": "«Нет никого лучше, чем я», или «нет никого равного мне», или «нет никого хуже, чем я».",
  "an6.49:3.4": "Так сказал Достопочтенный Сумана.",
  "an6.49:3.5": "Учитель одобрил.",
  "an6.49:3.6": "И тогда Достопочтенный Сумана, думая: «Учитель согласен со мной», поднялся со своего сиденья, поклонился Благословенному, и ушёл, обойдя его с правой стороны.",
  "an6.49:4.1": "И вскоре после того как оба монаха ушли, Благословенный обратился к монахам:",
  "an6.49:4.2": "«Монахи, вот каким образом эти представители клана объявили о [своём] окончательном знании.",
  "an6.49:4.3": "Они объявили смысл, не выставив себя напоказ.",
  "an6.49:4.4": "Но бывают некоторые дураки, которые, похоже, объявляют о своём окончательном знании в шутку.",
  "an6.49:4.5": "Позже они встретятся с несчастьем».",
  "an6.49:5.1": "«[Не мнят себя] ни «высшими», ни «низшими»,",
  "an6.49:5.2": "Как и не мнят они «такими же» себя.",
  "an6.49:5.3": "Рождение разрушено, и жизнь святая прожита.",
  "an6.49:5.4": "Они живут, освобождённые от всяческих оков».",
  "an6.49:5.5": "Седьмая."
}