{
  "an4.63:0.1": "Восходящие Наставления 4.63",
  "an4.63:0.2": "Глава Паттакамма",
  "an4.63:0.3": "Сутта С Брахмой",
  "an4.63:1.1": "«Монахи, с Брахмой проживают [только] те семьи, в которых дома дети чтят своих отца и мать.",
  "an4.63:1.2": "С первыми учителями проживают [только] те семьи, в которых дома дети чтят своих отца и мать.",
  "an4.63:1.3": "С первыми божествами проживают [только] те семьи, в которых дома дети чтят своих отца и мать.",
  "an4.63:1.4": "С достойными даров проживают [только] те семьи, в которых дома дети чтят своих отца и мать.",
  "an4.63:2.1": "«Брахма», монахи, это обозначение отца и матери.",
  "an4.63:2.2": "«Первые учителя»…",
  "an4.63:2.3": "«Первые божества»…",
  "an4.63:2.4": "«Достойные даров» – это обозначение отца и матери.",
  "an4.63:2.5": "И почему?",
  "an4.63:2.6": "[Потому что] отец и мать очень полезны своим детям. Они растят их, кормят их, открывают для них мир».",
  "an4.63:3.1": "«Отец и мать зовутся «Брахмой»,",
  "an4.63:3.2": "А также «Первыми учителями».",
  "an4.63:3.3": "Они даров достойны от своих детей,",
  "an4.63:3.4": "Ведь проявляют к детям сострадание.",
  "an4.63:4.1": "Поэтому мудрец их должен чтить,",
  "an4.63:4.2": "А также относиться с уважением.",
  "an4.63:4.3": "Еду, питьё им должен подносить,",
  "an4.63:4.4": "Дарить одежду должен и постели,",
  "an4.63:4.5": "Купать их должен, делать им массаж,",
  "an4.63:4.6": "А также ноги омывать им должен.",
  "an4.63:5.1": "И из-за праведного поведения к отцу,",
  "an4.63:5.2": "А также к матери и собственной своей",
  "an4.63:5.3": "Тебя мудрейший будет восхвалять",
  "an4.63:5.4": "А после смерти ты окажешься в раю».",
  "an4.63:5.5": "Третья."
}