{
  "an4.132:0.1": "Восходящие Наставления 4.132",
  "an4.132:0.2": "Глава Личность ",
  "an4.132:0.3": "Сутта Различение ",
  "an4.132:1.1": "«Монахи, в мире существуют эти четыре типа личностей. ",
  "an4.132:1.2": "Какие четыре? ",
  "an4.132:1.3": "Тот, чьё различение острое, но не протекает без затруднений. ",
  "an4.132:1.4": "Тот, чьё различение протекает без затруднений, но не острое. ",
  "an4.132:1.5": "Тот, чьё различение и острое, и протекает без затруднений. ",
  "an4.132:1.6": "Тот, чьё различение ни острое, ни протекает без затруднений. ",
  "an4.132:1.7": "Таковы четыре типа личностей, существующих в мире». ",
  "an4.132:1.8": "Вторая."
}