{
  "an4.134:0.1": "Восходящие Наставления 4.134",
  "an4.134:0.2": "Глава Личность ",
  "an4.134:0.3": "Сутта Усилие ",
  "an4.134:1.1": "«Монахи, в мире существуют эти четыре типа личностей. ",
  "an4.134:1.2": "Какие четыре? ",
  "an4.134:1.3": "Тот, кто живёт за счёт плода своих усилий, но не за счёт плода своей каммы. ",
  "an4.134:1.4": "Тот, кто живёт за счёт плода своей каммы, но не за счёт плода своих усилий. ",
  "an4.134:1.5": "Тот, кто живёт и за счёт плода своей каммы, и за счёт плода своих усилий. ",
  "an4.134:1.6": "Тот, кто живёт ни за счёт плода своих усилий, ни за счёт плода своей каммы. ",
  "an4.134:1.7": "Таковы четыре типа личностей, существующих в мире». ",
  "an4.134:1.8": "Четвёртая."
}