{
  "an4.27:0.1": "Восходящие Наставления 4.27",
  "an4.27:0.2": "Глава Урувела",
  "an4.27:0.3": "Сутта Довольствование",
  "an4.27:1.1": "«Монахи, есть эти четыре мелочи, которые легко заполучить и которые не порицаемы. ",
  "an4.27:1.2": "Какие четыре?",
  "an4.27:1.3": "Одежда из обносков – это мелочь среди одежд, которую легко получить и которая не порицается. ",
  "an4.27:1.4": "Комок еды с подаяний – это мелочь среди обедов, которую легко получить и которая не порицается. ",
  "an4.27:1.5": "Подножье дерева – это мелочь среди обиталищ, которую легко получить и которая не порицается. ",
  "an4.27:1.6": "Вонючая моча – это мелочь среди лекарств, которую легко получить и которая не порицается.",
  "an4.27:1.7": "Таковы четыре мелочи, которые легко получить и которые не порицаются. ",
  "an4.27:1.8": "Когда монах довольствуется тем, что является мелочью и что легко добывается, то, я говорю вам, он наделён одним из факторов аскетической жизни». ",
  "an4.27:2.1": "«Когда непорицаемым доволен,",
  "an4.27:2.2": "Той мелочью, что получить несложно;",
  "an4.27:2.3": "Когда твой ум ничуть не взбудоражен",
  "an4.27:2.4": "Жилищем или же одеждой,",
  "an4.27:2.5": "Питьём, а может какой пищей –",
  "an4.27:2.6": "То ты тогда ничем нигде не сдержан.",
  "an4.27:3.1": "Об этих качествах ведь говорится верно,",
  "an4.27:3.2": "Что соответствуют они жизни аскета,",
  "an4.27:3.3": "Коли получены они были монахом –",
  "an4.27:3.4": "Прилежный, он довольствуется [этим]».",
  "an4.27:3.5": "Седьмая."
}