{
  "an4.103:0.1": "Восходящие Наставления 4.103",
  "an4.103:0.2": "Глава Валахака",
  "an4.103:0.3": "Сутта Горшок",
  "an4.103:1.1": "«Монахи, есть эти четыре вида горшков.",
  "an4.103:1.2": "Какие четыре?",
  "an4.103:1.3": "пустой и накрытый,",
  "an4.103:1.4": "полный и открытый,",
  "an4.103:1.5": "пустой и открытый,",
  "an4.103:1.6": "полный и накрытый.",
  "an4.103:1.7": "Таковы четыре вида горшков.",
  "an4.103:1.8": "Точно также, есть эти четыре типа личностей в мире, похожих на горшки.",
  "an4.103:1.9": "Какие четыре?",
  "an4.103:1.10": "Пустой и накрытый;",
  "an4.103:1.11": "полный и открытый;",
  "an4.103:1.12": "пустой и открытый;",
  "an4.103:1.13": "полный и накрытый.",
  "an4.103:2.1": "И каков, монахи, человек, который пустой и накрытый?",
  "an4.103:2.2": "Бывает так, что некий человек внушает доверие манерой уходить и возвращаться, смотреть вперёд и по сторонам, сгибать и распрямлять свои члены, носить накидку, чашу и верхнее одеяние.",
  "an4.103:2.3": "Но он не понимает в соответствии с действительностью: «Это – боль»… «Это – к истечению боли ведущая практика».",
  "an4.103:2.4": "Вот каким образом этот человек – тот, кто пустой и накрытый.",
  "an4.103:2.5": "Подобен горшку, который пустой и накрытый",
  "an4.103:2.6": "этот человек я говорю вам.",
  "an4.103:3.1": "И каков человек, который полный и открытый?",
  "an4.103:3.2": "Бывает так, что некий человек не внушает доверия манерой уходить и возвращаться, смотреть вперёд и по сторонам, сгибать и распрямлять свои члены, носить накидку, чашу и верхнее одеяние.",
  "an4.103:3.3": "Но он понимает в соответствии с действительностью: «Это – боль»… «Это – к истечению боли ведущая практика».",
  "an4.103:3.4": "Вот каким образом этот человек – тот, кто полный и открытый.",
  "an4.103:3.5": "Подобен горшку, который полный и открытый",
  "an4.103:3.6": "этот человек я говорю вам.",
  "an4.103:4.1": "И каков человек, который пустой и открытый?",
  "an4.103:4.2": "Бывает так, что некий человек не внушает доверия манерой…",
  "an4.103:4.3": "И он не понимает в соответствии с действительностью: «Это – боль»… «Это – к истечению боли ведущая практика».",
  "an4.103:4.4": "Вот каким образом этот человек – тот, кто пустой и открытый.",
  "an4.103:4.5": "Подобен горшку, который пустой и открытый",
  "an4.103:4.6": "этот человек я говорю вам.",
  "an4.103:5.1": "И каков человек, который полный и накрытый?",
  "an4.103:5.2": "Бывает так, что некий человек внушает доверие манерой…",
  "an4.103:5.3": "И он понимает в соответствии с действительностью: «Это – боль»… «Это – к истечению боли ведущая практика».",
  "an4.103:5.4": "Вот каким образом этот человек – тот, кто полный и накрытый.",
  "an4.103:5.5": "Подобен горшку, который полный и накрытый",
  "an4.103:5.6": "этот человек я говорю вам.",
  "an4.103:5.7": "Таковы, монахи, четыре типа личностей, существующих в мире, похожих на горшки».",
  "an4.103:5.8": "Третья."
}