{
  "an4.147:0.1": "Восходящие Наставления 4.147",
  "an4.147:0.2": "Глава Абха ",
  "an4.147:0.3": "Сутта Время Вторая ",
  "an4.147:1.1": "«Монахи, эти четыре времени, будучи правильно развитыми и скоординированными, постепенно приведут к уничтожению пятен [загрязнений ума]. ",
  "an4.147:1.2": "Какие четыре? ",
  "an4.147:1.3": "Время для слушания Дхаммы, время для обсуждения Дхаммы, время для успокоения, время для прозрения. ",
  "an4.147:1.4": "Эти четыре времени, будучи правильно развитыми и скоординированными, постепенно приведут к уничтожению пятен [загрязнений ума]. ",
  "an4.147:2.1": "Подобно тому, как ливень проливается тяжёлыми каплями на вершину горы, и водяные потоки устремляются вниз по склону, заполняя расселины, канавки и протоки; а по заполнении этих – заполняют пруды; а по заполнении этих – заполняют озёра; а по заполнении этих – заполняют ручьи; а по заполнении этих – заполняют реки; а по заполнении этих – заполняют великий океан; ",
  "an4.147:2.2": "точно также эти четыре времени, будучи правильно развитыми и скоординированными, постепенно приведут к уничтожению пятен [загрязнений ума]». ",
  "an4.147:2.3": "Седьмая."
}