{
  "an4.143:0.1": "Восходящие Наставления 4.143",
  "an4.143:0.2": "Глава Абха ",
  "an4.143:0.3": "Сутта Свет ",
  "an4.143:1.1": "«Монахи, есть эти четыре света. ",
  "an4.143:1.2": "Какие четыре? ",
  "an4.143:1.3": "Свет луны, свет солнца, свет огня, свет мудрости. ",
  "an4.143:1.4": "Таковы четыре света. ",
  "an4.143:1.5": "Из этих четырёх видов света свет мудрости является наивысшим». ",
  "an4.143:1.6": "Третья."
}