{
  "an4.117:0.1": "Восходящие Наставления 4.117",
  "an4.117:0.2": "Глава Кеси",
  "an4.117:0.3": "Сутта Охрана",
  "an4.117:1.1": "«Монахи, тот, кто склонен к собственному благополучию, должен практиковать прилежание, осознанность, и охрану ума в четырёх отношениях. ",
  "an4.117:1.2": "Каких четырёх?",
  "an4.117:1.3": "«Пусть мой ум не будет возбуждён вещами, вызывающими страсть!» Тот, кто склонен к собственному благополучию, должен вот таким образом практиковать прилежание, осознанность, и охрану ума.",
  "an4.117:1.4": "«Пусть мой ум не будет полон ненависти к вещам, вызывающим ненависть!» Тот, кто склонен к собственному благополучию, должен вот таким образом практиковать прилежание, осознанность, и охрану ума.",
  "an4.117:1.5": "«Пусть мой ум не будет заблуждаться из-за вещей, вызывающих заблуждение!» Тот, кто склонен к собственному благополучию, должен вот таким образом практиковать прилежание, осознанность, и охрану ума.",
  "an4.117:1.6": "«Пусть мой ум не будет опьяняться вещами, которые опьяняют!» Тот, кто склонен к собственному благополучию, должен вот таким образом практиковать прилежание, осознанность, и охрану ума.",
  "an4.117:2.1": "Монахи, когда ум монаха не возбуждён вещами, вызывающими страсть, поскольку он избавился от страсти; когда его ум не полон ненависти к вещам, вызывающим ненависть, поскольку он избавился от ненависти; когда его ум не заблуждается из-за вещей, вызывающих заблуждение, поскольку он избавился от заблуждения; когда его ум не опьяняется вещами, которые опьяняют, поскольку он избавился от опьянения – то тогда он не съёживается, не трясётся, не трепещет, не становится испуганным, как и не колеблется из-за слов [других] отшельников».",
  "an4.117:2.2": "Седьмая."
}