{
  "an4.111:0.1": "Восходящие Наставления 4.111",
  "an4.111:0.2": "Глава Кеси",
  "an4.111:0.3": "Сутта Кеси",
  "an4.111:1.1": "И тогда тренер лошадей Кеси отправился к Благословенному и, по прибытии, поклонившись ему, сел рядом. Затем Благословенный обратился к нему: ",
  "an4.111:1.2": "«Кеси, ты обученный человек, тренируешь приручаемых лошадей. ",
  "an4.111:1.3": "А как ты тренируешь приручаемую лошадь?»",
  "an4.111:1.4": "«Господин, я тренирую приручаемую лошадь [иногда] с мягкостью, [иногда] с жёсткостью, [иногда] и с мягкостью и жёсткостью».",
  "an4.111:1.5": "«А если приручаемая лошадь не поддаётся ни мягкой тренировке, ни жёсткой тренировке, ни мягкой и жёсткой тренировке, что ты тогда делаешь?»",
  "an4.111:1.6": "«Если приручаемая лошадь не поддаётся ни мягкой тренировке, ни жёсткой тренировке, ни мягкой и жёсткой тренировке, Господин, ",
  "an4.111:1.7": "то тогда я убиваю её. ",
  "an4.111:1.8": "Почему? ",
  "an4.111:1.9": "Пусть это не будет позором для линии моих учителей. ",
  "an4.111:2.1": "Но Благословенный – непревзойдённый учитель приручаемых людей. ",
  "an4.111:2.2": "Как он обучает приручаемых людей?»",
  "an4.111:2.3": "«Кеси, я обучаю приручаемого человека [иногда] с мягкостью, [иногда] с жёсткостью, [иногда] и с мягкостью и с жёсткостью.",
  "an4.111:2.4": "Используя мягкость, [я обучаю так]: ",
  "an4.111:2.5": "«Таково благое поведение телом. Таковы результаты благого поведения телом. Таково благое поведение речью. Таковы результаты благого поведения речью. Таково благое поведение умом. Таковы результаты благого поведения умом. Таковы дэвы. Таковы люди».",
  "an4.111:2.6": "Используя жёсткость, [я обучаю так]: ",
  "an4.111:2.7": "«Таково неблагое поведение телом. Таковы результаты неблагого поведения телом. Таково неблагое поведение речью. Таковы результаты неблагого поведения речью. Таково неблагое поведение умом. Таковы результаты неблагого поведения умом. Таков ад. Таков мир животных. Таков мир страдающих духов».",
  "an4.111:3.1": "Используя и мягкость и жёсткость, [я обучаю так]: ",
  "an4.111:3.2": "«Таково благое поведение телом. Таковы результаты благого поведения телом. Таково благое поведение речью. Таковы результаты благого поведения речью. Таково благое поведение умом. Таковы результаты благого поведения умом. Таково неблагое поведение телом. Таковы результаты неблагого поведения телом. Таково неблагое поведение речью. Таковы результаты неблагого поведения речью. Таково неблагое поведение умом. Таковы результаты неблагого поведения умом. Таковы дэвы. Таковы люди. Таков ад. Таков мир животных. Таков мир страдающих духов».",
  "an4.111:4.1": "«А если на приручаемого человека не оказывает влияние ни мягкое обучение, ни жёсткое, ни мягкое и жёсткое, то что вы делаете?»",
  "an4.111:4.2": "«Если на приручаемого человека не оказывает влияние ни мягкое обучение, ни жёсткое, ни мягкое и жёсткое – то я убиваю его, Кеси».",
  "an4.111:4.3": "«Но ведь Благословенному непозволительно забирать чью-либо жизнь! ",
  "an4.111:4.4": "И, всё же, Благословенный только что сказал: ",
  "an4.111:4.5": "«Я убиваю его, Кеси».",
  "an4.111:4.6": "«Это правда, Кеси, ",
  "an4.111:4.7": "что Благословенному непозволительно забирать чью-либо жизнь. ",
  "an4.111:4.8": "Но если на приручаемого человека не оказывает влияние ни мягкое обучение, ни жёсткое, ни мягкое и жёсткое, то в этом случае Татхагата не считает его достойным того, чтобы с ним разговаривать и ему советовать. Его знающие друзья по святой жизни [также] не считают его достойным того, чтобы с ним разговаривать и ему советовать. ",
  "an4.111:4.9": "Ведь вот что означает быть убитым в Учении и Дисциплине: ",
  "an4.111:4.10": "когда Татхагата не считает человека достойным того, чтобы с ним разговаривать и ему советовать. Его знающие друзья по святой жизни [также] не считают его достойным того, чтобы с ним разговаривать и ему советовать».",
  "an4.111:5.1": "«Воистину, Господин, неужто не был бы убит человек,",
  "an4.111:5.2": "если бы Татхагата не считал бы его достойным того, чтобы с ним разговаривать и ему советовать, и его знающие друзья по святой жизни [также] не считали бы его достойным того, чтобы с ним разговаривать и ему советовать!",
  "an4.111:5.3": "Великолепно, Господин! Великолепно!…Пусть Благословенный помнит меня как мирского последователя, принявшего прибежище с этого дня и на всю жизнь».",
  "an4.111:5.4": "Первая."
}