{
  "an4.7:0.1": "Восходящие Наставления 4.7",
  "an4.7:0.2": "Глава Бхандагама",
  "an4.7:0.3": "Сутта Украшают",
  "an4.7:1.1": "«Монахи, эти четыре типа личностей – сведущие, дисциплинированные, учёные, эксперты в Дхамме, практикующие в соответствии с Дхаммой – украшают Сангху.",
  "an4.7:1.2": "Какие четыре?",
  "an4.7:1.3": "Монах, который сведущий… практикует в соответствии с Дхаммой, украшает Сангху.",
  "an4.7:1.4": "Монахиня…",
  "an4.7:1.5": "Мирянин…",
  "an4.7:1.6": "Мирянка, которая сведущая… практикует в соответствии с Дхаммой, украшает Сангху.",
  "an4.7:1.7": "Монахи, эти четыре типа личностей – сведущие, дисциплинированные, учёные, эксперты в Дхамме, практикующие в соответствии с Дхаммой – украшают Сангху».",
  "an4.7:2.1": "«Все те, кто сведущи, уверены в себе,",
  "an4.7:2.2": "Учёные, эксперты в [этой] Дхамме,",
  "an4.7:2.3": "В одном ключе кто с Дхаммой практикуют,",
  "an4.7:2.4": "Зовутся украшением Сангхи те.",
  "an4.7:3.1": "Монах, который нравственность исполнил,",
  "an4.7:3.2": "Монахиня, кто Дхаммы много знает,",
  "an4.7:3.3": "Мирянин, наделён кто [в Будду] верой,",
  "an4.7:3.4": "Мирянка, верою кто также обладает:",
  "an4.7:3.5": "Все они украшают [эту] Сангху,",
  "an4.7:3.6": "Все они Сангхи [этой] украшенье».",
  "an4.7:3.7": "Седьмая."
}