{
  "an4.11:0.1": "Восходящие Наставления 4.11",
  "an4.11:0.2": "Глава Чара",
  "an4.11:0.3": "Сутта Следование",
  "an4.11:1.1": "«Монахи, если чувственная мысль или недоброжелательная мысль или мысль о причинении вреда возникает в монахе по мере того как он идёт,",
  "an4.11:1.2": "и [при этом] он терпит её, а не отбрасывает, не рассеивает, не прекращает, не уничтожает её, то тогда о таком монахе говорится, что он лишён рвения и боязни совершить проступок.",
  "an4.11:1.3": "Он постоянно и непрестанно ленив и не имеет старания по мере того как он идёт.",
  "an4.11:2.1": "Если чувственная мысль… возникает в монахе по мере того как он стоит…",
  "an4.11:2.2": "",
  "an4.11:2.3": "",
  "an4.11:3.1": "Если чувственная мысль… возникает в монахе по мере того как он сидит…",
  "an4.11:3.2": "",
  "an4.11:3.3": "",
  "an4.11:4.1": "Если чувственная мысль или недоброжелательная мысль или мысль о причинении вреда возникает в монахе по мере того как он лежит,",
  "an4.11:4.2": "и [при этом] он терпит её, а не отбрасывает, не рассеивает, не прекращает, не уничтожает её, то тогда о таком монахе говорится, что он лишён рвения и боязни совершить проступок.",
  "an4.11:4.3": "Он постоянно и непрестанно ленив и не имеет старания по мере того как он лежит.",
  "an4.11:5.1": "Но, монахи, если чувственная мысль или недоброжелательная мысль или мысль о причинении вреда возникает в монахе по мере того как он идёт…",
  "an4.11:5.2": "",
  "an4.11:5.3": "",
  "an4.11:6.1": "стоит…",
  "an4.11:6.2": "",
  "an4.11:6.3": "",
  "an4.11:7.1": "сидит…",
  "an4.11:7.2": "",
  "an4.11:7.3": "",
  "an4.11:8.1": "лежит…",
  "an4.11:8.2": "и он не терпит её, а отбрасывает, рассеивает, прекращает, уничтожает её,",
  "an4.11:8.3": "то тогда о таком монахе говорится, что он имеет рвение и боится совершить проступок. Он постоянно и непрестанно усерден и решителен по мере того как он лежит».",
  "an4.11:9.1": "«Пусть хоть идёт он, хоть стоит,",
  "an4.11:9.2": "Пусть хоть сидит или лежит,",
  "an4.11:9.3": "Коль думы думает плохие он –",
  "an4.11:9.4": "Те, связаны с мирскою жизнью что –",
  "an4.11:10.1": "То встал тогда он на ужасный путь,",
  "an4.11:10.2": "Влюбившись в то, что к заблуждению ведёт:",
  "an4.11:10.3": "Такой монах не сможет обрести",
  "an4.11:10.4": "То просветление, что превыше остальных.",
  "an4.11:11.1": "Пусть хоть идёт он, хоть стоит,",
  "an4.11:11.2": "Пусть хоть сидит или лежит,",
  "an4.11:11.3": "Коль успокоил думы свои он,",
  "an4.11:11.4": "И этим мыслям успокоенным он рад:",
  "an4.11:11.5": "Такой монах способен обрести",
  "an4.11:11.6": "То просветление, что превыше остальных».",
  "an4.11:11.7": "Первая."
}