{
  "an4.72:0.1": "Восходящие Наставления 4.72",
  "an4.72:0.2": "Глава Апаннака",
  "an4.72:0.3": "Сутта Правильные воззрения",
  "an4.72:1.1": "«Монахи, монах, обладающий четырьмя качествами, практикует безошибочный путь, и он заложил фундамент для уничтожения пятен [загрязнений ума].",
  "an4.72:1.2": "Какими четырьмя?",
  "an4.72:1.3": "Мыслью об отречении, доброжелательной мыслью, мыслью о непричинении вреда, правильными воззрениями.",
  "an4.72:1.4": "Монах, обладающий этими четырьмя качествами, практикует безошибочный путь, и он заложил фундамент для уничтожения пятен [загрязнений ума]».",
  "an4.72:1.5": "Вторая."
}