{
  "an4.57:0.1": "Восходящие Наставления 4.57",
  "an4.57:0.2": "Глава Пунньябхисанда",
  "an4.57:0.3": "Сутта Суппаваса",
  "an4.57:1.1": "Однажды Благословенный пребывал в стране Колиев рядом с городом Колиев под названием Садджанела.",
  "an4.57:1.2": "И тогда, утром, Благословенный оделся, взял чашу и одеяние, и отправился в дом Суппавасы, дочери Колиев, где сел на подготовленное сиденье.",
  "an4.57:1.3": "Затем Суппаваса, дочь Колиев, собственноручно обслужила Благословенного различными видами превосходной пищи.",
  "an4.57:1.4": "И когда Благословенный закончил кушать и убрал чашу, Суппаваса села рядом.",
  "an4.57:1.5": "Благословенный тогда сказал ей:",
  "an4.57:2.1": "«Суппаваса, мирянка, которая подаёт еду, даёт получателям четыре вещи.",
  "an4.57:2.2": "Какие четыре?",
  "an4.57:2.3": "Она даёт жизнь, красоту, счастье, силу.",
  "an4.57:2.4": "Дав жизнь, она [и сама также] разделяет жизнь – либо небесную, либо человеческую.",
  "an4.57:2.5": "Дав красоту, она [и сама также] разделяет красоту – либо небесную, либо человеческую.",
  "an4.57:2.6": "Дав счастье, она [и сама также] разделяет счастье – либо небесное, либо человеческое.",
  "an4.57:2.7": "Дав силу, она [и сама также] разделяет силу – либо небесную, либо человеческую.",
  "an4.57:2.8": "Суппаваса, мирянка, которая подаёт еду, даёт получателям эти четыре вещи».",
  "an4.57:3.1": "«Когда он пищу превосходную подарит –",
  "an4.57:3.2": "Чистую, вкусную, приятную во всём –",
  "an4.57:3.3": "Тем людям, праведный кто в поведении,",
  "an4.57:3.4": "Возвышен в этом и непревзойдён –",
  "an4.57:3.5": "Соединяет дар этот заслуги.",
  "an4.57:3.6": "Мира знаток похвалит сей подарок,",
  "an4.57:4.1": "[И говорит, что] плод приносит он великий.",
  "an4.57:4.2": "О щедрости такой кто памятует, Тот радостным повсюду пребывает.",
  "an4.57:4.3": "Пятно и корень скупости убрав,",
  "an4.57:4.4": "Он, безупречный, отправляется на небо».",
  "an4.57:4.5": "Седьмая."
}