{
  "an4.98:0.1": "Восходящие Наставления 4.98",
  "an4.98:0.2": "Глава Асура",
  "an4.98:0.3": "Сутта Своё собственное благополучие",
  "an4.98:1.1": "«Монахи, в мире существуют эти четыре типа личностей. ",
  "an4.98:1.2": "Какие четыре?",
  "an4.98:1.3": "Тот, кто практикует ни ради собственного благополучия, ни ради благополучия других; ",
  "an4.98:1.4": "тот, кто практикует ради благополучия других, но не ради собственного благополучия; ",
  "an4.98:1.5": "тот, кто практикует ради собственного благополучия, но не ради благополучия других; ",
  "an4.98:1.6": "и тот, кто практикует и ради собственного благополучия, и ради благополучия других.",
  "an4.98:1.7": "Таковы, монахи, четыре типа личностей, существующих в мире».",
  "an4.98:1.8": "Восьмая."
}