{
  "an4.69:0.1": "Восходящие Наставления 4.69",
  "an4.69:0.2": "Глава Паттакамма",
  "an4.69:0.3": "Сутта Старания",
  "an4.69:1.1": "«Монахи, есть эти четыре старания.",
  "an4.69:1.2": "Какие четыре?",
  "an4.69:1.3": "Старание сдерживанием, старание оставлением, старание развитием, старание защитой.",
  "an4.69:1.4": "И что такое, монахи, старание сдерживанием?",
  "an4.69:1.5": "Вот монах порождает желание к не-возникновению невозникших плохих, неблагих состояний [ума]. Он прилагает усилие, порождает усердие, направляет на это ум, старается.",
  "an4.69:1.6": "Это называется старанием сдерживанием.",
  "an4.69:2.1": "И что такое старание оставлением?",
  "an4.69:2.2": "Вот монах порождает желание к отбрасыванию возникших плохих, неблагих состояний. Он прилагает усилие, порождает усердие, направляет на это ум, старается.",
  "an4.69:2.3": "Это называется старанием оставлением.",
  "an4.69:3.1": "И что такое старание развитием?",
  "an4.69:3.2": "Вот монах порождает желание к возникновению невозникших благих состояний. Он прилагает усилие, порождает усердие, направляет на это ум, старается.",
  "an4.69:3.3": "Это называется старанием развитием.",
  "an4.69:4.1": "И что такое старание защитой?",
  "an4.69:4.2": "Вот монах порождает желание к поддержанию возникших благих состояний, к их не-угасанию, увеличению, разрастанию, осуществлению посредством развития. Он прилагает усилие, порождает усердие, направляет на это ум, старается.",
  "an4.69:4.3": "Это называется старанием защитой.",
  "an4.69:4.4": "Таковы четыре старания».",
  "an4.69:5.1": "«Сдержанность, оставление,",
  "an4.69:5.2": "Развитие, защита:",
  "an4.69:5.3": "Посредством этих четырёх стараний,",
  "an4.69:5.4": "Поведаны которые Родственником Солнца,",
  "an4.69:5.5": "Монах, решительным который пребывает,",
  "an4.69:5.6": "Может достичь уничтожения страданий».",
  "an4.69:5.7": "Девятая."
}