{
  "an4.14:0.1": "Восходящие Наставления 4.14",
  "an4.14:0.2": "Глава Чара",
  "an4.14:0.3": "Сутта Сдержанность",
  "an4.14:1.1": "«Монахи, есть четыре старания.",
  "an4.14:1.2": "Какие четыре?",
  "an4.14:1.3": "Старание посредством сдержанности, старание посредством оставления, старание посредством развития, старание посредством охранения.",
  "an4.14:1.4": "И что такое, монахи, старание посредством сдержанности?",
  "an4.14:1.5": "Вот, увидев форму глазом, монах не цепляется за её черты и детали.",
  "an4.14:1.6": "Поскольку, по мере того как он оставляет качество глаза неохраняемым, плохие неблагие состояния сильного желания и подавленности могут наводнить его – он практикует сдержанность в отношении этого. Он охраняет качество глаза. Он предпринимает сдерживание качества глаза. Он предпринимает сдерживание качества глаза.",
  "an4.14:1.7": "Услышав ухом звук…",
  "an4.14:1.8": "Унюхав носом запах…",
  "an4.14:1.9": "Различив языком вкус…",
  "an4.14:1.10": "Ощутив тактильное ощущение телом…",
  "an4.14:1.11": "Познав ментальный феномен умом, он не цепляется за его черты и детали.",
  "an4.14:1.12": "Поскольку, по мере того как он оставляет качество ума неохраняемым, плохие неблагие состояния сильного желания и подавленности могут наводнить его – он практикует сдержанность в отношении этого. Он охраняет качество ума. Он предпринимает сдерживание качества ума.",
  "an4.14:1.13": "Вот что называется старанием посредством сдержанности.",
  "an4.14:2.1": "И что такое старание посредством оставления?",
  "an4.14:2.2": "Вот монах не терпит возникшую чувственную мысль. Он отбрасывает её, рассеивает её, устраняет её, уничтожает её.",
  "an4.14:2.3": "Он не терпит возникшую недоброжелательную мысль…",
  "an4.14:2.4": "не терпит возникшую мысль о причинении вреда…",
  "an4.14:2.5": "не терпит неблагих состояний [ума] каждый раз, как они возникают. Он отбрасывает их, рассеивает их, устраняет их, уничтожает их.",
  "an4.14:2.6": "Вот что называется старанием посредством оставления.",
  "an4.14:3.1": "И что такое старание посредством развития?",
  "an4.14:3.2": "Вот монах развивает осознанность…",
  "an4.14:3.3": "исследование феноменов…",
  "an4.14:3.4": "усердие…",
  "an4.14:3.5": "восторг…",
  "an4.14:3.6": "безмятежность…",
  "an4.14:3.7": "сосредоточение…",
  "an4.14:3.8": "невозмутимость как фактор просветления, который основывается на отречении, бесстрастии, прекращении, созревает в оставлении.",
  "an4.14:3.9": "Вот что называется старанием посредством развития.",
  "an4.14:4.1": "И что такое старание посредством охранения?",
  "an4.14:4.2": "Вот монах оберегает возникший превосходный объект сосредоточения: восприятие скелета, восприятие червивого трупа, восприятие мёртвенно-бледного трупа, восприятие гниющего трупа, восприятие расчленённого трупа, восприятие вздутого трупа.",
  "an4.14:4.3": "Это называется старанием посредством охранения.",
  "an4.14:4.4": "Монахи, таковы четыре старания».",
  "an4.14:5.1": "«Сдержанность, оставление,",
  "an4.14:5.2": "Развитие, и охранение:",
  "an4.14:5.3": "Вот этим четырём стараниям",
  "an4.14:5.4": "Родственник Солнца научил.",
  "an4.14:5.5": "Посредством них монах усердный",
  "an4.14:5.6": "Достигнет устранения страданий».",
  "an4.14:5.7": "Четвёртая."
}