{
  "an4.48:0.1": "Восходящие Наставления 4.48",
  "an4.48:0.2": "Глава Рохитасса",
  "an4.48:0.3": "Сутта Висакха",
  "an4.48:1.1": "Однажды Благословенный пребывал в Саваттхи в роще Джеты в парке Анатхапиндики.",
  "an4.48:1.2": "И тогда Достопочтенный Висакха Панчалипутта наставлял, воодушевлял, вдохновлял и радовал монахов беседой о Дхамме в зале для собраний. [Его] речь была утончённой, ясной, c чёткими формулировками, умело раскрывающей смысл, глубокой, непривязанной.",
  "an4.48:1.3": "И тогда, вечером, Благословенный вышел из затворничества и отправился в зал для собраний.",
  "an4.48:1.4": "Там он сел на подготовленное сиденье и обратился к монахам так:",
  "an4.48:2.1": "«Монахи, кто [из вас] наставлял, воодушевлял, вдохновлял и радовал монахов беседой о Дхамме в зале для собраний, речью, что была утончённой, ясной, c чёткими формулировками, умело раскрывающей смысл, глубокой, непривязанной?»",
  "an4.48:2.2": "«Учитель, это был Достопочтенный Висакха Панчалипутта».",
  "an4.48:3.1": "И тогда Благословенный обратился к Достопочтенному Висакхе Панчалипутте так:",
  "an4.48:3.2": "«Хорошо, хорошо, Висакха!",
  "an4.48:3.3": "Хорошо, что ты так наставляешь монахов беседой о Дхамме».",
  "an4.48:4.1": "Так сказал Благословенный.",
  "an4.48:4.2": "И сказав так, Счастливейший, Учитель, далее добавил:",
  "an4.48:4.3": "«Когда среди глупцов находится мудрец,",
  "an4.48:4.4": "Они не узнают его, пока он не заговорит,",
  "an4.48:5.1": "Но узнают о нём, когда он речь ведёт,",
  "an4.48:5.2": "Описывая путь к тому, где смерти нет.",
  "an4.48:5.3": "Чтобы раскрыть и рассказать о Дхамме",
  "an4.48:5.4": "Провидца знамя должен он поднять.",
  "an4.48:5.5": "Восьмая."
}