{
  "an4.51:0.1": "Восходящие Наставления 4.51",
  "an4.51:0.2": "Глава Пунньябхисанда",
  "an4.51:0.3": "Сутта Потоки заслуг",
  "an4.51:1.1": "В Саваттхи.",
  "an4.51:1.2": "«Монахи, есть эти четыре потока заслуг, потоков благого, пищи для счастья – божественных, созревающих в счастье, ведущих в небесные миры – ведущие к желаемому, желанному и приятному, к собственному благополучию и счастью.",
  "an4.51:1.3": "Какие четыре?",
  "an4.51:1.4": "Когда монах входит и пребывает в безмерном сосредоточении ума, используя одеяние, [подаренное ему каким-либо человеком], то [этот] человек обретает безмерный поток заслуг, поток благого, пищу для счастья, ведущую к желаемому, желанному и приятному, к его собственному благополучию и счастью.",
  "an4.51:2.1": "Когда монах входит и пребывает в безмерном сосредоточении ума, используя еду, [подаренную ему каким-либо человеком]…",
  "an4.51:3.1": "…жилище…",
  "an4.51:4.1": "Когда монах входит и пребывает в безмерном сосредоточении ума, используя лекарства и обеспечение для больных, [подаренное ему каким-либо человеком], то [этот] человек обретает безмерный поток заслуг, поток благого, пищу для счастья, ведущую к желаемому, желанному и приятному, к его собственному благополучию и счастью.",
  "an4.51:4.2": "Таковы четыре потока заслуг, потоков благого, пищи для счастья – божественных, созревающих в счастье, ведущих в небесные миры – ведущие к желаемому, желанному и приятному, к собственному благополучию и счастью.",
  "an4.51:5.1": "Когда, монахи, ученик Благородных обладает этими четырьмя потоками заслуг, потоками благого, то непросто измерить его заслугу так: «Такого-то объёма [этот] поток заслуг, поток благого, пища для счастья – божественный, созревающий в счастье, ведущий в небесные миры – ведущий к желаемому, желанному и приятному, к собственному благополучию и счастью». Вместо этого это считается попросту неизмеримой, безмерной, огромной грудой заслуг.",
  "an4.51:6.1": "Монахи, подобно тому, как непросто измерить воду в великом океане так: «Вот столько-то галлонов воды здесь» или «Здесь столько-то сотен галлонов воды» или «Здесь столько-то тысяч галлонов воды» или «Здесь столько-то сотен тысяч галлонов воды» – но вместо этого этот [объём] считается неизмеримым, безмерным, огромной грудой воды –",
  "an4.51:6.2": "точно также непросто измерить заслугу от такого подношения так: «Такого-то объёма [этот] поток заслуг… Вместо этого это считается попросту неизмеримой, безмерной, огромной грудой заслуг».",
  "an4.51:7.1": "«Подобно рекам, что используемы многими людьми,",
  "an4.51:7.2": "Что текут вниз и, достигая, [наполняют] океан –",
  "an4.51:7.3": "Груду воды, что суть сплошное море без краёв,",
  "an4.51:7.4": "Грозный ковчег, в котором скрыты самоцветы –",
  "an4.51:8.1": "Так и заслуг потоки к мудрецу текут,",
  "an4.51:8.2": "Тому, кто дарит ткани, пищу и напитки,",
  "an4.51:8.3": "Дарует кто постель, сиденья, покрывала –",
  "an4.51:8.4": "Как будто бы река, что воды к морю всё несёт».",
  "an4.51:8.5": "Первая."
}