{
  "an4.83:0.1": "Восходящие Наставления 4.83",
  "an4.83:0.2": "Глава Мачала",
  "an4.83:0.3": "Сутта Порицание",
  "an4.83:1.1": "«Монахи, обладая четырьмя качествами, человек оказывается в аду, как если бы его туда затянули силой.",
  "an4.83:1.2": "Какими четырьмя?",
  "an4.83:1.3": "Без изучения и тщательного рассмотрения он хвалит того, кто заслуживает порицания.",
  "an4.83:1.4": "Без изучения и тщательного рассмотрения он порицает того, кто заслуживает похвалы.",
  "an4.83:1.5": "Без изучения и тщательного рассмотрения он верит обстоятельству, к которому стоит отнестись с подозрением. Без изучения и тщательного рассмотрения он относится с подозрением к обстоятельству, к которому стоит отнестись с доверием.",
  "an4.83:1.6": "Обладая этими четырьмя качествами, человек оказывается в аду, как если бы его туда затянули силой.",
  "an4.83:2.1": "Монахи, обладая [другими] четырьмя качествами, человек оказывается в небесном мире, как если бы его туда затянули силой.",
  "an4.83:2.2": "Какими четырьмя?",
  "an4.83:2.3": "Изучив и тщательно рассмотрев, он порицает того, кто заслуживает порицания.",
  "an4.83:2.4": "Изучив и тщательно рассмотрев, он хвалит того, кто заслуживает похвалы.",
  "an4.83:2.5": "Изучив и тщательно рассмотрев, он относится с подозрением к обстоятельству, к которому стоит отнестись с подозрением.",
  "an4.83:2.6": "Изучив и тщательно рассмотрев, он верит обстоятельству, к которому стоит отнестись с доверием.",
  "an4.83:2.7": "Обладая этими четырьмя качествами, человек оказывается в небесном мире, как если бы его туда затянули силой».",
  "an4.83:2.8": "Третья."
}