{
  "an4.23:0.1": "Восходящие Наставления 4.23",
  "an4.23:0.2": "Глава Урувела",
  "an4.23:0.3": "Сутта Мир",
  "an4.23:1.1": "«Монахи, Татхагата полностью пробудился в мир.",
  "an4.23:1.2": "Татхагата отделён от мира.",
  "an4.23:1.3": "Татхагата полностью пробудился в возникновение мира.",
  "an4.23:1.4": "Татхагата полностью отбросил возникновение мира.",
  "an4.23:1.5": "Татхагата полностью пробудился в прекращение мира.",
  "an4.23:1.6": "Татхагата реализовал прекращение мира.",
  "an4.23:1.7": "Татхагата полностью пробудился в путь, ведущий к прекращению мира.",
  "an4.23:1.8": "Татхагата развил путь, ведущий к прекращению мира.",
  "an4.23:2.1": "Монахи, в этом мире с его дэвами, Марой, Брахмой, с его поколениями жрецов и отшельников, богов и людей, всё, [что только есть] видимое, слышимое, ощущаемое, познаваемое, достигаемое, измышляемое и изучаемое умом – во всё это Татхагата полностью пробудился.",
  "an4.23:2.2": "Поэтому он и зовётся Татхагатой.",
  "an4.23:3.1": "Монахи, всё, что Татхагата говорит, произносит, подробно разъясняет во [временном] промежутке между той ночью, когда он достигает непревзойдённого совершенного просветления, и той ночью, когда он достигает окончательной ниббаны, всё это является именно таким, а не иным.",
  "an4.23:3.2": "Поэтому он и зовётся Татхагатой.",
  "an4.23:4.1": "Монахи, как Татхагата говорит, так он и делает.",
  "an4.23:4.2": "Как он делает, так он и говорит.",
  "an4.23:4.3": "Поскольку он делает так, как говорит, а говорит так, как он и делает – поэтому он и зовётся Татхагатой.",
  "an4.23:5.1": "Монахи, в этом мире с его дэвами, Марой, Брахмой, с его поколениями жрецов и отшельников, богов и людей, Татхагата является победителем, непобеждённым, вселенским провидцем, владыкой могущества.",
  "an4.23:5.2": "Поэтому он и зовётся Татхагатой».",
  "an4.23:6.1": "«Весь напрямую мир познав –",
  "an4.23:6.2": "Весь мир таким, какой он есть –",
  "an4.23:6.3": "От мира сам он отделён,",
  "an4.23:6.4": "От всего мира отлучён.",
  "an4.23:7.1": "Он победитель надо всем,",
  "an4.23:7.2": "Мудрец, распутавший узлы,",
  "an4.23:7.3": "Покоя высшего достиг,",
  "an4.23:7.4": "Ниббаны, там, где страха нет.",
  "an4.23:8.1": "Все пятна Будда устранил,",
  "an4.23:8.2": "Спокоен, все сомнения стёр,",
  "an4.23:8.3": "Всю камму смог разрушить он,",
  "an4.23:8.4": "Без обретений он угас.",
  "an4.23:9.1": "Он Будда, он Благословенный,",
  "an4.23:9.2": "И он – непревзойдённый лев.",
  "an4.23:9.3": "Колесо Брахмы запустил",
  "an4.23:9.4": "Он в мире, полон что божеств.",
  "an4.23:10.1": "Так, люди те и божества",
  "an4.23:10.2": "В Будде прибежище нашли.",
  "an4.23:10.3": "Собравшись, чтят они его,",
  "an4.23:10.4": "Великого, неробкого:",
  "an4.23:11.1": "«Он укрощён; средь укрощённых лучший укротитель он.",
  "an4.23:11.2": "Спокойный; он провидец среди тех, приносит кто покой.",
  "an4.23:11.3": "Освобождён; среди свободных лучший он освободитель,",
  "an4.23:11.4": "Он переплыл; помощник лучший, чтобы переплыть».",
  "an4.23:12.1": "Воистину, вот почитают как они его,",
  "an4.23:12.2": "Великого, неробкого:",
  "an4.23:12.3": "«Кто в этом мире, полон что божеств,",
  "an4.23:12.4": "С тобой бы состязаться мог?»",
  "an4.23:12.5": "Третья."
}