{
  "an4.17:0.1": "Восходящие Наставления 4.17",
  "an4.17:0.2": "Глава Чара",
  "an4.17:0.3": "Сутта Агати Первая",
  "an4.17:1.1": "«Монахи, есть эти четыре способа взять неправильный курс.",
  "an4.17:1.2": "Какие четыре?",
  "an4.17:1.3": "Человек берёт неправильный курс из-за желания, из-за злобы, из-за заблуждения, из-за страха.",
  "an4.17:1.4": "Таковы четыре способа взять неправильный курс».",
  "an4.17:2.1": "«Из-за желания, злобы, страха, заблуждения",
  "an4.17:2.2": "Он поступает так, что нарушает Дхамму.",
  "an4.17:2.3": "И его слава начинает убывать,",
  "an4.17:2.4": "Точно луна в период убывания».",
  "an4.17:2.5": "Седьмая."
}