{
  "an4.43:0.1": "Восходящие Наставления 4.43",
  "an4.43:0.2": "Глава Рохитасса",
  "an4.43:0.3": "Сутта Злоба Первая",
  "an4.43:1.1": "«Монахи, в мире есть эти четыре типа личностей. ",
  "an4.43:1.2": "Какие четыре?",
  "an4.43:1.3": "Тот, кто ценит злобу, но не благую Дхамму. Тот, кто ценит клевету, но не благую Дхамму. Тот, кто ценит обретения, но не благую Дхамму. Тот, кто ценит славу, но не благую Дхамму.",
  "an4.43:1.4": "Таковы четыре типа личностей, что существуют в мире. ",
  "an4.43:2.1": "Монахи, в мире есть [иные] четыре типа личностей. ",
  "an4.43:2.2": "Какие четыре? ",
  "an4.43:2.3": "Тот, кто ценит благую Дхамму, но не злобу… не клевету… не обретения… не славу. ",
  "an4.43:2.4": "Таковы [иные] четыре типа личностей, что существуют в мире». ",
  "an4.43:3.1": "«Монах, который ценит злобу, клевету,",
  "an4.43:3.2": "А также обретения и славу,",
  "an4.43:3.3": "Не возрастает в этой благой Дхамме,",
  "an4.43:3.4": "Наученной Всецело Просветлённым.",
  "an4.43:4.1": "Но кто благую Дхамму почитает,",
  "an4.43:4.2": "Так в прошлом, в настоящем пребывает,",
  "an4.43:4.3": "Тот возрастает в этой благой Дхамме,",
  "an4.43:4.4": "Наученной Всецело Просветлённым».",
  "an4.43:4.5": "Третья."
}