{
  "an4.152:0.1": "Восходящие Наставления 4.152",
  "an4.152:0.2": "Глава Индрия ",
  "an4.152:0.3": "Сутта Сила Доверия ",
  "an4.152:1.1": "«Монахи, есть эти четыре силы. ",
  "an4.152:1.2": "Какие четыре? ",
  "an4.152:1.3": "Сила веры, сила усердия, сила осознанности, сила сосредоточения. ",
  "an4.152:1.4": "Таковы четыре силы». ",
  "an4.152:1.5": "Вторая."
}