{
  "an4.40:0.1": "Восходящие Наставления 4.40",
  "an4.40:0.2": "Глава Колеса",
  "an4.40:0.3": "Сутта Удайи",
  "an4.40:1.1": "И тогда брахман Удайи отправился к Благословенному и обменялся с ним вежливыми приветствиями. После обмена вежливыми приветствиями и любезностями он сел рядом и сказал Благословенному:",
  "an4.40:1.2": "«Восхваляет ли Мастер Готама жертвоприношения?»",
  "an4.40:1.3": "«Я не восхваляю всяких жертвоприношений, брахман, но и не так оно, что я отказываюсь восхвалять всякие жертвоприношения.",
  "an4.40:1.4": "но и не так оно, что я отказываюсь восхвалять всякие жертвоприношения.",
  "an4.40:1.5": "Я не восхваляю жестоких жертвоприношений, когда убивают крупный рогатый скот, коз, баранов, кур и свиней, когда других существ ведут на убой.",
  "an4.40:1.6": "",
  "an4.40:1.7": "И почему?",
  "an4.40:1.8": "Потому что араханты и те, кто вступили на путь к арахантству, не сопутствуют жестокому жертвоприношению.",
  "an4.40:2.1": "Но я восхваляю ненасильственное жертвоприношение, когда не убивают крупный рогатый скот, коз, баранов, кур и свиней, когда других существ не ведут на убой.",
  "an4.40:2.2": "То есть, частое совершение даяний, жертвования, совершаемые по семейной традиции.",
  "an4.40:2.3": "И почему?",
  "an4.40:2.4": "Потому что араханты и те, кто вступили на путь к арахантству, сопутствуют ненасильственному жертвоприношению».",
  "an4.40:3.1": "«И когда жертвование позволительно,",
  "an4.40:3.2": "Сделано вовремя, жестоким не является,",
  "an4.40:3.3": "Приготовления должные все сделаны,",
  "an4.40:3.4": "То тот, кто сдержан, жизнь ведёт святую,",
  "an4.40:4.1": "Сопутствует такому подношению. Тот в мире, устранил кто все укрытия,",
  "an4.40:4.2": "Преодолевший время, назначение,",
  "an4.40:4.3": "Будда, умелый в жертвоприношении,",
  "an4.40:4.4": "Восхвалит подношения этот вид.",
  "an4.40:5.1": "И подготовив правильный подарок –",
  "an4.40:5.2": "Обычный или в память же умершим – С умом уверенным отдай этот подарок",
  "an4.40:5.3": "С умом уверенным отдай этот подарок",
  "an4.40:5.4": "Полю заслуг, где дар приносит плод великий,",
  "an4.40:6.1": "Всем [тем монахам], кто живёт святою жизнью.",
  "an4.40:6.2": "И когда то, что было праведно добыто, Предложено, пожертвовано верно,",
  "an4.40:6.3": "Тем, кто достоин этих подношений – Такое жертвование будет величайшим",
  "an4.40:6.4": "И божества ведь тоже ему рады.",
  "an4.40:7.1": "Мудрец, который верой обладает,",
  "an4.40:7.2": "С щедрым умом кто подношение свершает,",
  "an4.40:7.3": "Перерождается потом в счастливом мире,",
  "an4.40:7.4": "В [уделе], не имеющем страданий».",
  "an4.40:7.5": "Десятая.",
  "an4.40:7.6": "Глава Колесо Четвёртая.",
  "an4.40:8.0": "Оглавление",
  "an4.40:8.1": "",
  "an4.40:8.2": "",
  "an4.40:8.3": "",
  "an4.40:8.4": ""
}