{
  "an4.13:0.1": "Восходящие Наставления 4.13",
  "an4.13:0.2": "Глава Чара",
  "an4.13:0.3": "Сутта Старание",
  "an4.13:1.1": "«Монахи, есть четыре правильных старания.",
  "an4.13:1.2": "Какие четыре?",
  "an4.13:1.3": "Вот, монахи, монах порождает желание к не-возникновению невозникших плохих, неблагих состояний [ума]. Он прилагает усилие, порождает усердие, направляет на это ум, старается.",
  "an4.13:1.4": "Он порождает желание к отбрасыванию возникших плохих, неблагих состояний. Он прилагает усилие, порождает усердие, направляет на это ум, старается.",
  "an4.13:1.5": "Он порождает желание к возникновению невозникших благих состояний. Он прилагает усилие, порождает усердие, направляет на это ум, старается.",
  "an4.13:1.6": "Он порождает желание к поддержанию возникших благих состояний, к их не-угасанию, увеличению, разрастанию, осуществлению посредством развития. Он прилагает усилие, порождает усердие, направляет на это ум, старается.",
  "an4.13:1.7": "Таковы четыре правильных старания».",
  "an4.13:2.1": "«Кто правильно стараются – Одолевают царство Мары.",
  "an4.13:2.2": "Ведь непривязаны они, Страх смерти и рождения одолели.",
  "an4.13:2.3": "Невозмутимые, довольные они, Ведь Мару с его грудой победили.",
  "an4.13:2.4": "Всю армию, [что возглавляема] Намучи».",
  "an4.13:2.5": "Третья"
}