{
  "an4.42:0.1": "Восходящие Наставления 4.42",
  "an4.42:0.2": "Глава Рохитасса",
  "an4.42:0.3": "Сутта Вопросы",
  "an4.42:1.1": "«Монахи, есть эти четыре способа отвечать на вопросы. ",
  "an4.42:1.2": "Какие четыре?",
  "an4.42:1.3": "Есть вопрос, на который нужно отвечать категорично.",
  "an4.42:1.4": "Есть вопрос, на который нужно отвечать после проведения разграничений.",
  "an4.42:1.5": "Есть вопрос, на который нужно отвечать встречным вопросом.",
  "an4.42:1.6": "Есть вопрос, который следует отложить в сторону.",
  "an4.42:1.7": "Таковы четыре способа отвечать на вопросы». ",
  "an4.42:2.1": "«Бывает, нужно дать ответ категоричный,",
  "an4.42:2.2": "В другом же случае разграничения нужно сделать.",
  "an4.42:2.3": "А в третьем случае задать нужно вопрос,",
  "an4.42:2.4": "Четвёртый же вопрос отставить нужно сразу.",
  "an4.42:3.1": "Когда он знает, как нужно ответить,",
  "an4.42:3.2": "Как подобает встретить те вопросы,",
  "an4.42:3.3": "То о монахе говорят как об умелом",
  "an4.42:3.4": "В [ответе] на четыре вопрошания.",
  "an4.42:4.1": "В споре с трудом ты такового одолеешь,",
  "an4.42:4.2": "Ведь он глубок, и стоек он к нападкам.",
  "an4.42:4.3": "Он в двух вещах является умелым:",
  "an4.42:4.4": "Он знает, что полезно, а что вредно.",
  "an4.42:5.1": "Того, что вредно, мудрый избегает,",
  "an4.42:5.2": "И принимает то лишь, что полезно.",
  "an4.42:5.3": "И прибыв к этому, является что пользой,",
  "an4.42:5.4": "Устойчивый является и мудрым».",
  "an4.42:5.5": "Вторая."
}