{
  "an4.137:0.1": "Восходящие Наставления 4.137",
  "an4.137:0.2": "Глава Личность ",
  "an4.137:0.3": "Сутта Нравственное поведение Вторая ",
  "an4.137:1.1": "«Монахи, в мире существуют эти четыре типа личностей. ",
  "an4.137:1.2": "Какие четыре? ",
  "an4.137:1.3": "Вот, монахи, некий человек не ценит нравственное поведение, или же не считает нравственное поведение важным; не ценит сосредоточение, или же не считает сосредоточение важным; не ценит мудрость, или же не считает мудрость важной. ",
  "an4.137:2.1": "Другой человек ценит нравственное поведение и считает нравственное поведение важным, но не ценит сосредоточение, или же не считает сосредоточение важным; не ценит мудрость, или же не считает мудрость важной. ",
  "an4.137:3.1": "Ещё другой человек ценит нравственное поведение и считает нравственное поведение важным; ценит сосредоточение и считает сосредоточение важным, но не ценит мудрость, или же не считает мудрость важной. ",
  "an4.137:4.1": "Ещё другой человек ценит нравственное поведение и считает нравственное поведение важным; ценит сосредоточение и считает сосредоточение важным; ценит мудрость и считает мудрость важной. ",
  "an4.137:4.2": "Таковы четыре типа личностей, существующих в мире». ",
  "an4.137:4.3": "Седьмая."
}