{
  "an4.145:0.1": "Восходящие Наставления 4.145",
  "an4.145:0.2": "Глава Абха ",
  "an4.145:0.3": "Сутта Светила ",
  "an4.145:1.1": "«Монахи, есть эти четыре светила. ",
  "an4.145:1.2": "Какие четыре? ",
  "an4.145:1.3": "Луна является светилом, солнце является светилом, огонь является светилом, мудрость является светилом. ",
  "an4.145:1.4": "Таковы четыре светила. ",
  "an4.145:1.5": "Из этих четырёх светил мудрость является наивысшей». ",
  "an4.145:1.6": "Пятая."
}