{
  "an4.18:0.1": "Восходящие Наставления 4.18",
  "an4.18:0.2": "Глава Чара",
  "an4.18:0.3": "Сутта Агати Вторая",
  "an4.18:1.1": "«Монахи, есть эти четыре способа не брать неправильный курс. ",
  "an4.18:1.2": "Какие четыре? ",
  "an4.18:1.3": "Человек не берёт неправильный курс из-за желания, из-за злобы, из-за заблуждения, из-за страха. ",
  "an4.18:1.4": "Таковы четыре способа не брать неправильный курс». ",
  "an4.18:2.1": "«Когда он поступает так, что Дхамму он не нарушает",
  "an4.18:2.2": "Из-за желания, злобы, страха, заблуждения,",
  "an4.18:2.3": "То его слава начинает возрастать,",
  "an4.18:2.4": "Точно луна в период возрастания».",
  "an4.18:2.5": "Восьмая."
}