{
  "an4.52:0.1": "Восходящие Наставления 4.52",
  "an4.52:0.2": "Глава Пунньябхисанда",
  "an4.52:0.3": "Сутта Потоки заслуг Вторая",
  "an4.52:1.1": "«Монахи, существуют эти четыре потока заслуг, потока благого, пищи для счастья – божественных, созревающих в счастье, ведущих в небесные миры – ведущие к желаемому, желанному и приятному, к собственному благополучию и счастью.",
  "an4.52:1.2": "Какие четыре?",
  "an4.52:1.3": "Вот ученик Благородных наделён непоколебимой уверенностью в Будде:",
  "an4.52:1.4": "«В самом деле Благословенный – арахант, полностью просветлённый, совершенный в истинном знании и поведении, счастливый, знаток мира, непревзойдённый учитель тех, кто готов обучаться, учитель богов и людей, пробуждённый, благословенный».",
  "an4.52:1.5": "Таков первый поток заслуг, поток благого, пища для счастья.",
  "an4.52:2.1": "Далее ученик Благородных наделён непоколебимой уверенностью в Дхамме:",
  "an4.52:2.2": "«Дхамма превосходно разъяснена Благословенным, видимая здесь и сейчас, не зависящая от времени, приглашающая пойти и увидеть, ведущая к цели, познаваемая мудрыми самостоятельно».",
  "an4.52:2.3": "Таков второй поток заслуг, поток благого, пища для счастья.",
  "an4.52:3.1": "Далее ученик Благородных наделён непоколебимой уверенностью в Сангхе:",
  "an4.52:3.2": "«Сангха учеников Благословенного, идущих по хорошему пути, идущих по прямому пути, идущих по верному пути, идущих по совершенному пути, другими словами, четыре пары или восемь типов личностей – это Сангха учеников Благословенного: достойная даров, достойная гостеприимства, достойная подношений, достойная уважения, непревзойдённое поле заслуг для мира».",
  "an4.52:3.3": "Таков третий поток заслуг, поток благого, пища для счастья.",
  "an4.52:4.1": "Далее ученик Благородных обладает нравственным поведением, которое дорого Благородным: прочным, цельным, незапятнанным, освобождающим, восхваляемым мудрецами, ярким, ведущим к сосредоточению.",
  "an4.52:4.2": "Таков четвёртый поток заслуг, поток благого, пища для счастья.",
  "an4.52:4.3": "Таковы четыре потока заслуг, потока благого, пищи для счастья – божественных, созревающих в счастье, ведущих в небесные миры – ведущие к желаемому, желанному и приятному, к собственному благополучию и счастью».",
  "an4.52:5.1": "«Коль верою в Татхагату ты наделён,",
  "an4.52:5.2": "Той, что прочна и непоколебима,",
  "an4.52:5.3": "А также поведением нравственным благим,",
  "an4.52:5.4": "Что Благородный ценит, восхваляет;",
  "an4.52:6.1": "Коль в Сангхе есть уверенность в тебе,",
  "an4.52:6.2": "И выправлены все твои воззрения,",
  "an4.52:6.3": "То скажут о тебе, что ты не беден",
  "an4.52:6.4": "И жизнь твоя не прожита зазря.",
  "an4.52:7.1": "Поэтому тот, кто способен к пониманию,",
  "an4.52:7.2": "Держа в уме учение Будды,",
  "an4.52:7.3": "Пусть вере посвятит себя и добродетели,",
  "an4.52:7.4": "Уверенности, равно как и Дхаммы видению».",
  "an4.52:7.5": "Вторая."
}