{
  "an4.65:0.1": "Восходящие Наставления 4.65",
  "an4.65:0.2": "Глава Паттакамма",
  "an4.65:0.3": "Сутта Рупа",
  "an4.65:1.1": "«Монахи, в мире есть эти четыре типа личностей.",
  "an4.65:1.2": "Какие четыре?",
  "an4.65:1.3": "Тот, кто судит по форме, чья уверенность основывается на форме. Тот, кто судит по речи, чья уверенность основывается на речи. Тот, кто судит по аскезе, чья уверенность основывается на аскезе Тот, кто судит по Дхамме, чья уверенность основывается на Дхамме.",
  "an4.65:1.4": "Таковы четыре типа личностей, существующих в мире».",
  "an4.65:2.1": "«И тот, кто судит лишь по форме,",
  "an4.65:2.2": "И тот, кто следует из-за речей,",
  "an4.65:2.3": "Теми желание, жажда, управляют;",
  "an4.65:2.4": "Непонимающие люди эти.",
  "an4.65:3.1": "Кто не имеет внутреннего понимания,",
  "an4.65:3.2": "И внешнее узреть кто неспособен,",
  "an4.65:3.3": "Дурак, который заграждён повсюду,",
  "an4.65:3.4": "Чужою речью увлечён.",
  "an4.65:4.1": "Кто не имеет внутреннего понимания,",
  "an4.65:4.2": "Но внешнее кто видит очень чётко,",
  "an4.65:4.3": "Тот видит [только] внешний плод,",
  "an4.65:4.4": "И также речью увлечён.",
  "an4.65:5.1": "Но тот, кто внутреннее понимает,",
  "an4.65:5.2": "А также внешнее кто видит чётко,",
  "an4.65:5.3": "Тот видит без препятствий всё,",
  "an4.65:5.4": "И речью он не увлечён».",
  "an4.65:5.5": "Пятая."
}