{
  "an4.112:0.1": "Восходящие Наставления 4.112",
  "an4.112:0.2": "Глава Кеси",
  "an4.112:0.3": "Сутта Скорость",
  "an4.112:1.1": "«Монахи, обладая четырьмя факторами, царский превосходный чистокровный скакун достоин царя, является принадлежностью царя, считается одним из факторов царствования.",
  "an4.112:1.2": "Какими четырьмя?",
  "an4.112:1.3": "Честностью, скоростью, мягкостью, терпением,",
  "an4.112:1.4": "Обладая этими четырьмя факторами, царский превосходный чистокровный скакун достоин царя, является принадлежностью царя, считается одним из факторов царствования.",
  "an4.112:2.1": "Точно также, обладая четырьмя качествами, монах достоин даров… непревзойдённое поле заслуг для мира.",
  "an4.112:2.2": "Какими четырьмя?",
  "an4.112:2.3": "Честностью, скоростью, мягкостью, терпением.",
  "an4.112:2.4": "Обладая этими четырьмя качествами, монах достоин даров… непревзойдённое поле заслуг для мира».",
  "an4.112:2.5": "Вторая."
}