{
  "an4.109:0.1": "Восходящие Наставления 4.109",
  "an4.109:0.2": "Глава Валахака",
  "an4.109:0.3": "Сутта Деревья",
  "an4.109:1.1": "«Монахи, есть эти четыре вида деревьев. ",
  "an4.109:1.2": "Какие четыре?",
  "an4.109:1.3": "С мягкой древесиной, окружённое [деревьями] с мягкой древесиной;",
  "an4.109:1.4": "с мягкой древесиной, окружённое [деревьями] с твёрдой древесиной;",
  "an4.109:1.5": "с твёрдой древесиной, окружённое [деревьями] с мягкой древесиной;",
  "an4.109:1.6": "с твёрдой древесиной, окружённое [деревьями] с твёрдой древесиной;",
  "an4.109:1.7": "Таковы четыре вида деревьев. ",
  "an4.109:1.8": "Точно также, есть эти четыре типа личностей в мире, похожих на деревья. ",
  "an4.109:1.9": "Какие четыре? ",
  "an4.109:1.10": "С мягкой древесиной, окружённый [людьми] с мягкой древесиной; ",
  "an4.109:1.11": "с мягкой древесиной, окружённый [людьми] с твёрдой древесиной; ",
  "an4.109:1.12": "с твёрдой древесиной, окружённый [людьми] с мягкой древесиной; ",
  "an4.109:1.13": "с твёрдой древесиной, окружённый [людьми] с твёрдой древесиной.",
  "an4.109:2.1": "И каков, монахи, человек, который с мягкой древесиной, окружённый [людьми] с мягкой древесиной? ",
  "an4.109:2.2": "Бывает так, что некий человек безнравственный, с плохим характером, ",
  "an4.109:2.3": "и его свита также безнравственна, с плохим характером. ",
  "an4.109:2.4": "Вот каким образом этот человек с мягкой древесиной, окружённый [людьми] с мягкой древесиной. ",
  "an4.109:2.5": "Подобен дереву с мягкой древесиной, которое окружено [деревьями] с мягкой древесиной",
  "an4.109:2.6": "этот человек я говорю вам.",
  "an4.109:3.1": "И каков человек, который с мягкой древесиной, окружённый [людьми] с твёрдой древесиной? ",
  "an4.109:3.2": "Бывает так, что некий человек безнравственный, с плохим характером, ",
  "an4.109:3.3": "но его свита нравственна, с благим характером. ",
  "an4.109:3.4": "Вот каким образом этот человек с мягкой древесиной, окружённый [людьми] с твёрдой древесиной. ",
  "an4.109:3.5": "Подобен дереву с мягкой древесиной, которое окружено [деревьями] с твёрдой древесиной",
  "an4.109:3.6": "этот человек я говорю вам.",
  "an4.109:4.1": "И каков человек, который с твёрдой древесиной, окружённый [людьми] с мягкой древесиной? ",
  "an4.109:4.2": "Бывает так, что некий человек нравственный, с благим характером, ",
  "an4.109:4.3": "но его свита безнравственна, с плохим характером. ",
  "an4.109:4.4": "Вот каким образом этот человек с твёрдой древесиной, окружённый [людьми] с мягкой древесиной. ",
  "an4.109:4.5": "Подобен дереву с твёрдой древесиной, которое окружено [деревьями] с мягкой древесиной",
  "an4.109:4.6": "этот человек я говорю вам.",
  "an4.109:5.1": "И каков человек, который с твёрдой древесиной, окружённый [людьми] с твёрдой древесиной? ",
  "an4.109:5.2": "Бывает так, что некий человек нравственный, с благим характером, ",
  "an4.109:5.3": "и его свита также нравственна, с благим характером. ",
  "an4.109:5.4": "Вот каким образом этот человек с твёрдой древесиной, окружённый [людьми] с твёрдой древесиной. ",
  "an4.109:5.5": "Подобен дереву с твёрдой древесиной, которое окружено [деревьями] с твёрдой древесиной",
  "an4.109:5.6": "этот человек я говорю вам.",
  "an4.109:5.7": "Таковы, монахи, четыре типа личностей, существующих в мире, похожих на деревья».",
  "an4.109:5.8": "Девятая."
}