{
  "an4.70:0.1": "Восходящие Наставления 4.70",
  "an4.70:0.2": "Глава Паттакамма",
  "an4.70:0.3": "Сутта Неправедные",
  "an4.70:1.1": "«Монахи, когда цари неправедны, то князья царя становятся неправедными.",
  "an4.70:1.2": "Когда князья царя неправедны, то брахманы и домохозяева становятся неправедными.",
  "an4.70:1.3": "Когда брахманы и домохозяева становятся неправедными, люди из городов и деревень становятся неправедными.",
  "an4.70:1.4": "Когда люди из городов и деревень становятся неправедными, то нарушается ход солнца и луны.",
  "an4.70:1.5": "Когда нарушается ход солнца и луны, то нарушается ход созвездий и звёзд.",
  "an4.70:1.6": "Когда нарушается ход созвездий и звёзд, то нарушается ход дня и ночи.",
  "an4.70:1.7": "Когда нарушается ход дня и ночи, нарушается ход половин месяца и [целых] месяцев.",
  "an4.70:1.8": "Когда нарушается ход половин месяцев и [целых] месяцев, то нарушается ход времён года и годов.",
  "an4.70:1.9": "Когда нарушается ход времён года и годов, то ветра дуют не по [должному] течению и от случая к случаю.",
  "an4.70:1.10": "Когда ветра дуют не по [должному] течению и от случая к случаю, то божества становятся расстроенными.",
  "an4.70:1.11": "Когда божества становятся расстроенными, то не выпадает достаточного количества дождя.",
  "an4.70:1.12": "Когда не выпадает достаточного количества дождя, урожай созревает нерегулярно.",
  "an4.70:1.13": "Когда люди едят урожай, который созревает нерегулярно, они живут мало, они некрасивые, слабые и больные.",
  "an4.70:2.1": "Монахи, когда цари праведны, то князья царя становятся праведными…",
  "an4.70:2.2": "",
  "an4.70:2.3": "",
  "an4.70:2.4": "Когда люди из городов и деревень становятся праведными, то солнце и луна идут правильным ходом…",
  "an4.70:2.5": "",
  "an4.70:2.6": "",
  "an4.70:2.7": "",
  "an4.70:2.8": "",
  "an4.70:2.9": "Когда времена года и годы идут правильным ходом, то ветра дуют по [должному] течению и постоянно.",
  "an4.70:2.10": "Когда ветра дуют по [должному] течению и постоянно, то божества не становятся расстроенными.",
  "an4.70:2.11": "Когда божества не расстроены, то выпадает достаточное количество дождя.",
  "an4.70:2.12": "Когда выпадает достаточное количество дождя, урожай созревает регулярно.",
  "an4.70:2.13": "Когда люди едят урожай, который созревает регулярно, они живут долго, они красивые, сильные и здоровые».",
  "an4.70:3.1": "«Когда рогатый скот пересекает [брод],",
  "an4.70:3.2": "пересекает [брод],",
  "an4.70:3.3": "Изогнутым путём вперёд идёт глава,",
  "an4.70:3.4": "И остальные тоже прямо не идут, Ведь по изогнутой идёт их собственный вожак.",
  "an4.70:4.1": "И точно также ведь оно и средь людей.",
  "an4.70:4.2": "Когда ведёт себя неправедно глава,",
  "an4.70:4.3": "То остальные поступают как и он.",
  "an4.70:4.4": "В уныние приходит царство целиком,",
  "an4.70:4.5": "Если сам царь неправедным уж стал.",
  "an4.70:4.6": "Когда рогатый скот пересекает [брод],",
  "an4.70:5.1": "И по прямой вперёд идёт глава,",
  "an4.70:5.2": "То остальные прямо ведь идут,",
  "an4.70:5.3": "Так как вперёд идёт их собственный вожак.",
  "an4.70:5.4": "И точно также ведь оно и средь людей.",
  "an4.70:6.1": "и средь людей.",
  "an4.70:6.2": "Коль праведно ведёт себя глава,",
  "an4.70:6.3": "То остальные поступают как и он.",
  "an4.70:6.4": "И тогда радуется царство целиком,",
  "an4.70:6.5": "Коли уж праведным стал собственный их царь».",
  "an4.70:6.6": "собственный их царь».",
  "an4.70:6.7": "Десятая.",
  "an4.70:6.8": "Глава Паттакамма Вторая.",
  "an4.70:7.0": "Оглавление",
  "an4.70:7.1": "",
  "an4.70:7.2": "",
  "an4.70:7.3": "",
  "an4.70:7.4": ""
}