{
  "an4.38:0.1": "Восходящие Наставления 4.38",
  "an4.38:0.2": "Глава Колеса",
  "an4.38:0.3": "Сутта Отступивший",
  "an4.38:1.1": "«Монахи, про монаха, который рассеял личностные истины, всецело оставил поиски, и успокоил телесные формации, говорится, что он отступил.",
  "an4.38:1.2": "И как монах рассеял личностные истины?",
  "an4.38:1.3": "Вот, любые заурядные личностные истины, которых придерживаются заурядные жрецы и отшельники – как то:",
  "an4.38:1.4": "«Мир вечен» или «Мир не вечен», «Мир ограничен» или «Мир безграничен», «Душа и тело – это одно и то же» или «Душа это одно, а тело – иное», «Татхагата существует после смерти», «Татхагата не существует после смерти», «Татхагата и существует, и не существует после смерти», «Татхагата ни существует, ни не существует после смерти»,",
  "an4.38:1.5": "– монах оставил и рассеял их все, отказался от них, отверг их, отпустил их, отбросил и избавился от них.",
  "an4.38:1.6": "Вот как монах рассеял личностные истины.",
  "an4.38:2.1": "И как монах всецело оставил поиски?",
  "an4.38:2.2": "Вот монах отбросил поиски чувственных удовольствий, поиски существования, и ослабил поиски святой жизни.",
  "an4.38:2.3": "Вот как монах всецело оставил поиски.",
  "an4.38:3.1": "И как монах успокоил телесные формации?",
  "an4.38:3.2": "Вот, с оставлением удовольствия и боли – как и с предшествующим угасанием радости и недовольства – монах входит и пребывает в четвёртой джхане: [он пребывает] в чистейшей осознанности, [очищенной] невозмутимостью, в ни-удовольствии-ни-боли.",
  "an4.38:3.3": "Вот как монах успокоил телесные формации.",
  "an4.38:4.1": "И как монах отступил?",
  "an4.38:4.2": "Вот монах отбросил самомнение «я», срезал его под корень, сделал подобным обрубку пальмы так, что оно более не возникнет в будущем.",
  "an4.38:4.3": "Вот как монах отступил.",
  "an4.38:4.4": "Монахи, про монаха, который рассеял личностные истины, всецело оставил поиски, и успокоил телесные формации, говорится, что он отступил».",
  "an4.38:5.1": "«Есть поиск чувственных услад,",
  "an4.38:5.2": "Как есть существования поиск, Жизни духовной поиск есть.",
  "an4.38:5.3": "Хватание есть «Вот – истина»,",
  "an4.38:5.4": "Воззрения есть как опухоль.",
  "an4.38:6.1": "Тот, отлучён от страсти кто,",
  "an4.38:6.2": "Освобождён в уничтожении жажды,",
  "an4.38:6.3": "Такие поиски оставил,",
  "an4.38:6.4": "Ну а воззрения искоренил.",
  "an4.38:7.1": "Этот монах, осознанный, спокойный,",
  "an4.38:7.2": "Тот, просветлён кто и непобеждён,",
  "an4.38:7.3": "Сквозь самомнение сумев пробиться,",
  "an4.38:7.4": "Зовётся тем, кто отступил».",
  "an4.38:7.5": "Восьмая."
}