{
  "an4.5:0.1": "Восходящие Наставления 4.5",
  "an4.5:0.2": "Глава Бхандагама",
  "an4.5:0.3": "Сутта По течению",
  "an4.5:1.1": "«Монахи, в мире есть эти четыре типа личностей.",
  "an4.5:1.2": "Какие четыре?",
  "an4.5:1.3": "Тот, кто идёт по течению; Тот, кто идёт против течения; Тот, кто внутренне устойчив; Тот, кто пересёк и вышел за пределы, брахман, стоящий на твёрдой земле.",
  "an4.5:1.4": "И кто идёт по течению?",
  "an4.5:1.5": "Вот некий человек потакает чувственным удовольствиям или же совершает плохие поступки.",
  "an4.5:1.6": "Такой зовётся тем, кто идёт по течению.",
  "an4.5:2.1": "И кто идёт против течения?",
  "an4.5:2.2": "Вот некий человек не потакает чувственным удовольствиям и не совершает плохих поступков. Даже с болью и унынием, с лицом полным слёз, он ведёт полную и чистую святую жизнь.",
  "an4.5:2.3": "Такой зовётся тем, кто идёт против течения.",
  "an4.5:3.1": "И кто внутренне устойчив?",
  "an4.5:3.2": "Вот, с уничтожением пяти нижних оков, некий человек переродится спонтанно [в мире Чистых Обителей], где и достигнет окончательной ниббаны, более не возвращаясь из того мира [обратно в этот].",
  "an4.5:3.3": "Такой зовётся тем, кто внутренне устойчив.",
  "an4.5:4.1": "И кто пересёк и вышел за пределы, брахман, стоящий на твёрдой земле?",
  "an4.5:4.2": "Вот за счёт уничтожения пятен [умственных загрязнений], прямо в этой самой жизни некий человек входит и пребывает в незапятнанном освобождении ума, освобождении мудростью, напрямую зная и проявляя это для себя самостоятельно.",
  "an4.5:4.3": "Такой зовётся тем, кто пересёк и вышел за пределы, брахман, стоящий на твёрдой земле.",
  "an4.5:4.4": "Таковы, монахи, четыре типа личностей в мире».",
  "an4.5:5.1": "«Тот, кто не может в наслаждении чувств себя сдержать,",
  "an4.5:5.2": "Кто жажды не лишён, и в чувств усладе получает наслаждение,",
  "an4.5:5.3": "Тот каждый раз идёт к рождению, старению,",
  "an4.5:5.4": "Погружён в жажду, по течению он идёт.",
  "an4.5:6.1": "Вот почему мудрец, осознанность укоренив,",
  "an4.5:6.2": "Не поддаётся наслаждению чувств, как и плохим поступкам.",
  "an4.5:6.3": "И даже через боль усладу чувств он оставляет –",
  "an4.5:6.4": "Зовут его тем, кто против течения идёт.",
  "an4.5:7.1": "Тот, кто пятёрку загрязнений смог оставить,",
  "an4.5:7.2": "Осуществивший [это] ученик назад уж не придёт.",
  "an4.5:7.3": "Он овладения умом достиг, и в качествах он собран.",
  "an4.5:7.4": "Зовут его тем, внутренне устойчив кто.",
  "an4.5:8.1": "Тот, кто смог низшее и высшее постигнуть,",
  "an4.5:8.2": "Кто это сжёг, что этого уж больше нет:",
  "an4.5:8.3": "Мудрец, проживший целиком всю жизнь святую,",
  "an4.5:8.4": "Тот, кто дойти сумел до окончания мира,",
  "an4.5:8.5": "Пятая."
}