{
  "an4.59:0.1": "Восходящие Наставления 4.59",
  "an4.59:0.2": "Глава Пунньябхисанда",
  "an4.59:0.3": "Сутта Еда",
  "an4.59:1.1": "«Монахи, когда даритель подаёт еду, он даёт получателям четыре вещи. ",
  "an4.59:1.2": "Какие четыре? ",
  "an4.59:1.3": "Он даёт жизнь, красоту, счастье, силу.",
  "an4.59:1.4": "Дав жизнь, он [и сам также] разделяет жизнь – либо небесную, либо человеческую. ",
  "an4.59:1.5": "Дав красоту, он [и сам также] разделяет красоту – либо небесную, либо человеческую. Дав счастье, он [и сам также] разделяет счастье – либо небесное, либо человеческое. Дав силу, он [и сам также] разделяет силу – либо небесную, либо человеческую. ",
  "an4.59:1.6": "Монахи, когда даритель подаёт еду, он даёт получателям эти четыре вещи».",
  "an4.59:2.1": "«Кто уважительно и вовремя еду даёт",
  "an4.59:2.2": "Обузданным, кто только подаяния ест,",
  "an4.59:2.3": "Тот дарит также им ещё четыре вещи:",
  "an4.59:2.4": "Жизнь, счастье, силу, красоту.",
  "an4.59:3.1": "Тот, кто дарует жизнь и красоту,",
  "an4.59:3.2": "Дарует также силу, счастье,",
  "an4.59:3.3": "Тот обретает славу, длительную жизнь",
  "an4.59:3.4": "В каком бы месте он ни возродился».",
  "an4.59:3.5": "Девятая."
}