{
  "an4.116:0.1": "Восходящие Наставления 4.116",
  "an4.116:0.2": "Глава Кеси",
  "an4.116:0.3": "Сутта Прилежание",
  "an4.116:1.1": "«Монахи, есть четыре случая, когда следует практиковать прилежание. ",
  "an4.116:1.2": "Какие четыре?",
  "an4.116:1.3": "Отбросьте телесное неблагое поведение и развивайте телесное благое поведение. ",
  "an4.116:1.4": "Не будьте беспечными в отношении этого. ",
  "an4.116:1.5": "Отбросьте словесное неблагое поведение и развивайте словесное благое поведение. ",
  "an4.116:1.6": "Не будьте беспечными в отношении этого. ",
  "an4.116:1.7": "Отбросьте умственное неблагое поведение и развивайте умственное благое поведение. ",
  "an4.116:1.8": "Не будьте беспечными в отношении этого. ",
  "an4.116:1.9": "Отбросьте неправильные воззрения и развивайте правильные воззрения. ",
  "an4.116:1.10": "Не будьте беспечными в отношении этого.",
  "an4.116:2.1": "Монахи, когда монах отбросил телесное… словесное… умственное неблагое поведение и развил умственное благое поведение, когда он отбросил неправильные воззрения и развил правильные воззрения, то тогда ему не стоит бояться смерти в будущем».",
  "an4.116:2.2": "Шестая."
}