{
  "an4.64:0.1": "Восходящие Наставления 4.64",
  "an4.64:0.2": "Глава Паттакамма",
  "an4.64:0.3": "Сутта Ад",
  "an4.64:1.1": "«Монахи, тот, кто обладает четырьмя качествами, окажется в аду, как если бы его туда затянули силой.",
  "an4.64:1.2": "Какими четырьмя?",
  "an4.64:1.3": "Он уничтожает жизнь, берёт то, что не было дано, пускается в неблагое сексуальное поведение, лжёт.",
  "an4.64:1.4": "Тот, кто обладает этими четырьмя качествами, окажется в аду, как если бы его туда затянули силой».",
  "an4.64:2.1": "«Уничтожение жизни, Взятие того, что не дано,",
  "an4.64:2.2": "Произнесение лжи,",
  "an4.64:2.3": "И с жёнами чужими связь –",
  "an4.64:2.4": "Мудрец дела такие не похвалит».",
  "an4.64:2.5": "Четвёртая."
}