{
  "an4.3:0.1": "Восходящие Наставления 4.3",
  "an4.3:0.2": "Глава Бхандагама",
  "an4.3:0.3": "Сутта Искалеченный Первая",
  "an4.3:1.1": "«Монахи, обладая четырьмя качествами, глупый, несведущий, плохой человек держит себя в изувеченном и искалеченном состоянии. Он достоин порицания и упрёков со стороны мудрых, и он порождает множество неблагих заслуг.",
  "an4.3:1.2": "Какими четырьмя?",
  "an4.3:1.3": "Без изучения и тщательного рассмотрения он хвалит того, кто заслуживает порицания.",
  "an4.3:1.4": "Без изучения и тщательного рассмотрения он порицает того, кто заслуживает похвалы.",
  "an4.3:1.5": "Без изучения и тщательного рассмотрения он верит обстоятельству, к которому стоит отнестись с подозрением.",
  "an4.3:1.6": "Без изучения и тщательного рассмотрения он относится с подозрением к обстоятельству, к которому стоит отнестись с доверием.",
  "an4.3:1.7": "Обладая этими четырьмя качествами, глупый, несведущий, плохой человек держит себя в изувеченном и искалеченном состоянии. Он достоин порицания и упрёков со стороны мудрых, и он порождает множество неблагих заслуг.",
  "an4.3:2.1": "Монахи, обладая четырьмя качествами, мудрый, сведущий, хороший человек поддерживает себя неизувеченным и неискалеченным. Он безупречен и не порицается мудрыми, и он порождает множество благих заслуг.",
  "an4.3:2.2": "Какими четырьмя?",
  "an4.3:2.3": "Изучив и тщательно рассмотрев, он порицает того, кто заслуживает порицания.",
  "an4.3:2.4": "Изучив и тщательно рассмотрев, он хвалит того, кто заслуживает похвалы.",
  "an4.3:2.5": "Изучив и тщательно рассмотрев, он относится с подозрением к обстоятельству, к которому стоит отнестись с подозрением.",
  "an4.3:2.6": "Изучив и тщательно рассмотрев, он верит обстоятельству, к которому стоит отнестись с доверием.",
  "an4.3:2.7": "Обладая этими четырьмя качествами, мудрый, сведущий, хороший человек поддерживает себя неизувеченным и неискалеченным. Он безупречен и не порицается мудрыми, и он порождает множество благих заслуг».",
  "an4.3:3.1": "«И если возносит он восхваления Тому, кто достоин одних порицаний,",
  "an4.3:3.2": "Иль, может, напротив, он тех осуждает, Достоин кто всяческой похвалы,",
  "an4.3:3.3": "То ртом он своим собирает несчастье,",
  "an4.3:3.4": "И этим он счастья себе не находит.",
  "an4.3:4.1": "Всего лишь один неудачный бросок",
  "an4.3:4.2": "К потере ведёт, когда в кости играешь,",
  "an4.3:4.3": "[И может] к потере всего привести, Включая того, кто бросок совершил.",
  "an4.3:4.4": "Но хуже куда тот бросок неудачный,",
  "an4.3:4.5": "Когда ты к счастливому злобу питаешь.",
  "an4.3:5.1": "В течение аж нираббуд сотни тысяч,",
  "an4.3:5.2": "Ещё тридцать шесть, и ещё пять аббуд,",
  "an4.3:5.3": "В аду проведёт клеветник на достойных,",
  "an4.3:5.4": "Настроив свой ум и слова против них».",
  "an4.3:5.5": "Третья."
}