{
  "an4.58:0.1": "Восходящие Наставления 4.58",
  "an4.58:0.2": "Глава Пунньябхисанда",
  "an4.58:0.3": "Сутта Судатта",
  "an4.58:1.1": "И тогда домохозяин Анатхапиндика подошёл к Благословенному, поклонился ему, и сел рядом. Благословенный сказал ему:",
  "an4.58:2.1": "«Домохозяин, мирянин, который подаёт еду, даёт получателям четыре вещи.",
  "an4.58:2.2": "Какие четыре?",
  "an4.58:2.3": "Он даёт жизнь, красоту, счастье, силу.",
  "an4.58:2.4": "Дав жизнь, он [и сам также] разделяет жизнь – либо небесную, либо человеческую.",
  "an4.58:2.5": "Дав красоту, он [и сам также] разделяет красоту – либо небесную, либо человеческую. Дав счастье, он [и сам также] разделяет счастье – либо небесное, либо человеческое. Дав силу, он [и сам также] разделяет силу – либо небесную, либо человеческую.",
  "an4.58:2.6": "Домохозяин, мирянин, который подаёт еду, даёт получателям эти четыре вещи».",
  "an4.58:3.1": "«Кто уважительно и вовремя еду даёт",
  "an4.58:3.2": "Обузданным, кто только подаяния ест,",
  "an4.58:3.3": "Тот дарит также им ещё четыре вещи:",
  "an4.58:3.4": "Жизнь, счастье, силу, красоту.",
  "an4.58:4.1": "Тот, кто дарует жизнь и красоту,",
  "an4.58:4.2": "Дарует также силу, счастье,",
  "an4.58:4.3": "Тот обретает славу, длительную жизнь",
  "an4.58:4.4": "В каком бы месте он ни возродился».",
  "an4.58:4.5": "Восьмая."
}