{
  "an4.60:0.1": "Восходящие Наставления 4.60",
  "an4.60:0.2": "Глава Пунньябхисанда",
  "an4.60:0.3": "Сутта Правильная практика для мирянина",
  "an4.60:1.1": "И тогда домохозяин Анатхапиндика отправился к Благословенному, поклонился ему, и сел рядом. Благословенный сказал ему:",
  "an4.60:2.1": "«Домохозяин, ученик Благородных, который обладает четырьмя качествами, практикует подобающим для мирянина образом; он практикует так, что это принесёт [ему] обретение славы и приведёт в небесный мир.",
  "an4.60:2.2": "Какими четырьмя?",
  "an4.60:2.3": "Вот, домохозяин, ученик Благородных обеспечивает Сангху монахов одеяниями.Он обеспечивает Сангху монахов едой. Он обеспечивает Сангху монахов жилищами. Он обеспечивает Сангху монахов лекарствами и обеспечением для больных [монахов].",
  "an4.60:2.4": "Домохозяин, ученик Благородных, который обладает этими четырьмя качествами, практикует подобающим для мирянина образом; он практикует так, что это принесёт [ему] обретение славы и приведёт в небесный мир».",
  "an4.60:3.1": "«И когда мудрый практикует так,",
  "an4.60:3.2": "Как то мирянину и подобает,",
  "an4.60:3.3": "Когда услужит праведным монахам",
  "an4.60:3.4": "Одеждами,",
  "an4.60:4.1": "едой, лекарствами, жилищем:",
  "an4.60:4.2": "лекарствами, жилищем:",
  "an4.60:4.3": "То для него и день и ночь",
  "an4.60:4.4": "Заслуги только возрастают.",
  "an4.60:4.5": "Свершив прекрасные дела,",
  "an4.60:4.6": "В небесный мир он переходит».",
  "an4.60:4.7": "Десятая.",
  "an4.60:4.8": "Глава Пунньябхисанда Первая.",
  "an4.60:5.0": "Оглавление",
  "an4.60:5.1": "",
  "an4.60:5.2": "",
  "an4.60:5.3": "",
  "an4.60:5.4": ""
}