{
  "an4.15:0.1": "Восходящие Наставления 4.15",
  "an4.15:0.2": "Глава Чара",
  "an4.15:0.3": "Сутта Понимается",
  "an4.15:1.1": "«Монахи, есть эти четыре провозглашения высочайших.",
  "an4.15:1.2": "Какие четыре?",
  "an4.15:1.3": "Высочайшим из тех, кто обладает телом, является",
  "an4.15:1.4": "Раху, повелитель асуров.",
  "an4.15:1.5": "Высочайшим из тех, кто наслаждается чувственными удовольствиями,",
  "an4.15:1.6": "является царь Мандхата.",
  "an4.15:1.7": "Высочайшим из тех, кто осуществляет владычество,",
  "an4.15:1.8": "является Злой Мара.",
  "an4.15:1.9": "В этом мире с его дэвами, Марой, Брахмой, с его поколениями жрецов и отшельников, богов и людей, Татхагата, Арахант, Полностью Просветлённый является высочайшим».",
  "an4.15:1.10": "«Монахи, вот эти четыре провозглашения высочайших.",
  "an4.15:2.1": "«Раху превыше всех, кто телом обладает,",
  "an4.15:2.2": "Мандхата лучше всех в усладе своих чувств.",
  "an4.15:2.3": "Мара же лучший средь правителей иных,",
  "an4.15:2.4": "Сияет и могуществом и славой.",
  "an4.15:3.1": "И в этом мире с его божествами",
  "an4.15:3.2": "Вверху, внизу, везде по сторонам,",
  "an4.15:3.3": "До самых мира до границ",
  "an4.15:3.4": "Будда является самым великим».",
  "an4.15:3.5": "Пятая."
}