{
  "an4.45:0.1": "Восходящие Наставления 4.45",
  "an4.45:0.2": "Глава Рохитасса",
  "an4.45:0.3": "Сутта Рохитасса",
  "an4.45:1.1": "Однажды Благословенный пребывал в Саваттхи в роще Джеты в монастыре Анатхапиндики. ",
  "an4.45:1.2": "И когда наступила глубокая ночь, молодой дэва Рохитасса, [обладающий] поразительной красотой, освещая всю рощу Джеты, подошёл к Благословенному. Подойдя, он поклонился Благословенному, встал рядом и сказал:",
  "an4.45:2.1": "«Господин, существует ли возможность посредством передвижения познать, увидеть или дойти до края мира, где [существо] не рождается, не стареет, не умирает, не испускает последний вздох, не перерождается?»",
  "an4.45:2.2": "«Что касается края мира, друг, где [существо] не рождается, не стареет, не умирает, не испускает последний вздох, не перерождается – я утверждаю, что такового [края мира] нельзя познать, увидеть или достичь посредством передвижения».",
  "an4.45:3.1": "«Удивительно, Господин! Поразительно, господин! ",
  "an4.45:3.2": "Как хорошо сказал Благословенный: ",
  "an4.45:3.3": "«Что касается края мира, друг, где [существо] не рождается, не стареет, не умирает, не испускает последний вздох, не перерождается – я утверждаю, что такового [края мира] нельзя познать, увидеть или достичь посредством передвижения».",
  "an4.45:4.1": "Когда-то в прошлом, Господин, я был провидцем по имени Рохитасса, сыном Бходжи, и обладал сверхъестественной силой, мог странствовать сквозь небеса. ",
  "an4.45:4.2": "Я обладал такой скоростью, Господин, что мог перемещаться также быстро, как если бы лучник с мощным луком – обученный, ловкий, натренированный, опытный – мог бы без труда выпустить по тени банановой пальмы лёгкую стрелу. ",
  "an4.45:4.3": "Мой шаг был таким [огромным], Господин, что, казалось, он покрывал [всё расстояние] от восточного океана до западного океана. ",
  "an4.45:4.4": "И затем, Господин, желание возникло во мне: ",
  "an4.45:4.5": "«Я доберусь до края мира посредством передвижения». ",
  "an4.45:4.6": "Обладая такой скоростью и таким шагом, имея срок жизни в сотню лет, живя в течение сотни лет, я передвигался в течение ста лет, если не считать остановок на то, чтобы поесть, попить, пообедать и перекусить, помочиться и испражниться, поспать и снять усталость. И всё же, я умер по пути, так и не достигнув края мира.",
  "an4.45:5.1": "Удивительно, Господин! Поразительно, господин! ",
  "an4.45:5.2": "Как хорошо сказал Благословенный: ",
  "an4.45:5.3": "«Что касается края мира, друг, где [существо] не рождается, не стареет, не умирает, не испускает последний вздох, не перерождается – я утверждаю, что такового [края мира] нельзя познать, увидеть или достичь посредством передвижения».",
  "an4.45:6.1": "«Что касается края мира, друг, где [существо] не рождается, не стареет, не умирает, не испускает последний вздох, не перерождается – я утверждаю, что такового [края мира] нельзя познать, увидеть или достичь посредством передвижения. ",
  "an4.45:6.2": "И всё же, друг, я [также] утверждаю, что, не дойдя до края мира, нельзя положить конец страданиям. ",
  "an4.45:6.3": "Друг, именно в этом самом теле, длиной [почти что] в сажень, наделённом восприятием и сознанием, я провозглашаю мир, источник мира, прекращение мира и путь, ведущий к прекращению мира». ",
  "an4.45:7.1": "«И не дойти до края мира",
  "an4.45:7.2": "За счёт передвижения [по миру],",
  "an4.45:7.3": "Но всё же, не дойдя до края мира,",
  "an4.45:7.4": "Нельзя освободиться от страданий.",
  "an4.45:8.1": "Поэтому, мудрец, который знает мир,",
  "an4.45:8.2": "Достигший края мира, жизнь святую прожил,",
  "an4.45:8.3": "Познав мира конец, в покое пребывает,",
  "an4.45:8.4": "Не жаждет ни того и ни другого мира он».",
  "an4.45:8.5": "Пятая."
}