{
  "an4.139:0.1": "Восходящие Наставления 4.139",
  "an4.139:0.2": "Глава Личность ",
  "an4.139:0.3": "Сутта Проповедник Дхаммы ",
  "an4.139:1.1": "«Монахи, есть эти четыре вида проповедников Дхаммы. ",
  "an4.139:1.2": "Какие четыре? ",
  "an4.139:1.3": "Вот, монахи, некий проповедник Дхаммы говорит мало и [его речь] бессмысленна, ",
  "an4.139:1.4": "и его собрание не умеет отличать значимое от бессмысленного. ",
  "an4.139:1.5": "Такого проповедника Дхаммы считает проповедником Дхаммы [только] такое собрание. ",
  "an4.139:2.1": "Другой проповедник Дхаммы говорит мало, но [его речь] значима, ",
  "an4.139:2.2": "и его собрание умеет отличать значимое от бессмысленного. ",
  "an4.139:2.3": "Такого проповедника Дхаммы считает проповедником Дхаммы [только] такое собрание. ",
  "an4.139:3.1": "Ещё другой проповедник Дхаммы говорит много, но [его] речь бессмысленна, ",
  "an4.139:3.2": "и его собрание не умеет отличать значимое от бессмысленного. ",
  "an4.139:3.3": "Такого проповедника Дхаммы считает проповедником Дхаммы [только] такое собрание. ",
  "an4.139:4.1": "Ещё другой проповедник Дхаммы говорит много, ",
  "an4.139:4.2": "и [его речь] значима, и его собрание умеет отличать значимое от бессмысленного. ",
  "an4.139:4.3": "Такого проповедника Дхаммы считает проповедником Дхаммы [только] такое собрание. ",
  "an4.139:4.4": "Таковы, монахи, четыре вида проповедников Дхаммы». ",
  "an4.139:4.5": "Девятая."
}