{
  "an4.35:0.1": "Восходящие Наставления 4.35",
  "an4.35:0.2": "Глава Колесо",
  "an4.35:0.3": "Сутта Вассакара",
  "an4.35:1.1": "Однажды Благословенный пребывал в Раджагахе в Бамбуковой Роще в Беличьем Святилище.",
  "an4.35:1.2": "И тогда Вассакара, главный министр Магадхи, отправился к Благословенному и обменялся с ним вежливыми приветствиями.",
  "an4.35:1.3": "После обмена вежливыми приветствиями и любезностями он сел рядом и сказал Благословенному:",
  "an4.35:2.1": "«Мастер Готама, мы описываем некоего человека, который обладает четырьмя качествами, как великого человека с величайшей мудростью.",
  "an4.35:2.2": "Какими четырьмя?",
  "an4.35:2.3": "Вот некий человек высоко учёный в различных областях знаний.",
  "an4.35:2.4": "Он понимает смысл различных утверждений и может сказать: «Вот каково значение этого утверждения; вот каково значение того [утверждения]».",
  "an4.35:2.5": "У него хорошая память. Он хранит в памяти и помнит то, что было сделано и сказано давным-давно.",
  "an4.35:2.6": "Он умелый и прилежный в исполнении различных бытовых работ домохозяина. Он судит об этих работах уже только после их выполнения, чтобы довести их до конца и выполнить их подобающим образом.",
  "an4.35:2.7": "Мы описываем некоего человека, который обладает этими четырьмя качествами, как великого человека с величайшей мудростью.",
  "an4.35:2.8": "Если Мастер Готама считает, что сказанное мной нужно одобрить, то пусть он одобрит.",
  "an4.35:2.9": "Если он считает, что это нужно опровергнуть, пусть он опровергнет».",
  "an4.35:3.1": "«Брахман, я ни соглашаюсь с твоим [утверждением], ни отвергаю его.",
  "an4.35:3.2": "Вместо этого, я опишу того, кто обладает четырьмя [иными] качествами, как великого человека с величайшей мудростью.",
  "an4.35:3.3": "Какими четырьмя?",
  "an4.35:3.4": "Вот человек практикует ради блага и счастья многих людей.",
  "an4.35:3.5": "Он тот, кто утвердил многих людей в благородном методе, то есть, в благотворности Дхаммы, в благостности Дхаммы.",
  "an4.35:3.6": "Он думает то, что хочет думать, и не думает того, чего не хочет думать.",
  "an4.35:3.7": "Он устремляется к тому, к чему хочет устремляться, и не устремляется к тому, к чему не хочет устремляться.",
  "an4.35:3.8": "Вот каким образом он обрёл умственное владение над путями мыслей.",
  "an4.35:3.9": "Он обретает без сложностей и проблем четыре джханы, что составляют высший ум и являются приятным пребыванием в этой самой жизни.",
  "an4.35:3.10": "За счёт уничтожения пятен [умственных загрязнений], прямо [здесь и сейчас] в этой самой жизни он входит и пребывает в незапятнанном освобождении ума, освобождении мудростью, напрямую зная и проявляя это для себя самостоятельно.",
  "an4.35:3.11": "Я ни соглашаюсь с твоим [утверждением], брахман, ни отвергаю его.",
  "an4.35:3.12": "Но я описываю некоего человека, который обладает этими четырьмя качествами, как великого человека с величайшей мудростью».",
  "an4.35:4.1": "«Удивительно и поразительно, Мастер Готама,",
  "an4.35:4.2": "как хорошо сказал об этом Мастер Готама.",
  "an4.35:4.3": "И мы считаем Мастера Готаму тем, кто обладает этими четырьмя качествами.",
  "an4.35:4.4": "Ведь он практикует ради блага и счастья многих…",
  "an4.35:4.5": "",
  "an4.35:4.6": "",
  "an4.35:4.7": "",
  "an4.35:4.8": "",
  "an4.35:4.9": "…пребывает в незапятнанном освобождении ума, освобождении мудростью, напрямую зная и проявляя это для себя самостоятельно».",
  "an4.35:5.1": "«Вне сомнений, брахман, ты нахален и назойлив в своих словах,",
  "an4.35:5.2": "но, тем не менее, я отвечу тебе.",
  "an4.35:5.3": "Действительно, я практикую ради блага и счастья многих…",
  "an4.35:5.4": "",
  "an4.35:5.5": "",
  "an4.35:5.6": "",
  "an4.35:5.7": "",
  "an4.35:5.8": "…пребываю в незапятнанном освобождении ума, освобождении мудростью, напрямую зная и проявляя это для себя самостоятельно».",
  "an4.35:6.1": "«Тот, обнаружил кто на благо всех существ",
  "an4.35:6.2": "Освобождение от ловушки смерти;",
  "an4.35:6.3": "Тот, кто раскрыть смог Дхамму, метод, Ради людей и дэвов блага;",
  "an4.35:6.4": "Тот, обретают многие в ком веру,",
  "an4.35:6.5": "Когда завидят и послушают его;",
  "an4.35:6.6": "Тот, кто в пути и в не-пути умелый,",
  "an4.35:7.1": "Кто незапятнан и свершил свою задачу;",
  "an4.35:7.2": "Тот, просветлён кто, носит своё тело",
  "an4.35:7.3": "[После которого другого уж не будет] –",
  "an4.35:7.4": "Зовётся человеком величайшим,",
  "an4.35:7.5": "Пятая."
}