{
  "an4.31:0.1": "Восходящие Наставления 4.31",
  "an4.31:0.2": "Глава Колесо",
  "an4.31:0.3": "Сутта Колесо",
  "an4.31:1.1": "«Монахи, есть эти четыре колеса. Когда эти четыре колеса вращаются, те дэвы и люди, что обладают ими, вскоре достигают величия и изобилия богатства.",
  "an4.31:1.2": "Какие четыре?",
  "an4.31:1.3": "проживание в подходящей местности, опора на хороших друзей, правильная решимость, заслуги, совершённые в прошлом.",
  "an4.31:1.4": "Таковы четыре колеса. Когда эти четыре колеса вращаются, те дэвы и люди, что обладают ими, вскоре достигают величия и изобилия богатства».",
  "an4.31:2.1": "«И если человек в хорошей местности живёт,",
  "an4.31:2.2": "Дружбу заводит с благородными людьми,",
  "an4.31:2.3": "Когда сформировал он правильный настрой,",
  "an4.31:2.4": "И в прошлом совершал хорошие дела –",
  "an4.31:2.5": "Тогда зерно, богатство, репутацию и славу,",
  "an4.31:2.6": "А также счастье он приобретёт».",
  "an4.31:2.7": "Первая."
}