{
  "an4.119:0.1": "Восходящие Наставления 4.119",
  "an4.119:0.2": "Глава Кеси",
  "an4.119:0.3": "Сутта Опасность Первая",
  "an4.119:1.1": "«Монахи, есть эти четыре опасности. ",
  "an4.119:1.2": "Какие четыре?",
  "an4.119:1.3": "Опасность рождения, опасность старости, опасность болезни, опасность смерти.",
  "an4.119:1.4": "Таковы четыре опасности».",
  "an4.119:1.5": "Девятая."
}