{
  "an4.29:0.1": "Восходящие Наставления 4.29",
  "an4.29:0.2": "Глава Урувела",
  "an4.29:0.3": "Сутта Факторы Дхаммы",
  "an4.29:1.1": "«Монахи, есть эти четыре фактора Дхаммы – изначальных, существующих издавна, древних, подлинных и никогда не подвергавшихся подделке, которые не подвергаются подделке [сейчас] и не будут подвергаться подделке в будущем, от которых не отрекаются мудрые жрецы и отшельники.",
  "an4.29:1.2": "Какие четыре?",
  "an4.29:1.3": "Не-влечение является фактором Дхаммы – изначальным… от которого не отрекаются мудрые жрецы и отшельники.",
  "an4.29:2.1": "Добрая воля является фактором…",
  "an4.29:3.1": "Правильная осознанность является фактором…",
  "an4.29:4.1": "Правильное сосредоточение является фактором Дхаммы – изначальным… от которого не отрекаются мудрые жрецы и отшельники.",
  "an4.29:4.2": "Таковы четыре фактора Дхаммы – изначальных, существующих издавна, древних, подлинных и никогда не подвергавшихся подделке, которые не подвергаются подделке [сейчас] и не будут подвергаться подделке в будущем, от которых не отрекаются мудрые жрецы и отшельники».",
  "an4.29:5.1": "«Жить нужно без влечения",
  "an4.29:5.2": "И с благосклонным сердцем,",
  "an4.29:5.3": "С осознанным, однонаправленным умом,",
  "an4.29:5.4": "Что внутренне сосредоточен хорошо».",
  "an4.29:5.5": "Девятая."
}