{
  "an4.1:0.1": "Восходящие Наставления 4.1",
  "an4.1:0.2": "Глава Бхандагама",
  "an4.1:0.3": "Сутта Анубуддха",
  "an4.1:1.1": "Так я слышал.",
  "an4.1:1.2": "Однажды Благословенный пребывал в стране Вадджей в Бхандагаме.",
  "an4.1:1.3": "Там Благословенный обратился к монахам:",
  "an4.1:1.4": "«Монахи!»",
  "an4.1:1.5": "«Учитель!» – отвечали те монахи.",
  "an4.1:1.6": "Благословенный сказал:",
  "an4.1:2.1": "«Монахи, из-за непонимания и непостижения четырёх вещей вы и я блуждали и скитались [в круговерти перерождений] в течение длительного времени.",
  "an4.1:2.2": "Каких четырёх?",
  "an4.1:2.3": "Монахи, из-за непонимания и непостижения благородного нравственного поведения, вы и я блуждали и скитались [в круговерти перерождений] в течение длительного времени.",
  "an4.1:2.4": "Монахи, из-за непонимания и непостижения благородного сосредоточения, вы и я блуждали и скитались [в круговерти перерождений] в течение длительного времени.",
  "an4.1:2.5": "Монахи, из-за непонимания и непостижения благородной мудрости, вы и я блуждали и скитались [в круговерти перерождений] в течение длительного времени.",
  "an4.1:2.6": "Монахи, из-за непонимания и непостижения благородного освобождения, вы и я блуждали и скитались [в круговерти перерождений] в течение длительного времени.",
  "an4.1:2.7": "Благородное нравственное поведение было понято и постигнуто… Благородное сосредоточение… мудрость… освобождение было понято и постигнуто. Жажда к существованию была отрезана. Проводник к существованию был уничтожен. Не будет более нового существования».",
  "an4.1:3.1": "Так сказал Благословенный.",
  "an4.1:3.2": "И сказав так, Счастливейший, Учитель, далее добавил:",
  "an4.1:4.1": "«Нравственность, сосредоточение, и мудрость,",
  "an4.1:4.2": "Как и непревзойдённое освобождение:",
  "an4.1:4.3": "Все эти вещи смог понять славный Готама",
  "an4.1:4.4": "Своею собственною силой.",
  "an4.1:5.1": "И напрямую познав эти вещи,",
  "an4.1:5.2": "Сей Дхамме Будда научил монахов,",
  "an4.1:5.3": "Учитель, Тот, Кто положил конец страданиям,",
  "an4.1:5.4": "Кто Обладает Видением, достиг ниббаны».",
  "an4.1:5.5": "Первая."
}