{
  "an4.144:0.1": "Восходящие Наставления 4.144",
  "an4.144:0.2": "Глава Абха ",
  "an4.144:0.3": "Сутта Блистание ",
  "an4.144:1.1": "«Монахи, есть эти четыре блистания. ",
  "an4.144:1.2": "Какие четыре? ",
  "an4.144:1.3": "Блистание луны, блистание солнца, блистание огня, блистание мудрости. ",
  "an4.144:1.4": "Таковы четыре блистания. ",
  "an4.144:1.5": "Из этих четырёх видов блистания блистание мудрости является наивысшим». ",
  "an4.144:1.6": "Четвёртая."
}