{
  "an4.20:0.1": "Восходящие Наставления 4.20",
  "an4.20:0.2": "Глава Чара",
  "an4.20:0.3": "Сутта Распределяющий Обеды",
  "an4.20:1.1": "«Монахи, [монах], распределяющий обеды, который обладает четырьмя качествами, оказывается в аду, как если бы его туда затянули силой.",
  "an4.20:1.2": "Какими четырьмя?",
  "an4.20:1.3": "Он берёт неправильный курс из-за жажды, злобы, заблуждения, страха.",
  "an4.20:1.4": "[Монах], распределяющий обеды, который обладает этими четырьмя качествами, оказывается в аду, как если бы его туда затянули силой.",
  "an4.20:2.1": "Монахи, [монах], распределяющий обеды, который обладает четырьмя качествами, оказывается в небесном мире, как если бы его туда затянули силой.",
  "an4.20:2.2": "Какими четырьмя?",
  "an4.20:2.3": "Он не берёт неправильный курс из-за жажды, злобы, заблуждения, страха.",
  "an4.20:2.4": "[Монах], распределяющий обеды, который обладает этими четырьмя качествами, оказывается в небесном мире, как если бы его туда затянули силой».",
  "an4.20:3.1": "«Те, не обузданы кто в чувственных усладах,",
  "an4.20:3.2": "Те, кто неправедны, не почитают Дхаммы,",
  "an4.20:3.3": "Те пропадают из-за жажды, страха, злобы,",
  "an4.20:3.4": "Их загрязнённой группой называют.",
  "an4.20:4.1": "Вот как сказал Аскет, который знает.",
  "an4.20:4.2": "Благие люди те, что похвалы достойны,",
  "an4.20:4.3": "Кто в Дхамме утверждён, плохого не свершает,",
  "an4.20:4.4": "Не приклоняются пред жаждой, злобой, страхом,",
  "an4.20:4.5": "Их группой совершенной называют.",
  "an4.20:4.6": "Вот как сказал Аскет, который знает».",
  "an4.20:4.7": "Десятая.",
  "an4.20:4.8": "Глава Чара Вторая.",
  "an4.20:5.0": "Оглавление",
  "an4.20:5.1": "",
  "an4.20:5.2": "",
  "an4.20:5.3": "",
  "an4.20:5.4": ""
}