{
  "an4.61:0.1": "Восходящие Наставления 4.61",
  "an4.61:0.2": "Глава Паттакамма",
  "an4.61:0.3": "Сутта Достойные поступки",
  "an4.61:1.1": "И тогда домохозяин Анатхапиндика отправился к Благословенному, поклонился ему, и сел рядом. Благословенный сказал ему:",
  "an4.61:2.1": "«Домохозяин, существуют эти четыре вещи – желанные, приятные, и редко обретаемые в мире.",
  "an4.61:2.2": "Какие четыре?",
  "an4.61:2.3": "Когда кто-либо думает: «Пусть богатство придёт ко мне праведным способом!» Такова первая вещь – желанная, приятная, и редко обретаемая в мире.",
  "an4.61:3.1": "Праведно добыв богатство, он думает: «Пусть слава придёт ко мне и к моим родственникам и наставникам!» Такова вторая вещь – желанная, приятная, и редко обретаемая в мире.",
  "an4.61:4.1": "Праведно добыв богатство и снискав славу для себя и для своих родственников и наставников, он думает: «Пусть я буду жить долго, наслаждаться длительным жизненным сроком!» Такова третья вещь – желанная, приятная, и редко обретаемая в мире.",
  "an4.61:5.1": "Праведно добыв богатство и снискав славу для себя и для своих родственников и наставников, живя долго, наслаждаясь длительным жизненным сроком, он думает: «С распадом тела, после смерти, пусть я перерожусь в благом уделе, в небесном мире!» Такова четвёртая вещь – желанная, приятная, и редко обретаемая в мире.",
  "an4.61:5.2": "Таковы четыре вещи – желанные, приятные, и редко обретаемые в мире.",
  "an4.61:6.1": "Домохозяин, есть [другие] четыре вещи, которые ведут к обретению тех четырёх вещей.",
  "an4.61:6.2": "Какие четыре?",
  "an4.61:6.3": "Совершенство в вере, совершенство в нравственном поведении, совершенство в щедрости, совершенство в мудрости.",
  "an4.61:7.1": "И что такое, домохозяин, совершенство в вере?",
  "an4.61:7.2": "Вот ученик Благородных наделён верой. Он верит в просветление Татхагаты:",
  "an4.61:7.3": "«В самом деле Благословенный – арахант, полностью просветлённый, совершенный в истинном знании и поведении, достигший блага, знаток мира, непревзойдённый учитель тех, кто готов обучаться, учитель богов и людей, пробуждённый, благословенный».",
  "an4.61:7.4": "Это называется совершенством в вере.",
  "an4.61:8.1": "И что такое совершенство в нравственном поведении?",
  "an4.61:8.2": "Вот ученик Благородных воздерживается от уничтожения жизни, от взятия того, что не дано, от неблагого сексуального поведения, от лжи, от спиртных напитков, вина, и одурманивающих веществ, что являются основной для беспечности.",
  "an4.61:8.3": "Это называется совершенством в нравственном поведении.",
  "an4.61:9.1": "И что такое совершенство в щедрости?",
  "an4.61:9.2": "Вот ученик Благородных пребывает дома с умом, лишённым пятна скупости, щедрым, открытым, радуется оставлению, предан благотворительности, радуется дарению и разделению.",
  "an4.61:9.3": "Это называется совершенством в щедрости.",
  "an4.61:10.1": "И что такое совершенство в мудрости?",
  "an4.61:10.2": "Если человек пребывает с умом, охваченным влечением и неправедной жадностью, он делает то, чего следует избегать, и пренебрегает своими обязанностями, так что его слава и счастье портятся.",
  "an4.61:10.3": "так что его слава и счастье портятся.",
  "an4.61:10.4": "Если он пребывает с умом, охваченным недоброжелательностью…",
  "an4.61:10.5": "",
  "an4.61:10.6": "ленью и апатией…",
  "an4.61:10.7": "",
  "an4.61:10.8": "неугомонностью и сожалением…",
  "an4.61:10.9": "",
  "an4.61:10.10": "сомнением, он делает то, чего следует избегать, и пренебрегает своими обязанностями,",
  "an4.61:10.11": "так что его слава и счастье портятся.",
  "an4.61:11.1": "Когда, домохозяин, ученик Благородных понял так: «Влечение и неправедная жадность являются загрязнениями ума» – он отбрасывает их.",
  "an4.61:11.2": "Когда он понял так: «Недоброжелательность является загрязнением ума» – он отбрасывает её.",
  "an4.61:11.3": "Когда он понял так: «Лень и апатия являются загрязнениями ума» – он отбрасывает их.",
  "an4.61:11.4": "Когда он понял так: «Неугомонность и сожаление являются загрязнениями ума» – он отбрасывает их.",
  "an4.61:11.5": "Когда он понял так: «Сомнение является загрязнением ума» – он отбрасывает его.",
  "an4.61:12.1": "Когда, домохозяин, ученик Благородных понял так: «Влечение и неправедная жадность являются загрязнениями ума» – и отбросил их; когда он понял так:",
  "an4.61:12.2": "«Недоброжелательность…",
  "an4.61:12.3": "лень и апатия…",
  "an4.61:12.4": "неугомонность и сожаление…",
  "an4.61:12.5": "сомнение является загрязнением ума» – и отбросил его, то тогда он зовётся учеником Благородных, обладающим величайшей мудростью, обширной мудростью, он видит область, он совершенен в мудрости.",
  "an4.61:12.6": "то тогда он зовётся учеником Благородных, обладающим величайшей мудростью, обширной мудростью, он видит область, он совершенен в мудрости.",
  "an4.61:12.7": "Это называется совершенством в мудрости.",
  "an4.61:12.8": "Таковы [другие] четыре вещи, которые ведут к обретению тех четырёх вещей, которые желанные, приятные, и редко обретаемые в мире.",
  "an4.61:13.1": "С помощью богатства, которое он обрёл усердным старанием, накопил силой своих рук, заработал потом и кровью – праведно добытым праведным богатством – ученик Благородных предпринимает четыре достойных поступка.",
  "an4.61:13.2": "Какие четыре?",
  "an4.61:13.3": "Домохозяин, вот с помощью богатства, которое он обрёл усердным старанием… ученик Благородных делает счастливым себя, доволен, и правильно поддерживает себя в счастье.",
  "an4.61:13.4": "Он делает счастливыми своих родителей, доволен, и правильно поддерживает себя в счастье.",
  "an4.61:13.5": "Он делает счастливыми свою жену и детей, своих рабов, рабочих и слуг, доволен, и правильно поддерживает себя в счастье.",
  "an4.61:13.6": "Он делает счастливыми своих друзей и товарищей, доволен, и правильно поддерживает себя в счастье.",
  "an4.61:13.7": "Таков первый случай, когда богатство тратится во благо, было правильно потрачено и использовано ради достойного дела.",
  "an4.61:14.1": "Далее, с помощью богатства, которое он обрёл усердным старанием… ученик Благородных своим богатством делает запасы против утрат, которые могут возникнуть из-за огня или наводнений, царей или бандитов или же нежеланных наследников.",
  "an4.61:14.2": "Он предохраняет себя от этого.",
  "an4.61:14.3": "Таков второй случай, когда богатство тратится во благо, было правильно потрачено и использовано ради достойного дела.",
  "an4.61:15.1": "Далее, с помощью богатства, которое он обрёл усердным старанием… ученик Благородных совершает пять жертвований:",
  "an4.61:15.2": "родственникам, гостям, предкам, царям, божествам.",
  "an4.61:15.3": "Таков третий случай, когда богатство тратится во благо, было правильно потрачено и использовано ради достойного дела.",
  "an4.61:16.1": "Далее, с помощью богатства, которое он обрёл усердным старанием… ученик Благородных утверждает ведущее ввысь подаяние – небесное подношение, приводящее к счастью, ведущее в небесные миры – тем жрецам и отшельникам, которые воздерживаются от упоения и беспечности, которые утверждены в кротости и терпении, которые обуздывают себя, умиротворяют себя, тренируют себя для [достижения] ниббаны.",
  "an4.61:16.2": "Таков четвёртый случай, когда богатство тратится во благо, было правильно потрачено и использовано ради достойного дела.",
  "an4.61:17.1": "Таковы, домохозяин, четыре достойных поступка, которые предпринимает ученик Благородных с помощью богатства, которое он обрёл усердным старанием, накопил силой своих рук, заработал потом и кровью – праведно добытым праведным богатством.",
  "an4.61:17.2": "Если кто-либо полностью растрачивает своё богатство на что-либо иное помимо этих четырёх достойных поступков, то [в таком случае] говорится, что оно растратилось впустую, было разбазарено, было использовано легкомысленно.",
  "an4.61:17.3": "Но когда кто-либо полностью растрачивает своё богатство на эти четыре достойных поступка, то [в таком случае] говорится, что богатство было потрачено во благо, было правильно потрачено и использовано ради достойного дела».",
  "an4.61:18.1": "«Богатством наслаждался я,",
  "an4.61:18.2": "И содержал я тех, кто от меня зависит,",
  "an4.61:18.3": "И бедствия различные преодолел. Дары давал, которые уводят ввысь,",
  "an4.61:18.4": "Как совершал и жертвований пять.",
  "an4.61:18.5": "Прислуживал я нравственным монахам,",
  "an4.61:18.6": "Им, целомудренным, кто обуздал себя.",
  "an4.61:19.1": "Добился я тех самых целей,",
  "an4.61:19.2": "Которых мудрые, что проживают дома,",
  "an4.61:19.3": "Желали бы достичь, используя богатство.",
  "an4.61:19.4": "И сделанное мной не вызывает сожаления» –",
  "an4.61:20.1": "И когда смертный памятует так,",
  "an4.61:20.2": "Он пребывает стойким в благородной Дхамме.",
  "an4.61:20.3": "Его восхвалят в этой жизни самой,",
  "an4.61:20.4": "А после смерти счастлив он на небесах».",
  "an4.61:20.5": "Первая."
}