{
  "an4.128:0.1": "Восходящие Наставления 4.128",
  "an4.128:0.2": "Глава Бхая",
  "an4.128:0.3": "Сутта Поразительный Вторая",
  "an4.128:1.1": "«Монахи, с появлением [в мире] Татхагаты, Араханта, Полностью Просветлённого, проявляются и четыре удивительных и поразительных вещи.",
  "an4.128:1.2": "Какие четыре?",
  "an4.128:1.3": "Люди наслаждаются привязанностью, находят наслаждение в привязанности, радуются привязанности.",
  "an4.128:1.4": "Но когда Татхагата обучает Дхамме о не-привязанности, люди желают слушать, склоняют ухо, настраивают свои умы на понимание этого.",
  "an4.128:1.5": "Такова первая удивительная и поразительная вещь, которая проявляется с появлением [в мире] Татхагаты, Араханта, Полностью Просветлённого.",
  "an4.128:2.1": "Люди наслаждаются самомнением, находят наслаждение в самомнении, радуются самомнению.",
  "an4.128:2.2": "Но когда Татхагата обучает Дхамме ради устранения самомнения, люди желают слушать, склоняют ухо, настраивают свои умы на понимание этого.",
  "an4.128:2.3": "Такова вторая удивительная и поразительная вещь, которая проявляется с появлением [в мире] Татхагаты, Араханта, Полностью Просветлённого.",
  "an4.128:3.1": "Люди наслаждаются возбуждённостью, находят наслаждение в возбуждённости, радуются возбуждённости.",
  "an4.128:3.2": "Но когда Татхагата обучает Дхамме, которая ведёт к покою, люди желают слушать, склоняют ухо, настраивают свои умы на понимание этого.",
  "an4.128:3.3": "Такова третья удивительная и поразительная вещь, которая проявляется с появлением [в мире] Татхагаты, Араханта, Полностью Просветлённого.",
  "an4.128:4.1": "Люди погружены в невежество, становятся похожими на полностью закрытое яйцо.",
  "an4.128:4.2": "Но когда Татхагата обучает Дхамме ради устранения невежества, люди желают слушать, склоняют ухо, настраивают свои умы на понимание этого.",
  "an4.128:4.3": "Такова четвёртая удивительная и поразительная вещь, которая проявляется с появлением [в мире] Татхагаты, Араханта, Полностью Просветлённого.",
  "an4.128:4.4": "Таковы, монахи, четыре удивительных и поразительных вещи, проявляющихся с появлением [в мире] Татхагаты, Араханта, Полностью Просветлённого».",
  "an4.128:4.5": "Восьмая."
}