{
  "an4.81:0.1": "Восходящие Наставления 4.81",
  "an4.81:0.2": "Глава Мачала",
  "an4.81:0.3": "Сутта Уничтожение жизни",
  "an4.81:1.1": "«Монахи, обладая четырьмя качествами, человек оказывается в аду, как если бы его туда затянули силой. ",
  "an4.81:1.2": "Какими четырьмя? ",
  "an4.81:1.3": "Он уничтожает жизнь, берёт то, что не было дано, пускается в неблагое сексуальное поведение, лжёт. ",
  "an4.81:1.4": "Обладая этими четырьмя качествами, человек оказывается в аду, как если бы его туда затянули силой.",
  "an4.81:2.1": "Монахи, обладая [другими] четырьмя качествами, человек оказывается в небесном мире, как если бы его туда затянули силой. ",
  "an4.81:2.2": "Какими четырьмя? ",
  "an4.81:2.3": "Он воздерживается от уничтожения жизни, от взятия того, что не дано, от неблагого сексуального поведения, от лжи. ",
  "an4.81:2.4": "Обладая этими четырьмя качествами, человек оказывается в небесном мире, как если бы его туда затянули силой».",
  "an4.81:2.5": "Первая."
}