{
  "an4.32:0.1": "Восходящие Наставления 4.32",
  "an4.32:0.2": "Глава Чакка",
  "an4.32:0.3": "Сутта Поддержка",
  "an4.32:1.1": "«Монахи, есть эти четыре средства поддержания благоприятных отношений. ",
  "an4.32:1.2": "Какие четыре?",
  "an4.32:1.3": "Дарение, приятная речь, благодетельное поведение, равностность.",
  "an4.32:1.4": "Таковы четыре средства поддержания благоприятных отношений». ",
  "an4.32:2.1": "«Дарение и речь приятная,",
  "an4.32:2.2": "Как благодетельное поведение, ",
  "an4.32:2.3": "Равностность, в различных ситуациях мирских",
  "an4.32:2.4": "Будут уместны в каждом своём случае:",
  "an4.32:2.5": "Эти средства поддержат отношения,",
  "an4.32:2.6": "Точно чека поддержит колесницу.",
  "an4.32:3.1": "И если б не было бы средств подобных, Тех, что поддерживают благость в отношениях,",
  "an4.32:3.2": "Тогда бы ни отец, ни мать",
  "an4.32:3.3": "От собственных детей не получали",
  "an4.32:3.4": "Ни уважения, ни почитания.",
  "an4.32:4.1": "Но так как средства таковые существуют, Те, что поддерживают благость в отношениях,",
  "an4.32:4.2": "То мудрый человек их уважает",
  "an4.32:4.3": "И этим он величия достигает,",
  "an4.32:4.4": "И ценят высоко его другие».",
  "an4.32:4.5": "Вторая."
}