{
  "an4.47:0.1": "Восходящие Наставления 4.47",
  "an4.47:0.2": "Глава Рохитасса",
  "an4.47:0.3": "Сутта Далеки друг от друга",
  "an4.47:1.1": "«Монахи, существуют эти четыре пары вещей, которые неимоверно далеки друг от друга.",
  "an4.47:1.2": "Какие четыре?",
  "an4.47:1.3": "небо и земля;",
  "an4.47:1.4": "",
  "an4.47:1.5": "ближний и дальний берег океана;",
  "an4.47:1.6": "",
  "an4.47:1.7": "места, где солнце восходит и заходит;",
  "an4.47:1.8": "",
  "an4.47:1.9": "учение хороших [людей] и учение плохих.",
  "an4.47:1.10": "",
  "an4.47:1.11": "Таковы эти четыре пары вещей, которые неимоверно далеки друг от друга».",
  "an4.47:2.1": "«Земля и небо друг от друга далеки,",
  "an4.47:2.2": "И дальний берег океана ведь не близок,",
  "an4.47:2.3": "А также место, солнце где встаёт,",
  "an4.47:2.4": "Не рядом с местом, где оно садится.",
  "an4.47:2.5": "Но ещё больше, говорят, разнесены",
  "an4.47:2.6": "Учения людей плохих, хороших.",
  "an4.47:3.1": "Дружба людей хороших постоянна,",
  "an4.47:3.2": "И не меняется она, покуда длится.",
  "an4.47:3.3": "Дружба плохих людей же ненадёжна;",
  "an4.47:3.4": "Вот так учение людей хороших Разнесено с учением плохих людей».",
  "an4.47:3.5": "Седьмая."
}