{
  "an4.36:0.1": "Восходящие Наставления 4.36",
  "an4.36:0.2": "Глава Колеса",
  "an4.36:0.3": "Сутта Дона",
  "an4.36:1.1": "Однажды Благословенный шёл по дороге между Уккаттхой и Сетавьей.",
  "an4.36:1.2": "Брахман Дона также шёл по дороге между Уккаттхой и Сетавьей.",
  "an4.36:1.3": "Затем брахман Дона увидел на отпечатках ступней Благословенного полные во всех отношениях колёса с тысячами спиц, ободьями и ступицами, и подумал:",
  "an4.36:1.4": "и подумал:",
  "an4.36:1.5": "«Удивительно и поразительно!",
  "an4.36:1.6": "Это не могут быть следы человека!»",
  "an4.36:1.7": "И тогда Благословенный сошёл с дороги и сел у подножья дерева, скрестив ноги, выпрямив тело, установив осознанность впереди.",
  "an4.36:1.8": "Идя по следам Благословенного, брахман Дона увидел Благословенного, сидящего у подножья дерева – грациозного, внушающего доверие, с умиротворёнными чертами и умиротворённым умом; того, кто достиг высочайшего укрощения и безмятежности, точно охраняемый укрощённый огромный слон, сдерживающий свои органы чувств.",
  "an4.36:1.9": "Тогда он подошёл к Благословенному и сказал ему:",
  "an4.36:2.1": "«Почтенный, могли бы вы быть дэвом?»",
  "an4.36:2.2": "«Я не буду дэвом, брахман».",
  "an4.36:2.3": "«Почтенный, могли бы вы быть гандхаббой?»",
  "an4.36:2.4": "«Я не буду гандхаббой, брахман».",
  "an4.36:2.5": "«Почтенный, могли бы вы быть яккхой?»",
  "an4.36:2.6": "«Я не буду яккхой, брахман».",
  "an4.36:2.7": "«Почтенный, могли бы вы быть человеком?»",
  "an4.36:2.8": "«Я не буду человеком, брахман».",
  "an4.36:3.1": "«Будучи спрошенным: «Почтенный, могли бы вы быть дэвом?» – вы говорите:",
  "an4.36:3.2": "вы говорите: «Я не буду дэвом, брахман».",
  "an4.36:3.3": "Будучи спрошенным: «Почтенный, могли бы вы быть гандхаббой…",
  "an4.36:3.4": "",
  "an4.36:3.5": "яккхой…",
  "an4.36:3.6": "",
  "an4.36:3.7": "человеком?» – вы говорите:",
  "an4.36:3.8": "«Я не буду человеком, брахман».",
  "an4.36:3.9": "Так кем бы вы могли бы быть?»",
  "an4.36:4.1": "«Брахман, я отбросил те пятна [загрязнений ума], из-за которых я мог бы быть дэвом. Я срезал их под корень, сделал подобными обрубку пальмы, уничтожил так, что они более не возникнут в будущем.",
  "an4.36:4.2": "Я отбросил те пятна [загрязнений ума], из-за которых я мог бы быть гандхаббой… яккхой… человеком. Я срезал их под корень, сделал подобными обрубку пальмы, уничтожил так, что они более не возникнут в будущем.",
  "an4.36:4.3": "Подобно тому, как голубой, красный, или белый лотос родился в воде, вырос в воде, но, поднявшись над поверхностью воды, он более не запятнан водой,",
  "an4.36:4.4": "точно также Татхагата родился в мире, вырос в мире, но, преодолев мир, пребывает незапятнанным миром.",
  "an4.36:4.5": "Помни меня, брахман, как Будду».",
  "an4.36:5.1": "«Я уничтожил все те загрязнения,",
  "an4.36:5.2": "Из-за которых мог бы я родиться дэвом",
  "an4.36:5.3": "Или гандхаббой, что по небу мчится;",
  "an4.36:5.4": "Из-за которых мог бы я стать яккхой,",
  "an4.36:5.5": "Или же в мир людей опять вернуться:",
  "an4.36:5.6": "Все эти пятна срезал я, рассеял.",
  "an4.36:6.1": "И как чудесный белый лотос",
  "an4.36:6.2": "Водой не промокает,",
  "an4.36:6.3": "То точно также миром не запятнан я,",
  "an4.36:6.4": "Вот почему, брахман, я – Будда».",
  "an4.36:6.5": "Шестая."
}