{
  "an4.124:0.1": "Восходящие Наставления 4.124",
  "an4.124:0.2": "Глава Бхая",
  "an4.124:0.3": "Сутта Разница Вторая",
  "an4.124:1.1": "«Монахи, в мире существуют эти четыре типа личностей.",
  "an4.124:1.2": "Какие четыре?",
  "an4.124:1.3": "Вот, монахи, будучи отстранённым от чувственных удовольствий, отстранённым от неблагих состояний [ума], некий человек входит и пребывает в первой джхане, которая сопровождается направлением и удержанием [ума на объекте медитации], с восторгом и удовольствием, которые возникли из-за [этой] отстранённости.",
  "an4.124:1.4": "Он созерцает там любые феномены, которые относятся к форме, чувству, восприятию, формациям, сознанию – как непостоянное, как страдание, как болезнь, как нарыв, как [отравленный] дротик, как невзгоду, как бедствие, как чужое, как распадающееся, как пустое, как безличностное.",
  "an4.124:1.5": "С распадом тела, после смерти, он перерождается среди дэвов Чистых Обителей.",
  "an4.124:1.6": "Это перерождение не разделяют заурядные личности.",
  "an4.124:2.1": "Далее, с угасанием направления и удержания [ума на объекте] некий человек входит и пребывает во второй джхане… третьей джхане… четвёртой джхане, которая ни-приятна-ни-болезненна, характерна чистейшей осознанностью из-за невозмутимости.",
  "an4.124:2.2": "Он созерцает там любые феномены, которые относятся к форме, чувству, восприятию, формациям, сознанию – как непостоянное, как страдание, как болезнь, как нарыв, как [отравленный] дротик, как невзгоду, как бедствие, как чужое, как распадающееся, как пустое, как безличностное.",
  "an4.124:2.3": "С распадом тела, после смерти, он перерождается среди дэвов Чистых Обителей.",
  "an4.124:2.4": "Это перерождение не разделяют заурядные личности.",
  "an4.124:2.5": "Таковы, монахи, четыре типа личностей, существующих в мире».",
  "an4.124:2.6": "Четвёртая."
}