{
  "an4.30:0.1": "Восходящие Наставления 4.30",
  "an4.30:0.2": "Глава Урувела",
  "an4.30:0.3": "Сутта Факторы Дхаммы",
  "an4.30:1.1": "Однажды Благословенный пребывал в Раджагахе на горе Пик Грифов.",
  "an4.30:1.2": "И тогда группа очень известных странников пребывала в парке странников на берегу реки Саппини. Среди них был Аннабхара, Варадхара, странник Сакулудайи, и другие очень известные странники.",
  "an4.30:1.3": "И тогда, вечером, Благословенный вышел из затворничества и отправился в парк странников на берег реки Саппини. Он сел на подготовленное сиденье и сказал тем странникам:",
  "an4.30:2.1": "«Странники, есть эти четыре фактора Дхаммы – изначальных, существующих издавна, древних, подлинных и никогда не подвергавшихся подделке, которые не подвергаются подделке [сейчас] и не будут подвергаться подделке в будущем, от которых не отрекаются мудрые жрецы и отшельники.",
  "an4.30:2.2": "Какие четыре?",
  "an4.30:2.3": "Не-влечение является фактором Дхаммы – изначальным… от которого не отрекаются мудрые жрецы и отшельники.",
  "an4.30:2.4": "Добрая воля является фактором… Правильная осознанность является фактором… Правильное сосредоточение является фактором Дхаммы – изначальным… от которого не отрекаются мудрые жрецы и отшельники.",
  "an4.30:2.5": "Таковы четыре фактора Дхаммы – изначальных, существующих издавна, древних, подлинных и никогда не подвергавшихся подделке, которые не подвергаются подделке [сейчас] и не будут подвергаться подделке в будущем, от которых не отрекаются мудрые жрецы и отшельники.",
  "an4.30:3.1": "Если, странники, кто-либо скажет:",
  "an4.30:3.2": "«Я отвергну это не-влечение как фактор Дхаммы и укажу на [настоящего] жреца или отшельника, который полон влечения, неимоверно страстен к чувственным удовольствиям» – то я отвечу ему так:",
  "an4.30:3.3": "«Пусть он придёт, чтобы поговорить и побеседовать.",
  "an4.30:3.4": "Посмотрим, насколько он могущественен!» В самом деле, не может быть такого, чтобы он отверг не-влечение как фактор Дхаммы и указал на [настоящего] жреца или отшельника, который полон влечения, неимоверно страстен к чувственным удовольствиям.",
  "an4.30:4.1": "Если кто-либо скажет:",
  "an4.30:4.2": "«Я отвергну эту добрую волю как фактор Дхаммы и укажу на [настоящего] жреца или отшельника с недоброжелательным умом и со злобными устремлениями» – то я отвечу ему так:",
  "an4.30:4.3": "«Пусть он придёт, чтобы поговорить и побеседовать.",
  "an4.30:4.4": "Посмотрим, насколько он могущественен!» В самом деле, не может быть такого, чтобы он отверг добрую волю как фактор Дхаммы и указал на [настоящего] жреца или отшельника с недоброжелательным умом и со злобными устремлениями.",
  "an4.30:5.1": "Если кто-либо скажет:",
  "an4.30:5.2": "«Я отвергну эту правильную осознанность как фактор Дхаммы и укажу на [настоящего] жреца или отшельника с замутнённым умом, у которого нет бдительности» – то я отвечу ему так:",
  "an4.30:5.3": "«Пусть он придёт, чтобы поговорить и побеседовать.",
  "an4.30:5.4": "Посмотрим, насколько он могущественен!» В самом деле, не может быть такого, чтобы он отверг правильную осознанность как фактор Дхаммы и указал на [настоящего] жреца или отшельника с замутнённым умом, у которого нет бдительности.",
  "an4.30:6.1": "Если кто-либо скажет:",
  "an4.30:6.2": "«Я отвергну это правильное сосредоточение как фактор Дхаммы и укажу на [настоящего] жреца или отшельника с блуждающим умом, который не сосредоточен – то я отвечу ему так:",
  "an4.30:6.3": "«Пусть он придёт, чтобы поговорить и побеседовать.",
  "an4.30:6.4": "Посмотрим, насколько он могущественен!» В самом деле, не может быть такого, чтобы он отверг правильное сосредоточение как фактор Дхаммы и указал на [настоящего] жреца или отшельника с блуждающим умом, который не сосредоточен.",
  "an4.30:7.1": "Если, странники, кто-либо считает, что эти четыре фактора Дхаммы стоит порицать и отвергать, то тогда в этой самой жизни он подвергает себя четырём видам небезосновательной критики, четырём основаниям для критики.",
  "an4.30:7.2": "Каким четырём?",
  "an4.30:7.3": "«Если ты порицаешь и отвергаешь это не-влечение как фактор Дхаммы, то тогда ты должен считать достойными поклонения и похвалы тех жрецов и отшельников, которые полны влечения, которые неимоверно страстные к чувственным удовольствиям.",
  "an4.30:7.4": "Если ты порицаешь и отвергаешь эту добрую волю как фактор Дхаммы, то тогда ты должен считать достойными поклонения и похвалы тех жрецов и отшельников с недоброжелательными умами и со злобными устремлениями.",
  "an4.30:7.5": "Если ты порицаешь и отвергаешь эту правильную осознанность как фактор Дхаммы, то тогда ты должен считать достойными поклонения и похвалы тех жрецов и отшельников с замутнёнными умами, у которых нет бдительности.",
  "an4.30:7.6": "Если ты порицаешь и отвергаешь это правильное сосредоточение как фактор Дхаммы, то тогда ты должен считать достойными поклонения и похвалы тех жрецов и отшельников с блуждающими умами, которые не сосредоточены».",
  "an4.30:8.1": "Если, странники, кто-либо считает, что эти четыре фактора Дхаммы стоит порицать и отвергать, то тогда в этой самой жизни он подвергает себя этим четырём видам небезосновательной критики, четырём основаниям для критики.",
  "an4.30:8.2": "Даже странники Васса и Бханнья из Уккалы, которые были приверженцами беспричинности, бездействия, и нигилизма, не считали, что эти четыре фактора стоит порицать и отвергать.",
  "an4.30:8.3": "И почему?",
  "an4.30:8.4": "Из-за боязни обвинений, нападок, опровержений».",
  "an4.30:9.1": "«Доброжелательный, всегда осознанный,",
  "an4.30:9.2": "Он внутренне сосредоточен хорошо.",
  "an4.30:9.3": "Он тренируется, чтоб устранить влечение,",
  "an4.30:9.4": "И говорится, что прилежен он».",
  "an4.30:9.5": "Десятая.",
  "an4.30:9.6": "Глава Урувела Третья.",
  "an4.30:10.0": "Оглавление",
  "an4.30:10.1": "",
  "an4.30:10.2": "",
  "an4.30:10.3": "",
  "an4.30:10.4": ""
}