{
  "an4.50:0.1": "Восходящие Наставления 4.50",
  "an4.50:0.2": "Глава Рохитасса",
  "an4.50:0.3": "Сутта Загрязнения",
  "an4.50:1.1": "«Монахи, есть эти четыре вида загрязнений солнца и луны, из-за которых солнце и луна не сияют, не сверкают, не лучатся.",
  "an4.50:1.2": "Какие четыре?",
  "an4.50:1.3": "Облака являются загрязнением луны и солнца, из-за которого солнце и луна не сияют, не сверкают, не лучатся.",
  "an4.50:2.1": "Туман является загрязнением луны и солнца…",
  "an4.50:3.1": "Дым и пыль являются загрязнениями луны и солнца…",
  "an4.50:4.1": "Раху, повелитель асуров, является загрязнением луны и солнца, из-за которого солнце и луна не сияют, не сверкают, не лучатся.",
  "an4.50:4.2": "Таковы четыре вида загрязнений солнца и луны, из-за которых солнце и луна не сияют, не сверкают, не лучатся.",
  "an4.50:5.1": "Точно также, монахи, есть эти четыре вида загрязнений жрецов и отшельников, из-за которых некоторые жрецы и отшельники не сияют, не сверкают, не лучатся.",
  "an4.50:5.2": "Какие четыре?",
  "an4.50:5.3": "Есть некоторые жрецы и отшельники, которые пьют спиртные напитки и вино и не воздерживаются от распития спиртных напитков и вина.",
  "an4.50:5.4": "Таково первое загрязнение жрецов и отшельников…",
  "an4.50:6.1": "Есть некоторые жрецы и отшельники, которые пускаются в половые сношения и не воздерживаются от половых сношений.",
  "an4.50:6.2": "Таково второе загрязнение жрецов и отшельников…",
  "an4.50:7.1": "Есть некоторые жрецы и отшельники, которые принимают золото и серебро и не воздерживаются от принятия золота и серебра.",
  "an4.50:7.2": "Таково третье загрязнение жрецов и отшельников…",
  "an4.50:8.1": "Есть некоторые жрецы и отшельники, которые зарабатывают себе на жизнь неправильными способами добычи средств к жизни и не воздерживаются от неправильных способов добычи средств к жизни.",
  "an4.50:8.2": "Таково четвёртое загрязнение жрецов и отшельников, из-за которых некоторые жрецы и отшельники не сияют, не сверкают, не лучатся».",
  "an4.50:8.3": "Монахи, эти четыре вида загрязнений жрецов и отшельников, из-за которых некоторые жрецы и отшельники не сияют, не сверкают, не лучатся.",
  "an4.50:9.1": "«Бывают и отшельники, жрецы,",
  "an4.50:9.2": "Влекомые желанием и злобой;",
  "an4.50:9.3": "Невежеством опутанные люди",
  "an4.50:9.4": "В вещах приятных ищут наслаждения.",
  "an4.50:10.1": "Они вино, спиртное пьют",
  "an4.50:10.2": "И половую жизнь осуществляют;",
  "an4.50:10.3": "Невежеством [опутанные люди]",
  "an4.50:10.4": "Готовы золото и серебро принять.",
  "an4.50:10.5": "Другие же жрецы, аскеты,",
  "an4.50:10.6": "Чтобы прожить, пускаются в плохое.",
  "an4.50:11.1": "Сын Солнца, Будда, эти вещи",
  "an4.50:11.2": "Описывал как загрязнения.",
  "an4.50:11.3": "И некие жрецы, аскеты,",
  "an4.50:11.4": "Которые загрязнены всем этим –",
  "an4.50:11.5": "Люди нечистые, которые в пыли –",
  "an4.50:11.6": "Лучиться и сиять не могут.",
  "an4.50:12.1": "И с головы до ног они покрыты тьмой,",
  "an4.50:12.2": "Эти ведомые рабы желания.",
  "an4.50:12.3": "Стремятся к новому они существованию,",
  "an4.50:12.4": "И кладбища телами наполняют».",
  "an4.50:12.5": "Десятая.",
  "an4.50:12.6": "Глава Рохитасса Пятая.",
  "an4.50:13.0": "Оглавление",
  "an4.50:13.1": "",
  "an4.50:13.2": "",
  "an4.50:13.3": "",
  "an4.50:13.4": "",
  "an4.50:13.5": "Первая Пятидесятка Завершена."
}