{
  "an4.26:0.1": "Восходящие Наставления 4.26",
  "an4.26:0.2": "Глава Урувела",
  "an4.26:0.3": "Сутта Обманщики",
  "an4.26:1.1": "«Монахи, те монахи, которые обманщики, упрямцы, болтуны, притворщики, высокомерные, не сосредоточенные – не являются моими монахами.",
  "an4.26:1.2": "Они отклонились от этой Дхаммы и Винаи, они не достигают роста, совершенствования, зрелости в этой Дхамме и Винае.",
  "an4.26:1.3": "Но те монахи, которые честные, искренние, непреклонные, покладистые, хорошо сосредоточенные – это мои монахи.",
  "an4.26:1.4": "Они не отклонились от этой Дхаммы и Винаи, они достигают роста, совершенствования, зрелости в этой Дхамме и Винае».",
  "an4.26:2.1": "«Обманщики, упрямцы, болтуны,",
  "an4.26:2.2": "Притворщики, надменен кто, несобран –",
  "an4.26:2.3": "Успехов в этой Дхамме не имеют,",
  "an4.26:2.4": "Которой Просветлённый научил.",
  "an4.26:3.1": "Но искренние, честные [монахи],",
  "an4.26:3.2": "Сосредоточены, устойчивы, уступчивы –",
  "an4.26:3.3": "Успехов в этой Дхамме достигают,",
  "an4.26:3.4": "Которой Просветлённый научил».",
  "an4.26:3.5": "Шестая."
}