{
  "an4.74:0.1": "Восходящие Наставления 4.74",
  "an4.74:0.2": "Глава Апаннака",
  "an4.74:0.3": "Сутта Наивысший Первая",
  "an4.74:1.1": "«Монахи, существуют эти четыре наивысших вещи.",
  "an4.74:1.2": "Какие четыре?",
  "an4.74:1.3": "Наивысший вид нравственного поведения, наивысший вид сосредоточения, наивысший вид мудрости, наивысший вид освобождения.",
  "an4.74:1.4": "Таковы четыре наивысших вещи».",
  "an4.74:1.5": "Четвёртая."
}