{
  "an4.46:0.1": "Восходящие Наставления 4.46",
  "an4.46:0.2": "Глава Рохитасса",
  "an4.46:0.3": "Сутта Рохитасса",
  "an4.46:1.1": "И когда ночь подошла к концу, Благословенный обратился к монахам: ",
  "an4.46:1.2": "«Монахи, прошлой ночью, когда наступила глубокая ночь, молодой дэва Рохитасса, [обладающий] поразительной красотой, освещая всю рощу Джеты, подошёл ко мне, поклонился, встал рядом и сказал: ",
  "an4.46:1.3": "«Господин, существует ли возможность посредством передвижения познать, увидеть или дойти до края мира, где [существо] не рождается, не стареет, не умирает, не испускает последний вздох, не перерождается?»",
  "an4.46:1.4": "О так сказанном я, монахи, молодому дэве Рохитассе это ответил:",
  "an4.46:1.5": "«Что касается края мира, друг, где [существо] не рождается, не стареет, не умирает, не испускает последний вздох, не перерождается – я утверждаю, что такового [края мира] нельзя познать, увидеть или достичь посредством передвижения».",
  "an4.46:1.6": "О так сказанном, монахи, молодой дэва Рохитасса мне это сказал:",
  "an4.46:1.7": "«Удивительно, Господин! Поразительно, господин! ",
  "an4.46:1.8": "Как хорошо сказал Благословенный: ",
  "an4.46:1.9": "«Что касается края мира, друг, где [существо] не рождается, не стареет, не умирает, не испускает последний вздох, не перерождается – я утверждаю, что такового [края мира] нельзя познать, увидеть или достичь посредством передвижения».",
  "an4.46:2.1": "Когда-то в прошлом, Господин, я был провидцем по имени Рохитасса, сыном Бходжи, и обладал сверхъестественной силой, мог странствовать сквозь небеса. ",
  "an4.46:2.2": "Я обладал такой скоростью, Господин, что мог перемещаться также быстро, как если бы лучник с мощным луком – обученный, ловкий, натренированный, опытный – мог бы без труда выпустить по тени банановой пальмы лёгкую стрелу. ",
  "an4.46:2.3": "Мой шаг был таким [огромным], Господин, что, казалось, он покрывал [всё расстояние] от восточного океана до западного океана. ",
  "an4.46:2.4": "И затем, Господин, желание возникло во мне: ",
  "an4.46:2.5": "«Я доберусь до края мира посредством передвижения». ",
  "an4.46:2.6": "Обладая такой скоростью и таким шагом, имея срок жизни в сотню лет, живя в течение сотни лет, я передвигался в течение ста лет, если не считать остановок на то, чтобы поесть, попить, пообедать и перекусить, помочиться и испражниться, поспать и снять усталость. И всё же, я умер по пути, так и не достигнув края мира.",
  "an4.46:3.1": "Удивительно, Господин! Поразительно, господин! ",
  "an4.46:3.2": "Как хорошо сказал Благословенный: ",
  "an4.46:3.3": "«Что касается края мира, друг, где [существо] не рождается, не стареет, не умирает, не испускает последний вздох, не перерождается – я утверждаю, что такового [края мира] нельзя познать, увидеть или достичь посредством передвижения».",
  "an4.46:3.4": "О так сказанном я, монахи, молодому дэве Рохитассе это сказал:",
  "an4.46:4.1": "«Что касается края мира, друг, где [существо] не рождается, не стареет, не умирает, не испускает последний вздох, не перерождается – я утверждаю, что такового [края мира] нельзя познать, увидеть или достичь посредством передвижения. ",
  "an4.46:4.2": "И всё же, друг, я [также] утверждаю, что, не дойдя до края мира, нельзя положить конец страданиям. ",
  "an4.46:4.3": "Друг, именно в этом самом теле, длиной [почти что] в сажень, наделённом восприятием и сознанием, я провозглашаю мир, источник мира, прекращение мира и путь, ведущий к прекращению мира». ",
  "an4.46:5.1": "«И не дойти до края мира",
  "an4.46:5.2": "За счёт передвижения [по миру],",
  "an4.46:5.3": "Но всё же, не дойдя до края мира,",
  "an4.46:5.4": "Нельзя освободиться от страданий.",
  "an4.46:6.1": "Поэтому, мудрец, который знает мир,",
  "an4.46:6.2": "Достигший края мира, жизнь святую прожил,",
  "an4.46:6.3": "Познав мира конец, в покое пребывает,",
  "an4.46:6.4": "Не жаждет ни того и ни другого мира он».",
  "an4.46:6.5": "Шестая."
}