{
  "an4.53:0.1": "Восходящие Наставления 4.53",
  "an4.53:0.2": "Глава Пунньябхисанда",
  "an4.53:0.3": "Сутта Совместное проживание Первая",
  "an4.53:1.1": "Однажды Благословенный шёл по дороге между Мадхурой и Вераньджей.",
  "an4.53:1.2": "И группа мирян и мирянок также шла по той же самой дороге.",
  "an4.53:1.3": "И тогда Благословенный сошёл с дороги и сел у подножья дерева.",
  "an4.53:1.4": "Миряне и мирянки увидели сидящего [у подножья дерева] Благословенного, подошли к нему, поклонились и сели рядом.",
  "an4.53:1.5": "Тогда Благословенный сказал им:",
  "an4.53:2.1": "«Домохозяева, есть четыре вида совместного проживания.",
  "an4.53:2.2": "Какие четыре?",
  "an4.53:2.3": "труп живёт с трупом;",
  "an4.53:2.4": "труп живёт с женщиной-божеством;",
  "an4.53:2.5": "мужчина-божество живёт с трупом;",
  "an4.53:2.6": "мужчина-божество живёт с женщиной-божеством;",
  "an4.53:3.1": "И каким образом, домохозяева, труп живёт с трупом?",
  "an4.53:3.2": "Бывает так, что муж является тем, кто уничтожает жизнь, берёт то, что [ему] не было дано, пускается в неблагое сексуальное поведение, лжёт, потакает употреблению вина, спиртного, одурманивающих веществ, что являются основой для беспечности. Он безнравственный, с плохим характером. Он пребывает дома с умом, охваченным пятном скупости. Он оскорбляет и ругает жрецов и отшельников.",
  "an4.53:3.3": "И его жена также уничтожает жизнь… оскорбляет и ругает жрецов и отшельников.",
  "an4.53:3.4": "Вот каким образом труп живёт с трупом.",
  "an4.53:4.1": "И каким образом труп живёт с женщиной-божеством?",
  "an4.53:4.2": "Бывает так, что муж является тем, кто уничтожает жизнь… ругает жрецов и отшельников.",
  "an4.53:4.3": "Но его жена воздерживается от уничтожения жизни, от взятия того, что не дано, от неблагого сексуального поведения, от лжи, от вина, спиртного, одурманивающих веществ, что являются основой для беспечности. Она нравственная, с хорошим характером. Она пребывает дома с умом, лишённым пятна скупости. Она не оскорбляет и не ругает жрецов и отшельников.",
  "an4.53:4.4": "Вот каким образом труп живёт с женщиной-божеством.",
  "an4.53:5.1": "И каким образом мужчина-божество живёт с трупом?",
  "an4.53:5.2": "Бывает так, что муж воздерживается от уничтожения жизни… не оскорбляет и не ругает жрецов и отшельников.",
  "an4.53:5.3": "Но его жена уничтожает жизнь… ругает жрецов и отшельников.",
  "an4.53:5.4": "Вот каким образом мужчина-божество живёт с трупом.",
  "an4.53:6.1": "И каким образом мужчина-божество живёт с женщиной-божеством?",
  "an4.53:6.2": "Бывает так, что муж воздерживается от уничтожения жизни… не оскорбляет и не ругает жрецов и отшельников.",
  "an4.53:6.3": "И его жена также воздерживается от уничтожения жизни… не оскорбляет и не ругает жрецов и отшельников.",
  "an4.53:6.4": "Вот каким образом мужчина-божество живёт с женщиной-божеством.",
  "an4.53:6.5": "Таковы четыре вида совместного проживания».",
  "an4.53:7.1": "«Когда они безнравственные оба,",
  "an4.53:7.2": "Когда скупы и склонны к оскорблению,",
  "an4.53:7.3": "Муж и жена, что вместе проживают,",
  "an4.53:7.4": "Живут друг с другом словно пара трупов.",
  "an4.53:8.1": "Но может муж безнравственным ведь быть,",
  "an4.53:8.2": "Скупым и склонным к оскорблению,",
  "an4.53:8.3": "Тогда как нравственна его жена,",
  "an4.53:8.4": "Она щедра, она великодушна.",
  "an4.53:8.5": "Такая женщина подобна божеству,",
  "an4.53:8.6": "Живёт которая с мужчиной-трупом.",
  "an4.53:9.1": "Но может муж и нравственным ведь быть,",
  "an4.53:9.2": "Он щедрый, он великодушный.",
  "an4.53:9.3": "Притом, безнравственна его жена,",
  "an4.53:9.4": "Она скупа и склонна к оскорблению.",
  "an4.53:9.5": "Такая женщина подобна трупу,",
  "an4.53:9.6": "Что с божеством-мужчиной проживает.",
  "an4.53:10.1": "Вот муж с женою обладают верой,",
  "an4.53:10.2": "Они щедры и сдержаны собою.",
  "an4.53:10.3": "И оба праведную жизнь ведут,",
  "an4.53:10.4": "Общаются приятными словами.",
  "an4.53:11.1": "Многие блага обретут они,",
  "an4.53:11.2": "И проживают в умиротворении.",
  "an4.53:11.3": "Враги же недовольны их,",
  "an4.53:11.4": "Ведь нравственность обоих безупречна.",
  "an4.53:12.1": "И Дхамму в этой жизни соблюдая,",
  "an4.53:12.2": "В принципах нравственных сравняются они.",
  "an4.53:12.3": "[И после, проявившись] в мире дэвов,",
  "an4.53:12.4": "Их радость, чувств услада ожидает».",
  "an4.53:12.5": "Третья."
}