{
  "an4.56:0.1": "Восходящие Наставления 4.56",
  "an4.56:0.2": "Глава Пунньябхисанда",
  "an4.56:0.3": "Сутта Одинаковые в житии Вторая",
  "an4.56:1.1": "«Монахи, если и муж и жена желают видеть друг друга не только в этой самой жизни, но также и в будущих жизнях, то они должны обладать одинаковой верой, одинаковой нравственностью, одинаковой щедростью, и одинаковой мудростью. Тогда они увидят друг друга не только в этой самой жизни, но также и в будущих жизнях».",
  "an4.56:2.1": "«Вот муж с женою обладают верой,",
  "an4.56:2.2": "Они щедры и сдержаны собою.",
  "an4.56:2.3": "И оба праведную жизнь ведут,",
  "an4.56:2.4": "Общаются приятными словами.",
  "an4.56:3.1": "Многие блага обретут они,",
  "an4.56:3.2": "И проживают в умиротворении.",
  "an4.56:3.3": "Враги же недовольны их,",
  "an4.56:3.4": "Ведь нравственность обоих безупречна.",
  "an4.56:4.1": "И Дхамму в этой жизни соблюдая,",
  "an4.56:4.2": "В принципах нравственных сравняются они.",
  "an4.56:4.3": "[И после, проявившись] в мире дэвов,",
  "an4.56:4.4": "Их радость, чувств услада ожидает».",
  "an4.56:4.5": "Шестая."
}