{
  "an4.71:0.1": "Восходящие Наставления 4.71",
  "an4.71:0.2": "Глава Апаннака",
  "an4.71:0.3": "Сутта Старание",
  "an4.71:1.1": "«Монахи, монах, обладающий четырьмя качествами, практикует безошибочный путь, и он заложил фундамент для уничтожения пятен [загрязнений ума].",
  "an4.71:1.2": "Какими четырьмя?",
  "an4.71:1.3": "Вот монах нравственный, учёный, усердный, мудрый.",
  "an4.71:1.4": "Монах, обладающий этими четырьмя качествами, практикует безошибочный путь, и он заложил фундамент для уничтожения пятен».",
  "an4.71:1.5": "Первая."
}