{
  "an4.49:0.1": "Восходящие Наставления 4.49",
  "an4.49:0.2": "Глава Рохитасса",
  "an4.49:0.3": "Сутта Искажения",
  "an4.49:1.1": "«Монахи, есть эти четыре вида искажений восприятия, искажений ума, и искажений воззрения.",
  "an4.49:1.2": "Какие четыре?",
  "an4.49:1.3": "Искажение восприятия, ума, и воззрения, из-за которого непостоянное считается постоянным;…",
  "an4.49:1.4": "то, что является страданием, считается приятным;…",
  "an4.49:1.5": "то, что является безличностным, считается «собой»;…",
  "an4.49:1.6": "то, что является непривлекательным, считается привлекательным.",
  "an4.49:1.7": "Таковы четыре вида искажений восприятия, искажений ума, и искажений воззрения.",
  "an4.49:2.1": "Монахи, есть эти четыре вида не-искажений восприятия, не-искажений ума, и не-искажений воззрения.",
  "an4.49:2.2": "Какие четыре?",
  "an4.49:2.3": "Не-искажение восприятия, ума, и воззрения, из-за которого непостоянное считается непостоянным;…",
  "an4.49:2.4": "то, что является страданием, считается страданием;…",
  "an4.49:2.5": "то, что является безличностным, считается безличностным;…",
  "an4.49:2.6": "то, что является непривлекательным, считается непривлекательным.",
  "an4.49:2.7": "Таковы четыре вида не-искажений восприятия, не-искажений ума, и не-искажений воззрения».",
  "an4.49:3.1": "«Воспринимая постоянство в том, непостоянно что;",
  "an4.49:3.2": "В том, что является страданием, воспринимая счастье;",
  "an4.49:3.3": "Воспринимая «я» в том, что безличностно по сути;",
  "an4.49:3.4": "И привлекательное видя в том, противно что –",
  "an4.49:3.5": "Все существа склоняются к плохим воззрениям,",
  "an4.49:3.6": "Умы нарушены, их восприятия искажены.",
  "an4.49:4.1": "Колодкой Мары эти люди пленены,",
  "an4.49:4.2": "От подневольности защиту получить не могут.",
  "an4.49:4.3": "Скитаться по сансаре продолжают все они,",
  "an4.49:4.4": "Переходя от смерти к новому рождению.",
  "an4.49:5.1": "Но когда будды в мире возникают,",
  "an4.49:5.2": "И излучают этим всюду яркий свет,",
  "an4.49:5.3": "Они тогда и Дхамму миру раскрывают,",
  "an4.49:5.4": "Что к утолению страданий всех ведёт.",
  "an4.49:6.1": "И когда мудрый человек услышал эту Дхамму,",
  "an4.49:6.2": "Он обретает этим самым здравый ум.",
  "an4.49:6.3": "Непостоянное непостоянным видит,",
  "an4.49:6.4": "В страдательном страдание видит он.",
  "an4.49:7.1": "В безличностном безличностное видит,",
  "an4.49:7.2": "Противное в непривлекательном он зрит.",
  "an4.49:7.3": "И с обретением правильных воззрений,",
  "an4.49:7.4": "Он все страдания смог преодолеть».",
  "an4.49:7.5": "Девятая."
}