{
  "an4.120:0.1": "Восходящие Наставления 4.120",
  "an4.120:0.2": "Глава Кеси",
  "an4.120:0.3": "Сутта Опасность Вторая",
  "an4.120:1.1": "«Монахи, есть эти четыре опасности.",
  "an4.120:1.2": "Какие четыре?",
  "an4.120:1.3": "Опасность огня, опасность наводнений, опасность царей, опасность разбойников.",
  "an4.120:1.4": "Таковы четыре опасности».",
  "an4.120:1.5": "Десятая.",
  "an4.120:1.6": "Глава Кеси Вторая.",
  "an4.120:2.0": "Оглавление",
  "an4.120:2.1": "Кеси, быстрый и стрекало,",
  "an4.120:2.2": "Наг, тема пятая;",
  "an4.120:2.3": "Небеспечность и охрана,",
  "an4.120:2.4": "Безотлагательность и две опасности."
}