{
  "an4.113:0.1": "Восходящие Наставления 4.113",
  "an4.113:0.2": "Глава Кеси",
  "an4.113:0.3": "Сутта Прут для погона лошадей",
  "an4.113:1.1": "«Монахи, в мире есть эти четыре вида превосходных чистокровных скакунов.",
  "an4.113:1.2": "Какие четыре?",
  "an4.113:1.3": "Бывает так, монахи, когда некий превосходный чистокровный скакун волнуется и обретает чувство безотлагательности, когда видит тень прута для погона, думая:",
  "an4.113:1.4": "«Какое задание даст мне тренер сегодня? Как я могу сделать так, чтобы он остался доволен?»",
  "an4.113:1.5": "Бывает такой превосходный чистокровный скакун.",
  "an4.113:1.6": "Таков первый вид превосходных чистокровных скакунов, существующих в мире.",
  "an4.113:2.1": "Далее, бывает так, когда некий превосходный чистокровный скакун не волнуется и не обретает чувства безотлагательности, когда видит тень прута для погона, но волнуется и обретает чувство безотлагательности, когда его волос касаются палкой для погона, [и он] думает:",
  "an4.113:2.2": "«Какое задание даст мне тренер сегодня? Как я могу сделать так, чтобы он остался доволен?»",
  "an4.113:2.3": "Бывает такой превосходный чистокровный скакун.",
  "an4.113:2.4": "Таков второй вид превосходных чистокровных скакунов, существующих в мире.",
  "an4.113:3.1": "Далее, бывает так, когда некий превосходный чистокровный скакун не волнуется и не обретает чувства безотлагательности ни когда видит тень прута для погона, ни когда его волос касаются палкой для погона, но волнуется и обретает чувство безотлагательности [только] когда его ударяют по шкуре, [и тогда он] думает:",
  "an4.113:3.2": "«Какое задание даст мне тренер сегодня? Как я могу сделать так, чтобы он остался доволен?»",
  "an4.113:3.3": "Бывает такой превосходный чистокровный скакун. ",
  "an4.113:3.4": "Таков третий вид превосходных чистокровных скакунов, существующих в мире.",
  "an4.113:4.1": "Далее, бывает так, когда некий превосходный чистокровный скакун не волнуется и не обретает чувства безотлагательности ни когда видит тень прута для погона, ни когда его волос касаются палкой для погона, ни когда его ударяют по шкуре, но волнуется и обретает чувство безотлагательности [только] когда его ударяют по кости, [и тогда он] думает:",
  "an4.113:4.2": "«Какое задание даст мне тренер сегодня? Как я могу сделать так, чтобы он остался доволен?» ",
  "an4.113:4.3": "Бывает такой превосходный чистокровный скакун. ",
  "an4.113:4.4": "Таков четвёртый вид превосходных чистокровных скакунов, существующих в мире.",
  "an4.113:4.5": "Таковы четыре вида превосходных чистокровных скакунов, существующих в мире. ",
  "an4.113:5.1": "Точно также, монахи, в мире есть эти четыре превосходных чистокровных личности. ",
  "an4.113:5.2": "Какие четыре?",
  "an4.113:5.3": "Бывает так, монахи, когда некая превосходная чистокровная личность слышит:",
  "an4.113:5.4": "«В такой-то и такой-то деревне или городе заболел или умер некий мужчина или женщина». ",
  "an4.113:5.5": "Из-за этого он волнуется и обретает чувство безотлагательности. ",
  "an4.113:5.6": "Из-за взволнованности он тщательно старается. ",
  "an4.113:5.7": "Будучи решительным, он реализует высочайшую истину [своим] телом, и, пронзив её мудростью, он её видит. ",
  "an4.113:5.8": "Подобна превосходному чистокровному скакуну, который волнуется и обретает чувство безотлагательности, когда видит тень прута для погона",
  "an4.113:5.9": "такая превосходная чистокровная личность, я говорю вам. ",
  "an4.113:5.10": "Бывает такая превосходная чистокровная личность. ",
  "an4.113:5.11": "Таков первый вид превосходных чистокровных личностей, существующих в мире.",
  "an4.113:6.1": "Далее, бывает так, когда некая превосходная чистокровная личность не слышит:",
  "an4.113:6.2": "«В такой-то и такой-то деревне или городе заболел или умер некий мужчина или женщина». Но, вместо этого, этот человек сам видит заболевшего или умершего мужчину или женщину. ",
  "an4.113:6.3": "Из-за этого он волнуется и обретает чувство безотлагательности. ",
  "an4.113:6.4": "Из-за взволнованности он тщательно старается. ",
  "an4.113:6.5": "Будучи решительным, он реализует высочайшую истину [своим] телом, и, пронзив её мудростью, он её видит. ",
  "an4.113:6.6": "Подобна превосходному чистокровному скакуну, который волнуется и обретает чувство безотлагательности, когда его волос касаются палкой для погона",
  "an4.113:6.7": "такая превосходная чистокровная личность, я говорю вам. ",
  "an4.113:6.8": "Бывает такая превосходная чистокровная личность. ",
  "an4.113:6.9": "Таков второй вид превосходных чистокровных личностей, существующих в мире.",
  "an4.113:7.1": "Далее, бывает так, когда некая превосходная чистокровная личность не слышит:",
  "an4.113:7.2": "«В такой-то и такой-то деревне или городе заболел или умер некий мужчина или женщина» и не видит заболевшего или умершего мужчину или женщину. Но, вместо этого, заболевает или умирает родственник в его семье. ",
  "an4.113:7.3": "Из-за этого он волнуется и обретает чувство безотлагательности. ",
  "an4.113:7.4": "Из-за взволнованности он тщательно старается. ",
  "an4.113:7.5": "Будучи решительным, он реализует высочайшую истину [своим] телом, и, пронзив её мудростью, он её видит. ",
  "an4.113:7.6": "Подобна превосходному чистокровному скакуну, который волнуется и обретает чувство безотлагательности, когда его ударяют по шкуре",
  "an4.113:7.7": "такая превосходная чистокровная личность, я говорю вам. ",
  "an4.113:7.8": "Бывает такая превосходная чистокровная личность. ",
  "an4.113:7.9": "Таков третий вид превосходных чистокровных личностей, существующих в мире.",
  "an4.113:8.1": "Далее, бывает так, когда некая превосходная чистокровная личность не слышит:",
  "an4.113:8.2": "«В такой-то и такой-то деревне или городе заболел или умер некий мужчина или женщина», не видит заболевшего или умершего мужчину или женщину, и в его семье не заболевает и не умирает родственник. Но, вместо этого, его самого поражают телесные чувства – болезненные, мучительные, острые, пронзающие, раздирающие и неприятные, высасывающие жизненную силу. ",
  "an4.113:8.3": "Из-за этого он волнуется и обретает чувство безотлагательности. ",
  "an4.113:8.4": "Из-за взволнованности он тщательно старается. ",
  "an4.113:8.5": "Будучи решительным, он реализует высочайшую истину [своим] телом, и, пронзив её мудростью, он её видит. ",
  "an4.113:8.6": "Подобна превосходному чистокровному скакуну, который волнуется и обретает чувство безотлагательности, когда его ударяют по кости",
  "an4.113:8.7": "такая превосходная чистокровная личность, я говорю вам. ",
  "an4.113:8.8": "Бывает такая превосходная чистокровная личность. ",
  "an4.113:8.9": "Таков четвёртый вид превосходных чистокровных личностей, существующих в мире.",
  "an4.113:8.10": "Таковы, монахи, четыре вида превосходных чистокровных личностей, существующих в мире».",
  "an4.113:8.11": "Третья."
}