{
  "an4.67:0.1": "Восходящие Наставления 4.67",
  "an4.67:0.2": "Глава Паттакамма",
  "an4.67:0.3": "Сутта Король Змей",
  "an4.67:1.1": "Однажды Благословенный пребывал в Саваттхи в роще Джеты в монастыре Анатхапиндики. ",
  "an4.67:1.2": "В то время в Саваттхи один монах был укушен змеёй и [из-за этого] скончался. ",
  "an4.67:1.3": "И тогда группа монахов подошла к Благословенному, они поклонились ему, сели рядом, и сказали:",
  "an4.67:1.4": "«Учитель, здесь, в Саваттхи, некий монах был укушен змеёй и [из-за этого] скончался».",
  "an4.67:2.1": "«Вне сомнений, монахи, этот монах не распространял доброжелательный ум к четырём королевским змеиным семьям. ",
  "an4.67:2.2": "Если бы он делал так, то его бы не укусила змея, и он бы не умер. ",
  "an4.67:3.1": "К каким четырём?",
  "an4.67:3.2": "К королевской змеиной семье вирупаккхи, к королевской змеиной семье ерапатхи, к королевской змеиной семье чхабьяпутты, к королевской змеиной семье готамаки.",
  "an4.67:3.3": "Вне сомнений, этот монах не распространял доброжелательный ум к четырём королевским змеиным семьям. ",
  "an4.67:3.4": "Если бы он делал так, то его бы не укусила змея, и он бы не умер. ",
  "an4.67:4.1": "Я предписываю вам, монахи, распространять доброжелательный ум к четырём королевским змеиным семьям ради вашей сохранности, безопасности, и защиты». ",
  "an4.67:5.1": "«Доброжелательным я буду к змеям вирупаккхи,",
  "an4.67:5.2": "Доброжелательным я буду к змеям ерапатхи,",
  "an4.67:5.3": "Доброжелательным я буду к змеям чхабьяпутты,",
  "an4.67:5.4": "Доброжелательным к чёрным готамакам я буду.",
  "an4.67:6.1": "Доброжелательным ко всем безногим существам,",
  "an4.67:6.2": "Доброжелательным я буду также и к двуногим.",
  "an4.67:6.3": "Доброжелательным я буду и к четвероногим.",
  "an4.67:6.4": "И с многоногими я буду также добрым.",
  "an4.67:7.1": "Безногие пускай вреда не принесут,",
  "an4.67:7.2": "Двуногие пускай вреда не принесут,",
  "an4.67:7.3": "Четвероногие пускай вреда не принесут,",
  "an4.67:7.4": "И многоногие пускай вреда не принесут.",
  "an4.67:8.1": "Пусть существа и всё вокруг живое –",
  "an4.67:8.2": "Все существа и каждое из них",
  "an4.67:8.3": "Одно лишь только счастье повстречают,",
  "an4.67:8.4": "И пусть плохое никого из них не ждёт.",
  "an4.67:9.1": "Будда безмерен, ",
  "an4.67:9.2": "Дхамма безмерна, ",
  "an4.67:9.3": "Сангха безмерна. ",
  "an4.67:9.4": "Ползучие твари, ",
  "an4.67:10.1": "змеи, скорпионы, многоножки, ",
  "an4.67:10.2": "пауки, ящерицы, и крысы имеют пределы. ",
  "an4.67:10.3": "Я принял меры предосторожности, я создал защиту. ",
  "an4.67:10.4": "Пусть существа отступят. ",
  "an4.67:10.5": "Я выражаю почтение Благословенному, ",
  "an4.67:10.6": "выражаю почтение семи Полностью Просветлённым».",
  "an4.67:10.7": "Седьмая."
}