{
  "an4.44:0.1": "Восходящие Наставления 4.44",
  "an4.44:0.2": "Глава Рохитасса",
  "an4.44:0.3": "Сутта Злоба Вторая",
  "an4.44:1.1": "«Монахи, эти четыре вещи противоположны благой Дхамме.",
  "an4.44:1.2": "Какие четыре?",
  "an4.44:1.3": "Когда ценится злоба, а не благая Дхамма. Когда ценится клевета, а не благая Дхамма. Когда ценится обретение, а не благая Дхамма. Когда ценится слава, а не благая Дхамма.",
  "an4.44:1.4": "Эти четыре вещи противоположны благой Дхамме.",
  "an4.44:2.1": "Монахи, эти [иные] четыре вещи соответствуют Дхамме.",
  "an4.44:2.2": "Какие четыре?",
  "an4.44:2.3": "Когда ценится Благая Дхамма, а не злоба… клевета… обретение… слава.",
  "an4.44:2.4": "Эти [иные] четыре вещи соответствуют Дхамме».",
  "an4.44:3.1": "«Монах, который ценит злобу, клевету,",
  "an4.44:3.2": "А также обретения и славу –",
  "an4.44:3.3": "Подобен сгнившим семенам в хорошем поле –",
  "an4.44:3.4": "Не возрастает в этой благой Дхамме.",
  "an4.44:4.1": "Но кто благую Дхамму почитает,",
  "an4.44:4.2": "Так в прошлом, в настоящем пребывает –",
  "an4.44:4.3": "Подобен он растениям целебным,",
  "an4.44:4.4": "И возрастает в этой благой Дхамме».",
  "an4.44:4.5": "Четвёртая."
}