{
  "an4.9:0.1": "Восходящие Наставления 4.9",
  "an4.9:0.2": "Глава Бхандагама",
  "an4.9:0.3": "Сутта Цепляние",
  "an4.9:1.1": "«Монахи, существуют эти четыре пути, посредством которых в монахе возникает цепляние.",
  "an4.9:1.2": "Какие четыре?",
  "an4.9:1.3": "Жажда возникает в монахе из-за одеяний,",
  "an4.9:1.4": "еды с подаяний,",
  "an4.9:1.5": "жилищ,",
  "an4.9:1.6": "или ради жизни здесь или ещё где-либо.",
  "an4.9:1.7": "Таковы четыре пути, посредством которых в монахе возникает цепляние».",
  "an4.9:2.1": "«Цепляние второй человек,",
  "an4.9:2.2": "Скитается он длительное время.",
  "an4.9:2.3": "Из состояния одного идёт к другому,",
  "an4.9:2.4": "Не может [так] он одолеть сансару.",
  "an4.9:3.1": "Но когда знает он опасность эту –",
  "an4.9:3.2": "Что жажда суть исток страданий –",
  "an4.9:3.3": "То, не имея цепляние и удержание,",
  "an4.9:3.4": "Должен монах осознанным ходить».",
  "an4.9:3.5": "Девятая."
}