{
  "an4.146:0.1": "Восходящие Наставления 4.146",
  "an4.146:0.2": "Глава Абха ",
  "an4.146:0.3": "Сутта Время Первая ",
  "an4.146:1.1": "«Монахи, есть эти четыре времени. ",
  "an4.146:1.2": "Какие четыре? ",
  "an4.146:1.3": "Время для слушания Дхаммы, время для обсуждения Дхаммы, время для успокоения, время для прозрения. ",
  "an4.146:1.4": "Таковы четыре времени». ",
  "an4.146:1.5": "Шестая."
}