{
  "an4.77:0.1": "Восходящие Наставления 4.77",
  "an4.77:0.2": "Глава Апаннака",
  "an4.77:0.3": "Сутта Невообразимости",
  "an4.77:1.1": "«Монахи, есть эти четыре невообразимости, которые не стоит пытаться продумать. Того, кто попытается продумать их, ожидает либо сумасшествие, либо неудовлетворённость.",
  "an4.77:1.2": "Какие четыре?",
  "an4.77:1.3": "Область [знаний и способностей] Будды является невообразимостью, которую не стоит пытаться продумать.",
  "an4.77:1.4": "Того, кто попытается продумать её, ожидает либо сумасшествие, либо неудовлетворённость.",
  "an4.77:1.5": "Область того, кто находится в джхане, является невообразимостью, которую не стоит пытаться продумать.",
  "an4.77:1.6": "Того, кто попытается продумать её, ожидает либо сумасшествие, либо неудовлетворённость.",
  "an4.77:1.7": "Результат каммы является невообразимостью, которую не стоит пытаться продумать.",
  "an4.77:1.8": "Того, кто попытается продумать её, ожидает либо сумасшествие, либо неудовлетворённость.",
  "an4.77:1.9": "Обдумывание мира является невообразимостью, которую не стоит пытаться продумать.",
  "an4.77:1.10": "Того, кто попытается продумать её, ожидает либо сумасшествие, либо неудовлетворённость.",
  "an4.77:1.11": "Таковы четыре невообразимости, которые не стоит пытаться продумать. Того, кто попытается продумать их, ожидает либо сумасшествие, либо неудовлетворённость».",
  "an4.77:1.12": "Седьмая."
}