{
  "an4.6:0.1": "Восходящие Наставления 4.6",
  "an4.6:0.2": "Глава Бхандагама",
  "an4.6:0.3": "Сутта Мало Знает",
  "an4.6:1.1": "«Монахи, в мире есть эти четыре типа личностей.",
  "an4.6:1.2": "Какие четыре?",
  "an4.6:1.3": "Тот, кто знает мало и не берётся за то, что уже знает.",
  "an4.6:1.4": "Тот, кто знает мало и берётся за то, что уже знает.",
  "an4.6:1.5": "Тот, кто знает много и не берётся за то, что уже знает.",
  "an4.6:1.6": "Тот, кто знает много и берётся за то, что уже знает.",
  "an4.6:1.7": "И каким образом человек является тем, кто знает мало и не берётся за то, что уже знает?",
  "an4.6:1.8": "Вот некий человек мало изучал",
  "an4.6:1.9": "лекции, стихи и прозу, описания, строфы, вдохновенные изречения, цитаты, истории рождения, чудесные случаи, вопросы и ответы.",
  "an4.6:1.10": "Он не понимает смысла того, что выучил. Он не понимает Дхаммы. Он не практикует в соответствии с Дхаммой.",
  "an4.6:1.11": "Вот каким образом человек является тем, кто знает мало и не берётся за то, что уже знает.",
  "an4.6:2.1": "И каким образом человек является тем, кто знает мало и берётся за то, что уже знает?",
  "an4.6:2.2": "Вот некий человек мало изучал",
  "an4.6:2.3": "лекции… вопросы и ответы.",
  "an4.6:2.4": "Поняв смысл того, что он выучил, и поняв Дхамму, он практикует в соответствии с Дхаммой.",
  "an4.6:2.5": "Вот каким образом человек является тем, кто знает мало и берётся за то, что уже знает.",
  "an4.6:3.1": "И каким образом человек является тем, кто знает много и не берётся за то, что уже знает?",
  "an4.6:3.2": "Вот некий человек изучал много –",
  "an4.6:3.3": "лекции… вопросы и ответы.",
  "an4.6:3.4": "Он не понимает смысла того, что выучил. Он не понимает Дхаммы. Он не практикует в соответствии с Дхаммой.",
  "an4.6:3.5": "Вот каким образом человек является тем, кто изучал много и не берётся за то, что уже знает.",
  "an4.6:4.1": "И каким образом человек является тем, кто знает много и берётся за то, что уже знает?",
  "an4.6:4.2": "Вот некий человек изучал много –",
  "an4.6:4.3": "лекции… вопросы и ответы.",
  "an4.6:4.4": "Поняв смысл того, что он выучил, и поняв Дхамму, он практикует в соответствии с Дхаммой.",
  "an4.6:4.5": "Вот каким образом человек является тем, кто изучал много и берётся за то, что уже знает.",
  "an4.6:4.6": "Таковы, монахи, четыре типа личностей в мире».",
  "an4.6:5.1": "«Коль мало знает он",
  "an4.6:5.2": "И в нравственности не укоренён,",
  "an4.6:5.3": "То порицают его сразу за две вещи:",
  "an4.6:5.4": "За [слабость] в нравственности, [слабость] в изучении.",
  "an4.6:6.1": "Коль мало знает он,",
  "an4.6:6.2": "Но в нравственности утверждён,",
  "an4.6:6.3": "За нравственность тогда его похвалят,",
  "an4.6:6.4": "[Ведь в этом] изучение достигло своей цели.",
  "an4.6:7.1": "Коль много знает он",
  "an4.6:7.2": "И в нравственности не укоренён,",
  "an4.6:7.3": "То за безнравственность его тогда покритикуют,",
  "an4.6:7.4": "[Ведь в этом] изучение плодов не принесло.",
  "an4.6:8.1": "Коль много знает он",
  "an4.6:8.2": "И в нравственности утверждён,",
  "an4.6:8.3": "Его похвалят сразу за две вещи:",
  "an4.6:8.4": "За нравственность, как и за изучение.",
  "an4.6:9.1": "И когда высоко учёный Будды ученик,",
  "an4.6:9.2": "Мудростью обладает и эксперт по Дхамме,",
  "an4.6:9.3": "Точно монета из горы чистого злата,",
  "an4.6:9.4": "То кто посмеет порицать его?",
  "an4.6:9.5": "Ведь даже дэвы хвалят такового,",
  "an4.6:9.6": "И даже Брахмой прославляем он».",
  "an4.6:9.7": "Шестая."
}