{
  "an4.93:0.1": "Восходящие Наставления 4.93",
  "an4.93:0.2": "Глава Асура",
  "an4.93:0.3": "Сутта Сосредоточение Вторая",
  "an4.93:1.1": "«Монахи, в мире существуют эти четыре типа личностей. ",
  "an4.93:1.2": "Какие четыре?",
  "an4.93:1.3": "Вот некий человек обретает внутреннее успокоение ума, но не высшую мудрость прозрения в феномены. ",
  "an4.93:1.4": "Другой человек обретает высшую мудрость прозрения в феномены, но не внутреннее успокоение ума. ",
  "an4.93:1.5": "Ещё другой не обретает ни внутреннего успокоения ума, ни высшей мудрости прозрения в феномены. ",
  "an4.93:1.6": "Ещё другой обретает и внутреннее успокоение ума, и высшую мудрость прозрения в феномены.",
  "an4.93:2.1": "Монахи, тот из них, кто обретает внутреннее успокоение ума, но не высшую мудрость прозрения в феномены, должен опираться на внутреннее успокоение ума и прилагать усилия к обретению высшей мудрости прозрения в феномены. ",
  "an4.93:2.2": "И тогда, спустя какое-то время, он [станет тем, кто] обретает и внутреннее успокоение ума, и высшую мудрость прозрения в феномены.",
  "an4.93:3.1": "Тот из них, кто обретает высшую мудрость прозрения в феномены, но не внутреннее успокоение ума, должен опираться на высшую мудрость прозрения в феномены и прилагать усилия к обретению внутреннего успокоения ума. ",
  "an4.93:3.2": "И тогда, спустя какое-то время, он [станет тем, кто] обретает и внутреннее успокоение ума, и высшую мудрость прозрения в феномены.",
  "an4.93:4.1": "Тот из них, кто не обретает ни высшей мудрости прозрения в феномены, ни внутреннего успокоения ума, должен приложить дополнительное желание, усилие, старание, воодушевление, неутомимость, осознанность и бдительность ради обретения этих обоих благих качеств. ",
  "an4.93:4.2": "Подобно тому, как тот, у кого загорелась бы одежда или [волосы] на голове, приложил бы дополнительное желание, усилие, старание, воодушевление, неутомимость, осознанность и бдительность для того, чтобы потушить [пламя] на своей одежде или голове – ",
  "an4.93:4.3": "точно также этот человек должен приложить дополнительное желание, усилие, старание, воодушевление, неутомимость, осознанность и бдительность ради обретения этих обоих благих качеств. ",
  "an4.93:4.4": "И тогда, спустя какое-то время, он [станет тем, кто] обретает и внутреннее успокоение ума, и высшую мудрость прозрения в феномены.",
  "an4.93:5.1": "Тот из них, кто обретает и внутреннее успокоение ума, и высшую мудрость прозрения в феномены, должен опираться на оба эти самые благие качества и прилагать дальнейшие усилия, чтобы достичь уничтожения пятен [загрязнений ума].",
  "an4.93:5.2": "Таковы, монахи, четыре типа личностей, существующих в мире».",
  "an4.93:5.3": "Третья."
}