{
  "an4.84:0.1": "Восходящие Наставления 4.84",
  "an4.84:0.2": "Глава Мачала",
  "an4.84:0.3": "Сутта Злость",
  "an4.84:1.1": "«Монахи, обладая четырьмя качествами, человек оказывается в аду, как если бы его туда затянули силой. ",
  "an4.84:1.2": "Какими четырьмя? ",
  "an4.84:1.3": "Он ценит злобу, но не благую Дхамму. Он ценит клевету, но не благую Дхамму. Он ценит обретения, но не благую Дхамму. Он ценит славу, но не благую Дхамму. ",
  "an4.84:1.4": "Обладая этими четырьмя качествами, человек оказывается в аду, как если бы его туда затянули силой.",
  "an4.84:2.1": "Монахи, обладая [другими] четырьмя качествами, человек оказывается в небесном мире, как если бы его туда затянули силой. ",
  "an4.84:2.2": "Какими четырьмя? ",
  "an4.84:2.3": "Он ценит благую Дхамму, а не злобу… клевету… обретения… славу. ",
  "an4.84:2.4": "Обладая этими четырьмя качествами, человек оказывается в небесном мире, как если бы его туда затянули силой».",
  "an4.84:2.5": "Четвёртая."
}