{
  "an4.149:0.1": "Восходящие Наставления 4.149",
  "an4.149:0.2": "Глава Абха ",
  "an4.149:0.3": "Сутта Благое поведение ",
  "an4.149:1.1": "«Монахи, есть эти четыре вида благого словесного поведения. ",
  "an4.149:1.2": "Какие четыре? ",
  "an4.149:1.3": "Правдивая речь, речь, не сеющая распри, мягкая речь, благоразумная речь. ",
  "an4.149:1.4": "Таковы четыре вида благого словесного поведения». ",
  "an4.149:1.5": "Девятая."
}