{
  "an4.2:0.1": "Восходящие Наставления 4.2",
  "an4.2:0.2": "Глава Бхандагама",
  "an4.2:0.3": "Сутта Отпавший ",
  "an4.2:1.1": "«Монахи, того, кто не обладает четырьмя вещами, называют отпадшим от этой Дхаммы и Винаи. ",
  "an4.2:1.2": "Какими четырьмя?",
  "an4.2:1.3": "Того, кто не обладает благородным нравственным поведением, называют отпадшим от этой Дхаммы и Винаи. ",
  "an4.2:1.4": "Того, кто не обладает благородным сосредоточением… ",
  "an4.2:1.5": "…мудростью… ",
  "an4.2:1.6": "…освобождением, называют отпадшим от этой Дхаммы и Винаи. ",
  "an4.2:1.7": "Того, кто не обладает этими четырьмя вещами, называют отпадшим от этой Дхаммы и Винаи.",
  "an4.2:2.1": "Но, монахи, того, кто обладает четырьмя вещами, называют стойким в этой Дхамме и Винае. ",
  "an4.2:2.2": "Какими четырьмя? ",
  "an4.2:2.3": "Того, кто обладает благородным нравственным поведением… ",
  "an4.2:2.4": "сосредоточением… ",
  "an4.2:2.5": "мудростью… ",
  "an4.2:2.6": "освобождением, называют стойким в этой Дхамме и Винае. ",
  "an4.2:2.7": "Того, кто обладает этими четырьмя вещами, называют стойким в этой Дхамме и Винае». ",
  "an4.2:3.1": "«Ослаблены, погублены – они падут:",
  "an4.2:3.2": "Те, жаждой кто наделены, вернутся вновь.",
  "an4.2:3.3": "Исполнена задача, восхитительным довольны,",
  "an4.2:3.4": "Ведь счастьем можно счастье обрести».",
  "an4.2:3.5": "Вторая."
}