{
  "an4.140:0.1": "Восходящие Наставления 4.140",
  "an4.140:0.2": "Глава Личность ",
  "an4.140:0.3": "Сутта Оратор ",
  "an4.140:1.1": "«Монахи, есть эти четыре вида ораторов. ",
  "an4.140:1.2": "Какие четыре? ",
  "an4.140:1.3": "Бывает оратор, который теряет дух, но не букву [того, о чём говорит]. ",
  "an4.140:1.4": "Бывает оратор, который теряет букву, но не дух [того, о чём говорит]. ",
  "an4.140:1.5": "Бывает оратор, который теряет и букву, и дух [того, о чём говорит]. ",
  "an4.140:1.6": "Бывает оратор, который не теряет ни духа, ни буквы [того, о чём говорит]. ",
  "an4.140:1.7": "Таковы четыре вида ораторов. ",
  "an4.140:1.8": "Не может быть такого, немыслимо, чтобы тот, кто обладает четырьмя аналитическими знаниями, мог бы потерять либо дух, либо букву [того, о чём говорит]». ",
  "an4.140:1.9": "Десятая. ",
  "an4.140:1.10": "Глава Личность Четвёртая. ",
  "an4.140:2.0": "Оглавление",
  "an4.140:2.1": "",
  "an4.140:2.2": "",
  "an4.140:2.3": "",
  "an4.140:2.4": ""
}