{
  "an4.54:0.1": "Восходящие Наставления 4.54",
  "an4.54:0.2": "Глава Пунньябхисанда",
  "an4.54:0.3": "Сутта Совместное проживание Вторая",
  "an4.54:1.1": "«Монахи, есть четыре вида совместного проживания.",
  "an4.54:1.2": "Какие четыре?",
  "an4.54:1.3": "труп живёт с трупом;",
  "an4.54:1.4": "труп живёт с женщиной-божеством;",
  "an4.54:1.5": "мужчина-божество живёт с трупом;",
  "an4.54:1.6": "мужчина-божество живёт с женщиной-божеством;",
  "an4.54:2.1": "И каким образом, домохозяева, труп живёт с трупом?",
  "an4.54:2.2": "Бывает так, что муж является тем, кто уничтожает жизнь, берёт то, что [ему] не было дано, пускается в неблагое сексуальное поведение, лжёт, потакает употреблению вина, спиртного, одурманивающих веществ, что являются основой для беспечности. Он безнравственный, с плохим характером. Он пребывает дома с умом, охваченным пятном скупости. Он оскорбляет и ругает жрецов и отшельников.",
  "an4.54:2.3": "И его жена также уничтожает жизнь… оскорбляет и ругает жрецов и отшельников.",
  "an4.54:2.4": "Вот каким образом труп живёт с трупом.",
  "an4.54:3.1": "И каким образом труп живёт с женщиной-божеством?",
  "an4.54:3.2": "Бывает так, что муж является тем, кто уничтожает жизнь… ругает жрецов и отшельников.",
  "an4.54:3.3": "Но его жена воздерживается от уничтожения жизни, от взятия того, что не дано, от неблагого сексуального поведения, от лжи, от вина, спиртного, одурманивающих веществ, что являются основой для беспечности. Она нравственная, с хорошим характером. Она пребывает дома с умом, лишённым пятна скупости. Она не оскорбляет и не ругает жрецов и отшельников.",
  "an4.54:3.4": "Вот каким образом труп живёт с женщиной-божеством.",
  "an4.54:4.1": "И каким образом мужчина-божество живёт с трупом?",
  "an4.54:4.2": "Бывает так, что муж воздерживается от уничтожения жизни… не оскорбляет и не ругает жрецов и отшельников.",
  "an4.54:4.3": "Но его жена уничтожает жизнь… ругает жрецов и отшельников.",
  "an4.54:4.4": "Вот каким образом мужчина-божество живёт с трупом.",
  "an4.54:5.1": "И каким образом мужчина-божество живёт с женщиной-божеством?",
  "an4.54:5.2": "Бывает так, что муж воздерживается от уничтожения жизни… не оскорбляет и не ругает жрецов и отшельников.",
  "an4.54:5.3": "И его жена также воздерживается от уничтожения жизни… не оскорбляет и не ругает жрецов и отшельников.",
  "an4.54:5.4": "Вот каким образом мужчина-божество живёт с женщиной-божеством.",
  "an4.54:5.5": "Таковы четыре вида совместного проживания».",
  "an4.54:6.1": "«Когда они безнравственные оба,",
  "an4.54:6.2": "Когда скупы и склонны к оскорблению,",
  "an4.54:6.3": "Муж и жена, что вместе проживают,",
  "an4.54:6.4": "Живут друг с другом словно пара трупов.",
  "an4.54:7.1": "Но может муж безнравственным ведь быть,",
  "an4.54:7.2": "Скупым и склонным к оскорблению,",
  "an4.54:7.3": "Тогда как нравственна его жена,",
  "an4.54:7.4": "Она щедра, она великодушна.",
  "an4.54:7.5": "Такая женщина подобна божеству,",
  "an4.54:7.6": "Живёт которая с мужчиной-трупом.",
  "an4.54:8.1": "Но может муж и нравственным ведь быть,",
  "an4.54:8.2": "Он щедрый, он великодушный.",
  "an4.54:8.3": "Притом, безнравственна его жена,",
  "an4.54:8.4": "Она скупа и склонна к оскорблению.",
  "an4.54:8.5": "Такая женщина подобна трупу,",
  "an4.54:8.6": "Что с божеством-мужчиной проживает.",
  "an4.54:9.1": "Вот муж с женою обладают верой,",
  "an4.54:9.2": "Они щедры и сдержаны собою.",
  "an4.54:9.3": "И оба праведную жизнь ведут,",
  "an4.54:9.4": "Общаются приятными словами.",
  "an4.54:10.1": "Многие блага обретут они,",
  "an4.54:10.2": "И проживают в умиротворении.",
  "an4.54:10.3": "Враги же недовольны их,",
  "an4.54:10.4": "Ведь нравственность обоих безупречна.",
  "an4.54:11.1": "И Дхамму в этой жизни соблюдая,",
  "an4.54:11.2": "В принципах нравственных сравняются они.",
  "an4.54:11.3": "[И после, проявившись] в мире дэвов,",
  "an4.54:11.4": "Их радость, чувств услада ожидает».",
  "an4.54:11.5": "Четвёртая."
}