{
  "an4.21:0.1": "Восходящие Наставления 4.21",
  "an4.21:0.2": "Глава Урувела",
  "an4.21:0.3": "Сутта Урувела Первая",
  "an4.21:1.1": "Так я слышал.",
  "an4.21:1.2": "Однажды Благословенный пребывал в Саваттхи в роще Джеты в монастыре Анатхапиндики.",
  "an4.21:1.3": "Там Благословенный обратился к монахам:",
  "an4.21:1.4": "«Монахи!»",
  "an4.21:1.5": "«Учитель!» – отвечали те монахи.",
  "an4.21:1.6": "Благословенный сказал:",
  "an4.21:2.1": "«Монахи, однажды я пребывал в Урувеле на берегу реки Нераньджары у подножья пастушьего баньяна сразу после того, как стал полностью просветлённым.",
  "an4.21:2.2": "И тогда, по мере того как я пребывал уединённым в затворничестве, такое размышление возникло у меня в уме:",
  "an4.21:2.3": "«Человек пребывает в дискомфорте, если у него нет уважения и почтения.",
  "an4.21:2.4": "Так какого же жреца или отшельника я мог бы чтить и уважать, и пребывать, подчиняясь ему?»",
  "an4.21:3.1": "И тогда мысль пришла ко мне:",
  "an4.21:3.2": "«Ради осуществления неосуществлённой совокупности нравственности я бы [его] чтил, уважал, и пребывал, подчиняясь [этому] другому жрецу или отшельнику.",
  "an4.21:3.3": "Однако, в этом мире с его дэвами, Марой, Брахмой, в этом поколении с его жрецами и отшельниками, богами и людьми, я не вижу [какого-либо] другого жреца или отшельника более совершенного в нравственности, чем я сам, которого я мог бы чтить и уважать, и пребывать, подчиняясь ему.",
  "an4.21:4.1": "Ради осуществления неосуществлённой совокупности сосредоточения…",
  "an4.21:4.2": "",
  "an4.21:5.1": "Ради осуществления неосуществлённой совокупности мудрости…",
  "an4.21:5.2": "",
  "an4.21:6.1": "Ради осуществления неосуществлённой совокупности освобождения я бы [его] чтил, уважал, и пребывал, подчиняясь [этому] другому жрецу или отшельнику.",
  "an4.21:6.2": "Однако, в этом мире с его дэвами, Марой, Брахмой, в этом поколении с его жрецами и отшельниками, богами и людьми, я не вижу [какого-либо] другого жреца или отшельника более совершенного в освобождении, чем я сам, которого я мог бы чтить и уважать, и пребывать, подчиняясь ему».",
  "an4.21:7.1": "Мысль пришла ко мне:",
  "an4.21:7.2": "«В таком случае, я стану чтить и уважать [эту самую Дхамму], и пребывать, подчиняясь этой самой Дхамме, в которую я полностью пробудился».",
  "an4.21:8.1": "И тогда, также быстро, как сильный человек мог бы распрямить согнутую руку или согнуть распрямлённую, Брахма Сахампати исчез из мира брахм и возник передо мной.",
  "an4.21:8.2": "Закинув верхнее одеяние за плечо, встав на правое колено, он почтительно поприветствовал меня и сказал:",
  "an4.21:8.3": "«Так оно, Благословенный! Так оно, Счастливый!",
  "an4.21:8.4": "Господин, те, кто были Арахантами, Полностью Просветлёнными в прошлом – все эти Благословенные также чтили и уважали [эту самую Дхамму] и пребывали, подчиняясь только самой Дхамме.",
  "an4.21:8.5": "Те, кто будут Арахантами, Полностью Просветлёнными в будущем – все эти Благословенные также будут чтить и уважать [эту самую Дхамму], и пребывать, подчиняясь только самой Дхамме.",
  "an4.21:8.6": "Пусть и Благословенный тоже, который ныне является Арахантом, Полностью Просветлённым, чтит и уважает [эту самую Дхамму], и пребывает, подчиняясь только самой Дхамме».",
  "an4.21:8.7": "Так сказал Брахма Сахампати.",
  "an4.21:8.8": "И сказав так, он далее добавил:",
  "an4.21:9.1": "«И будды прошлого",
  "an4.21:9.2": "И будущие будды,",
  "an4.21:9.3": "И тот, кто буддой пребывает в настоящем,",
  "an4.21:9.4": "Искореняющий печали многих –",
  "an4.21:10.1": "Все пребывали, будут пребывать, и пребывают",
  "an4.21:10.2": "С глубоким почитанием истинной Дхаммы:",
  "an4.21:10.3": "Для будд это",
  "an4.21:10.4": "Естественный закон.",
  "an4.21:11.1": "И тот, кто хочет собственного блага,",
  "an4.21:11.2": "Кто устремляется к величию духа,",
  "an4.21:11.3": "Тот почитать благую Дхамму должен,",
  "an4.21:11.4": "И памятовать должен об учении Будды».",
  "an4.21:12.1": "Так сказал Брахма Сахампати.",
  "an4.21:12.2": "Затем он поклонился мне и, обойдя меня с правой стороны, прямо там и исчез.",
  "an4.21:12.3": "И затем, признав просьбу Брахмы и [признав] то, что было бы подобающим для меня, я чтил и уважал [эту самую Дхамму], и пребывал, подчиняясь только самой Дхамме, в которую я полностью пробудился.",
  "an4.21:12.4": "А ныне, когда и Сангха обрела величие, я уважаю и Сангху тоже».",
  "an4.21:12.5": "Первая."
}