{
  "an4.28:0.1": "Восходящие Наставления 4.28",
  "an4.28:0.2": "Глава Урувела",
  "an4.28:0.3": "Сутта Линия преемственности Благородных",
  "an4.28:1.1": "«Монахи, есть эти четыре линии преемственности Благородных – изначальных, существующих издавна, древних, подлинных и никогда не подвергавшихся подделке, которые не подвергаются подделке [сейчас] и не будут подвергаться подделке в будущем, от которых не отрекаются мудрые жрецы и отшельники.",
  "an4.28:1.2": "Какие четыре?",
  "an4.28:1.3": "Вот монах доволен любым одеянием и не пускается в неправильные поиски, в недолжное, ради одеяния. Если ему не удаётся заполучить одеяние, он не волнуется, а если заполучает, он использует его, будучи непривязанным к нему, не очаровываясь им, без слепой поглощённости в нём, видя опасность в нём и понимая спасение от него.",
  "an4.28:1.4": "И, всё же, из-за этого он не восхваляет себя и не унижает других.",
  "an4.28:1.5": "О любом монахе, который умелый в этом, прилежный, бдительный и постоянно осознанный, говорится, что он находится в древней, изначальной линии преемственности Благородных.",
  "an4.28:2.1": "Далее, монах довольствуется любой пищей, полученной как подаяние…",
  "an4.28:2.2": "",
  "an4.28:2.3": "",
  "an4.28:3.1": "Далее, монах довольствуется любым жилищем…",
  "an4.28:3.2": "",
  "an4.28:3.3": "",
  "an4.28:4.1": "Далее, монах находит радость в развитии, доволен развитием, находит радость в оставлении, доволен оставлением.",
  "an4.28:4.2": "И, всё же, из-за этого он не восхваляет себя и не унижает других.",
  "an4.28:4.3": "О любом монахе, который умелый в этом, прилежный, бдительный и постоянно осознанный, говорится, что он находится в древней, изначальной линии преемственности Благородных.",
  "an4.28:4.4": "Таковы, монахи, четыре линии преемственности Благородных – изначальных, существующих издавна, древних, подлинных и никогда не подвергавшихся подделке, которые не подвергаются подделке [сейчас] и не будут подвергаться подделке в будущем, от которых не отрекаются мудрые жрецы и отшельники.",
  "an4.28:5.1": "Монахи, когда монах обладает этими четырьмя линиями преемственности Благородных, то если он пребывает в восточном направлении, [это] он побеждает недовольство, а не недовольство побеждает его.",
  "an4.28:5.2": "Если он пребывает в западном…",
  "an4.28:5.3": "северном…",
  "an4.28:5.4": "южном направлении, [это] он побеждает недовольство, а не недовольство побеждает его.",
  "an4.28:5.5": "И почему?",
  "an4.28:5.6": "Потому что он тот, кто устойчив, [он] тот, кто побеждает недовольство и наслаждение».",
  "an4.28:6.1": "«Устойчивого недовольство победить не может,",
  "an4.28:6.2": "Так как устойчивый не может быть им побеждён.",
  "an4.28:6.3": "Устойчивый лишь побеждает недовольство,",
  "an4.28:6.4": "Ведь тот, устойчив кто, его и победит.",
  "an4.28:7.1": "Кто может помешать тому, рассеивает кто;",
  "an4.28:7.2": "Тому, кто камму всю [свою] оставил?",
  "an4.28:7.3": "Кто может обвинять того, подобен",
  "an4.28:7.4": "Чистой золотой монете кто?",
  "an4.28:7.5": "Ведь даже дэвы хвалят такового,",
  "an4.28:7.6": "И даже Брахмой восхваляем он».",
  "an4.28:7.7": "Восьмая."
}