{
  "an4.110:0.1": "Восходящие Наставления 4.110",
  "an4.110:0.2": "Глава Валахака",
  "an4.110:0.3": "Сутта Гадюка",
  "an4.110:1.1": "«Монахи, есть эти четыре вида гадюк.",
  "an4.110:1.2": "Какие четыре?",
  "an4.110:1.3": "Та, чей яд вырабатывается быстро, но он не смертельный;",
  "an4.110:1.4": "та, чей яд вырабатывается медленно, но он смертельный;",
  "an4.110:1.5": "та, чей яд вырабатывается быстро, и он смертельный;",
  "an4.110:1.6": "та, чей яд вырабатывается медленно, и он не смертельный.",
  "an4.110:1.7": "Таковы четыре вида гадюк.",
  "an4.110:1.8": "Точно также, есть эти четыре типа личностей в мире, похожих на гадюк.",
  "an4.110:1.9": "Какие четыре?",
  "an4.110:1.10": "Тот, чей яд вырабатывается быстро, но он не смертельный;",
  "an4.110:1.11": "чей яд вырабатывается медленно, но он смертельный;",
  "an4.110:1.12": "чей яд вырабатывается быстро, и он смертельный;",
  "an4.110:1.13": "чей яд вырабатывается медленно, и он не смертельный.",
  "an4.110:2.1": "И каков, монахи, человек, чей яд вырабатывается быстро, но он не смертельный?",
  "an4.110:2.2": "Бывает так, что некий человек часто злится,",
  "an4.110:2.3": "но его злость не сохраняется в течение длительного времени.",
  "an4.110:2.4": "Вот каким образом этот человек тот, чей яд вырабатывается быстро, но он не смертельный.",
  "an4.110:2.5": "Подобен гадюке, чей яд вырабатывается быстро, но он не смертельный",
  "an4.110:2.6": "этот человек я говорю вам.",
  "an4.110:3.1": "И каков человек, чей яд вырабатывается медленно, но он смертельный?",
  "an4.110:3.2": "Бывает так, что некий человек злится не часто,",
  "an4.110:3.3": "но его злость сохраняется в течение длительного времени.",
  "an4.110:3.4": "Вот каким образом этот человек тот, чей яд вырабатывается медленно, но он смертельный.",
  "an4.110:3.5": "Подобен гадюке, чей яд вырабатывается медленно, но он смертельный",
  "an4.110:3.6": "этот человек я говорю вам.",
  "an4.110:4.1": "И каков человек, чей яд вырабатывается быстро, и он смертельный?",
  "an4.110:4.2": "Бывает так, что некий человек часто злится,",
  "an4.110:4.3": "и его злость сохраняется в течение длительного времени.",
  "an4.110:4.4": "Вот каким образом этот человек тот, чей яд вырабатывается быстро, и он смертельный.",
  "an4.110:4.5": "Подобен гадюке, чей яд вырабатывается быстро, и он смертельный",
  "an4.110:4.6": "этот человек я говорю вам.",
  "an4.110:5.1": "И каков человек, чей яд вырабатывается медленно, и он не смертельный?",
  "an4.110:5.2": "Бывает так, что некий человек злится не часто,",
  "an4.110:5.3": "и его злость не сохраняется в течение длительного времени.",
  "an4.110:5.4": "Вот каким образом этот человек тот, чей яд вырабатывается медленно, и он не смертельный.",
  "an4.110:5.5": "Подобен гадюке, чей яд вырабатывается медленно, и он не смертельный",
  "an4.110:5.6": "этот человек я говорю вам.",
  "an4.110:5.7": "Таковы, монахи, четыре типа личностей, существующих в мире, похожих на гадюк».",
  "an4.110:5.8": "Десятая.",
  "an4.110:5.9": "Глава Валахака Первая.",
  "an4.110:6.0": "Оглавление",
  "an4.110:6.1": "Два облака, горшок, водо-",
  "an4.110:6.2": "ём, две манго;",
  "an4.110:6.3": "мышь, вол, дерево,",
  "an4.110:6.4": "с гадюкой эти десять."
}