{
  "an4.75:0.1": "Восходящие Наставления 4.75",
  "an4.75:0.2": "Глава Апаннака",
  "an4.75:0.3": "Сутта Наивысший Вторая",
  "an4.75:1.1": "«Монахи, существуют эти четыре наивысших вещи.",
  "an4.75:1.2": "Какие четыре?",
  "an4.75:1.3": "Наивысшая форма, наивысшее чувство, наивысшее восприятие, наивысшее состояние существования.",
  "an4.75:1.4": "Таковы четыре наивысших вещи».",
  "an4.75:1.5": "Пятая."
}