{
  "an4.37:0.1": "Восходящие Наставления 4.37",
  "an4.37:0.2": "Глава Колеса",
  "an4.37:0.3": "Сутта Не-упадок",
  "an4.37:1.1": "«Монахи, монах, который обладает четырьмя качествами, неспособен к упадку и находится рядом с ниббаной.",
  "an4.37:1.2": "Какими четырьмя?",
  "an4.37:1.3": "Вот монах совершенен в нравственном поведении, охраняет двери органов чувств, соблюдает умеренность в еде, и предаётся бодрствованию.",
  "an4.37:2.1": "И каким образом монах совершенен в нравственном поведении?",
  "an4.37:2.2": "Вот монах нравственен. Он пребывает, обуздывая себя Патимоккхой, обладая хорошим поведением и [подобающими] средствами, видя опасность в мельчайших проступках. Возложив на себя правила тренировки, он тренируется в них.",
  "an4.37:2.3": "Вот каким образом монах совершенен в нравственном поведении.",
  "an4.37:3.1": "И каким образом монах охраняет двери органов чувств?",
  "an4.37:3.2": "Вот, увидев форму глазом, монах не цепляется за её черты и детали. Поскольку, по мере того как он оставляет качество глаза неохраняемым, плохие неблагие состояния сильного желания и подавленности могут наводнить его – он практикует сдержанность в отношении этого. Он охраняет качество глаза. Он предпринимает сдерживание качества глаза.",
  "an4.37:3.3": "Поскольку, по мере того как он оставляет качество глаза неохраняемым, плохие неблагие состояния сильного желания и подавленности могут наводнить его – он практикует сдержанность в отношении этого. Он охраняет качество глаза. Он предпринимает сдерживание качества глаза.",
  "an4.37:3.4": "Услышав ухом звук…",
  "an4.37:3.5": "Унюхав носом запах…",
  "an4.37:3.6": "Различив языком вкус…",
  "an4.37:3.7": "Ощутив тактильное ощущение телом…",
  "an4.37:3.8": "Познав ментальный феномен умом, он не цепляется за его черты и детали.",
  "an4.37:3.9": "Поскольку, по мере того как он оставляет качество ума неохраняемым, плохие неблагие состояния сильного желания и подавленности могут наводнить его – он практикует сдержанность в отношении этого. Он охраняет качество ума. Он предпринимает сдерживание качества ума.",
  "an4.37:3.10": "Вот каким образом монах охраняет двери органов чувств.",
  "an4.37:4.1": "И каким образом монах соблюдает умеренность в еде?",
  "an4.37:4.2": "Вот, тщательно [это] обдумывая, он принимает пищу не ради развлечения, не ради опьянения, не ради физической красоты и привлекательности, но только для того, чтобы выжить и поддержать это тело, для того, чтобы устранить дискомфорт, ради ведения святой жизни, думая так:",
  "an4.37:4.3": "он принимает пищу не ради развлечения, не ради опьянения, не ради физической красоты и привлекательности, но только для того, чтобы выжить и поддержать это тело, для того, чтобы устранить дискомфорт, ради ведения святой жизни, думая так: «Я устраню возникшие чувства [голода] и не создам новых чувств [от переедания]. Так я поддержу своё здоровье, не вызову порицаний, буду жить в благополучии».",
  "an4.37:4.4": "Вот каким образом монах соблюдает умеренность в еде.",
  "an4.37:5.1": "И каким образом монах предаётся бодрствованию?",
  "an4.37:5.2": "Вот днём монах сидит, ходит вперёд и назад, очищая свой ум от тех состояний, что создают препятствия.",
  "an4.37:5.3": "Во время первой стражи ночи он сидит, ходит вперёд и назад, очищая свой ум от тех состояний, что создают препятствия.",
  "an4.37:5.4": "Во время срединной стражи ночи он ложится на правый бок в позе льва, положив одну ступню на другую, осознанный и бдительный, предварительно сделав в уме отметку, когда следует вставать.",
  "an4.37:5.5": "После подъёма, во время последней стражи ночи, он сидит, ходит вперёд и назад, очищая свой ум от тех состояний, что создают препятствия.",
  "an4.37:5.6": "Вот каким образом монах предаётся бодрствованию.",
  "an4.37:5.7": "Монах, который обладает этими четырьмя качествами, неспособен к упадку и находится рядом с ниббаной».",
  "an4.37:6.1": "«Он в нравственности утверждён,",
  "an4.37:6.2": "В органах чувств своих он сдержан,",
  "an4.37:6.3": "Умеренность в еде он соблюдает,",
  "an4.37:6.4": "И бодрствованию предаётся он:",
  "an4.37:7.1": "Когда старательным таким живёт монах,",
  "an4.37:7.2": "Неутомимый [в этом] днём и ночью,",
  "an4.37:7.3": "Он, развивая качества благие,",
  "an4.37:7.4": "Спасения от подневольности достигнет.",
  "an4.37:8.1": "Монах, который прилежанию рад,",
  "an4.37:8.2": "В беспечности опасность [только] видит –",
  "an4.37:8.3": "К упадку более не склонен он,",
  "an4.37:8.4": "Ведь очень близко он находится к ниббане».",
  "an4.37:8.5": "Седьмая."
}