{
  "an4.151:0.1": "Восходящие Наставления 4.151",
  "an4.151:0.2": "Глава Индрия ",
  "an4.151:0.3": "Качества ",
  "an4.151:1.1": "«Монахи, есть эти четыре качества. ",
  "an4.151:1.2": "Какие четыре? ",
  "an4.151:1.3": "Качество веры, качество усердия, качество осознанности, качество сосредоточения. ",
  "an4.151:1.4": "Таковы четыре качества». ",
  "an4.151:1.5": "Первая."
}