{
  "an4.34:0.1": "Восходящие Наставления 4.34",
  "an4.34:0.2": "Глава Колесо",
  "an4.34:0.3": "Сутта Уверенность",
  "an4.34:1.1": "«Монахи, есть эти четыре высочайших вида уверенности.",
  "an4.34:1.2": "Какие четыре?",
  "an4.34:1.3": "Каких бы [в мире] ни было живых существ – безногих или двуногих, четвероногих, многоногих, обладающих формой или бесформенных, обладающих восприятием или не обладающих восприятием, или ни обладающих восприятием, ни не обладающих восприятием – среди них Татхагата, Арахант, Полностью Просветлённый, считается наивысшим.",
  "an4.34:1.4": "Те, кто обладают уверенностью по отношению к Будде, имеют уверенность в наивысшем,",
  "an4.34:1.5": "а у тех, у кого имеется уверенность в наивысшем, наивысшим [становится] и результат.",
  "an4.34:2.1": "Каких бы [в мире] ни было феноменов, которые являются обусловленными, Благородный Восьмеричный Путь считается наивысшим из них.",
  "an4.34:2.2": "Те, у кого есть уверенность в Благородном Восьмеричном Пути, имеют уверенность в наивысшем,",
  "an4.34:2.3": "а у тех, у кого имеется уверенность в наивысшем, наивысшим [становится] и результат.",
  "an4.34:3.1": "Каких бы [в мире] ни было феноменов, которые являются либо обусловленными, либо необусловленными, бесстрастие считается наивысшим из них, то есть, сокрушение гордыни, устранение жажды, искоренение привязанности, прекращение круговерти [сансары], уничтожение жажды, бесстрастие, прекращение, ниббана.",
  "an4.34:3.2": "Те, у кого есть уверенность в Дхамме, в бесстрастии, имеют уверенность в наивысшем,",
  "an4.34:3.3": "а у тех, у кого имеется уверенность в наивысшем, наивысшим [становится] и результат.",
  "an4.34:4.1": "Каких бы [в мире] ни было Сангх или групп, Сангха учеников Татхагаты считается наивысшей из них, то есть, четыре пары или восемь типов личностей – это Сангха учеников Благословенного: достойная даров, достойная гостеприимства, достойная подношений, достойная уважения, непревзойдённое поле заслуг для мира.",
  "an4.34:4.2": "Те, у кого есть уверенность в Сангхе, имеют уверенность в наивысшем, ",
  "an4.34:4.3": "а у тех, у кого имеется уверенность в наивысшем, наивысшим [становится] и результат.",
  "an4.34:4.4": "Таковы четыре высочайших вида уверенности».",
  "an4.34:5.1": "«Доверием к высшему кто обладает,",
  "an4.34:5.2": "Знает кто высочайшую Дхамму,",
  "an4.34:5.3": "В Будде уверен кто, в высочайшем,",
  "an4.34:5.4": "В непревзойдённом, дарений достойном;",
  "an4.34:6.1": "Тот, в наивысшей кто Дхамме уверен,",
  "an4.34:6.2": "То есть, в блаженном покое бесстрастия,",
  "an4.34:6.3": "Тот, в высочайшей кто Сангхе уверен,",
  "an4.34:6.4": "Непревзойдённом поле заслуг;",
  "an4.34:7.1": "Тот, кто дары самым лучшим подносит –",
  "an4.34:7.2": "Тот в лучшем виде заслуг возрастает:",
  "an4.34:7.3": "Лучший срок жизни, и облик, и слава,",
  "an4.34:7.4": "Счастье и сила, благая молва.",
  "an4.34:8.1": "Мудрый, дары наивысшим дающий,",
  "an4.34:8.2": "Сосредоточен на Дхамме высокой.",
  "an4.34:8.3": "Став божеством или вновь человеком,",
  "an4.34:8.4": "Счастлив, ведь высшее смог обрести он».",
  "an4.34:8.5": "Четвёртая."
}