{
  "an4.102:0.1": "Восходящие Наставления 4.102",
  "an4.102:0.2": "Глава Валахака",
  "an4.102:0.3": "Сутта Облака Вторая",
  "an4.102:1.1": "«Монахи, есть четыре вида облаков.",
  "an4.102:1.2": "Какие четыре?",
  "an4.102:1.3": "то, которое грохочет, но из которого не идёт дождь;",
  "an4.102:1.4": "то, из которого идёт дождь, но которое не грохочет;",
  "an4.102:1.5": "то, которое не грохочет, и из которого не идёт дождь;",
  "an4.102:1.6": "то, которое и грохочет, и из которого идёт дождь.",
  "an4.102:1.7": "«Монахи, есть эти четыре вида облаков.",
  "an4.102:1.8": "Точно также, есть эти четыре типа личностей в мире, похожих на облака.",
  "an4.102:1.9": "Какие четыре?",
  "an4.102:1.10": "Тот, кто грохочет, но из кого не идёт дождь;",
  "an4.102:1.11": "тот, из кого идёт дождь, но кто не грохочет;",
  "an4.102:1.12": "тот, кто не грохочет, и из кого не идёт дождь;",
  "an4.102:1.13": "тот, кто и грохочет, и из кого идёт дождь.",
  "an4.102:2.1": "И каков, монахи, человек, который грохочет, но из кого не идёт дождь?",
  "an4.102:2.2": "Бывает так, когда некий человек осваивает Дхамму –",
  "an4.102:2.3": "лекции, стихи и прозу, описания, строфы, вдохновенные изречения, цитаты, истории рождения, чудесные случаи, вопросы и ответы –",
  "an4.102:2.4": "но он не понимает в соответствии с действительностью: «Это – боль», «Это – скапливание боли», «Это – истечение боли», «Это – к истечению боли ведущая практика»..",
  "an4.102:2.5": "Вот каким образом этот человек – тот, кто грохочет, но из кого не идёт дождь.",
  "an4.102:2.6": "Подобен облаку, которое грохочет, но из которого не идёт дождь, этот человек я говорю вам.",
  "an4.102:2.7": "этот человек я говорю вам.",
  "an4.102:3.1": "И каков человек, из которого идёт дождь, но который не грохочет?",
  "an4.102:3.2": "Бывает так, когда некий человек не осваивает Дхамму –",
  "an4.102:3.3": "лекции, стихи и прозу, описания, строфы, вдохновенные изречения, цитаты, истории рождения, чудесные случаи, вопросы и ответы –",
  "an4.102:3.4": "но он понимает в соответствии с действительностью: «Это – боль»… «Это – к истечению боли ведущая практика».",
  "an4.102:3.5": "Вот каким образом этот человек – тот, из кого идёт дождь, но кто не грохочет.",
  "an4.102:3.6": "Подобен облаку, из которого идёт дождь, но которое не грохочет",
  "an4.102:3.7": "этот человек, я говорю вам.",
  "an4.102:4.1": "И каков человек, который не грохочет, и из кого не идёт дождь?",
  "an4.102:4.2": "Бывает так, когда некий человек не осваивает Дхамму…",
  "an4.102:4.3": "",
  "an4.102:4.4": "и не понимает в соответствии с действительностью: «Это – боль»… «Это – к истечению боли ведущая практика». ",
  "an4.102:4.5": "Вот каким образом этот человек – тот, кто не грохочет, и из кого не идёт дождь.",
  "an4.102:4.6": "Подобен облаку, которое не грохочет, и из которого не идёт дождь",
  "an4.102:4.7": "этот человек я говорю вам.",
  "an4.102:5.1": "И каков человек, который и грохочет, и из кого идёт дождь?",
  "an4.102:5.2": "Бывает так, когда некий человек осваивает Дхамму…",
  "an4.102:5.3": "",
  "an4.102:5.4": "и понимает в соответствии с действительностью: «Это – боль»… «Это – к истечению боли ведущая практика».  ",
  "an4.102:5.5": "Вот каким образом этот человек – тот, кто грохочет, и из кого идёт дождь.",
  "an4.102:5.6": "Подобен облаку, которое и грохочет, и из которого идёт дождь",
  "an4.102:5.7": "этот человек я говорю вам.",
  "an4.102:5.8": "Таковы, монахи, четыре типа личностей, существующих в мире, похожих на облака».",
  "an4.102:5.9": "Вторая."
}