{
  "an4.19:0.1": "Восходящие Наставления 4.19",
  "an4.19:0.2": "Глава Чара",
  "an4.19:0.3": "Сутта Агати Третья",
  "an4.19:1.1": "«Монахи, есть эти четыре способа взять неправильный курс. ",
  "an4.19:1.2": "Какие четыре? ",
  "an4.19:1.3": "Человек берёт неправильный курс из-за желания, из-за злобы, из-за заблуждения, из-за страха. ",
  "an4.19:1.4": "Таковы четыре способа взять неправильный курс.",
  "an4.19:2.1": "Монахи, есть эти четыре способа не брать неправильный курс. ",
  "an4.19:2.2": "Какие четыре? ",
  "an4.19:2.3": "Человек не берёт неправильный курс из-за желания, из-за злобы, из-за заблуждения, из-за страха. ",
  "an4.19:2.4": "Таковы четыре способа не брать неправильный курс». ",
  "an4.19:3.1": "«Из-за желания, злобы, страха, заблуждения",
  "an4.19:3.2": "Он поступает так, что нарушает Дхамму.",
  "an4.19:3.3": "И его слава начинает убывать,",
  "an4.19:3.4": "Точно луна в период убывания.",
  "an4.19:4.1": "Когда он поступает так, что Дхамму он не нарушает",
  "an4.19:4.2": "Из-за желания, злобы, страха, заблуждения,",
  "an4.19:4.3": "То его слава начинает возрастать,",
  "an4.19:4.4": "Точно луна в период возрастания».",
  "an4.19:4.5": "Девятая."
}