{
  "an4.68:0.1": "Восходящие Наставления 4.68",
  "an4.68:0.2": "Глава Паттакамма",
  "an4.68:0.3": "Сутта Дэвадатта",
  "an4.68:1.1": "Однажды Благословенный пребывал в Раджагахе на горе под названием Пик Грифов вскоре после того, как Девадатта ушёл.",
  "an4.68:1.2": "И там в отношении Девадатты Благословенный обратился к монахам:",
  "an4.68:1.3": "«Монахи, приобретения, уважение, и похвала привели Девадатту к его собственному падению и погибели.",
  "an4.68:1.4": "к его собственному падению и погибели.",
  "an4.68:2.1": "Подобно тому, как банановая пальма даёт урожай к своему собственному падению и погибели,",
  "an4.68:2.2": "точно также, приобретения, уважение, и похвала привели Девадатту к его собственному падению и погибели.",
  "an4.68:3.1": "Подобно тому, как бамбук даёт урожай к своему собственному падению…",
  "an4.68:3.2": "точно также, приобретения, уважение, и похвала привели Девадатту к его собственному падению и погибели.",
  "an4.68:4.1": "Подобно тому, как камыш даёт урожай к своему собственному падению…",
  "an4.68:4.2": "точно также, приобретения, уважение, и похвала привели Девадатту к его собственному падению и погибели.",
  "an4.68:5.1": "Подобно тому, как мул беременеет к своему собственному падению и погибели,",
  "an4.68:5.2": "точно также, приобретения, уважение, и похвала привели Девадатту к его собственному падению и погибели».",
  "an4.68:6.1": "«Как свой же плод ведёт к погибели",
  "an4.68:6.2": "Бамбука, пальмы, тростника,",
  "an4.68:6.3": "И как зародыш убивает мула,",
  "an4.68:6.4": "То так и слава рушит негодяя».",
  "an4.68:6.5": "Восьмая."
}