{
  "an4.25:0.1": "Восходящие Наставления 4.25",
  "an4.25:0.2": "Глава Урувела",
  "an4.25:0.3": "Сутта Святая Жизнь",
  "an4.25:1.1": "«Монахи, эта святая жизнь ведётся не ради введения в заблуждение и обмана людей; не ради [получения] благ обретений, хвалы и уважения; не ради победы в спорах; не ради мысли: «Пусть люди знают меня таким».",
  "an4.25:1.2": "Но, вместо этого, эта святая жизнь ведётся ради сдержанности, оставления, бесстрастия, прекращения».",
  "an4.25:2.1": "«Благословенный святой жизни научил,",
  "an4.25:2.2": "Что без опоры на традицию ведёт к ниббане,",
  "an4.25:2.3": "Ведётся ради сдержанности,",
  "an4.25:2.4": "Ради оставления.",
  "an4.25:2.5": "Вот путь каков существ [всех] величайших,",
  "an4.25:2.6": "Идут которым [все] великие провидцы.",
  "an4.25:3.1": "Те, практикуют кто его,",
  "an4.25:3.2": "Как научил этому Будда,",
  "an4.25:3.3": "Под наставлением Учителя",
  "an4.25:3.4": "Страданиям конец положат».",
  "an4.25:3.5": "Пятая."
}