{
  "an4.118:0.1": "Восходящие Наставления 4.118",
  "an4.118:0.2": "Глава Кеси",
  "an4.118:0.3": "Сутта Вызывающий Чувство Срочности",
  "an4.118:1.1": "«Монахи, эти четыре вдохновляющие места следует увидеть представителям клана, наделённым верой. ",
  "an4.118:1.2": "Какие четыре?",
  "an4.118:1.3": "Место, где родился Татхагата – это вдохновляющее место, которое следует увидеть представителям клана, наделённым верой.",
  "an4.118:1.4": "Место, где Татхагата пробудился в непревзойдённое совершенное просветление – это вдохновляющее место, которое следует увидеть представителям клана, наделённым верой.",
  "an4.118:1.5": "Место, где Татхагата привёл в движение непревзойдённое колесо Дхаммы – это вдохновляющее место, которое следует увидеть представителям клана, наделённым верой.",
  "an4.118:1.6": "Место, где Татхагата достиг окончательной ниббаны посредством элемента ниббаны без остатка – это вдохновляющее место, которое следует увидеть представителям клана, наделённым верой.",
  "an4.118:1.7": "Таковы, монахи, четыре вдохновляющих места, которые следует увидеть представителям клана, наделённым верой».",
  "an4.118:1.8": "Восьмая."
}