{
  "an4.115:0.1": "Восходящие Наставления 4.115",
  "an4.115:0.2": "Глава Кеси",
  "an4.115:0.3": "Сутта Наг",
  "an4.115:1.1": "«Монахи, есть эти четыре случая с поступком. ",
  "an4.115:1.2": "Какие четыре?",
  "an4.115:1.3": "Бывает неприятный поступок, ",
  "an4.115:1.4": "который [в итоге] окажется вредным. ",
  "an4.115:1.5": "Бывает неприятный поступок, ",
  "an4.115:1.6": "который окажется полезным. ",
  "an4.115:1.7": "Бывает приятный поступок, ",
  "an4.115:1.8": "который окажется вредным. ",
  "an4.115:1.9": "Бывает приятный поступок, ",
  "an4.115:1.10": "который окажется полезным.",
  "an4.115:2.1": "Монахи, возьмём [в рассмотрение] первый случай с поступком, который неприятный ",
  "an4.115:2.2": "и [в итоге] окажется вредным. ",
  "an4.115:2.3": "Нужно рассматривать это так, что этот поступок не следует совершать из-за обоих обстоятельств: ",
  "an4.115:2.4": "потому что он неприятный, ",
  "an4.115:2.5": "и потому что он окажется вредным. ",
  "an4.115:2.6": "Нужно рассматривать это так, что этот ",
  "an4.115:2.7": "поступок не следует совершать ",
  "an4.115:2.8": "из-за обоих обстоятельств.",
  "an4.115:3.1": "Затем возьмём [в рассмотрение] случай с поступком, который неприятный ",
  "an4.115:3.2": "и [в итоге] окажется полезным. ",
  "an4.115:3.3": "Именно в этом случае можно понять, кто является глупцом, а кто – мудрецом, в отношении человеческой силы, человеческого усилия, человеческого старания. ",
  "an4.115:3.4": "Глупец не рассматривает так: ",
  "an4.115:3.5": "«Хотя этот поступок неприятно делать, всё же, он [в итоге] окажется полезным». ",
  "an4.115:3.6": "Поэтому он не делает этого поступка, ",
  "an4.115:3.7": "и его воздержание ",
  "an4.115:3.8": "от него окажется вредным. ",
  "an4.115:3.9": "Но мудрец рассматривает так: ",
  "an4.115:3.10": "«Хотя этот поступок неприятно делать, ",
  "an4.115:3.11": "всё же, он [в итоге] окажется полезным». ",
  "an4.115:3.12": "Поэтому он делает этот поступок, ",
  "an4.115:3.13": "и это [в итоге] оказывается полезным.",
  "an4.115:4.1": "Затем возьмём [в рассмотрение] случай с поступком, который приятный ",
  "an4.115:4.2": "и [в итоге] окажется вредным. ",
  "an4.115:4.3": "Именно в этом случае также можно понять, кто является глупцом, а кто – мудрецом, в отношении человеческой силы, человеческого усилия, человеческого старания. ",
  "an4.115:4.4": "Глупец не рассматривает так: ",
  "an4.115:4.5": "«Хотя этот поступок приятно делать, ",
  "an4.115:4.6": "всё же, он [в итоге] окажется вредным». ",
  "an4.115:4.7": "Поэтому он делает этот поступок, ",
  "an4.115:4.8": "и это [в итоге] оказывается вредным. ",
  "an4.115:4.9": "Но мудрец рассматривает так: ",
  "an4.115:4.10": "«Хотя этот поступок приятно делать, ",
  "an4.115:4.11": "всё же, он [в итоге] окажется вредным». ",
  "an4.115:4.12": "Поэтому он не делает этого поступка, ",
  "an4.115:4.13": "и его воздержание от него окажется полезным.",
  "an4.115:5.1": "Затем возьмём [в рассмотрение] случай с поступком, который приятный ",
  "an4.115:5.2": "и [в итоге] окажется полезным. ",
  "an4.115:5.3": "Нужно рассматривать это так, что этот поступок следует совершать из-за обоих обстоятельств: ",
  "an4.115:5.4": "потому что он приятный, и потому что он окажется полезным. ",
  "an4.115:5.5": "Нужно рассматривать это так, что этот поступок следует совершать из-за обоих обстоятельств.",
  "an4.115:5.6": "Таковы, монахи, четыре случая с поступком».",
  "an4.115:5.7": "Пятая."
}