{
  "an4.16:0.1": "Восходящие Наставления 4.16",
  "an4.16:0.2": "Глава Чара",
  "an4.16:0.3": "Сутта Утончённость",
  "an4.16:1.1": "«Монахи, есть эти четыре утончённости.",
  "an4.16:1.2": "Какие четыре?",
  "an4.16:1.3": "Вот монах обладает наивысшей утончённостью формы.",
  "an4.16:1.4": "Он не наблюдает какую-либо иную утончённость формы, более превосходную и возвышенную, нежели эта.",
  "an4.16:1.5": "Он не жаждет какой-либо иной утончённости формы, более превосходной и возвышенной, нежели эта.",
  "an4.16:1.6": "Он обладает наивысшей утончённостью чувства…",
  "an4.16:1.7": "",
  "an4.16:1.8": "",
  "an4.16:1.9": "Он обладает наивысшей утончённостью восприятия…",
  "an4.16:1.10": "",
  "an4.16:1.11": "",
  "an4.16:1.12": "Он обладает наивысшей утончённостью [умственных] формаций.",
  "an4.16:1.13": "Он не воспринимает какую-либо иную утончённость [умственных] формаций, более превосходную и возвышенную, нежели эта.",
  "an4.16:1.14": "Он не жаждет какой-либо иной утончённости [умственных] формаций, более превосходной и возвышенной, нежели эта.",
  "an4.16:1.15": "Таковы четыре утончённости».",
  "an4.16:2.1": "«Познав утончённость формы и",
  "an4.16:2.2": "Возникновение чувств;",
  "an4.16:2.3": "И то, восприятие как возникает,",
  "an4.16:2.4": "А также и то, где оно исчезает;",
  "an4.16:2.5": "Увидев формации все как чужие,",
  "an4.16:2.6": "Как муку, как не [настоящее] «я»,",
  "an4.16:3.1": "Монах этот тот, кто увидел всё верно,",
  "an4.16:3.2": "Спокоен, умиротворению рад.",
  "an4.16:3.3": "И носит последнее это он тело,",
  "an4.16:3.4": "Ведь он победил Мару с грудой его».",
  "an4.16:3.5": "Шестая."
}