{
  "an4.85:0.1": "Восходящие Наставления 4.85",
  "an4.85:0.2": "Глава Мачала",
  "an4.85:0.3": "Сутта Тамотама",
  "an4.85:1.1": "«Монахи, есть четыре типа личностей, существующих в мире. ",
  "an4.85:1.2": "Какие четыре?",
  "an4.85:1.3": "Тот, кто направляется из тьмы во тьму;",
  "an4.85:1.4": "Тот, кто направляется из тьмы к свету;",
  "an4.85:1.5": "Тот, кто направляется из света во тьму;",
  "an4.85:1.6": "Тот, кто направляется из света к свету.",
  "an4.85:2.1": "И какова, монахи, личность, что направляется из тьмы во тьму? ",
  "an4.85:2.2": "Вот некий человек родился в низшей семьей – семье чандал, работников по бамбуку, охотников, изготовителей повозок, собирателей цветов – [т.е.] в бедной семье, в которой мало еды и питья, и одежда добывается с трудом. ",
  "an4.85:2.3": "И он безобразен, некрасив, уродлив, [одолеваем] хроническими болезнями – плохо видит, калека, хромой, или парализован. Он не тот, кто получает еду, напитки, одежду и средства передвижения; гирлянды, благовония, мази; постели, жилища, и лампы. ",
  "an4.85:2.4": "Он совершает проступки телом, речью, умом. ",
  "an4.85:2.5": "Сделав так, после распада тела, после смерти, он перерождается в состоянии лишений, в плохом уделе, в нижних мирах, в аду. ",
  "an4.85:2.6": "Вот каким образом эта личность – это тот, кто направляется из тьмы во тьму.",
  "an4.85:3.1": "И какова личность, что направляется из тьмы к свету? ",
  "an4.85:3.2": "Вот некий человек родился в низшей семьей… ",
  "an4.85:3.3": "одежда добывается с трудом. И он безобразен… парализован. Он не тот, кто получает еду, напитки… жилища, и лампы. ",
  "an4.85:3.4": "Он совершает благие поступки телом, речью, умом. ",
  "an4.85:3.5": "Сделав так, после распада тела, после смерти, он перерождается в благом уделе, в небесном мире. ",
  "an4.85:3.6": "Вот каким образом эта личность – это тот, кто направляется из тьмы к свету.",
  "an4.85:4.1": "И какова личность, что направляется из света во тьму? ",
  "an4.85:4.2": "Вот некий человек родился в высшей семье – зажиточной семье кхаттиев, зажиточной семье брахманов, зажиточной семье домохозяев – с большим богатством и имуществом, с запасами золота и серебра, с владениями и продовольствием, с обилием ценностей и зерна. ",
  "an4.85:4.3": "И он красив, привлекателен, изящен, наделён величайшей красотой своего облика. Он получает еду, напитки, одежду, и средства передвижения; гирлянды, благовония, мази; постели, жилища, и лампы. ",
  "an4.85:4.4": "Он совершает проступки телом, речью, умом. ",
  "an4.85:4.5": "Сделав так, после распада тела, после смерти, он перерождается в состоянии лишений, в плохом уделе, в нижних мирах, в аду. ",
  "an4.85:4.6": "Вот каким образом эта личность – это тот, кто направляется из света во тьму.",
  "an4.85:5.1": "И какова личность, что направляется из света к свету? ",
  "an4.85:5.2": "Вот некий человек родился в высшей семье… ",
  "an4.85:5.3": "с обилием ценностей и зерна. И он красив… Он получает еду… жилища, и лампы. ",
  "an4.85:5.4": "Он совершает благие поступки телом, речью, умом. ",
  "an4.85:5.5": "Сделав так, после распада тела, после смерти, он перерождается в благом уделе, в небесном мире. ",
  "an4.85:5.6": "Вот каким образом эта личность – это тот, кто направляется из света к свету.",
  "an4.85:5.7": "Таковы, монахи, четыре типа личностей, существующих в мире».",
  "an4.85:5.8": "Пятая."
}