{
  "an4.130:0.1": "Восходящие Наставления 4.130",
  "an4.130:0.2": "Глава Бхая",
  "an4.130:0.3": "Сутта Поразительный Четвёртая",
  "an4.130:1.1": "«Монахи, есть эти четыре удивительных и поразительных вещи в отношении царя-миродержца.",
  "an4.130:1.2": "Какие четыре?",
  "an4.130:1.3": "Если собрание кхаттиев приходит повидать царя-миродержца, то они воодушевлены, когда видят его.",
  "an4.130:1.4": "Если царь-миродержец разговаривает с ними, то они также воодушевлены его речью,",
  "an4.130:1.5": "и это собрание кхаттиев всё ещё желает слушать, когда царь-миродержец замолкает.",
  "an4.130:2.1": "Если собрание брахманов…",
  "an4.130:2.2": "",
  "an4.130:2.3": "",
  "an4.130:3.1": "Если собрание домохозяев…",
  "an4.130:3.2": "",
  "an4.130:3.3": "",
  "an4.130:4.1": "Если собрание отшельников приходит повидать царя-миродержца, то они воодушевлены, когда видят его.",
  "an4.130:4.2": "Если царь-миродержец разговаривает с ними, то они также воодушевлены его речью,",
  "an4.130:4.3": "и это собрание отшельников всё ещё желает слушать, когда царь-миродержец замолкает.",
  "an4.130:4.4": "Таковы, монахи, четыре удивительных и поразительных вещи в отношении царя-миродержца.",
  "an4.130:5.1": "Точно также, монахи, есть эти четыре удивительных и поразительных вещи в отношении Ананды.",
  "an4.130:5.2": "Какие четыре?…",
  "an4.130:5.3": "",
  "an4.130:5.4": "",
  "an4.130:5.5": "",
  "an4.130:6.1": "",
  "an4.130:6.2": "",
  "an4.130:6.3": "",
  "an4.130:6.4": "…Таковы, монахи, четыре удивительных и поразительных вещи в отношении Ананды».",
  "an4.130:6.5": "Десятая.",
  "an4.130:6.6": "Глава Бхая Третья.",
  "an4.130:7.0": "Оглавление",
  "an4.130:7.1": "",
  "an4.130:7.2": "",
  "an4.130:7.3": "",
  "an4.130:7.4": ""
}