{
  "an4.148:0.1": "Восходящие Наставления 4.148",
  "an4.148:0.2": "Глава Абха ",
  "an4.148:0.3": "Сутта Неблагое поведение ",
  "an4.148:1.1": "«Монахи, есть эти четыре вида неблагого словесного поведения. ",
  "an4.148:1.2": "Какие четыре? ",
  "an4.148:1.3": "Лживая речь, речь, сеющая распри, грубая речь, пустословие. ",
  "an4.148:1.4": "Таковы четыре вида неблагого словесного поведения». ",
  "an4.148:1.5": "Восьмая."
}