{
  "an1.170:0.1": "Восходящие Наставления 1.170-187",
  "an1.170:0.2": "Глава Одна Личность ",
  "an1.170:1.0": "1",
  "an1.170:1.1": "«Монахи, есть одна личность, которая возникает в мире ради благополучия многих людей, ради счастья многих людей, ради блага, благополучия, и счастья людей и божеств. ",
  "an1.170:1.2": "Какая одна? ",
  "an1.170:1.3": "Татхагата, Арахант, Полностью Просветлённый. ",
  "an1.170:1.4": "Эта одна личность… счастья людей и божеств».",
  "an1.171:1.0": "2",
  "an1.171:1.1": "«Монахи, есть одна личность, которая редко возникает в мире. ",
  "an1.171:1.2": "Какая одна? ",
  "an1.171:1.3": "Татхагата, Арахант, Полностью Просветлённый. ",
  "an1.171:1.4": "Эта одна личность, монахи, редко возникает в мире».",
  "an1.172:1.0": "3",
  "an1.172:1.1": "«Монахи, есть одна необычайная личность, которая возникает в мире.",
  "an1.172:1.2": "Какая одна? ",
  "an1.172:1.3": "Татхагата, Арахант, Полностью Просветлённый. ",
  "an1.172:1.4": "Эта, монахи, одна необычайная личность, которая возникает в мире.",
  "an1.173:1.0": "4",
  "an1.173:1.1": "«Монахи, смерть одной личности оплакивается многими.",
  "an1.173:1.2": "Какая одна? ",
  "an1.173:1.3": "Татхагата, Арахант, Полностью Просветлённый. ",
  "an1.173:1.4": "Этой, монахи, смерть личности оплакивается многими.",
  "an1.174:1.0": "5",
  "an1.174:1.1": "«Монахи, есть одна личность, возникающая в мире, которая уникальна, не имеет ровни, не имеет аналога, бесподобная, несравненная, непревзойдённая, не имеющая себе равных, высочайшая среди двуногих.",
  "an1.174:1.2": "Какая одна? ",
  "an1.174:1.3": "Татхагата, Арахант, Полностью Просветлённый. ",
  "an1.174:1.4": "Этой, монахи,  одна личность, возникающая в мире, которая уникальна, не имеет ровни, не имеет аналога, бесподобная, несравненная, непревзойдённая, не имеющая себе равных, высочайшая среди двуногих.",
  "an1.175-186:1.0": "6-19",
  "an1.175-186:1.1": "«Монахи, проявление одной личности является проявлением великого видения… проявлением великого света… проявление великого сияния… проявлением шести непревзойдённых вещей… реализацией четырёх аналитических знаний… проникновением в многочисленные элементы… проникновением в разнообразие элементов… реализацией плода истинного знания и освобождения… реализацией плода вступления в поток… реализацией плода однажды-возвращения… реализацией плода не-возвращения… реализацией плода арахантства. ",
  "an1.175-186:1.2": "Какой одной? ",
  "an1.175-186:1.3": "Татхагаты, Араханта, Полностью Пробуждённого.  ",
  "an1.175-186:1.4": "Проявление, монахи, этой личности является проявлением великого видения… проявлением великого света… проявление великого сияния… проявлением шести непревзойдённых вещей… реализацией четырёх аналитических знаний… проникновением в многочисленные элементы… проникновением в разнообразие элементов… реализацией плода истинного знания и освобождения… реализацией плода вступления в поток… реализацией плода однажды-возвращения… реализацией плода не-возвращения… реализацией плода арахантства ",
  "an1.187:1.0": "20",
  "an1.187:1.1": "«Монахи, я не вижу даже одной личности кроме Сарипутты, которая бы подобающе поддерживала вращение непревзойдённого колеса Дхаммы, которое привёл в движение Татхагата. ",
  "an1.187:1.2": "Сарипутта подобающе поддерживает вращение непревзойдённого колеса Дхаммы, которое привёл в движение Татхагата».",
  "an1.187:1.3": "Глава Одна Личность Тринадцатая."
}