{
  "an1.296:0.1": "Восходящие Наставления 1.296-305",
  "an1.296:0.2": "Глава Первая",
  "an1.296:1.0": "1",
  "an1.296:1.1": "«Монахи, есть одна вещь, которая будучи развитой и взращенной, всецело ведёт к утрате очарованности, к бесстрастию, к прекращению, к покою, к прямому знанию, к просветлению, к ниббане. ",
  "an1.296:1.2": "Какая одна вещь? ",
  "an1.296:1.3": "Памятование о Будде. ",
  "an1.296:1.4": "Такова одна вещь, которая будучи развитой и взращенной, всецело ведёт… к ниббане». ",
  "an1.297-305:1.0": "2-",
  "an1.297-305:1.1": "«Монахи, есть одна вещь, которая будучи развитой и взращенной, всецело ведёт к утрате очарованности, к бесстрастию, к прекращению, к покою, к прямому знанию, к просветлению, к ниббане. ",
  "an1.297-305:1.2": "Какая одна вещь? ",
  "an1.297-305:1.3": "Памятование о Дхамме… памятование о Сангхе… памятование о нравственности… памятование о щедрости… памятование о божествах… осознанность к дыханию… осознанность к смерти… осознанность, направленная к телу… памятование о покое ",
  "an1.297-305:1.4": "Такова одна вещь, которая будучи развитой и взращенной, всецело ведёт… к ниббане». ",
  "an1.297-305:1.5": "Глава Первая."
}