{
  "an1.394:0.1": "Восходящие Наставления 1.394-574",
  "an1.394:0.2": "Глава Дргуая Аччхарасангхата",
  "an1.394:1.0": "1",
  "an1.394:1.1": "«Монахи, если монах даже на время, за которое можно лишь щёлкнуть пальцами, развивает первую джхану, то он зовётся монахом, ",
  "an1.394:1.2": "который не лишён джханы, который поступает в соответствии с учением Учителя, который отзывается на его совет, и который не ест понапрасну еду, полученную как подаяние в округе. ",
  "an1.394:1.3": "Что уж говорить о тех, кто [постоянно] взращивает её!».",
  "an1.395:1.0": "2-",
  "an1.395:1.1": "развивает вторую джхану…",
  "an1.396:1.1": "развивает третью джхану…",
  "an1.397:1.1": "развивает четвёртую джхану…",
  "an1.398:1.1": "развивает освобождение ума доброжелательностью…",
  "an1.399:1.1": "развивает освобождение ума состраданием…",
  "an1.400:1.1": "развивает освобождение ума сорадованием…",
  "an1.401:1.1": "развивает освобождение ума невозмутимостью… ",
  "an1.402:1.0": "",
  "an1.402:1.1": "пребывает в созерцании тела в теле будучи старательным, бдительным, решительным, устранив влечение и недовольство к миру…",
  "an1.403:1.1": "…чувств в чувствах…",
  "an1.404:1.1": "…ума в уме…",
  "an1.405:1.1": "…феноменов в феноменах… ",
  "an1.406:1.0": "",
  "an1.406:1.1": "порождает желание к не-возникновению невозникших плохих, неблагих качеств, прилагает усилие, зарождает усердие, направляет на это ум, старается…",
  "an1.407:1.1": "…к оставлению возникших плохих, неблагих качеств…",
  "an1.408:1.1": "…к возникновению невозникших благих качеств…",
  "an1.409:1.1": "…к поддержанию возникших благих качеств ради их не-упадка, увеличения, возрастания и осуществления посредством развития; прилагает усилие, зарождает усердие, направляет на это ум, старается.",
  "an1.410:1.0": "",
  "an1.410:1.1": "развивает основу сверхъестественных сил, которая наделена сосредоточением из-за желания и [из-за] формирователей старания…",
  "an1.411:1.1": "…из-за усердия…",
  "an1.412:1.1": "…из-за ума…",
  "an1.413:1.1": "…из-за исследования… ",
  "an1.414:1.0": "",
  "an1.414:1.1": "развивает качество веры…",
  "an1.415:1.1": "развивает качество усердия…",
  "an1.416:1.1": "развивает качество осознанности…",
  "an1.417:1.1": "развивает качество сосредоточения…",
  "an1.418:1.1": "развивает качество мудрости…",
  "an1.419:1.0": "",
  "an1.419:1.1": "развивает силу веры…",
  "an1.420:1.1": "развивает силу усердия…",
  "an1.421:1.1": "развивает силу осознанности…",
  "an1.422:1.1": "развивает силу сосредоточения…",
  "an1.423:1.1": "развивает силу мудрости… ",
  "an1.424:1.0": "",
  "an1.424:1.1": "развивает осознанность как фактор просветления…",
  "an1.425:1.1": "развивает исследование феноменов как фактор просветления…",
  "an1.426:1.1": "развивает усердие как фактор просветления…",
  "an1.427:1.1": "развивает восторг как фактор просветления…",
  "an1.428:1.1": "развивает безмятежность как фактор просветления…",
  "an1.429:1.1": "развивает сосредоточение как фактор просветления…",
  "an1.430:1.1": "развивает невозмутимость как фактор просветления… ",
  "an1.431:1.0": "",
  "an1.431:1.1": "развивает Правильные Воззрения…",
  "an1.432:1.1": "развивает Правильное Устремление…",
  "an1.433:1.1": "развивает Правильную Речь…",
  "an1.434:1.1": "развивает Правильные Действия…",
  "an1.435:1.1": "развивает Правильные Средства к жизни…",
  "an1.436:1.1": "развивает Правильные Усилия…",
  "an1.437:1.1": "развивает Правильную Осознанность…",
  "an1.438:1.1": "развивает Правильное Сосредоточение… ",
  "an1.439:1.0": "",
  "an1.439:1.1": "воспринимая формы внутренне, видит формы внешне ограниченные, красивые или уродливые. ",
  "an1.439:1.2": "Преодолев их, ",
  "an1.439:1.3": "«Я знаю, я вижу»…",
  "an1.439:1.4": "он воспринимает так.",
  "an1.440:1.1": "…воспринимая формы внутренне, видит формы внешне безмерные, красивые или уродливые…",
  "an1.440:1.2": "Преодолев их, ",
  "an1.440:1.3": "«Я знаю, я вижу»…",
  "an1.440:1.4": "он воспринимает так.",
  "an1.441:1.1": "…внутренне сознающий нематериальное внешние объекты видит ограниченные, красивые или уродливые…",
  "an1.441:1.2": "Преодолев их, ",
  "an1.441:1.3": "«Я знаю, я вижу»…",
  "an1.441:1.4": "он воспринимает так.",
  "an1.442:1.1": "…внутренне сознающий нематериальное внешние объекты видит неизмеримые, красивые или уродливые…",
  "an1.442:1.2": "Преодолев их, ",
  "an1.442:1.3": "«Я знаю, я вижу»…",
  "an1.442:1.4": "он воспринимает так.",
  "an1.443:1.1": "…внутренне сознающий нематериальное внешние объекты видит голубые, голубого цвета, с голубым тоном, с голубым оттенком…",
  "an1.443:1.2": "Преодолев их, ",
  "an1.443:1.3": "«Я знаю, я вижу»…",
  "an1.443:1.4": "он воспринимает так.",
  "an1.444:1.1": "…внутренне сознающий нематериальное внешние объекты видит жёлтые, жёлтого цвета, с жёлтым тоном, с жёлтым оттенком…",
  "an1.444:1.2": "Преодолев их, ",
  "an1.444:1.3": "«Я знаю, я вижу»…",
  "an1.444:1.4": "он воспринимает так.",
  "an1.445:1.1": "…внутренне сознающий нематериальное внешние объекты видит красные, красного цвета, с красным тоном, с красным оттенком…",
  "an1.445:1.2": "Преодолев их, ",
  "an1.445:1.3": "«Я знаю, я вижу»…",
  "an1.445:1.4": "он воспринимает так.",
  "an1.446:1.1": "…внутренне сознающий нематериальное внешние объекты видит белые, белого цвета, с белым тоном, с белым оттенком. ",
  "an1.446:1.2": "Преодолев их, ",
  "an1.446:1.3": "«Я знаю, я вижу»…",
  "an1.446:1.4": "он воспринимает так.",
  "an1.447:1.0": "",
  "an1.447:1.1": "обладая формой, видит форму…",
  "an1.448:1.1": "внутренне нематериальный внешние объекты видит",
  "an1.449:1.1": "сфокусирован только на «красивом»… ",
  "an1.450:1.1": "с полным преодолением восприятий форм, с угасанием восприятий, вызываемых органами чувств, не обращающий внимания на восприятие множественности, [воспринимая]: «пространство безгранично», он входит и пребывает в сфере безграничного пространства…",
  "an1.451:1.1": "с полным преодолением сферы безграничного пространства, [воспринимая]: «сознание безгранично», он входит и пребывает в сфере безграничного сознания…",
  "an1.452:1.1": "с полным преодолением сферы безграничного сознания, [воспринимая]: «здесь ничего нет», он входит и пребывает в сфере отсутствия всего…",
  "an1.453:1.1": "с полным преодолением сферы отсутствия всего он входит и пребывает в сфере ни восприятия ни не-восприятия…",
  "an1.454:1.1": "с полным преодолением сферы ни восприятия ни не-восприятия он входит и пребывает в прекращении восприятия и чувствования… ",
  "an1.455:1.0": "",
  "an1.455:1.1": "развивает тотальность земли…",
  "an1.456:1.1": "развивает тотальность воды…",
  "an1.457:1.1": "развивает тотальность огня…",
  "an1.458:1.1": "развивает тотальность воздуха…",
  "an1.459:1.1": "развивает тотальность голубого…",
  "an1.460:1.1": "развивает тотальность жёлтого…",
  "an1.461:1.1": "развивает тотальность красного…",
  "an1.462:1.1": "развивает тотальность белого…",
  "an1.463:1.1": "развивает тотальность пространства…",
  "an1.464:1.1": "развивает тотальность сознания… ",
  "an1.465:1.0": "",
  "an1.465:1.1": "развивает восприятие непривлекательности…",
  "an1.466:1.1": "развивает восприятие смерти…",
  "an1.467:1.1": "развивает восприятие отвратительности еды…",
  "an1.468:1.1": "развивает восприятие не-восхищения целым миром…",
  "an1.469:1.1": "развивает восприятие ненадежность…",
  "an1.470:1.1": "развивает восприятие болезненности в ненадежном…",
  "an1.471:1.1": "развивает восприятие безличностности в болезненном…",
  "an1.472:1.1": "развивает восприятие оставления…",
  "an1.473:1.1": "развивает восприятие бесстрастия…",
  "an1.474:1.1": "развивает восприятие прекращения…",
  "an1.475:1.0": "",
  "an1.475:1.1": "развивает восприятие ненадежности…",
  "an1.476:1.1": "развивает восприятие безличностности…",
  "an1.477:1.1": "развивает восприятие смерти…",
  "an1.478:1.1": "развивает восприятие отвратительности еды…",
  "an1.479:1.1": "развивает восприятие не-восхищения целым миром…",
  "an1.480:1.1": "развивает восприятие скелета…",
  "an1.481:1.1": "развивает восприятие червивого трупа…",
  "an1.482:1.1": "развивает восприятие мёртвенно-бледного…",
  "an1.483:1.1": "развивает восприятие расчленённого трупа…",
  "an1.484:1.1": "развивает восприятие вздутого трупа… ",
  "an1.485:1.0": "",
  "an1.485:1.1": "развивает памятование о Будде…",
  "an1.486:1.1": "развивает памятование о Дхамме…",
  "an1.487:1.1": "развивает памятование о Сангхе…",
  "an1.488:1.1": "развивает памятование о нравственности…",
  "an1.489:1.1": "развивает памятование о щедрости…",
  "an1.490:1.1": "развивает памятование о божествах…",
  "an1.491:1.1": "развивает осознанность к дыханию…",
  "an1.492:1.1": "развивает осознанность к смерти…",
  "an1.493:1.1": "развивает осознанность, направленную к телу…",
  "an1.494:1.1": "развивает памятование о покое… ",
  "an1.495:1.0": "",
  "an1.495:1.1": "развивает качество веры, сопровождаемое первой джханой…",
  "an1.496:1.1": "развивает качество усердия…",
  "an1.497:1.1": "развивает качество осознанности…",
  "an1.498:1.1": "развивает качество сосредоточения…",
  "an1.499:1.1": "развивает качество мудрости…",
  "an1.500:1.1": "развивает силу веры, сопровождаемую первой джханой…",
  "an1.501:1.1": "развивает силу усердия…",
  "an1.502:1.1": "развивает силу осознанности…",
  "an1.503:1.1": "развивает силу сосредоточения…",
  "an1.504:1.1": "развивает силу мудрости… ",
  "an1.505-514:1.1": "развивает качество веры, сопровождаемое второй джханой…",
  "an1.515-524:1.1": "развивает качество веры, сопровождаемое третьей джханой…",
  "an1.525-534:1.1": "развивает качество веры, сопровождаемое четвёртой джханой…",
  "an1.535-544:1.1": "развивает качество веры, сопровождаемое доброжелательностью…",
  "an1.545-554:1.1": "развивает качество веры, сопровождаемое состраданием…",
  "an1.555-564:1.1": "развивает качество веры, сопровождаемое сорадованием…",
  "an1.565:1.1": "развивает качество веры, сопровождаемое невозмутимостью…",
  "an1.566:1.1": "развивает качество усердия…",
  "an1.567:1.1": "развивает качество осознанности…",
  "an1.568:1.1": "развивает качество сосредоточения…",
  "an1.569:1.1": "развивает качество мудрости…",
  "an1.570:1.1": "развивает силу веры, сопровождаемую невозмутимостью…",
  "an1.571:1.1": "развивает силу усердия…",
  "an1.572:1.1": "развивает силу осознанности…",
  "an1.573:1.1": "развивает силу сосредоточения…",
  "an1.574:1.1": "развивает силу мудрости…",
  "an1.574:2.1": "то он зовётся, монахи, ",
  "an1.574:2.2": "тем который не лишён джханы, который поступает в соответствии с учением Учителя, который отзывается на его совет, и который не ест понапрасну еду, полученную как подаяние в округе. ",
  "an1.574:2.3": "Что уж говорить о тех, кто [постоянно] взращивает её!».",
  "an1.574:2.4": "(Глава Дргуая Аччхарасангхата.)"
}