{
  "an1.21:0.1": "Ангуттара Никая 1.21–30 ",
  "an1.21:0.2": "3. Неподатливый ",
  "an1.21:1.0": "21 ",
  "an1.21:1.1": "«Монахи, я не вижу ни одной другой вещи помимо ума, которая, будучи неразвитой, была бы настолько неподатливой. ",
  "an1.21:1.2": "Неразвитый ум является неподатливым». ",
  "an1.22:1.0": "22 ",
  "an1.22:1.1": "“«Монахи, я не вижу ни одной другой вещи помимо ума, которая, будучи развитой, была бы настолько податливой. ",
  "an1.22:1.2": "Развитый ум является податливым». ",
  "an1.23:1.0": "23 ",
  "an1.23:1.1": "«Монахи, я не вижу ни одной другой вещи помимо ума, которая, будучи неразвитой, вела бы к такому величайшему вреду. ",
  "an1.23:1.2": "Неразвитый ум ведёт к величайшему вреду». ",
  "an1.24:1.0": "24 ",
  "an1.24:1.1": "«Монахи, я не вижу ни одной другой вещи помимо ума, которая, будучи развитой, вела бы к такому величайшему благу. ",
  "an1.24:1.2": "Развитый ум ведёт к величайшему благу». ",
  "an1.25:1.0": "25 ",
  "an1.25:1.1": "«Монахи, я не вижу ни одной другой вещи помимо ума, которая, будучи неразвитой и непроявленной, вела бы к такому величайшему вреду. ",
  "an1.25:1.2": "Неразвитый и непроявленный ум ведёт к величайшему вреду». ",
  "an1.26:1.0": "26 ",
  "an1.26:1.1": "«Монахи, я не вижу ни одной другой вещи помимо ума, которая, будучи развитой и проявленной, вела бы к такому величайшему благу. ",
  "an1.26:1.2": "Развитый и проявленный ум ведёт к величайшему благу». ",
  "an1.27:1.0": "27 ",
  "an1.27:1.1": "«Монахи, я не вижу ни одной другой вещи помимо ума, которая, будучи неразвитой и невзращенной, вела бы к такому величайшему вреду. ",
  "an1.27:1.2": "Неразвитый и невзращенный ум ведёт к величайшему вреду». ",
  "an1.28:1.0": "28 ",
  "an1.28:1.1": "«Монахи, я не вижу ни одной другой вещи помимо ума, которая, будучи развитой и взращенной, вела бы к такому величайшему благу. ",
  "an1.28:1.2": "Развитый и взращенный ум ведёт к величайшему благу». ",
  "an1.29:1.0": "29 ",
  "an1.29:1.1": "«Монахи, я не вижу ни одной другой вещи помимо ума, которая, будучи неразвитой и невзращенной, приносила бы такое страдание. ",
  "an1.29:1.2": "Неразвитый и невзращенный ум приносит страдание». ",
  "an1.30:1.0": "30 ",
  "an1.30:1.1": "«Монахи, я не вижу ни одной другой вещи помимо ума, которая, будучи развитой и взращенной, приносила бы такое счастье. ",
  "an1.30:1.2": "Развитый и взращенный ум приносит счастье». "
}