{
  "an1.188:0.1": "Восходящие Наставления 1.188-197",
  "an1.188:0.2": "Глава Первая",
  "an1.188:1.1": "«Монахи, самым выдающимся моим учеником среди монахов в плане старшинства является Анньяконданнья».",
  "an1.189:1.1": "…среди монахов, которые обладают великой мудростью, является Сарипутта».",
  "an1.190:1.1": "…среди монахов, которые обладают сверхъестественными силами, является Махамоггаллана».",
  "an1.191:1.1": "…среди монахов, которые разъясняют аскетические практики, является Махакассапа».",
  "an1.192:1.1": "…среди монахов, которые обладают божественным глазом, является Ануруддха».",
  "an1.193:1.1": "…среди монахов, которые происходят из знатных семей, является Бхаддия Калигодхаяпутта».",
  "an1.194:1.1": "…среди монахов, которые обладают приятным голосом, является Лакунтака Бхаддия»..",
  "an1.195:1.1": "…среди монахов, которые рычат львиным рыком, является Пиндола Бхарадваджа».",
  "an1.196:1.1": "…среди монахов, которые являются ораторами Дхаммы, является Пунна Мантанипутта».",
  "an1.197:1.1": "…среди монахов, которые объясняют в подробностях то, о чём было сказано кратко, является Махакаччана».",
  "an1.197:1.2": "Глава Первая."
}