{
  "an1.150:0.1": "Восходящие Наставления 1.150-169",
  "an1.150:0.2": "Глава Анапатти",
  "an1.150:1.0": "1",
  "an1.150:1.1": "«Монахи, те монахи, которые объясняют то, что не является проступком как проступок, действуют ради вреда многих людей, ради несчастья многих людей, ради погибели, вреда, и страдания многих людей и божеств. ",
  "an1.150:1.2": "Эти монахи порождают множество неблагих заслуг и делают так, что эта благая Дхамма исчезает».",
  "an1.150:1.3": "Первая.",
  "an1.151:1.0": "2",
  "an1.151:1.1": "«Монахи, те монахи, которые объясняют то, что является проступком как не проступок, действуют ради вреда многих людей, ради несчастья многих людей, ради погибели, вреда, и страдания многих людей и божеств. ",
  "an1.151:1.2": "Эти монахи порождают множество неблагих заслуг и делают так, что эта благая Дхамма исчезает».",
  "an1.151:1.3": "Вторая.",
  "an1.152-159:1.0": "3-10",
  "an1.152-159:1.1": "«Монахи, те монахи, которые объясняют незначительный проступок как серьёзный проступок… серьёзный проступок как незначительный проступок… грубый проступок как негрубый проступок… проступок, который не является грубым как грубый… исправимый проступок как неисправимый проступок… неисправимый проступок как исправимый проступок… проступок с исправлением как проступок без исправления… проступок без исправления как проступок с исправлением, действуют ради вреда многих людей, ради несчастья многих людей, ради погибели, вреда, и страдания многих людей и божеств. ",
  "an1.152-159:1.2": "Эти монахи порождают множество неблагих заслуг и делают так, что эта благая Дхамма исчезает».",
  "an1.152-159:1.3": "Десятая.",
  "an1.160:1.0": "11",
  "an1.160:1.1": "«Монахи, те монахи, которые объясняют то, что не является проступком как не проступок, действуют ради благополучия многих людей, ради счастья многих людей, ради блага, благополучия, и счастья многих людей и божеств. ",
  "an1.160:1.2": "Эти монахи порождают множество благих заслуг и продлевают эту благую Дхамму».",
  "an1.160:1.3": "Одиннадцатая.",
  "an1.161:1.0": "12",
  "an1.161:1.1": "«Монахи, те монахи, которые объясняют то, что является проступком как проступок, действуют ради благополучия многих людей, ради счастья многих людей, ради блага, благополучия, и счастья многих людей и божеств. ",
  "an1.161:1.2": "Эти монахи порождают множество благих заслуг и продлевают эту благую Дхамму».",
  "an1.161:1.3": "Двенадцатая.",
  "an1.162-169:1.0": "13-20",
  "an1.162-169:1.1": "«Монахи, те монахи, которые объясняют незначительный проступок как незначительный проступок… серьёзный проступок как серьёзный проступок… грубый проступок как грубый проступок… проступок, который не является грубым, как негрубый… исправимый проступок как исправимый проступок… неисправимый проступок как неисправимый проступок… проступок с исправлением как проступок с исправлением… проступок без исправления как проступок без исправления, ",
  "an1.162-169:1.2": "действуют ради благополучия многих людей, ради счастья многих людей, ради блага, благополучия, и счастья многих людей и божеств. ",
  "an1.162-169:1.3": "Эти монахи порождают множество благих заслуг и продлевают эту благую Дхамму».",
  "an1.162-169:1.4": "Двадцатая.",
  "an1.162-169:1.5": "Глава Анапатти Двенадцатая."
}