{
  "sn48.6:0.1": "Связанные Наставления 48.6",
  "sn48.6:0.2": "Глава Чистая",
  "sn48.6:0.3": "Сутта Шаман-Брахман Первая",
  "sn48.6:1.1": "“Эти пять, монахи, способностей.",
  "sn48.6:1.2": "Какие пять?",
  "sn48.6:1.3": "Способность веры.. способность понимания.",
  "sn48.6:1.4": "Какие-либо, монахи, шаманы или брахманы, которые этих пяти способностей и привлекательность, и недостаток-опасность, и убежище как-есть не понимают,",
  "sn48.6:1.5": "те для меня, монахи, не шаманы и не брахманы или не из шаманов близких шаманам и не из брахманов близких брахманам; и эти уважаемые в цели шаманства или в цели брахманства в видимой действительности лично познав, реализовав, достигнув, не пребывают.",
  "sn48.6:2.1": "Но какие-либо, монахи, шаманы или брахманы, которые этих пяти способностей и привлекательность, и недостаток-опасность, и убежище как-есть понимают,",
  "sn48.6:2.2": "те для меня, монахи, шаманы и брахманы или из шаманов близких шаманам и из брахманов близких брахманам; и эти уважаемые в цели шаманства или в цели брахманства в видимой действительности лично познав, реализовав, достигнув, пребывают”.",
  "sn48.6:2.3": "Шестая."
}