{
  "sn48.33:0.1": "Связанные Наставления 48.33",
  "sn48.33:0.2": "Глава Сукхиндрия",
  "sn48.33:0.3": "Сутта Арахант",
  "sn48.33:1.1": "“Эти пять, монахи, способностей.",
  "sn48.33:1.2": "Какие пять?",
  "sn48.33:1.3": "Приятно-способность, боле-способность, удовольствие-способность, недовольство-способность, просто-смотрения-способность—",
  "sn48.33:1.4": "И который, монахи, благородно-слушатель этих пяти способностей и схождение, и захождение, и привлекательность, и недостаток-опасность, и убежище как-есть увидев освобождённым не поддерживанием является —",
  "sn48.33:1.5": "тот зовётся, монахи, монах арахант, прекративший выделение, завершивший, сделавший, что должно сделать, сбросивший груз, достигший высшей цели, полностью исчерпавший связанность индивидуального существования, правильным знанием освобождённый”.",
  "sn48.33:1.6": "Третья."
}