{
 "sn48.70:0.1": "Связанные Наставления 48.70",
 "sn48.70:0.2": "Глава Бодхипаккхия",
 "sn48.70:0.3": "Сутта Дерево Четвёртая",
 "sn48.70:1.1": "“Это как, монахи, из каких-либо деревьев Супанн, кутасимбали считается наилучшим (верхом);",
 "sn48.70:1.2": "и именно так, монахи, из каких-либо явлений в крыле Пробуждения, способность понимания их них считается наилучшей, в частности—для Пробуждёния.",
 "sn48.70:1.3": "И каковы они, монахи, явления из крыла Пробуждения?",
 "sn48.70:1.4": "Способность веры, монахи, — явление из крыла Пробуждения, она приводит к Пробуждению… способность понимания — явление из крыла Пробуждения, она приводит к Пробуждению.",
 "sn48.70:1.5": "Это как, монахи, из каких-либо деревьев Супанн, кутасимбали считается наилучшим;",
 "sn48.70:1.6": "и именно так, монахи, из каких-либо явлений в крыле Пробуждения, способность понимания их них считается наилучшей, в частности—для Пробуждёния”.",
 "sn48.70:1.7": "Десятая.",
 "sn48.70:1.8": "Глава Бодхипаккхия седьмая.",
 "sn48.70:2.0": "Оглавление",
 "sn48.70:2.1": "Связанность, залежь,",
 "sn48.70:2.2": "полное познание, исчерпание выдедений;",
 "sn48.70:2.3": "Два плода, четыре дерева,",
 "sn48.70:2.4": "это главой называется."
}