{
 "sn48.12:0.1": "Связанные Наставления 48.12",
 "sn48.12:0.2": "Глава Мудутара",
 "sn48.12:0.3": "Сутта Сжато Первая",
 "sn48.12:1.1": "“Эти пять, монахи, способности”.",
 "sn48.12:1.2": "Какие пять?",
 "sn48.12:1.3": "Способность веры… способность понимания—",
 "sn48.12:1.4": "Вот эти, монахи, пять способностей.",
 "sn48.12:1.5": "Тот у кого этих, монахи, пяти способностей завершённость, преисполненность есть — арахант, кто с более слабыми — не-возвращающийся, кто с ещё более слабыми — единожды-возвращающийся, кто с ещё более слабыми — услышавший, кто с ещё более слабыми — следующий за Дхаммой, кто с ещё более слабыми — следующий за верой”.",
 "sn48.12:1.6": "Вторая."
}