{
  "sn48.48:0.1": "Связанные Наставления 48.48",
  "sn48.48:0.2": "Глава Джара",
  "sn48.48:0.3": "Сутта Восточный Парк Четвёртая",
  "sn48.48:1.1": "В тех же обстоятельствах.",
  "sn48.48:1.2": "“От развитости, монахи, скольки способностей, от преумноженности исчерпавший выделения монах описывает знание:",
  "sn48.48:1.3": "'изношено рождение, достигнута святая жизнь, сделано, что должно сделать, нет другого индивидуального существования' понимаю”?",
  "sn48.48:2.1": "“От Благословенного коренного, почтенный, наши Учения…",
  "sn48.48:2.2": "“от развитости, монахи, пяти способностей, от преумноженности исчерпавший выделения монах описывает знание:",
  "sn48.48:2.3": "'изношено рождение, достигнута святая жизнь, сделано, что должно сделать, нет другого индивидуального существования' понимаю”.",
  "sn48.48:2.4": "Каких пяти?",
  "sn48.48:2.5": "Способности веры, способности решимости, способности концентрации-памятования, способности объединения опыта, способности понимания—",
  "sn48.48:2.6": "и от развитости этих, монахи, пяти способностей, от преумноженности исчерпавший выделения монах описывает знание:",
  "sn48.48:2.7": "'изношено рождение, достигнута святая жизнь, сделано, что должно сделать, нет другого индивидуального существования' понимаю”.",
  "sn48.48:2.8": "Восьмая."
}