{
 "sn48.45:0.1": "Связанные Наставления 48.45",
 "sn48.45:0.2": "Глава Джара",
 "sn48.45:0.3": "Сутта Восточный Парк Первая",
 "sn48.45:1.1": "Так мной услышано—",
 "sn48.45:1.2": "одно время Благословенный в Саваттхи располагается, в Восточном Парке, в Особняке Матери Мигары.",
 "sn48.45:1.3": "И там Благословенный к монахам обратился:",
 "sn48.45:1.4": "“от развитости, монахи, скольки способностей, от преумноженности исчерпавший выделения монах описывает знание:",
 "sn48.45:1.5": "'изношено рождение, достигнута святая жизнь, сделано, что должно сделать, нет другого индивидуального существования' понимаю”?",
 "sn48.45:2.1": "“От Благословенного коренного, почтенный, наши Учения…",
 "sn48.45:2.2": "“от развитости, монахи, одной способности, от преумноженности исчерпавший выделения монах описывает знание:",
 "sn48.45:2.3": "'изношено рождение, достигнута святая жизнь, сделано, что должно сделать, нет другого индивидуального существования' понимаю”.",
 "sn48.45:2.4": "Какой одной¿? от способности понимания у понимающего, монахи, благородно-слушателя соответствующая вера устанавливается, соответствующая решимость устанавливается, соответствующее памятование устанавливается, соответствующее объединение опыта устанавливается.",
 "sn48.45:2.5": "И от развитости, монахи, одной способности, от преумноженности исчерпавший выделения монах описывает знание:",
 "sn48.45:2.6": "'изношено рождение, достигнута святая жизнь, сделано, что должно сделать, нет другого индивидуального существования' понимаю”.",
 "sn48.45:2.7": "Пятая."
}