{
 "sn48.46:0.1": "Связанные Наставления 48.46",
 "sn48.46:0.2": "Глава Джара",
 "sn48.46:0.3": "Сутта Восточный Парк Вторая",
 "sn48.46:1.1": "В тех же обстоятельствах.",
 "sn48.46:1.2": "“От развитости, монахи, скольки способностей, от преумноженности исчерпавший выделения монах описывает знание:",
 "sn48.46:1.3": "'изношено рождение, достигнута святая жизнь, сделано, что должно сделать, нет другого индивидуального существования' понимаю”?",
 "sn48.46:2.1": "“От Благословенного коренного, почтенный, наши Учения…",
 "sn48.46:2.2": "“от развитости, монахи, двух способностей, от преумноженности исчерпавший выделения монах описывает знание:",
 "sn48.46:2.3": "'изношено рождение, достигнута святая жизнь, сделано, что должно сделать, нет другого индивидуального существования' понимаю”.",
 "sn48.46:2.4": "Каких двух?",
 "sn48.46:2.5": "Благородного понимания и благородного высвобождения.",
 "sn48.46:2.6": "То которое, монахи, благородное понимание, то — способность понимания.",
 "sn48.46:2.7": "То которое, монахи, благородное высвобождение, то — способность объединения опыта.",
 "sn48.46:2.8": "И от развитости этих, монахи, двух способностей, от преумноженности исчерпавший выделения монах описывает знание:",
 "sn48.46:2.9": "'изношено рождение, достигнута святая жизнь, сделано, что должно сделать, нет другого индивидуального существования' понимаю”.",
 "sn48.46:2.10": "Шестая."
}