{
  "sn48.4:0.1": "Связанные Наставления 48.4",
  "sn48.4:0.2": "Глава Чистая",
  "sn48.4:0.3": "Сутта Арахант Первая",
  "sn48.4:1.1": "“Эти пять, монахи, способностей.",
  "sn48.4:1.2": "Какие пять?",
  "sn48.4:1.3": "Способность веры, способность решимости, способность концентрации-памятования, способность объединения опыта, способность понимания—",
  "sn48.4:1.4": "И который, монахи, благородно-слушатель этих пяти способностей и привлекательность, и недостаток-опасность, и убежище как-есть увидев освобождённым не поддерживанием является —",
  "sn48.4:1.5": "тот зовётся, монахи, монах арахант, прекративший выделение, завершивший, сделавший, что должно сделать, сбросивший груз, достигший высшей цели, полностью исчерпавший связанность индивидуального существования, правильным знанием освобождённый”.",
  "sn48.4:1.6": "Четвёртая."
}