{
 "sn48.21:0.1": "Связанные Наставления 48.21",
 "sn48.21:0.2": "Глава Чхалиндрия",
 "sn48.21:0.3": "Сутта Еще-вовлечённость",
 "sn48.21:1.1": "“Эти пять, монахи, способностей.",
 "sn48.21:1.2": "Какие пять?",
 "sn48.21:1.3": "Способность веры… способность понимания.",
 "sn48.21:1.4": "И пока я, монахи, этих пяти способностей и схождение, и захождение, и привлекательность, и опасность-недостатки, и убежище как-есть не постиг, я, монахи, в мире с божествами, с Марой и Брахмой, с шаманами-брахманами, с поколением королей-божеств и людей, что 'пробудился в непревзойденное правильное пробуждение' не признал.",
 "sn48.21:1.5": "Но когда я, монахи, этих пяти способностей и схождение, и захождение, и привлекательность, и опасность-недостатки, и убежище как-есть постиг, тогда я, монахи, в мире с божествами, с Марой и Брахмой, с шаманами-брахманами, с поколением королей-божеств и людей, что 'пробудился в непревзойденное правильное пробуждение' признал.",
 "sn48.21:1.6": "Знание тогда у меня и вИдение возникло:",
 "sn48.21:1.7": "‘неколебимо моё освобождение, это конечное рождение, отныне нет повторной вовлеченности-индивидуального существования’”.",
 "sn48.21:1.8": "Первая."
}