{
 "sn48.24:0.1": "Связанные Наставления 48.24",
 "sn48.24:0.2": "Глава Чхалиндрия",
 "sn48.24:0.3": "Сутта Способность Знания",
 "sn48.24:1.1": "“Эти пять, монахи, способностей.",
 "sn48.24:1.2": "Какие пять?",
 "sn48.24:1.3": "Способность веры… способность понимания—",
 "sn48.24:1.4": "“Вот эти, монахи, пять способностей",
 "sn48.24:1.5": "У кого этих, монахи, пяти способностей завершённость, преисполненность — есть арахант, кто с более слабыми — остывающий до края, кто с ещё более слабыми — остывающий с повреждением, кто с ещё более слабыми — остывающий без отождествления, кто с ещё более слабыми — остывающий с отождествлением, кто с ещё более слабыми — против течения к Аканиттхе идущий, кто с ещё более слабыми — единожды-возвращающийся, кто с ещё более слабыми — имеющий одно-зерно, кто с ещё более слабыми — из-рода-в-род-переходящий, кто с ещё более слабыми — семикратно переходящий, кто с ещё более слабыми — следующий за Дхаммой, кто с ещё более слабыми — следующий за верой”.",
 "sn48.24:1.6": "Четвёртая."
}