{
 "sn48.61:0.1": "Связанные Наставления 48.61",
 "sn48.61:0.2": "Глава Бодхипаккхия",
 "sn48.61:0.3": "Сутта Связанность",
 "sn48.61:1.1": "В обстоятельствах Саваттхи.",
 "sn48.61:1.2": "“Эти пять, монахи, способностей развитые, преумноженные к покиданию связанностей приводят.",
 "sn48.61:1.3": "Какие пять?",
 "sn48.61:1.4": "Веро-способность… понимание-способность",
 "sn48.61:1.5": "эти пять, монахи, способностей развитые, преумноженные к покиданию связанностей приводят”.",
 "sn48.61:1.6": "Первая."
}