{
  "sn48.27:0.1": "Связанные Наставления 48.27",
  "sn48.27:0.2": "Глава Чхалиндрия",
  "sn48.27:0.3": "Сутта Арахант",
  "sn48.27:1.1": "“Эти шесть, монахи, способностей.",
  "sn48.27:1.2": "Какие пять?",
  "sn48.27:1.3": "Глазо-способность, ухо-способность, носо-способность, языко-способность, тело-способность, умо-представление-способность.",
  "sn48.27:1.4": "И который, монахи, благородно-слушатель этих шести способностей и схождение и захождение и привлекательность, и недостаток-опасность, и убежище как-есть постиг освобождённым не поддерживанием является —",
  "sn48.27:1.5": "тот зовётся, монахи, 'монах арахант, прекративший выделение, завершивший, сделавший, что должно сделать, сбросивший груз, достигший высшей цели, полностью исчерпавший связанность индивидуального существования, правильным знанием освобождённый'”.",
  "sn48.27:1.6": "Седьмая."
}