{
 "sn48.15:0.1": "Связанные Наставления 48.15",
 "sn48.15:0.2": "Глава Мудутара",
 "sn48.15:0.3": "Сутта Расширено Первая",
 "sn48.15:1.1": "“Эти пять, монахи, способностей.",
 "sn48.15:1.2": "Какие пять?",
 "sn48.15:1.3": "Способность веры… способность понимания—",
 "sn48.15:1.4": "Вот эти, монахи, пять способностей.",
 "sn48.15:1.5": "Тот у кого этих, монахи, пяти способностей завершённость, преисполненность есть — арахант, кто с более слабыми — остывающий до края, кто с ещё более слабыми — остывающий с повреждением, кто с ещё более слабыми — остывающий без отождествления, кто с ещё более слабыми — остывающий с отождествлением, кто с ещё более слабыми — против течения к Аканиттхе идущий, кто с ещё более слабыми — единожды-возвращающийся, кто с ещё более слабыми — услышавший, кто с ещё более слабыми — следующий за Дхаммой, кто с ещё более слабыми — следующий за верой”.",
 "sn48.15:1.6": "Пятая."
}