{
 "sn48.65:0.1": "Связанные Наставления 48.65",
 "sn48.65:0.2": "Глава Бодхипаккхия",
 "sn48.65:0.3": "Сутта Плод Первая",
 "sn48.65:1.1": "“Эти пять, монахи, способностей.",
 "sn48.65:1.2": "Какие пять?",
 "sn48.65:1.3": "Веро-способность… понимание-способность.",
 "sn48.65:1.4": "вот эти, монахи, пять способностей.",
 "sn48.65:1.5": "И от развитости этих, монахи, пяти способностей от преумноженности из двух плодов — один ожидаем —",
 "sn48.65:1.6": "знание в видимой действительности или если памятование в остатке цепляния — не-вохвращение”.",
 "sn48.65:1.7": "Пятая."
}