{
  "sn48.22:0.1": "Связанные Наставления 48.22",
  "sn48.22:0.2": "Глава Чхалиндрия",
  "sn48.22:0.3": "Сутта Способность Жизни",
  "sn48.22:1.1": "“Эти три, монахи, способности.",
  "sn48.22:1.2": "Какие три?",
  "sn48.22:1.3": "Женская способность, мужская способность, жизне-способность—",
  "sn48.22:1.4": "“Вот эти, монахи, три способности”.",
  "sn48.22:1.5": "Вторая."
}