{
 "sn48.169-178:0.1": "Связанные Наставления 48.169-178",
 "sn48.169-178:0.2": "Ещё Глава Огха",
 "sn48.169-178:0.3": "Ещё Сутты начинающаяся с Наводнения",
 "sn48.169-178:1.1": "“Эти пять, монахи, относящихся к восходящему связанностей.",
 "sn48.169-178:1.2": "Какие пять?",
 "sn48.169-178:1.3": "Очарованность материей, очарованность нематериальным, самомнение, возбуждённость, неразличение—",
 "sn48.169-178:1.4": "Вот эти пять, монахи, относящихся к восходящему связанностей.",
 "sn48.169-178:1.5": "Для этих, монахи, пяти относящихся к восходящему связанностей познания, полного понимания, полного исчерпания, покидания пять способностей должны быть развиты.",
 "sn48.169-178:1.6": "Какие пять?",
 "sn48.169-178:1.7": "\"Вот, монахи, монах способность веры развивает, имеющую целью выведение страсти, имеющую целью выведение злобы, имеющую целью выведение замутнённости. Способность старания… способность памятования… способность объединения опыта… способность понимания развивает, имеющую целью выведение страсти, имеющую целью выведение злобы, имеющую целью выведение замутнённости.",
 "sn48.169-178:1.8": "Для этих, монахи, пяти относящихся к восходящему связанностей познания, полного понимания, полного исчерпания, покидания пять способностей должны быть развиты”.",
 "sn48.169-178:1.9": "Глава Огха Семнадцатая.",
 "sn48.169-178:2.0": "Оглавление",
 "sn48.169-178:2.1": "Наводнение, связь, поддерживание,",
 "sn48.169-178:2.2": "узел и залежь;",
 "sn48.169-178:2.3": "Множитель желания, покров;",
 "sn48.169-178:2.4": "блок, относящийся к ближне-восходящему",
 "sn48.169-178:2.5": "Индриясаньютта Четвёртая."
}