{
  "sn48.23:0.1": "Связанные Наставления 48.23",
  "sn48.23:0.2": "Глава Чхалиндрия",
  "sn48.23:0.3": "Сутта Способность Знания",
  "sn48.23:1.1": "“Эти три, монахи, способности.",
  "sn48.23:1.2": "Какие три?",
  "sn48.23:1.3": "'Неузнанное узнАю'способность, знание-способность, знающего-способность—",
  "sn48.23:1.4": "“Вот эти, монахи, три способности”.",
  "sn48.23:1.5": "Третья."
}