{
 "sn48.13:0.1": "Связанные Наставления 48.13",
 "sn48.13:0.2": "Глава Мудутара",
 "sn48.13:0.3": "Сутта Сжато Вторая",
 "sn48.13:1.1": "“Эти пять, монахи, способности”.",
 "sn48.13:1.2": "Какие пять?",
 "sn48.13:1.3": "Способность веры… способность понимания—",
 "sn48.13:1.4": "Вот эти, монахи, пять способностей.",
 "sn48.13:1.5": "Тот у кого этих, монахи, пяти способностей завершённость, преисполненность есть — арахант, кто с более слабыми — не-возвращающийся, кто с ещё более слабыми — единожды-возвращающийся, кто с ещё более слабыми — услышавший, кто с ещё более слабыми — следующий за Дхаммой, кто с ещё более слабыми — следующий за верой”.",
 "sn48.13:1.6": "И так, монахи, с различием способностей — есть различие плодов, с различием плодов —различие личностей”.",
 "sn48.13:1.7": "Третья."
}