{
 "sn48.66:0.1": "Связанные Наставления 48.66",
 "sn48.66:0.2": "Глава Бодхипаккхия",
 "sn48.66:0.3": "Сутта Плод Вторая",
 "sn48.66:1.1": "“Эти пять, монахи, способностей.",
 "sn48.66:1.2": "Какие пять?",
 "sn48.66:1.3": "Веро-способность… понимание-способность.",
 "sn48.66:1.4": "вот эти, монахи, пять способностей.",
 "sn48.66:1.5": "И от развитости этих, монахи, пяти способностей от преумноженности эти семь плодов, семь выгод ожидаемы.",
 "sn48.66:1.6": "Какие семь плодов, семь выгод?",
 "sn48.66:1.7": "В видимой действительности непосоедственное знание получает,",
 "sn48.66:1.8": "если не в видимой действительности непосоедственное знание получает, тогда во время умирания знание получает.",
 "sn48.66:1.9": "Если не в видимой действительности непосоедственное знание получает, и если не во время умирания знание получает, тогда от полного исчерпания пяти относящихся с ближнему связанностей он есть — остывающий до края,",
 "sn48.66:1.10": "остывающий с повреждением,",
 "sn48.66:1.11": "остывающий без отождествления,",
 "sn48.66:1.12": "остывающий с отождествлением,",
 "sn48.66:1.13": "против течения к Аканиттхе идущий.",
 "sn48.66:1.14": "И от развитости этих, монахи, пяти способностей от преумноженности эти семь плодов, семь выгод ожидаемы”.",
 "sn48.66:1.15": "Шестая."
}