{
  "sn48.60:0.1": "Связанные Наставления 48.60",
  "sn48.60:0.2": "Глава Сукаракхата",
  "sn48.60:0.3": "Сутта Возникновение Вторая",
  "sn48.60:1.1": "“Эти пять, монахи, способностей развитые, преумноженные невозникшие возникают, только в Очищении Благого.",
  "sn48.60:1.2": "Какие пять?",
  "sn48.60:1.3": "Веро-способность, решимости-способность, памятования-способность, объединения опыта-способность, понимание-способность.",
  "sn48.60:1.4": "вот эти, монахи, пять способностей развитые, преумноженные невозникшие возникают, только в Очищении Благого”.",
  "sn48.60:1.5": "Десятая.",
  "sn48.60:1.6": "Глава Сукаракатха Шестая.",
  "sn48.60:2.0": "Оглавление",
  "sn48.60:2.1": "",
  "sn48.60:2.2": "",
  "sn48.60:2.3": "",
  "sn48.60:2.4": ""
}