{
 "sn48.69:0.1": "Связанные Наставления 48.69",
 "sn48.69:0.2": "Глава Бодхипаккхия",
 "sn48.69:0.3": "Сутта Дерево Третья",
 "sn48.69:1.1": "“Это как, монахи, из каких-либо деревьев асуров, Читтапатали считается наилучшим (верхом);",
 "sn48.69:1.2": "и именно так, монахи, из каких-либо явлений в крыле Пробуждения, способность понимания их них считается наилучшей, в частности—для Пробуждёния.",
 "sn48.69:1.3": "И каковы они, монахи, явления из крыла Пробуждения?",
 "sn48.69:1.4": "Способность веры, монахи, — явление из крыла Пробуждения, она приводит к Пробуждению… способность понимания — явление из крыла Пробуждения, она приводит к Пробуждению.",
 "sn48.69:1.5": "Это как, монахи, из каких-либо деревьев асуров, Читтапатали считается наилучшим;",
 "sn48.69:1.6": "и именно так, монахи, из каких-либо явлений в крыле Пробуждения, способность понимания их них считается наилучшей, в частности—для Пробуждёния”.",
 "sn48.69:1.7": "Девятая."
}