{
 "sn48.67:0.1": "Связанные Наставления 48.67",
 "sn48.67:0.2": "Глава Бодхипаккхия",
 "sn48.67:0.3": "Сутта Дерево Первая",
 "sn48.67:1.1": "“Это как, монахи, из каких-либо деревьев Джамбудипы, джамбу считается наилучшим (верхом);",
 "sn48.67:1.2": "и именно так, монахи, из каких-либо явлений в крыле Пробуждения, способность понимания их них считается наилучшей, в частности—для Пробуждёния.",
 "sn48.67:1.3": "И каковы они, монахи, явления из крыла Пробуждения?",
 "sn48.67:1.4": "Способность веры, монахи, — явление из крыла Пробуждения, она приводит к Пробуждению.",
 "sn48.67:1.5": "Способность решимости…",
 "sn48.67:1.6": "способность памятования…",
 "sn48.67:1.7": "способность объединения опыта…",
 "sn48.67:1.8": "способность понимания — явление из крыла Пробуждения, она приводит к Пробуждению.",
 "sn48.67:1.9": "Это как, монахи, из каких-либо деревьев Джамбудипы, джамбу считается наилучшим;",
 "sn48.67:1.10": "и именно так, монахи, из каких-либо явлений в крыле Пробуждения, способность понимания их них считается наилучшей, в частности—для Пробуждёния”.",
 "sn48.67:1.11": "Седьмая."
}