{
 "sn48.20:0.1": "Связанные Наставления 48.20",
 "sn48.20:0.2": "Глава Мудутара",
 "sn48.20:0.3": "Сутта Исчерпание Выделений",
 "sn48.20:1.1": "“Эти пять, монахи, способностей.",
 "sn48.20:1.2": "Какие пять?",
 "sn48.20:1.3": "Способность веры… способность понимания—",
 "sn48.20:1.4": "вот эти, монахи, пять способностей”.",
 "sn48.20:1.5": "Этих, монахи, пяти способностей от развитости, от преумноженности монах в выделений исчерпании, без выделений в освобождении разума, в освобождении понимания в видимой действительности лично познав, реализовав, достигнув пребывает”.",
 "sn48.20:1.6": "Десятая.",
 "sn48.20:1.7": "Глава Мудутара Вторая.",
 "sn48.20:2.0": "Оглавление",
 "sn48.20:2.1": "",
 "sn48.20:2.2": "",
 "sn48.20:2.3": "",
 "sn48.20:2.4": ""
}