{
 "sn48.64:0.1": "Связанные Наставления 48.64",
 "sn48.64:0.2": "Глава Бодхипаккхия",
 "sn48.64:0.3": "Сутта Исчерпание Выделений",
 "sn48.64:1.1": "“Эти пять, монахи, способностей развитые, преумноженные к исчерпанию выделений приводят.",
 "sn48.64:1.2": "Какие пять?",
 "sn48.64:1.3": "Веро-способность… понимание-способность",
 "sn48.64:1.4": "эти пять, монахи, способностей развитые, преумноженные к исчерпанию выделений приводят”.",
 "sn48.64:2.1": "Эти пять, монахи, способностей развитые, преумноженные к покиданию связанностей приводят, к сокрушению залежей приводят, к полному пониманию времени приводят, к исчерпанию выделений приводят.",
 "sn48.64:2.2": "Какие пять?",
 "sn48.64:2.3": "Веро-способность… понимание-способность",
 "sn48.64:2.4": "Вот эти, монахи, пять способностей развитые, преумноженные к покиданию связанностей приводят, к сокрушению залежей приводят, к полному пониманию времени приводят, к исчерпанию выделений приводят”.",
 "sn48.64:2.5": "Четвёртая."
}