{
  "sn48.3:0.1": "Связанные Наставления 48.3",
  "sn48.3:0.2": "Глава Чистая",
  "sn48.3:0.3": "Сутта Обретший Слух Вторая",
  "sn48.3:1.1": "“Эти пять, монахи, способностей.",
  "sn48.3:1.2": "Какие пять?",
  "sn48.3:1.3": "Способность веры, способность решимости, способность концентрации-памятования, способность объединения опыта, способность понимания—",
  "sn48.3:1.4": "И который, монахи, благородно-слушатель этих пяти способностей и схождение и захождение и привлекательность, и недостаток-опасность, и убежище как-есть понимает—",
  "sn48.3:1.5": "тот зовётся, монахи, благородно-слушатель обретший слух, от явления падения ограниченный, к пробуждению переправляющийся”.",
  "sn48.3:1.6": "Третья."
}