{
  "sn48.51:0.1": "Связанные Наставления 48.51",
  "sn48.51:0.2": "Глава Сукаракхата",
  "sn48.51:0.3": "Сутта Деревня Сала",
  "sn48.51:1.1": "Так я слышал.",
  "sn48.51:1.2": "Однажды Благословенный пребывал в стране Косал в Сале, брахманской деревне.",
  "sn48.51:1.3": "Там Благословенный обратился к монахам:",
  "sn48.51:1.4": "“Монахи, подобно тому, как среди животных лев, царь зверей, считается их вождём в отношении силы, скорости, и отваги –",
  "sn48.51:1.5": "точно также, среди состояний, ведущих к просветлению, качество мудрости является их вождём в отношении достижения просветления.",
  "sn48.51:2.1": "И что такое, монахи, состояния, ведущие к достижению просветления?",
  "sn48.51:2.2": "Качество веры, монахи – это состояние, ведущее к достижению просветления. Оно ведёт к просветлению.",
  "sn48.51:2.3": "Качество усердия – это состояние, ведущее к достижению просветления. Оно ведёт к просветлению.",
  "sn48.51:2.4": "Качество осознанности – это состояние, ведущее к достижению просветления. Оно ведёт к просветлению.",
  "sn48.51:2.5": "Качество сосредоточения – это состояние, ведущее к достижению просветления. Оно ведёт к просветлению.",
  "sn48.51:2.6": "Качество мудрости – это состояние, ведущее к достижению просветления. Оно ведёт к просветлению.",
  "sn48.51:2.7": "Подобно тому, как среди животных лев, царь зверей, считается их вождём в отношении силы, скорости, и отваги –",
  "sn48.51:2.8": "точно также, среди состояний, ведущих к просветлению, качество мудрости является их вождём в отношении достижения просветления.",
  "sn48.51:2.9": "Первая."
}