{
  "sn48.25:0.1": "Связанные Наставления 48.25",
  "sn48.25:0.2": "Глава Мудутара",
  "sn48.25:0.3": "Сутта Чистая",
  "sn48.25:1.1": "“Эти шесть, монахи, способностей.",
  "sn48.25:1.2": "Какие шесть?",
  "sn48.25:1.3": "Способность глаза, способностьуха, способность носа, способность языка,  способность тела, способность ума-представления—",
  "sn48.25:1.4": "“Вот эти, монахи, шесть способностей”.",
  "sn48.25:1.5": "Пятая."
}