{
  "sn48.28:0.1": "Связанные Наставления 48.28",
  "sn48.28:0.2": "Глава Чхалиндрия",
  "sn48.28:0.3": "Сутта Пробуждённый",
  "sn48.28:1.1": "“Эти шесть, монахи, способностей.",
  "sn48.28:1.2": "Какие шесть?",
  "sn48.28:1.3": "Сспособность глаза, способность уха, способность носа, способность языка, способность ум-представления.",
  "sn48.28:1.4": "И пока я, монахи, этих шести способностей и схождение, и захождение, и привлекательность, и опасность-недостатки, и убежище как-есть не постиг, я, монахи, в мире с божествами, с Марой и Брахмой, с шаманами-брахманами, с поколением королей-божеств и людей, что 'пробудился в непревзойденное правильное пробуждение' не признал.",
  "sn48.28:1.5": "Но когда я, монахи, этих шести способностей и схождение, и захождение, и привлекательность, и опасность-недостатки, и убежище как-есть постиг, тогда я, монахи, в мире с божествами, с Марой и Брахмой, с шаманами-брахманами, с поколением королей-божеств и людей, что 'пробудился в непревзойденное правильное пробуждение' признал.",
  "sn48.28:1.6": "Знание тогда у меня и вИдение возникло:",
  "sn48.28:1.7": "‘неколебимо моё освобождение, это конечное рождение, отныне нет повторной вовлеченности-индивидуального существования’”.",
  "sn48.28:1.8": "Восьмая."
}