{
  "sn48.32:0.1": "Связанные Наставления 48.32",
  "sn48.32:0.2": "Глава Сукхиндрия",
  "sn48.32:0.3": "Сутта Услышавший",
  "sn48.32:1.1": "“Эти пять, монахи, способностей.",
  "sn48.32:1.2": "Какие пять?",
  "sn48.32:1.3": "Приятно-способность, боле-способность, удовольствие-способность, недовольство-способность, просто-смотрения-способность—",
  "sn48.32:1.4": "И который, монахи, благородно-слушатель этих пяти способностей и схождение и захождение и привлекательность, и недостаток-опасность, и убежище как-есть понимает—",
  "sn48.32:1.5": "тот зовётся, монахи, благородно-слушатель обретший слух, от явления падения ограниченный, к пробуждению переправляющийся”.",
  "sn48.32:1.6": "Вторая."
}