{
 "sn48.7:0.1": "Связанные Наставления 48.7",
 "sn48.7:0.2": "Глава Чистая",
 "sn48.7:0.3": "Сутта Шаман-Брахман Вторая",
 "sn48.7:1.1": "Какие-либо, монахи, шаманы или брахманы, которые способность веры не понимают, схождение способности веры не понимают, истечение способности веры не понимают, к истечению способности веры ведущую практику не понимают;",
 "sn48.7:1.2": "способность старания не понимают…",
 "sn48.7:1.3": "способность памятования не понимают…",
 "sn48.7:1.4": "способность объединения опыта не понимают…",
 "sn48.7:1.5": "способность понимания не понимают, схождение способности понимания не понимают, истечение способности понимания не понимают, к истечению способности понимания ведущую практику не понимают,",
 "sn48.7:1.6": "те для меня, монахи, не шаманы и не брахманы или не из шаманов близких шаманам и не из брахманов близких брахманам; и эти уважаемые в цели шаманства или в цели брахманства в видимой действительности лично познав, реализовав, достигнув, не пребывают.",
 "sn48.7:2.1": "А какие-либо, монахи, шаманы или брахманы, которые способность веры понимают, схождение способности веры понимают, истечение способности веры понимают, к истечению способности веры ведущую практику понимают;",
 "sn48.7:2.2": "способность старания понимают, схождение способности старания понимают, истечение способности старания понимают, к истечению способности старания ведущую практику понимают;",
 "sn48.7:2.3": "способность памятования понимают…",
 "sn48.7:2.4": "способность объединения опыта понимают…",
 "sn48.7:2.5": "способность понимания понимают, схождение способности понимания понимают, истечение способности понимания понимают, к истечению способности понимания ведущую практику понимают,",
 "sn48.7:2.6": "те для меня, монахи, шаманы и брахманы или из шаманов близких шаманам и из брахманов близких брахманам; и эти уважаемые в цели шаманства или в цели брахманства в видимой действительности лично познав, реализовав, достигнув, пребывают.",
 "sn48.7:2.7": "Седьмая."
}