{
 "sn48.62:0.1": "Связанные Наставления 48.62",
 "sn48.62:0.2": "Глава Бодхипаккхия",
 "sn48.62:0.3": "Сутта Залежь",
 "sn48.62:1.1": "“Эти пять, монахи, способностей развитые, преумноженные к сокрушению залежей-заложенностей приводят.",
 "sn48.62:1.2": "Какие пять?",
 "sn48.62:1.3": "Веро-способность… понимание-способность",
 "sn48.62:1.4": "эти пять, монахи, способностей развитые, преумноженные к сокрушению залежей приводят”.",
 "sn48.62:1.5": "Вторая."
}