{
  "sn48.54:0.1": "Связанные Наставления 48.54",
  "sn48.54:0.2": "Глава Сукаракхата",
  "sn48.54:0.3": "Сутта След",
  "sn48.54:1.1": "“Это как, монахи, какие-либо виды следов сухопутных животных, все они в след слона поместятся, след слона из них считается высшим-наибольшим, в частности – по размеру;",
  "sn48.54:1.2": "и именно так, монахи, любые следы-шаги к Пробуждению приводящие, способность понимания из них высшая, в частности – для Пробуждения.",
  "sn48.54:1.3": "И какие, монахи, шаги к Пробуждению приводят?",
  "sn48.54:1.4": "Способность веры, монахи, – шаг, который к Пробуждению приводит;",
  "sn48.54:1.5": "способность решимости – шаг, который к Пробуждению приводит;",
  "sn48.54:1.6": "способность памятования – шаг, который к Пробуждению приводит;",
  "sn48.54:1.7": "способность объединения опыта – шаг, который к Пробуждению приводит;",
  "sn48.54:1.8": "способность понимания – шаг, который к Пробуждению приводит;",
  "sn48.54:1.9": "Это как, монахи, какие-либо виды следов сухопутных животных, все они в след слона поместятся, след слона из них считается высшим-наибольшим, в частности – по размеру;",
  "sn48.54:1.10": "и именно так, монахи, любые следы-шаги к Пробуждению приводящие, способность понимания из них высшая, в частности – для Пробуждения”.",
  "sn48.54:1.11": "Четвёртая."
}