{
  "sn48.2:0.1": "Связанные Наставления 48.2",
  "sn48.2:0.2": "Глава Чистая",
  "sn48.2:0.3": "Сутта Обретший Слух Первая",
  "sn48.2:1.1": "“Эти пять, монахи, способностей.",
  "sn48.2:1.2": "Какие пять?",
  "sn48.2:1.3": "Способность веры, способность решимости, способность концентрации-памятования, способность объединения опыта, способность понимания—",
  "sn48.2:1.4": "И который, монахи, благородно-слушатель этих пяти способностей и привлекательность, и недостаток-опасность, и убежище как-есть понимает—",
  "sn48.2:1.5": "тот зовётся, монахи, благородно-слушатель обретший слух, от явления падения ограниченный, к пробуждению переправляющийся”.",
  "sn48.2:1.6": "Вторая."
}