{
 "sn48.71-82:0.1": "Связанные Наставления 48.71-82",
 "sn48.71-82:0.2": "Глава Сокращение Ганга",
 "sn48.71-82:0.3": "Сутта Ядровая древесина",
 "sn48.71-82:1.1": "“Это как, монахи, река Ганг на восток устремлённая, на восток склонённая, на восток по направленная;",
 "sn48.71-82:1.2": "и именно так, монахи, монах пять способностей развивающий, пять способностей преумножающий – он к ниббане устремлённый, к ниббане склонённый, к ниббаны направленный.",
 "sn48.71-82:1.3": "И как, монахи, монах пять способностей развивающий, пять способностей преумножающий – он к ниббане устремлённый, к ниббане склонённый, к ниббаны направленный.",
 "sn48.71-82:1.4": "Вот, монахи, монах способность веры развивает, основанную на уединении, основанную на бесстрастии, основанную на истечении, переменяющуюся в оставление,",
 "sn48.71-82:1.5": "способность решимости…",
 "sn48.71-82:1.6": "способность памятования…",
 "sn48.71-82:1.7": "способность объединения опыта…",
 "sn48.71-82:1.8": "способность понимания развивает основанную на уединении, основанную на бесстрастии, основанную на истечении, переменяющуюся в оставление.",
 "sn48.71-82:1.9": "Вот так, монахи, монах пять способностей развивающий, пять способностей преумножающий – он к ниббане устремлённый, к ниббане склонённый, к ниббаны направленный.”",
 "sn48.71-82:1.10": "Двенадцатая.",
 "sn48.71-82:1.11": "и именно так, монахи, из каких-либо явлений в крыле Пробуждения, способность понимания их них считается высшей, в частности—для Пробуждёния.",
 "sn48.71-82:2.0": "Оглавление",
 "sn48.71-82:2.1": "Способность веры, монахи, — явление из крыла Пробуждения, она приводит к Пробуждению…",
 "sn48.71-82:2.2": "Способность решимости…",
 "sn48.71-82:2.3": "способность памятования…",
 "sn48.71-82:2.4": "способность объединения опыта…"
}