{
  "sn48.34:0.1": "Связанные Наставления 48.34",
  "sn48.34:0.2": "Глава Сукхиндрия",
  "sn48.34:0.3": "Сутта Шаманы-брахманы Первая",
  "sn48.34:1.1": "“Эти пять, монахи, способностей.",
  "sn48.34:1.2": "Какие пять?",
  "sn48.34:1.3": "Способность веры, способность решимости, способность концентрации-памятования, способность объединения опыта, способность понимания.",
  "sn48.34:1.4": "Какие-либо, монахи, шаманы или брахманы, которые этих пяти способностей и схождение, и возникновение, и привлекательность, и недостаток-опасность, и убежище как-есть не понимают,",
  "sn48.34:1.5": "те для меня, монахи, не шаманы и не брахманы или не из шаманов близких шаманам и не из брахманов близких брахманам; и эти уважаемые в цели шаманства или в цели брахманства в видимой действительности лично познав, реализовав, достигнув, не пребывают.",
  "sn48.34:2.1": "Но какие-либо, монахи, шаманы или брахманы, которые этих пяти способностей и схождение, и возникновение, и привлекательность, и недостаток-опасность, и убежище как-есть понимают,",
  "sn48.34:2.2": "те для меня, монахи, шаманы и брахманы или из шаманов близких шаманам и из брахманов близких брахманам; и эти уважаемые в цели шаманства или в цели брахманства в видимой действительности лично познав, реализовав, достигнув, пребывают”.",
  "sn48.34:2.3": "Четвёртая."
}