{
  "sn48.16:0.1": "Связанные Наставления 48.16",
  "sn48.16:0.2": "Глава Мудутара",
  "sn48.16:0.3": "Сутта Расширено Вторая",
  "sn48.16:1.1": "“Эти пять, монахи, способностей.",
  "sn48.16:1.2": "Какие пять?",
  "sn48.16:1.3": "Способность веры… способность понимания—",
  "sn48.16:1.4": "Вот эти, монахи, пять способностей.",
  "sn48.16:1.5": "Тот у кого этих, монахи, пяти способностей завершённость, преисполненность есть — арахант, кто с более слабыми — остывающий до края, кто с ещё более слабыми — остывающий с повреждением, кто с ещё более слабыми — остывающий без отождествления, кто с ещё более слабыми — остывающий с отождествлением, кто с ещё более слабыми — против течения к Аканиттхе идущий, кто с ещё более слабыми — единожды-возвращающийся, кто с ещё более слабыми — услышавший, кто с ещё более слабыми — следующий за Дхаммой, кто с ещё более слабыми — следующий за верой”.",
  "sn48.16:1.6": "И так, монахи, с различием способностей — есть различие плодов, с различием плодов —различие личностей”.",
  "sn48.16:1.7": "Шестая."
}