{
  "sn48.115-124:0.1": "Связанные Наставления 48.115-124",
  "sn48.115-124:0.2": "Глава Огха",
  "sn48.115-124:0.3": "Глава Наводнение",
  "sn48.115-124:1.1": "“Эти пять, монахи, относящихся к восходящему связанностей.",
  "sn48.115-124:1.2": "Какие пять?",
  "sn48.115-124:1.3": "Очарованность материей, очарованность нематериальным, самомнение, возбуждённость, неразличение—",
  "sn48.115-124:1.4": "Вот эти пять, монахи, относящихся к восходящему связанностей.",
  "sn48.115-124:1.5": "Для этих, монахи, пяти относящихся к восходящему связанностей познания, полного понимания, полного исчерпания, покидания пять способностей должны быть развиты.",
  "sn48.115-124:1.6": "Какие пять?",
  "sn48.115-124:1.7": "Вот, монахи, монах способность веры развивает, основанную на уединении, основанную на бесстрастии, основанную на истечении, переменяющуюся в оставление… способность понимания развивает основанную на уединении, основанную на бесстрастии, основанную на истечении, переменяющуюся в оставление.",
  "sn48.115-124:1.8": "Для этих, монахи, пяти относящихся к восходящему связанностей познания, полного понимания, полного исчерпания, покидания пять способностей должны быть развиты”.",
  "sn48.115-124:1.9": "Десятая.",
  "sn48.115-124:1.10": "(Как Маггасаньютта, так должна быть расширенна.)",
  "sn48.115-124:1.11": "Глава Огха Двенадцатая.",
  "sn48.115-124:2.0": "Оглавление",
  "sn48.115-124:2.1": "Наводнение, связь, поддерживание,",
  "sn48.115-124:2.2": "узел и залежь;",
  "sn48.115-124:2.3": "Множитель желания, покров;",
  "sn48.115-124:2.4": "блок, относящийся к ближне-восходящему"
}