{
  "sn48.18:0.1": "Связанные Наставления 48.18",
  "sn48.18:0.2": "Глава Мудутара",
  "sn48.18:0.3": "Сутта Практикующий",
  "sn48.18:1.1": "“Эти пять, монахи, способностей.",
  "sn48.18:1.2": "Какие пять?",
  "sn48.18:1.3": "Способность веры… способность понимания—",
  "sn48.18:1.4": "Вот эти, монахи, пять способностей.",
  "sn48.18:1.5": "Тот у кого этих, монахи, пяти способностей завершённость, преисполненность есть — арахант, кто с более слабыми — практикующий реализацию плода арахантства, кто с ещё более слабыми — не-возвращающийся, кто с ещё более слабыми — практикующий реализацию плода не-возвращающегося, кто с ещё более слабыми — единожды-возвращающийся, кто с ещё более слабыми — практикующий реализацию плода единожды-возвращающегося, кто с ещё более слабыми — услышавший, кто с ещё более слабыми — практикующий реализацию плода услышавшего”.",
  "sn48.18:1.6": "У кого, монахи, эти пять способностей полностью, совсем отсутствуют, того я 'внешний стоящий в общечеловеческом (средне-статистическом) в крыле ' называю.",
  "sn48.18:1.7": "Восьмая."
}