{
 "sn48.55:0.1": "Связанные Наставления 48.55",
 "sn48.55:0.2": "Глава Сукаракхата",
 "sn48.55:0.3": "Сутта Ядровая древесина",
 "sn48.55:1.1": "“Это как, монахи, какие-либо ароматные сердцевины деревьев, красный сандал из них – считается высшим;",
 "sn48.55:1.2": "и именно так, монахи, из каких-либо явлений в крыле Пробуждения, способность понимания их них считается высшей, в частности—для Пробуждёния.",
 "sn48.55:1.3": "И каковы они, монахи, явления из крыла Пробуждения?",
 "sn48.55:1.4": "Способность веры, монахи, — явление из крыла Пробуждения, она приводит к Пробуждению…",
 "sn48.55:1.5": "Способность решимости…",
 "sn48.55:1.6": "способность памятования…",
 "sn48.55:1.7": "способность объединения опыта…",
 "sn48.55:1.8": "способность понимания — явление из крыла Пробуждения, она приводит к Пробуждению.",
 "sn48.55:1.9": "Это как, монахи, какие-либо ароматные сердцевины деревьев, красный сандал из них – считается высшим;",
 "sn48.55:1.10": "и именно так, монахи, из каких-либо явлений в крыле Пробуждения, способность понимания их них считается высшей, в частности—для Пробуждёния”.",
 "sn48.55:1.11": "Пятая."
}