{
 "sn48.14:0.1": "Связанные Наставления 48.14",
 "sn48.14:0.2": "Глава Мудутара",
 "sn48.14:0.3": "Сутта Сжато Третья",
 "sn48.14:1.1": "“Эти пять, монахи, способности”.",
 "sn48.14:1.2": "Какие пять?",
 "sn48.14:1.3": "Способность веры… способность понимания—",
 "sn48.14:1.4": "Вот эти, монахи, пять способностей.",
 "sn48.14:1.5": "Тот у кого этих, монахи, пяти способностей завершённость, преисполненность есть — арахант, кто с более слабыми — не-возвращающийся, кто с ещё более слабыми — единожды-возвращающийся, кто с ещё более слабыми — услышавший, кто с ещё более слабыми — следующий за Дхаммой, кто с ещё более слабыми — следующий за верой”.",
 "sn48.14:1.6": "Вот так, монахи, преисполненно преисполненноделающий преуспевает, частично частичноделающий преуспевает.",
 "sn48.14:1.7": "'Не-бесплодны, монахи, эти пять способностей я' говорю”.",
 "sn48.14:1.8": "Четвёртая."
}