{
 "sn48.47:0.1": "Связанные Наставления 48.47",
 "sn48.47:0.2": "Глава Джара",
 "sn48.47:0.3": "Сутта Восточный Парк Третья",
 "sn48.47:1.1": "В тех же обстоятельствах.",
 "sn48.47:1.2": "“От развитости, монахи, скольки способностей, от преумноженности исчерпавший выделения монах описывает знание:",
 "sn48.47:1.3": "'изношено рождение, достигнута святая жизнь, сделано, что должно сделать, нет другого индивидуального существования' понимаю”?",
 "sn48.47:2.1": "“От Благословенного коренного, почтенный, наши Учения…",
 "sn48.47:2.2": "“от развитости, монахи, четырёх способностей, от преумноженности исчерпавший выделения монах описывает знание:",
 "sn48.47:2.3": "'изношено рождение, достигнута святая жизнь, сделано, что должно сделать, нет другого индивидуального существования' понимаю”.",
 "sn48.47:2.4": "Каких четырёх?",
 "sn48.47:2.5": "Способности решимости, способности концентрации-памятования, способности объединения опыта, способности понимания—",
 "sn48.47:2.6": "и от развитости этих, монахи, четырёх способностей, от преумноженности исчерпавший выделения монах описывает знание:",
 "sn48.47:2.7": "'изношено рождение, достигнута святая жизнь, сделано, что должно сделать, нет другого индивидуального существования' понимаю”.",
 "sn48.47:2.8": "Седьмая."
}