{
  "sn48.1:0.1": "Связанные Наставления 48.1",
  "sn48.1:0.2": "Глава Чистая",
  "sn48.1:0.3": "Сутта Чистая",
  "sn48.1:1.1": "В обстоятельствах Саваттхи.",
  "sn48.1:1.2": "И там Благословенный это сказал:",
  "sn48.1:1.3": "“Эти пять, монахи, способностей.",
  "sn48.1:1.4": "Какие пять?",
  "sn48.1:1.5": "Способность веры, способность решимости, способность концентрации-памятования, способность объединения опыта,  способность понимания—",
  "sn48.1:1.6": "вот эти, монахи, пять способностей”.",
  "sn48.1:1.7": "Первая."
}