{
  "sn48.59:0.1": "Связанные Наставления 48.59",
  "sn48.59:0.2": "Глава Сукаракхата",
  "sn48.59:0.3": "Сутта Возникновение Первая",
  "sn48.59:1.1": "В обстоятельствах Саваттхи.",
  "sn48.59:1.2": "“Эти пять, монахи, способностей развитые, преумноженные невозникшие возникают, только от появления Татхагаты Араханта Правильно Пробуждённого.",
  "sn48.59:1.3": "Какие пять?",
  "sn48.59:1.4": "Веро-способность, решимости-способность, памятования-способность, объединения опыта-способность, понимание-способность.",
  "sn48.59:1.5": "вот эти, монахи, пять способностей развитые, преумноженные невозникшие возникают, только от появления Татхагаты Араханта Правильно Пробуждённого”.",
  "sn48.59:1.6": "Девятая."
}