{
 "sn48.26:0.1": "Связанные Наставления 48.26",
 "sn48.26:0.2": "Глава Мудутара",
 "sn48.26:0.3": "Сутта Услышавший",
 "sn48.26:1.1": "“Эти шесть, монахи, способностей.",
 "sn48.26:1.2": "Какие шесть?",
 "sn48.26:1.3": "Глазо-способность… умо-способность.",
 "sn48.26:1.4": "И который, монахи, благородно-слушатель этих пяти способностей и схождение и захождение и привлекательность, и недостаток-опасность, и убежище как-есть понимает—",
 "sn48.26:1.5": "этот зовётся, монахи, благородно-слушатель обретший слух, от явления падения ограниченный, к пробуждению переправляющийся”.",
 "sn48.26:1.6": "Шестая."
}