{
  "sn48.31:0.1": "Связанные Наставления 48.31",
  "sn48.31:0.2": "Глава Сукхиндрия",
  "sn48.31:0.3": "Сутта Чистая",
  "sn48.31:1.1": "“Эти пять, монахи, способностей.",
  "sn48.31:1.2": "Какие пять?",
  "sn48.31:1.3": "Приятно-способность, боле-способность, удовольств-способность, недовольств-способность, просто-смотрения-способность—",
  "sn48.31:1.4": "Вот эти, монахи, пять способностей”.",
  "sn48.31:1.5": "Первая."
}