{
 "sn48.68:0.1": "Связанные Наставления 48.68",
 "sn48.68:0.2": "Глава Бодхипаккхия",
 "sn48.68:0.3": "Сутта Дерево Вторая",
 "sn48.68:1.1": "“Это как, монахи, из каких-либо деревьев божеств, Паричхаттако считается наилучшим (верхом);",
 "sn48.68:1.2": "и именно так, монахи, из каких-либо явлений в крыле Пробуждения, способность понимания их них считается наилучшей, в частности—для Пробуждёния.",
 "sn48.68:1.3": "И каковы они, монахи, явления из крыла Пробуждения?",
 "sn48.68:1.4": "Способность веры, монахи, — явление из крыла Пробуждения, она приводит к Пробуждению.",
 "sn48.68:1.5": "Способность решимости…",
 "sn48.68:1.6": "способность памятования…",
 "sn48.68:1.7": "способность объединения опыта…",
 "sn48.68:1.8": "способность понимания — явление из крыла Пробуждения, она приводит к Пробуждению.",
 "sn48.68:1.9": "Это как, монахи, из каких-либо деревьев божеств, Паричхаттако считается наилучшим;",
 "sn48.68:1.10": "и именно так, монахи, из каких-либо явлений в крыле Пробуждения, способность понимания их них считается наилучшей, в частности—для Пробуждёния”.",
 "sn48.68:1.11": "Восьмая."
}