{
  "sn48.29:0.1": "Связанные Наставления 48.29",
  "sn48.29:0.2": "Глава Чхалиндрия",
  "sn48.29:0.3": "Сутта Шаманы-брахманы Первая",
  "sn48.29:1.1": "“Эти шесть, монахи, способностей.",
  "sn48.29:1.2": "Какие шесть?",
  "sn48.29:1.3": "Сспособность глаза, способность уха, способность носа, способность языка, способность ум-представления.",
  "sn48.29:1.4": "Какие-либо, монахи, шаманы или брахманы, которые этих шести способностей и схождение, и возникновение, и привлекательность, и недостаток-опасность, и убежище как-есть не понимают,",
  "sn48.29:1.5": "те для меня, монахи, не шаманы и не брахманы или не из шаманов близких шаманам и не из брахманов близких брахманам; и эти уважаемые в цели шаманства или в цели брахманства в видимой действительности лично познав, реализовав, достигнув, не пребывают.",
  "sn48.29:1.6": "Но какие-либо, монахи, шаманы или брахманы, которые этих шести способностей  и схождение, и возникновение, и привлекательность, и недостаток-опасность, и убежище как-есть понимают,",
  "sn48.29:1.7": "те для меня, монахи, шаманы и брахманы или из шаманов близких шаманам и из брахманов близких брахманам; и эти уважаемые в цели шаманства или в цели брахманства в видимой действительности лично познав, реализовав, достигнув, пребывают”.",
  "sn48.29:1.8": "Девятая."
}