{
  "sn48.125-136:0.1": "Связанные Наставления 48.125-136",
  "sn48.125-136:0.2": "Глава Огха",
  "sn48.125-136:0.3": "Глава Наводнение",
  "sn48.125-136:1.1": "“Это как, монахи, река Ганг на восток устремленная, на восток склоненная, на восток по направленная;",
  "sn48.125-136:1.2": "и именно так, монахи, монах пять способностей развивающий, увеличивающий, является к ниббане устремленным, к ниббане склоненным, к ниббане направленным”.",
  "sn48.125-136:1.3": "И как, монахи, монах пять способностей развивающий, увеличивающий, является к ниббане устремленным, к ниббане склоненным, к ниббане направленным?",
  "sn48.125-136:1.4": "Вот, монахи,  монах способность веры развивает, имеющую целью выведение страсти, имеющую целью выведение злобы, имеющую целью выведение замутнённости… способность понимания развивает, имеющую целью выведение страсти, имеющую целью выведение злобы, имеющую целью выведение замутнённости.”,",
  "sn48.125-136:1.5": "Так, монахи, монах пять способностей развивающий, увеличивающий, является к ниббане устремленным, к ниббане склоненным, к ниббане направленным”.",
  "sn48.125-136:1.6": "Двенадцатая.",
  "sn48.125-136:1.7": "Глава Сокращение Ганга Тринадцатая.",
  "sn48.125-136:2.0": "Оглавление",
  "sn48.125-136:2.1": "",
  "sn48.125-136:2.2": "",
  "sn48.125-136:2.3": "",
  "sn48.125-136:2.4": ""
}