{
  "sn48.19:0.1": "Связанные Наставления 48.19",
  "sn48.19:0.2": "Глава Мудутара",
  "sn48.19:0.3": "Сутта Наделённый",
  "sn48.19:1.1": "И тогда некий монах приблизился к Благословенному; приблизившись Благословенного попривествовав с одного края сел. С одного края севший монах Благословенному это сказал:",
  "sn48.19:2.1": "“‘Наделенный способностями, наделенный способностями’, почтенный, говорится.",
  "sn48.19:2.2": "В каком плане, почтенный, наделенный способностями;",
  "sn48.19:2.3": "“Вот, монах, монах способность веры развивает ведущую к выравниванию, ведущую к пробуждению, способность старания развивает ведущую к выравниванию, ведущую к пробуждению, способность памятования развивает ведущую к выравниванию, ведущую к пробуждению, способность объединения опыта развивает ведущую к выравниванию, ведущую к пробуждению, способность понимания развивает ведущую к выравниванию, ведущую к пробуждению.",
  "sn48.19:2.4": "В таком плане, монах, есть наделенный способностями;",
  "sn48.19:2.5": "Девятая."
}