{
 "sn48.63:0.1": "Связанные Наставления 48.63",
 "sn48.63:0.2": "Глава Бодхипаккхия",
 "sn48.63:0.3": "Сутта Полное Понимание",
 "sn48.63:1.1": "“Эти пять, монахи, способностей развитые, преумноженные к полному пониманию времени приводят.",
 "sn48.63:1.2": "Какие пять?",
 "sn48.63:1.3": "Веро-способность… понимание-способность",
 "sn48.63:1.4": "эти пять, монахи, способностей развитые, преумноженные к полному пониманию времени проводят”.",
 "sn48.63:1.5": "Третья."
}