{
 "sn48.8:0.1": "Связанные Наставления 48.8",
 "sn48.8:0.2": "Глава Чистая",
 "sn48.8:0.3": "Сутта Должно быть Увидено",
 "sn48.8:1.1": "“Эти пять, монахи, способностей.",
 "sn48.8:1.2": "Какие пять?",
 "sn48.8:1.3": "Способность веры… способность понимания.",
 "sn48.8:1.4": "И где, монахи способность веры должна быть увидена?",
 "sn48.8:1.5": "В четырёх аспектах обретения слуха—",
 "sn48.8:1.6": "здесь способность веры должна быть увидена.",
 "sn48.8:1.7": "И где, монахи способность решимости должна быть увидена?",
 "sn48.8:1.8": "В четырёх правильных стараниях—",
 "sn48.8:1.9": "здесь способность решимости должна быть увидена.",
 "sn48.8:1.10": "И где, монахи способность концентрации-памятования должна быть увидена?",
 "sn48.8:1.11": "В четырёх установлениях памятования—",
 "sn48.8:1.12": "здесь способность памятования должна быть увидена.",
 "sn48.8:1.13": "И где, монахи способность объединения опыта должна быть увидена?",
 "sn48.8:1.14": "В четырёх джханах—",
 "sn48.8:1.15": "здесь способность объединения опыта должна быть увидена.",
 "sn48.8:1.16": "И где, монахи способность понимания должна быть увидена?",
 "sn48.8:1.17": "В четырёх благородных истинах—",
 "sn48.8:1.18": "здесь способность понимания должна быть увидена.",
 "sn48.8:1.19": "“Вот эти, монахи, пять способностей.",
 "sn48.8:1.20": "Восьмая."
}
