{
  "an3.107:0.1": "Восходящие Наставления 3.3.1.5 ",
  "an3.107:0.2": "1. Глава Самбодха ",
  "an3.107:0.3": "Рунна Сутта ",
  "an3.107:1.1": "“Плач это, монахи, в очищении благородного именно песня. ",
  "an3.107:1.2": "Безумие это, монахи, в очищении благородного именно танец. ",
  "an3.107:1.3": "Ребячество это, монахи, в очищении благородного именно чрезмерная улыбка, когда видны зубы. ",
  "an3.107:1.4": "Поэтому, монахи, уничтожение моста к песне, уничтожение моста к танцу, достаточна вам радостей учения о действительности улыбка, лишь улыбка”. ",
  "an3.107:1.5": "Пятая. "
}