{
  "sn12.69:0.1": "Saṁyutta Nikāya 12.69 ",
  "sn12.69:0.2": "7. Mahāvagga ",
  "sn12.69:0.3": "Upayantisutta ",
  "sn12.69:1.1": "Evaṁ me sutaṁ—",
  "sn12.69:1.2": "ekaṁ samayaṁ bhagavā sāvatthiyaṁ viharati jetavane anāthapiṇḍikassa ārāme. ",
  "sn12.69:1.3": "Tatra kho …pe… ",
  "sn12.69:1.4": "“mahāsamuddo, bhikkhave, upayanto mahānadiyo upayāpeti, mahānadiyo upayantiyo kunnadiyo upayāpenti, kunnadiyo upayantiyo mahāsobbhe upayāpenti, mahāsobbhā upayantā kusobbhe upayāpenti. ",
  "sn12.69:1.5": "Evameva kho, bhikkhave, avijjā upayantī saṅkhāre upayāpeti, saṅkhārā upayantā viññāṇaṁ upayāpenti, viññāṇaṁ upayantaṁ nāmarūpaṁ upayāpeti, nāmarūpaṁ upayantaṁ saḷāyatanaṁ upayāpeti, saḷāyatanaṁ upayantaṁ phassaṁ upayāpeti, phasso upayanto vedanaṁ upayāpeti, vedanā upayantī taṇhaṁ upayāpeti, taṇhā upayantī upādānaṁ upayāpeti, upādānaṁ upayantaṁ bhavaṁ upayāpeti, bhavo upayanto jātiṁ upayāpeti, jāti upayantī jarāmaraṇaṁ upayāpeti. ",
  "sn12.69:2.1": "Mahāsamuddo, bhikkhave, apayanto mahānadiyo apayāpeti, mahānadiyo apayantiyo kunnadiyo apayāpenti, kunnadiyo apayantiyo mahāsobbhe apayāpenti, mahāsobbhā apayantā kusobbhe apayāpenti. ",
  "sn12.69:2.2": "Evameva kho, bhikkhave, avijjā apayantī saṅkhāre apayāpeti, saṅkhārā apayantā viññāṇaṁ apayāpenti, viññāṇaṁ apayantaṁ nāmarūpaṁ apayāpeti, nāmarūpaṁ apayantaṁ saḷāyatanaṁ apayāpeti, saḷāyatanaṁ apayantaṁ phassaṁ apayāpeti, phasso apayanto vedanaṁ apayāpeti, vedanā apayantī taṇhaṁ apayāpeti, taṇhā apayantī upādānaṁ apayāpeti, upādānaṁ apayantaṁ bhavaṁ apayāpeti, bhavo apayanto jātiṁ apayāpeti, jāti apayantī jarāmaraṇaṁ apayāpetī”ti. ",
  "sn12.69:2.3": "Navamaṁ. "
}