{
  "sn12.82:0.1": "Saṁyutta Nikāya 12.82 ",
  "sn12.82:0.2": "9. Antarapeyyāla ",
  "sn12.82:0.3": "Satthusutta ",
  "sn12.82:1.1": "Sāvatthiyaṁ viharati. ",
  "sn12.82:1.2": "“Jarāmaraṇaṁ, bhikkhave, ajānatā apassatā yathābhūtaṁ jarāmaraṇe yathābhūtaṁ ñāṇāya satthā pariyesitabbo; ",
  "sn12.82:1.3": "jarāmaraṇasamudayaṁ ajānatā apassatā yathābhūtaṁ jarāmaraṇasamudaye yathābhūtaṁ ñāṇāya satthā pariyesitabbo; ",
  "sn12.82:1.4": "jarāmaraṇanirodhaṁ ajānatā apassatā yathābhūtaṁ jarāmaraṇanirodhe yathābhūtaṁ ñāṇāya satthā pariyesitabbo; ",
  "sn12.82:1.5": "jarāmaraṇanirodhagāminiṁ paṭipadaṁ ajānatā apassatā yathābhūtaṁ jarāmaraṇanirodhagāminiyā paṭipadāya yathābhūtaṁ ñāṇāya satthā pariyesitabbo”ti. ",
  "sn12.82:1.6": "(Suttanto eko.) ",
  "sn12.82:1.7": "Paṭhamaṁ. ",
  "sn12.82:1.8": "(Sabbesaṁ peyyālo evaṁ vitthāretabbo.) "
}