{
  "sn12.64:0.1": "Saṁyutta Nikāya 12.64 ",
  "sn12.64:0.2": "7. Mahāvagga ",
  "sn12.64:0.3": "Atthirāgasutta ",
  "sn12.64:1.1": "Sāvatthiyaṁ viharati. ",
  "sn12.64:1.2": "“Cattārome, bhikkhave, āhārā bhūtānaṁ vā sattānaṁ ṭhitiyā sambhavesīnaṁ vā anuggahāya. ",
  "sn12.64:1.3": "Katame cattāro? ",
  "sn12.64:1.4": "Kabaḷīkāro āhāro oḷāriko vā sukhumo vā, phasso dutiyo, manosañcetanā tatiyā, viññāṇaṁ catutthaṁ. ",
  "sn12.64:1.5": "Ime kho, bhikkhave, cattāro āhārā bhūtānaṁ vā sattānaṁ ṭhitiyā sambhavesīnaṁ vā anuggahāya. ",
  "sn12.64:2.1": "Kabaḷīkāre ce, bhikkhave, āhāre atthi rāgo atthi nandī atthi taṇhā, patiṭṭhitaṁ tattha viññāṇaṁ virūḷhaṁ. ",
  "sn12.64:2.2": "Yattha patiṭṭhitaṁ viññāṇaṁ virūḷhaṁ, atthi tattha nāmarūpassa avakkanti. ",
  "sn12.64:2.3": "Yattha atthi nāmarūpassa avakkanti, atthi tattha saṅkhārānaṁ vuddhi. ",
  "sn12.64:2.4": "Yattha atthi saṅkhārānaṁ vuddhi, atthi tattha āyatiṁ punabbhavābhinibbatti. ",
  "sn12.64:2.5": "Yattha atthi āyatiṁ punabbhavābhinibbatti, atthi tattha āyatiṁ jātijarāmaraṇaṁ. ",
  "sn12.64:2.6": "Yattha atthi āyatiṁ jātijarāmaraṇaṁ, sasokaṁ taṁ, bhikkhave, sadaraṁ saupāyāsanti vadāmi. ",
  "sn12.64:3.1": "Phasse ce, bhikkhave, āhāre …pe… ",
  "sn12.64:3.2": "manosañcetanāya ce, bhikkhave, āhāre … ",
  "sn12.64:3.3": "viññāṇe ce, bhikkhave, āhāre atthi rāgo atthi nandī atthi taṇhā, patiṭṭhitaṁ tattha viññāṇaṁ virūḷhaṁ. ",
  "sn12.64:3.4": "Yattha patiṭṭhitaṁ viññāṇaṁ virūḷhaṁ, atthi tattha nāmarūpassa avakkanti. ",
  "sn12.64:3.5": "Yattha atthi nāmarūpassa avakkanti, atthi tattha saṅkhārānaṁ vuddhi. ",
  "sn12.64:3.6": "Yattha atthi saṅkhārānaṁ vuddhi, atthi tattha āyatiṁ punabbhavābhinibbatti. ",
  "sn12.64:3.7": "Yattha atthi āyatiṁ punabbhavābhinibbatti, atthi tattha āyatiṁ jātijarāmaraṇaṁ. ",
  "sn12.64:3.8": "Yattha atthi āyatiṁ jātijarāmaraṇaṁ, sasokaṁ taṁ, bhikkhave, sadaraṁ saupāyāsanti vadāmi. ",
  "sn12.64:4.1": "Seyyathāpi, bhikkhave, rajako vā cittakārako vā sati rajanāya vā lākhāya vā haliddiyā vā nīliyā vā mañjiṭṭhāya vā suparimaṭṭhe vā phalake bhittiyā vā dussapaṭṭe vā itthirūpaṁ vā purisarūpaṁ vā abhinimmineyya sabbaṅgapaccaṅgaṁ; ",
  "sn12.64:4.2": "evameva kho, bhikkhave, kabaḷīkāre ce āhāre atthi rāgo atthi nandī atthi taṇhā, patiṭṭhitaṁ tattha viññāṇaṁ virūḷhaṁ. ",
  "sn12.64:4.3": "Yattha patiṭṭhitaṁ viññāṇaṁ virūḷhaṁ, atthi tattha nāmarūpassa avakkanti. ",
  "sn12.64:4.4": "Yattha atthi nāmarūpassa avakkanti, atthi tattha saṅkhārānaṁ vuddhi. ",
  "sn12.64:4.5": "Yattha atthi saṅkhārānaṁ vuddhi, atthi tattha āyatiṁ punabbhavābhinibbatti. ",
  "sn12.64:4.6": "Yattha atthi āyatiṁ punabbhavābhinibbatti, atthi tattha āyatiṁ jātijarāmaraṇaṁ. ",
  "sn12.64:4.7": "Yattha atthi āyatiṁ jātijarāmaraṇaṁ, sasokaṁ taṁ, bhikkhave, sadaraṁ saupāyāsanti vadāmi. ",
  "sn12.64:5.1": "Phasse ce, bhikkhave, āhāre …pe… ",
  "sn12.64:5.2": "manosañcetanāya ce, bhikkhave, āhāre … ",
  "sn12.64:5.3": "viññāṇe ce, bhikkhave, āhāre atthi rāgo atthi nandī atthi taṇhā, patiṭṭhitaṁ tattha viññāṇaṁ virūḷhaṁ. ",
  "sn12.64:5.4": "Yattha patiṭṭhitaṁ viññāṇaṁ virūḷhaṁ, atthi tattha nāmarūpassa avakkanti. ",
  "sn12.64:5.5": "Yattha atthi nāmarūpassa avakkanti, atthi tattha saṅkhārānaṁ vuddhi. ",
  "sn12.64:5.6": "Yattha atthi saṅkhārānaṁ vuddhi, atthi tattha āyatiṁ punabbhavābhinibbatti. ",
  "sn12.64:5.7": "Yattha atthi āyatiṁ punabbhavābhinibbatti, atthi tattha āyatiṁ jātijarāmaraṇaṁ. ",
  "sn12.64:5.8": "Yattha atthi āyatiṁ jātijarāmaraṇaṁ, sasokaṁ taṁ, bhikkhave, sadaraṁ saupāyāsanti vadāmi. ",
  "sn12.64:6.1": "Kabaḷīkāre ce, bhikkhave, āhāre natthi rāgo natthi nandī natthi taṇhā, appatiṭṭhitaṁ tattha viññāṇaṁ avirūḷhaṁ. ",
  "sn12.64:6.2": "Yattha appatiṭṭhitaṁ viññāṇaṁ avirūḷhaṁ, natthi tattha nāmarūpassa avakkanti. ",
  "sn12.64:6.3": "Yattha natthi nāmarūpassa avakkanti, natthi tattha saṅkhārānaṁ vuddhi. ",
  "sn12.64:6.4": "Yattha natthi saṅkhārānaṁ vuddhi, natthi tattha āyatiṁ punabbhavābhinibbatti. ",
  "sn12.64:6.5": "Yattha natthi āyatiṁ punabbhavābhinibbatti, natthi tattha āyatiṁ jātijarāmaraṇaṁ. ",
  "sn12.64:6.6": "Yattha natthi āyatiṁ jātijarāmaraṇaṁ, asokaṁ taṁ, bhikkhave, adaraṁ anupāyāsanti vadāmi. ",
  "sn12.64:7.1": "Phasse ce, bhikkhave, āhāre …pe… ",
  "sn12.64:7.2": "manosañcetanāya ce, bhikkhave, āhāre … ",
  "sn12.64:7.3": "viññāṇe ce, bhikkhave, āhāre natthi rāgo natthi nandī natthi taṇhā, appatiṭṭhitaṁ tattha viññāṇaṁ avirūḷhaṁ. ",
  "sn12.64:7.4": "Yattha appatiṭṭhitaṁ viññāṇaṁ avirūḷhaṁ, natthi tattha nāmarūpassa avakkanti. ",
  "sn12.64:7.5": "Yattha natthi nāmarūpassa avakkanti, natthi tattha saṅkhārānaṁ vuddhi. ",
  "sn12.64:7.6": "Yattha natthi saṅkhārānaṁ vuddhi, natthi tattha āyatiṁ punabbhavābhinibbatti. ",
  "sn12.64:7.7": "Yattha natthi āyatiṁ punabbhavābhinibbatti, natthi tattha āyatiṁ jātijarāmaraṇaṁ. ",
  "sn12.64:7.8": "Yattha natthi āyatiṁ jātijarāmaraṇaṁ, asokaṁ taṁ, bhikkhave, adaraṁ anupāyāsanti vadāmi. ",
  "sn12.64:8.1": "Seyyathāpi, bhikkhave, kūṭāgāraṁ vā kūṭāgārasālaṁ vā uttarāya vā dakkhiṇāya vā pācīnāya vā vātapānā sūriye uggacchante vātapānena rasmi pavisitvā kvāssa patiṭṭhitā”ti? ",
  "sn12.64:8.2": "“Pacchimāyaṁ, bhante, bhittiyan”ti. ",
  "sn12.64:8.3": "“Pacchimā ce, bhikkhave, bhitti nāssa kvāssa patiṭṭhitā”ti? ",
  "sn12.64:8.4": "“Pathaviyaṁ, bhante”ti. ",
  "sn12.64:8.5": "“Pathavī ce, bhikkhave, nāssa kvāssa patiṭṭhitā”ti? ",
  "sn12.64:8.6": "“Āpasmiṁ, bhante”ti. ",
  "sn12.64:8.7": "“Āpo ce, bhikkhave, nāssa kvāssa patiṭṭhitā”ti? ",
  "sn12.64:8.8": "“Appatiṭṭhitā, bhante”ti. ",
  "sn12.64:8.9": "“Evameva kho, bhikkhave, kabaḷīkāre ce āhāre natthi rāgo natthi nandī natthi taṇhā …pe…. ",
  "sn12.64:9.1": "Phasse ce, bhikkhave, āhāre … ",
  "sn12.64:9.2": "manosañcetanāya ce, bhikkhave, āhāre … ",
  "sn12.64:9.3": "viññāṇe ce, bhikkhave, āhāre natthi rāgo natthi nandī natthi taṇhā, appatiṭṭhitaṁ tattha viññāṇaṁ avirūḷhaṁ. ",
  "sn12.64:9.4": "Yattha appatiṭṭhitaṁ viññāṇaṁ avirūḷhaṁ, natthi tattha nāmarūpassa avakkanti. ",
  "sn12.64:9.5": "Yattha natthi nāmarūpassa avakkanti, natthi tattha saṅkhārānaṁ vuddhi. ",
  "sn12.64:9.6": "Yattha natthi saṅkhārānaṁ vuddhi, natthi tattha āyatiṁ punabbhavābhinibbatti. ",
  "sn12.64:9.7": "Yattha natthi āyatiṁ punabbhavābhinibbatti, natthi tattha āyatiṁ jātijarāmaraṇaṁ. ",
  "sn12.64:9.8": "Yattha natthi āyatiṁ jātijarāmaraṇaṁ asokaṁ taṁ, bhikkhave, adaraṁ anupāyāsanti vadāmī”ti. ",
  "sn12.64:9.9": "Catutthaṁ. "
}