{
  "sn12.65:0.1": "Saṁyutta Nikāya 12.65 ",
  "sn12.65:0.2": "7. Mahāvagga ",
  "sn12.65:0.3": "Nagarasutta ",
  "sn12.65:1.1": "Sāvatthiyaṁ viharati. ",
  "sn12.65:1.2": "“Pubbe me, bhikkhave, sambodhā anabhisambuddhassa bodhisattasseva sato etadahosi: ",
  "sn12.65:1.3": "‘kicchā vatāyaṁ loko āpanno jāyati ca jīyati ca mīyati ca cavati ca upapajjati ca. ",
  "sn12.65:1.4": "Atha ca panimassa dukkhassa nissaraṇaṁ nappajānāti jarāmaraṇassa. ",
  "sn12.65:1.5": "Kudāssu nāma imassa dukkhassa nissaraṇaṁ paññāyissati jarāmaraṇassā’ti? ",
  "sn12.65:1.6": "Tassa mayhaṁ, bhikkhave, etadahosi: ",
  "sn12.65:1.7": "‘kimhi nu kho sati jarāmaraṇaṁ hoti, kiṁpaccayā jarāmaraṇan’ti? ",
  "sn12.65:1.8": "Tassa mayhaṁ, bhikkhave, yoniso manasikārā ahu paññāya abhisamayo: ",
  "sn12.65:1.9": "‘jātiyā kho sati jarāmaraṇaṁ hoti, jātipaccayā jarāmaraṇan’ti. ",
  "sn12.65:2.1": "Tassa mayhaṁ, bhikkhave, etadahosi: ",
  "sn12.65:2.2": "‘kimhi nu kho sati jāti hoti …pe… ",
  "sn12.65:2.3": "bhavo hoti … ",
  "sn12.65:2.4": "upādānaṁ hoti … ",
  "sn12.65:2.5": "taṇhā hoti … ",
  "sn12.65:2.6": "vedanā hoti … ",
  "sn12.65:2.7": "phasso hoti … ",
  "sn12.65:2.8": "saḷāyatanaṁ hoti … ",
  "sn12.65:2.9": "nāmarūpaṁ hoti … ",
  "sn12.65:2.10": "kiṁpaccayā nāmarūpan’ti? ",
  "sn12.65:2.11": "Tassa mayhaṁ, bhikkhave, yoniso manasikārā ahu paññāya abhisamayo: ",
  "sn12.65:2.12": "‘viññāṇe kho sati nāmarūpaṁ hoti, viññāṇapaccayā nāmarūpan’ti. ",
  "sn12.65:2.13": "Tassa mayhaṁ, bhikkhave, etadahosi: ",
  "sn12.65:2.14": "‘kimhi nu kho sati viññāṇaṁ hoti, kiṁpaccayā viññāṇan’ti? ",
  "sn12.65:2.15": "Tassa mayhaṁ, bhikkhave, yoniso manasikārā ahu paññāya abhisamayo: ",
  "sn12.65:2.16": "‘nāmarūpe kho sati viññāṇaṁ hoti, nāmarūpapaccayā viññāṇan’ti. ",
  "sn12.65:3.1": "Tassa mayhaṁ, bhikkhave, etadahosi—",
  "sn12.65:3.2": "paccudāvattati kho idaṁ viññāṇaṁ nāmarūpamhā na paraṁ gacchati. ",
  "sn12.65:3.3": "Ettāvatā jāyetha vā jīyetha vā mīyetha vā cavetha vā upapajjetha vā, yadidaṁ nāmarūpapaccayā viññāṇaṁ; ",
  "sn12.65:3.4": "viññāṇapaccayā nāmarūpaṁ; ",
  "sn12.65:3.5": "nāmarūpapaccayā saḷāyatanaṁ; ",
  "sn12.65:3.6": "saḷāyatanapaccayā phasso …pe… ",
  "sn12.65:3.7": "evametassa kevalassa dukkhakkhandhassa samudayo hoti. ",
  "sn12.65:3.8": "‘Samudayo, samudayo’ti kho me, bhikkhave, pubbe ananussutesu dhammesu cakkhuṁ udapādi ñāṇaṁ udapādi paññā udapādi vijjā udapādi āloko udapādi. ",
  "sn12.65:4.1": "Tassa mayhaṁ, bhikkhave, etadahosi: ",
  "sn12.65:4.2": "‘kimhi nu kho asati, jarāmaraṇaṁ na hoti; ",
  "sn12.65:4.3": "kissa nirodhā jarāmaraṇanirodho’ti? ",
  "sn12.65:4.4": "Tassa mayhaṁ, bhikkhave, yoniso manasikārā ahu paññāya abhisamayo: ",
  "sn12.65:4.5": "‘jātiyā kho asati, jarāmaraṇaṁ na hoti; ",
  "sn12.65:4.6": "jātinirodhā jarāmaraṇanirodho’ti. ",
  "sn12.65:4.7": "Tassa mayhaṁ, bhikkhave, etadahosi: ",
  "sn12.65:4.8": "‘kimhi nu kho asati jāti na hoti …pe… ",
  "sn12.65:4.9": "bhavo na hoti … ",
  "sn12.65:4.10": "upādānaṁ na hoti … ",
  "sn12.65:4.11": "taṇhā na hoti … ",
  "sn12.65:4.12": "vedanā na hoti … ",
  "sn12.65:4.13": "phasso na hoti … ",
  "sn12.65:4.14": "saḷāyatanaṁ na hoti … ",
  "sn12.65:4.15": "nāmarūpaṁ na hoti. ",
  "sn12.65:4.16": "Kissa nirodhā nāmarūpanirodho’ti? ",
  "sn12.65:4.17": "Tassa mayhaṁ, bhikkhave, yoniso manasikārā ahu paññāya abhisamayo: ",
  "sn12.65:4.18": "‘viññāṇe kho asati, nāmarūpaṁ na hoti; ",
  "sn12.65:4.19": "viññāṇanirodhā nāmarūpanirodho’ti. ",
  "sn12.65:5.1": "Tassa mayhaṁ, bhikkhave, etadahosi: ",
  "sn12.65:5.2": "‘kimhi nu kho asati viññāṇaṁ na hoti; ",
  "sn12.65:5.3": "kissa nirodhā viññāṇanirodho’ti? ",
  "sn12.65:5.4": "Tassa mayhaṁ, bhikkhave, yoniso manasikārā ahu paññāya abhisamayo: ",
  "sn12.65:5.5": "‘nāmarūpe kho asati, viññāṇaṁ na hoti; ",
  "sn12.65:5.6": "nāmarūpanirodhā viññāṇanirodho’ti. ",
  "sn12.65:6.1": "Tassa mayhaṁ, bhikkhave, etadahosi—",
  "sn12.65:6.2": "adhigato kho myāyaṁ maggo bodhāya yadidaṁ—",
  "sn12.65:6.3": "nāmarūpanirodhā viññāṇanirodho; ",
  "sn12.65:6.4": "viññāṇanirodhā nāmarūpanirodho; ",
  "sn12.65:6.5": "nāmarūpanirodhā saḷāyatananirodho; ",
  "sn12.65:6.6": "saḷāyatananirodhā phassanirodho …pe… ",
  "sn12.65:6.7": "evametassa kevalassa dukkhakkhandhassa nirodho hoti. ",
  "sn12.65:6.8": "‘Nirodho, nirodho’ti kho me, bhikkhave, pubbe ananussutesu dhammesu cakkhuṁ udapādi ñāṇaṁ udapādi paññā udapādi vijjā udapādi āloko udapādi. ",
  "sn12.65:7.1": "Seyyathāpi, bhikkhave, puriso araññe pavane caramāno passeyya purāṇaṁ maggaṁ purāṇañjasaṁ pubbakehi manussehi anuyātaṁ. ",
  "sn12.65:7.2": "So tamanugaccheyya. ",
  "sn12.65:7.3": "Tamanugacchanto passeyya purāṇaṁ nagaraṁ purāṇaṁ rājadhāniṁ pubbakehi manussehi ajjhāvuṭṭhaṁ ārāmasampannaṁ vanasampannaṁ pokkharaṇīsampannaṁ uddhāpavantaṁ ramaṇīyaṁ. ",
  "sn12.65:7.4": "Atha kho so, bhikkhave, puriso rañño vā rājamahāmattassa vā āroceyya: ",
  "sn12.65:7.5": "‘yagghe, bhante, jāneyyāsi—ahaṁ addasaṁ araññe pavane caramāno purāṇaṁ maggaṁ purāṇañjasaṁ pubbakehi manussehi anuyātaṁ tamanugacchiṁ. ",
  "sn12.65:7.6": "Tamanugacchanto addasaṁ purāṇaṁ nagaraṁ purāṇaṁ rājadhāniṁ pubbakehi manussehi ajjhāvuṭṭhaṁ ārāmasampannaṁ vanasampannaṁ pokkharaṇīsampannaṁ uddhāpavantaṁ ramaṇīyaṁ. ",
  "sn12.65:7.7": "Taṁ, bhante, nagaraṁ māpehī’ti. ",
  "sn12.65:7.8": "Atha kho so, bhikkhave, rājā vā rājamahāmatto vā taṁ nagaraṁ māpeyya. ",
  "sn12.65:7.9": "Tadassa nagaraṁ aparena samayena iddhañceva phītañca bāhujaññaṁ ākiṇṇamanussaṁ vuddhivepullappattaṁ. ",
  "sn12.65:7.10": "Evameva khvāhaṁ, bhikkhave, addasaṁ purāṇaṁ maggaṁ purāṇañjasaṁ pubbakehi sammāsambuddhehi anuyātaṁ. ",
  "sn12.65:8.1": "Katamo ca so, bhikkhave, purāṇamaggo purāṇañjaso pubbakehi sammāsambuddhehi anuyāto? ",
  "sn12.65:8.2": "Ayameva ariyo aṭṭhaṅgiko maggo, seyyathidaṁ—",
  "sn12.65:8.3": "sammādiṭṭhi …pe… sammāsamādhi. ",
  "sn12.65:8.4": "Ayaṁ kho so, bhikkhave, purāṇamaggo purāṇañjaso pubbakehi sammāsambuddhehi anuyāto, tamanugacchiṁ; ",
  "sn12.65:8.5": "tamanugacchanto jarāmaraṇaṁ abbhaññāsiṁ; ",
  "sn12.65:8.6": "jarāmaraṇasamudayaṁ abbhaññāsiṁ; ",
  "sn12.65:8.7": "jarāmaraṇanirodhaṁ abbhaññāsiṁ; ",
  "sn12.65:8.8": "jarāmaraṇanirodhagāminiṁ paṭipadaṁ abbhaññāsiṁ. ",
  "sn12.65:8.9": "Tamanugacchiṁ; ",
  "sn12.65:8.10": "tamanugacchanto jātiṁ abbhaññāsiṁ …pe… ",
  "sn12.65:8.11": "bhavaṁ abbhaññāsiṁ … ",
  "sn12.65:8.12": "upādānaṁ abbhaññāsiṁ … ",
  "sn12.65:8.13": "taṇhaṁ abbhaññāsiṁ … ",
  "sn12.65:8.14": "vedanaṁ abbhaññāsiṁ … ",
  "sn12.65:8.15": "phassaṁ abbhaññāsiṁ … ",
  "sn12.65:8.16": "saḷāyatanaṁ abbhaññāsiṁ … ",
  "sn12.65:8.17": "nāmarūpaṁ abbhaññāsiṁ … ",
  "sn12.65:8.18": "viññāṇaṁ abbhaññāsiṁ. ",
  "sn12.65:8.19": "Tamanugacchiṁ; ",
  "sn12.65:8.20": "tamanugacchanto saṅkhāre abbhaññāsiṁ; ",
  "sn12.65:8.21": "saṅkhārasamudayaṁ abbhaññāsiṁ; ",
  "sn12.65:8.22": "saṅkhāranirodhaṁ abbhaññāsiṁ; ",
  "sn12.65:8.23": "saṅkhāranirodhagāminiṁ paṭipadaṁ abbhaññāsiṁ. ",
  "sn12.65:8.24": "Tadabhiññāya ācikkhiṁ bhikkhūnaṁ bhikkhunīnaṁ upāsakānaṁ upāsikānaṁ. ",
  "sn12.65:8.25": "Tayidaṁ, bhikkhave, brahmacariyaṁ iddhañceva phītañca vitthārikaṁ bāhujaññaṁ puthubhūtaṁ yāva devamanussehi suppakāsitan”ti. ",
  "sn12.65:8.26": "Pañcamaṁ. "
}