{
  "sn12.71:0.1": "Saṁyutta Nikāya 12.71 ",
  "sn12.71:0.2": "8. Samaṇabrāhmaṇavagga ",
  "sn12.71:0.3": "Jarāmaraṇasutta ",
  "sn12.71:1.1": "Evaṁ me sutaṁ—",
  "sn12.71:1.2": "ekaṁ samayaṁ bhagavā sāvatthiyaṁ viharati jetavane anāthapiṇḍikassa ārāme. ",
  "sn12.71:1.3": "Tatra kho bhagavā …pe… ",
  "sn12.71:1.4": "“ye hi keci, bhikkhave, samaṇā vā brāhmaṇā vā jarāmaraṇaṁ nappajānanti, jarāmaraṇasamudayaṁ nappajānanti, jarāmaraṇanirodhaṁ nappajānanti, jarāmaraṇanirodhagāminiṁ paṭipadaṁ nappajānanti, ",
  "sn12.71:1.5": "na me te, bhikkhave, samaṇā vā brāhmaṇā vā samaṇesu vā samaṇasammatā brāhmaṇesu vā brāhmaṇasammatā, na ca pana te āyasmanto sāmaññatthaṁ vā brahmaññatthaṁ vā diṭṭheva dhamme sayaṁ abhiññā sacchikatvā upasampajja viharanti. ",
  "sn12.71:2.1": "Ye ca kho keci, bhikkhave, samaṇā vā brāhmaṇā vā jarāmaraṇaṁ pajānanti …pe… paṭipadaṁ pajānanti, ",
  "sn12.71:2.2": "te kho me, bhikkhave, samaṇā vā brāhmaṇā vā samaṇesu ceva samaṇasammatā brāhmaṇesu ca brāhmaṇasammatā, te ca panāyasmanto sāmaññatthañca brahmaññatthañca diṭṭheva dhamme sayaṁ abhiññā sacchikatvā upasampajja viharantī”ti. ",
  "sn12.71:2.3": "(Suttanto eko.) ",
  "sn12.71:2.4": "Paṭhamaṁ. "
}