{
  "sn15.20:0.1": "Связанные Наставления 15.20",
  "sn15.20:0.2": "Глава Вторая",
  "sn15.20:0.3": "Гора Вепулла",
  "sn15.20:1.1": "Однажды Благословенный пребывал в Раджагахе на горе под названием Пик Грифов. ",
  "sn15.20:1.2": "Там Благословенный обратился к монахам: ",
  "sn15.20:1.3": "«Монахи!»",
  "sn15.20:1.4": "«Учитель!» – отвечали те монахи. ",
  "sn15.20:1.5": "Благословенный сказал:",
  "sn15.20:2.1": "«Монахи, эта сансара не имеет постижимого начала. ",
  "sn15.20:2.2": "Первого момента не увидеть, когда бы существа [начали] блуждать и скитаться [в круговерти перерождений], скованные невежеством и спутанные жаждой.",
  "sn15.20:2.3": "В прошлом, монахи, эта гора Вепулла называлась Пачинавансой, ",
  "sn15.20:2.4": "и в то время эти люди звались Тиварами. ",
  "sn15.20:2.5": "Жизненный срок Тивар составлял сорок тысяч лет. ",
  "sn15.20:2.6": "Они взбирались на гору Пачинавансу за четыре дня и спускались за четыре дня. ",
  "sn15.20:2.7": "В то время Будда Какусанда, Арахант, Полностью Просветлённый появился в мире. ",
  "sn15.20:2.8": "Его двумя главными учениками были Видхура и Санджива, великолепная пара. ",
  "sn15.20:2.9": "Смотрите, монахи, название этой горы исчезло, те люди вымерли, а Благословенный достиг окончательной ниббаны. ",
  "sn15.20:2.10": "Вот так непостоянны все формации, монахи, ",
  "sn15.20:2.11": "так неустойчивы, ",
  "sn15.20:2.12": "так ненадёжны. ",
  "sn15.20:2.13": "[Этого] достаточно, монахи, чтобы ощутить разочарование [по отношению] ко всем формациям, достаточно для того, чтобы стать беспристрастными по отношению к ним, достаточно для того, чтобы освободиться от них.",
  "sn15.20:3.1": "[В иное время] в прошлом, монахи, эта гора Вепулла называлась Ванкакой, ",
  "sn15.20:3.2": "и в то время эти люди звались Рохитассами. ",
  "sn15.20:3.3": "Жизненный срок Рохитасс составлял тридцать тысяч лет. ",
  "sn15.20:3.4": "Они взбирались на гору Ванкаку за три дня и спускались за три дня. ",
  "sn15.20:3.5": "В то время Будда Конагамана, Арахант, Полностью Просветлённый появился в мире. ",
  "sn15.20:3.6": "Его двумя главными учениками были Бхиййоса и Уттара, великолепная пара. ",
  "sn15.20:3.7": "Смотрите, монахи, название этой горы исчезло, те люди вымерли, а Благословенный достиг окончательной ниббаны. ",
  "sn15.20:3.8": "Вот так непостоянны все формации, монахи, так неустойчивы, так ненадёжны. ",
  "sn15.20:3.9": "[Этого] достаточно, монахи, чтобы ощутить разочарование [по отношению] ко всем формациям, достаточно для того, чтобы стать беспристрастными по отношению к ним, достаточно для того, чтобы освободиться от них.",
  "sn15.20:4.1": "[В иное время] в прошлом, монахи, эта гора Вепулла называлась Супассой, ",
  "sn15.20:4.2": "и в то время эти люди звались Суппиями. ",
  "sn15.20:4.3": "Жизненный срок Суппиев составлял двадцать тысяч лет. ",
  "sn15.20:4.4": "Они взбирались на гору Супассу за два дня и спускались за два дня. ",
  "sn15.20:4.5": "В то время Будда Кассапа, Арахант, Полностью Просветлённый появился в мире. ",
  "sn15.20:4.6": "Его двумя главными учениками были Тисса и Бхарадваджа, великолепная пара. ",
  "sn15.20:4.7": "Смотрите, монахи, название этой горы исчезло, те люди вымерли, а Благословенный достиг окончательной ниббаны. ",
  "sn15.20:4.8": "Вот так непостоянны все формации, монахи, так неустойчивы, ",
  "sn15.20:4.9": "так ненадёжны. ",
  "sn15.20:4.10": "[Этого] достаточно, монахи, чтобы ощутить разочарование [по отношению] ко всем формациям, достаточно для того, чтобы стать беспристрастными по отношению к ним, достаточно для того, чтобы освободиться от них.",
  "sn15.20:5.1": "В наше время, монахи, эта гора Вепулла называется Вепуллой, ",
  "sn15.20:5.2": "и сейчас эти люди зовутся Магадхами. ",
  "sn15.20:5.3": "Жизненный срок Магадхов короток, ограничен, скоротечен. ",
  "sn15.20:5.4": "Долгожитель живёт сто лет или чуть больше. ",
  "sn15.20:5.5": "Магадхи взбираются на гору Вепулла за один час и спускаются за один час. ",
  "sn15.20:5.6": "И в настоящее время я появился в мире, Арахант, Полностью Просветлённый. ",
  "sn15.20:5.7": "Моих двух главных учеников зовут Сарипутта и Моггаллана, великолепная пара. ",
  "sn15.20:5.8": "Придёт время, монахи, когда название этой горы исчезнет, эти люди вымрут, а я обрету окончательную ниббану. ",
  "sn15.20:5.9": "Вот так непостоянны все формации, монахи, ",
  "sn15.20:5.10": "так неустойчивы, ",
  "sn15.20:5.11": "так ненадёжны. ",
  "sn15.20:5.12": "[Этого] достаточно, монахи, чтобы ощутить разочарование [по отношению] ко всем формациям, достаточно для того, чтобы стать беспристрастными по отношению к ним, достаточно для того, чтобы освободиться от них».",
  "sn15.20:6.1": "Так сказал Благословенный. ",
  "sn15.20:6.2": "И сказав так, Счастливейший, Учитель, далее добавил:",
  "sn15.20:7.1": "«Пачинаванса – вот звали как её Тивары,",
  "sn15.20:7.2": "Ванкакой звали Рохитассы,",
  "sn15.20:7.3": "Супассой – народ Суппиев,",
  "sn15.20:7.4": "Вепуллой – люд Магадхов.",
  "sn15.20:8.1": "Непостоянны составные вещи,",
  "sn15.20:8.2": "То появляются, то исчезают,",
  "sn15.20:8.3": "Возникнув, вскоре прекращаются:",
  "sn15.20:8.4": "Успокоение же их блаженно».",
  "sn15.20:8.5": "",
  "sn15.20:8.6": "",
  "sn15.20:9.0": "",
  "sn15.20:9.1": "",
  "sn15.20:9.2": "",
  "sn15.20:9.3": "",
  "sn15.20:9.4": "",
  "sn15.20:9.5": ""
}