{
  "sn15.19:0.1": "Связанные Наставления 15.19",
  "sn15.19:0.2": "Глава Вторая",
  "sn15.19:0.3": "Дочь",
  "sn15.19:1.1": "В Саваттхи. ",
  "sn15.19:1.2": "«Монахи, эта сансара не имеет постижимого начала. ",
  "sn15.19:1.3": "Первого момента не увидеть, когда бы существа [начали] блуждать и скитаться [в круговерти перерождений], скованные невежеством и спутанные жаждой.",
  "sn15.19:1.4": "Непросто, монахи, найти существо, которое в течение этого длинного течения [круговерти перерождений] не было бы прежде вашей дочерью.",
  "sn15.19:1.5": "И почему? ",
  "sn15.19:1.6": "Потому что, монахи, эта сансара не имеет постижимого начала. ",
  "sn15.19:1.7": "Первого момента не увидеть, когда бы существа [начали] блуждать и скитаться [в круговерти перерождений], скованные невежеством и спутанные жаждой.",
  "sn15.19:1.8": "Вот так долго, монахи, вы переживали страдания, боль, несчастье и наполняли кладбища. ",
  "sn15.19:1.9": "Достаточно [долго] для того, чтобы ощутить разочарование [по отношению] ко всем формациям, достаточно для того, чтобы стать беспристрастными по отношению к ним, достаточно для того, чтобы освободиться от них».",
  "sn15.19:1.10": ""
}