{
  "sn15.14:0.1": "Связанные Наставления 15.14",
  "sn15.14:0.2": "Глава Вторая",
  "sn15.14:0.3": "Мать",
  "sn15.14:1.1": "В Саваттхи. [Благословенный сказал]:",
  "sn15.14:1.2": "«Монахи, эта сансара не имеет постижимого начала. Первого момента не увидеть, когда бы существа [начали] блуждать и скитаться [в круговерти перерождений], скованные невежеством и спутанные жаждой.",
  "sn15.14:1.3": "Непросто, монахи, найти существо, которое в течение этого длинного течения [круговерти перерождений] не было бы прежде вашей матерью.",
  "sn15.14:1.4": "И почему? ",
  "sn15.14:1.5": "Потому что, монахи, эта сансара не имеет постижимого начала. Первого момента не увидеть, когда бы существа [начали] блуждать и скитаться [в круговерти перерождений], скованные невежеством и спутанные жаждой.",
  "sn15.14:1.6": "Вот так долго, монахи, вы переживали страдания, боль, несчастье и наполняли кладбища. Достаточно [долго] для того, чтобы ощутить разочарование [по отношению] ко всем формациям, достаточно для того, чтобы стать беспристрастными по отношению к ним, достаточно для того, чтобы освободиться от них».",
  "sn15.14:1.7": ""
}
