{
  "sn15.11:0.1": "Связанные Наставления 15.11",
  "sn15.11:0.2": "Глава Вторая ",
  "sn15.11:0.3": "Несчастный",
  "sn15.11:1.1": "Однажды, пребывая в Саваттхи, ",
  "sn15.11:1.2": "Благословенный сказал: ",
  "sn15.11:1.3": "«Монахи, эта сансара не имеет постижимого начала. ",
  "sn15.11:1.4": "Первого момента не увидеть, когда бы существа [начали] блуждать и скитаться [в круговерти перерождений], скованные невежеством и спутанные жаждой.",
  "sn15.11:1.5": "Когда вы видите кого-либо несчастного и унывающего, то можете делать такой вывод: ",
  "sn15.11:1.6": "«Мы тоже переживали это в течение длительного [скитания в сансаре]».",
  "sn15.11:1.7": "И почему? Потому что, монахи, эта сансара не имеет постижимого начала. Первого момента не увидеть, когда бы существа [начали] блуждать и скитаться [в круговерти перерождений], скованные невежеством и спутанные жаждой.",
  "sn15.11:1.8": "Вот так долго, монахи, вы переживали страдания, боль, несчастье и наполняли кладбища. Достаточно [долго] для того, чтобы ощутить разочарование [по отношению] ко всем формациям, достаточно для того, чтобы стать беспристрастными по отношению к ним, достаточно для того, чтобы освободиться от них».",
  "sn15.11:1.9": ""
}