{
  "sn15.12:0.1": "Связанные Нставления 15.12",
  "sn15.12:0.2": "Глава Вторая ",
  "sn15.12:0.3": "Счастливый ",
  "sn15.12:1.1": "Однажды, пребывая в Саваттхи, Благословенный сказал: ",
  "sn15.12:1.2": "«Монахи, эта сансара не имеет постижимого начала. Первого момента не увидеть, когда бы существа [начали] блуждать и скитаться [в круговерти перерождений], скованные невежеством и спутанные жаждой.",
  "sn15.12:1.3": "Когда вы видите кого-либо счастливого и удачливого, то можете делать такой вывод: ",
  "sn15.12:1.4": "«Мы тоже переживали это в течение длительного [скитания в круговерти перерождений]».",
  "sn15.12:1.5": "И почему? ",
  "sn15.12:1.6": "Потому что, монахи, эта сансара не имеет постижимого начала. Первого момента не увидеть, когда бы существа [начали] блуждать и скитаться [в круговерти перерождений], скованные невежеством и спутанные жаждой.",
  "sn15.12:1.7": "Вот так долго, монахи, вы переживали страдания, боль, несчастье и наполняли кладбища. ",
  "sn15.12:1.8": "Достаточно [долго] для того, чтобы ощутить разочарование [по отношению] ко всем формациям, достаточно для того, чтобы стать беспристрастными по отношению к ним, достаточно для того, чтобы освободиться от них».",
  "sn15.12:1.9": ""
}