{
  "mn1:0.1": "Мадджхима Никая 1 ",
  "mn1:0.2": "Корень всех вещей",
  "mn1:1.1": "Так я слышал. ",
  "mn1:1.2": "Однажды Благословенный проживал в Уккаттхе в Роще Субхаги у подножья царского салового дерева.  ",
  "mn1:1.3": "Там он обратился к монахам: ",
  "mn1:1.4": "“Монахи!” ",
  "mn1:1.5": "“– Уважаемый, – ответили они. ",
  "mn1:1.6": "Благословенный сказал следующее: ",
  "mn1:2.1": "“Монахи, я дам вам наставление о корне всех вещей. ",
  "mn1:2.2": "Слушайте внимательно то, о чём я буду говорить.” ",
  "mn1:2.3": "“Да, уважаемый, – ответили монахи.",
  "mn1:2.4": "Благословенный сказал: ",
  "mn1:3.1": "“Монахи, необученный заурядный человек, который не уважает Благородных, неумелый и не тренированный в их Дхамме, который не уважает чистых людей, неумелый и не тренированный в их Дхамме, ",
  "mn1:3.2": "воспринимает землю как землю. ",
  "mn1:3.3": "Восприняв землю как землю, он измышляет [себя как] землю, он измышляет [себя в] земле, он измышляет [себя отдельным] от земли, он измышляет землю «своей», он радуется земле. ",
  "mn1:3.4": "И почему? ",
  "mn1:3.5": "Потому что он не полностью понял её, я говорю вам. ",
  "mn1:4.1": "Он воспринимает воду как воду… ",
  "mn1:4.2": "Восприняв воду как воду, он измышляет [себя как] воду,… ",
  "mn1:4.3": "И почему? ",
  "mn1:4.4": "Потому что он не полностью понял её, я говорю вам.  ",
  "mn1:5.1": "Он воспринимает огонь как огонь… ",
  "mn1:5.2": "Восприняв огонь как огонь, он измышляет [себя как] огонь,… ",
  "mn1:5.3": "И почему? ",
  "mn1:5.4": "Потому что он не полностью понял его, я говорю вам.  ",
  "mn1:6.1": "Он воспринимает воздух как воздух.  ",
  "mn1:6.2": "Восприняв воздух как воздух, он измышляет [себя как] воздух, он измышляет [себя в] воздухе, он измышляет [себя отдельным] от воздуха, он измышляет воздух «своим», он радуется воздуху. ",
  "mn1:6.3": "И почему? ",
  "mn1:6.4": "отому что он не полностью понял его, я говорю вам. ",
  "mn1:7.1": "Он воспринимает существ как существ ",
  "mn1:7.2": "Восприняв существ как существ, он измышляет [себя как] существ, он измышляет [себя в] существах, он измышляет [себя отдельным] от существ, он измышляет существ «своим», он радуется существам. ",
  "mn1:7.3": "И почему ",
  "mn1:7.4": "Потому что он не полностью понял их, я говорю вам. ",
  "mn1:8.1": "Он воспринимает божеств как божеств",
  "mn1:8.2": "Восприняв божеств как божеств, он измышляет [себя как] божеств, он измышляет [себя в] божествах, он измышляет [себя отдельным] от божеств, он измышляет божеств «своим», он радуется божествам. ",
  "mn1:8.3": "И почему? ",
  "mn1:8.4": "Потому что он не полностью понял их, я говорю вам. ",
  "mn1:9.1": "Он воспринимает Паджапати как Паджапати. ",
  "mn1:9.2": "Восприняв Паджапати как Паджапати, он измышляет [себя как] Паджапати, он измышляет [себя в] Паджапати, он измышляет [себя отдельным] от Паджапати, он измышляет Паджапати «своим», он радуется Паджапати. ",
  "mn1:9.3": "И почему?",
  "mn1:9.4": "Потому что он не полностью понял его, я говорю вам. ",
  "mn1:10.1": "Он воспринимает Брахму как Брахму",
  "mn1:10.2": "Восприняв Брахму как Брахму, он измышляет [себя как] Брахму, он измышляет [себя в] Брахме, он измышляет [себя отдельным] от Брахмы, он измышляет Брахму «своим», он радуется Брахме. ",
  "mn1:10.3": "И почему? ",
  "mn1:10.4": "Потому что он не полностью понял его, я говорю вам. ",
  "mn1:11.1": "Он воспринимает божеств Лучезарного сияния как божеств Лучезарного сияния.",
  "mn1:11.2": "Восприняв божеств Лучезарного сияния как божеств Лучезарного сияния, он измышляет [себя как] божеств Лучезарного сияния, он измышляет [себя в] божествах Лучезарного сияния, он измышляет [себя отдельным] от божеств Лучезарного сияния, он измышляет божеств Лучезарного сияния «своим», он радуется божествам Лучезарного сияния.  ",
  "mn1:11.3": "И почему? ",
  "mn1:11.4": "Потому что он не полностью понял их, я говорю вам.",
  "mn1:12.1": "Он воспринимает божеств Сверкающего великолепия как божеств Сверкающего великолепия. ",
  "mn1:12.2": "Восприняв божеств Сверкающего великолепия как божеств Сверкающего великолепия, он измышляет [себя как] божеств Сверкающего великолепия, он измышляет [себя в] божествах Сверкающего великолепия, он измышляет [себя отдельным] от божеств Сверкающего великолепия, он измышляет божеств Сверкающего великолепия «своим», он радуется божествам Сверкающего великолепия. ",
  "mn1:12.3": "И почему? ",
  "mn1:12.4": "Потому что он не полностью понял их, я говорю вам. ",
  "mn1:13.1": "Он воспринимает богов великого плода как богов великого плода. ",
  "mn1:13.2": "Восприняв богов великого плода как богов великого плода, он измышляет [себя как] богов великого плода, он измышляет [себя в] богах великого плода, он измышляет [себя отдельным] от богов великого плода, он измышляет богов великого плода «своим», он радуется богам великого плода. ",
  "mn1:13.3": "И почему? ",
  "mn1:13.4": "Потому что он не полностью понял их, я говорю вам. ",
  "mn1:14.1": "Он воспринимает Владыку как Владыку ",
  "mn1:14.2": "Восприняв Владыку как Владыку, он измышляет [себя как] Владыку, он измышляет [себя во] Владыке, он измышляет [себя отдельным] от Владыки, он измышляет Владыку «своим», он радуется Владыке.  ",
  "mn1:14.3": "И почему? ",
  "mn1:14.4": "Потому что он не полностью понял его, я говорю вам. ",
  "mn1:15.1": "Он воспринимает сферу безграничного пространства как сферу безграничного пространства. ",
  "mn1:15.2": "Восприняв сферу безграничного пространства как сферу безграничного пространства, он измышляет [себя как] сферу безграничного пространства, он измышляет [себя в] сфере безграничного пространства, он измышляет [себя отдельным] от сферы безграничного пространства, он измышляет сферу безграничного пространства «своим», он радуется сфере безграничного пространства.  ",
  "mn1:15.3": "И почему?",
  "mn1:15.4": "Потому что он не полностью понял её, я говорю вам. ",
  "mn1:16.1": "Он воспринимает сферу безграничного сознания, как сферу безграничного сознания. ",
  "mn1:16.2": "Восприняв сферу безграничного сознания как сферу безграничного сознания, он измышляет [себя как] … ",
  "mn1:16.3": "И почему? ",
  "mn1:16.4": "Потому что он не полностью понял её, я говорю вам. ",
  "mn1:17.1": "Он воспринимает сферу отсутствия всего, как сферу отсутствия всего. ",
  "mn1:17.2": "Восприняв сферу отсутствия всего как сферу отсутствия всего, он измышляет [себя как] …",
  "mn1:17.3": "И почему? ",
  "mn1:17.4": "Потому что он не полностью понял её, я говорю вам. ",
  "mn1:18.1": "Он воспринимает сферу ни-восприятия-ни-не-восприятия как сферу ни-восприятия-ни-не-восприятия.  ",
  "mn1:18.2": "Восприняв сферу ни-восприятия-ни-не-восприятия как сферу ни-восприятия-ни-не-восприятия, он измышляет [себя как] сферу ни-восприятия-ни-не-восприятия, он измышляет [себя в] сфере ни-восприятия-ни-не-восприятия, он измышляет [себя отдельным] от сферы ни-восприятия-ни-не-восприятия, он измышляет сферу ни-восприятия-ни-не-восприятия «своим», он радуется сфере ни-восприятия-ни-не-восприятия.  ",
  "mn1:18.3": "И почему? ",
  "mn1:18.4": "Потому что он не полностью понял её, я говорю вам. ",
  "mn1:19.1": "Он воспринимает видимое как видимое.",
  "mn1:19.2": "Восприняв видимое как видимое, он измышляет [себя как] видимое, он измышляет [себя в] видимом, он измышляет [себя отдельным] от видимого, он измышляет видимое «своим», он радуется видимому. ",
  "mn1:19.3": "И почему? ",
  "mn1:19.4": "Потому что он не полностью понял его, я говорю вам. ",
  "mn1:20.1": "Он воспринимает слышимое как слышимое. ",
  "mn1:20.2": "Восприняв слышимое как слышимое, он измышляет [себя как] слышимое,… ",
  "mn1:20.3": "И почему? ",
  "mn1:20.4": "Потому что он не полностью понял его, я говорю вам. ",
  "mn1:21.1": "Он воспринимает ощущаемое как ощущаемое. ",
  "mn1:21.2": "Восприняв ощущаемое как ощущаемое, он измышляет [себя как] ощущаемое,… ",
  "mn1:21.3": "И почему? ",
  "mn1:21.4": "Потому что он не полностью понял его, я говорю вам. ",
  "mn1:22.1": "Он воспринимает познаваемое как познаваемое. ",
  "mn1:22.2": "Восприняв познаваемое как познаваемое, он измышляет [себя как] познаваемое, он измышляет [себя в] познаваемом, он измышляет [себя отдельным] от познаваемого, он измышляет познаваемое «своим», он радуется познаваемому.  ",
  "mn1:22.3": "И почему? ",
  "mn1:22.4": "Потому что он не полностью понял его, я говорю вам. ",
  "mn1:23.1": "Он воспринимает единое как единое ",
  "mn1:23.2": "Восприняв единое как единое, он измышляет [себя как] единое, он измышляет [себя в] едином, он измышляет [себя отдельным] от единого, он измышляет единое «своим», он радуется единому.  ",
  "mn1:23.3": "И почему? ",
  "mn1:23.4": "Потому что он не полностью понял его, я говорю вам. ",
  "mn1:24.1": "Он воспринимает множественное как множественное. ",
  "mn1:24.2": "Восприняв множественное как множественное, он измышляет [себя как] множественное, он измышляет [себя в] множественном, он измышляет [себя отдельным] от множественного, он измышляет множественное «своим», он радуется множественному. ",
  "mn1:24.3": "И почему? ",
  "mn1:24.4": "Потому что он не полностью понял его, я говорю вам. ",
  "mn1:25.1": "Он воспринимает всё как всё. ",
  "mn1:25.2": "Восприняв всё как всё, он измышляет [себя как] всё, он измышляет [себя во] всём, он измышляет [себя отдельным] от всего, он измышляет всё «своим», он радуется всему.  ",
  "mn1:25.3": "И почему? ",
  "mn1:25.4": "Потому что он не полностью понял его, я говорю вам. ",
  "mn1:26.1": "Он воспринимает ниббану как ниббану ",
  "mn1:26.2": "Восприняв ниббану как ниббану, он измышляет [себя как] ниббану, он измышляет [себя в] ниббане, он измышляет [себя отдельным] от ниббаны, он измышляет ниббану «своим», он радуется ниббане.  ",
  "mn1:26.3": "И почему? ",
  "mn1:26.4": "Потому что он не полностью понял её, я говорю вам. ",
  "mn1:26.5": "",
  "mn1:27.1": "Монахи, монах, который находится [в процессе] высшей тренировки, чей ум ещё не достиг цели и кто всё ещё устремлён к непревзойдённой защите от подневольности, напрямую знает землю как землю ",
  "mn1:27.2": "Напрямую познав землю как землю, ему не следует измышлять [себя как] землю, ему не следует измышлять [себя] в земле, ему не следует измышлять [себя отдельным] от земли, ему не следует измышлять землю «своим», ему не следует радоваться земле. ",
  "mn1:27.3": "И почему? ",
  "mn1:27.4": "Потому что он должен полностью понять её, я говорю вам ",
  "mn1:28-49.1": "Он напрямую знает воду как воду…",
  "mn1:28-49.2": "огонь … ",
  "mn1:28-49.3": "воздух … ",
  "mn1:28-49.4": "существ … ",
  "mn1:28-49.5": "божеств … ",
  "mn1:28-49.6": "Паджапати  … ",
  "mn1:28-49.7": "Брахму … ",
  "mn1:28-49.8": "божеств Лучезарного сияния … ",
  "mn1:28-49.9": "божеств Сверкающего великолепия … ",
  "mn1:28-49.10": "богов великого плода … ",
  "mn1:28-49.11": "the Владыку … ",
  "mn1:28-49.12": "сферу безграничного пространства … ",
  "mn1:28-49.13": "сферу безграничного сознания … ",
  "mn1:28-49.14": "сферу отсутствия всего … ",
  "mn1:28-49.15": "сферу ни-восприятия-ни-не-восприятия … ",
  "mn1:28-49.16": "видимое … ",
  "mn1:28-49.17": "слышимое … ",
  "mn1:28-49.18": "ощущаемое … ",
  "mn1:28-49.19": "познаваемое … ",
  "mn1:28-49.20": "единое … ",
  "mn1:28-49.21": "множественное … ",
  "mn1:28-49.22": "всё … ",
  "mn1:28-49.23": "Он воспринимает ниббану как ниббану ",
  "mn1:50.1": "Восприняв ниббану как ниббану, он измышляет [себя как] ниббану, он измышляет [себя в] ниббане, он измышляет [себя отдельным] от ниббаны, он измышляет ниббану «своим», он радуется ниббане. ",
  "mn1:50.2": "И почему? ",
  "mn1:50.3": "Потому что он не полностью понял её, я говорю вам. ",
  "mn1:50.4": "",
  "mn1:51.1": "Монахи, монах, который [является] арахантом, чьи пятна [загрязнений ума] уничтожены, который прожил святую жизнь, сделал то, что следовало сделать, сбросил тяжкий груз, достиг своей цели, уничтожил оковы существования и полностью освободился посредством окончательного знания, также напрямую знает землю как землю.  ",
  "mn1:51.2": "Напрямую познав землю как землю, он не измышляет [себя как] землю, он не измышляет [себя] в земле, он не измышляет [себя отдельно] от земли, он не измышляет землю «своим», он не радуется земле. ",
  "mn1:51.3": "И почему? ",
  "mn1:51.4": "Потому что он полностью её понял, я говорю вам. ",
  "mn1:52-74.1": "Он также напрямую знает воду как воду… ",
  "mn1:52-74.2": "огонь … ",
  "mn1:52-74.3": "воздух … ",
  "mn1:52-74.4": "существ … ",
  "mn1:52-74.5": "божеств … ",
  "mn1:52-74.6": "Паджапати … ",
  "mn1:52-74.7": "Брахму … ",
  "mn1:52-74.8": "божеств Лучезарного сияния … ",
  "mn1:52-74.9": "божеств Сверкающего великолепия … ",
  "mn1:52-74.10": "богов великого плода … ",
  "mn1:52-74.11": "Владыку … ",
  "mn1:52-74.12": "сферу безграничного пространства … ",
  "mn1:52-74.13": "сферу безграничного сознания … ",
  "mn1:52-74.14": "сферу отсутствия всего … ",
  "mn1:52-74.15": "сферу ни-восприятия-ни-не-восприятия … ",
  "mn1:52-74.16": "видимое … ",
  "mn1:52-74.17": "слышимое … ",
  "mn1:52-74.18": "ощущаемое … ",
  "mn1:52-74.19": "познаваемое … ",
  "mn1:52-74.20": "единое … ",
  "mn1:52-74.21": "множественное … ",
  "mn1:52-74.22": "всё … ",
  "mn1:52-74.23": "Он также напрямую знает ниббану как ниббану. ",
  "mn1:52-74.24": "Напрямую познав ниббану как ниббану, он не измышляет [себя как] ниббану, он не измышляет [себя] в ниббане, он не измышляет [себя отдельно] от ниббаны, он не измышляет ниббану «своим», он не радуется ниббане.  ",
  "mn1:52-74.25": "И почему? ",
  "mn1:52-74.26": "Потому что он полностью её понял, я говорю вам. ",
  "mn1:52-74.27": "",
  "mn1:75.1": "Монахи, монах, который [является] арахантом, чьи пятна [загрязнений ума] уничтожены, который прожил святую жизнь, сделал то, что следовало сделать, сбросил тяжкий груз, достиг своей цели, уничтожил оковы существования и полностью освободился посредством окончательного знания, также напрямую знает землю как землю. ",
  "mn1:75.2": "Напрямую познав землю как землю, он не измышляет [себя как] землю, он не измышляет [себя] в земле, он не измышляет [себя отдельно] от земли, он не измышляет землю «своим», он не радуется земле.  ",
  "mn1:75.3": "И почему? ",
  "mn1:75.4": "Потому что он освобождён от страсти посредством уничтожения страсти. ",
  "mn1:76-98.1": "Он также напрямую знает воду как воду… … ",
  "mn1:76-98.2": "огонь … ",
  "mn1:76-98.3": "воздух … ",
  "mn1:76-98.4": "существ … ",
  "mn1:76-98.5": "божеств … ",
  "mn1:76-98.6": "Паджапати … ",
  "mn1:76-98.7": "Брахму … ",
  "mn1:76-98.8": "божеств Лучезарного сияния … ",
  "mn1:76-98.9": "божеств Сверкающего великолепия … ",
  "mn1:76-98.10": "богов великого плода … ",
  "mn1:76-98.11": "Владыку … ",
  "mn1:76-98.12": "сферу безграничного пространства … ",
  "mn1:76-98.13": "сферу безграничного сознания … ",
  "mn1:76-98.14": "сферу отсутствия всего … ",
  "mn1:76-98.15": "сферу ни-восприятия-ни-не-восприятия … ",
  "mn1:76-98.16": "видимое … ",
  "mn1:76-98.17": "слышимое … ",
  "mn1:76-98.18": "ощущаемое … ",
  "mn1:76-98.19": "познаваемое … ",
  "mn1:76-98.20": "единое … ",
  "mn1:76-98.21": "множественное … ",
  "mn1:76-98.22": "всё … ",
  "mn1:76-98.23": "Он также напрямую знает ниббану как ниббану. ",
  "mn1:76-98.24": "Напрямую познав ниббану как ниббану, он не измышляет [себя как] ниббану, он не измышляет [себя] в ниббане, он не измышляет [себя отдельно] от ниббаны, он не измышляет ниббану «своим», он не радуется ниббане. ",
  "mn1:76-98.25": "И почему? ",
  "mn1:76-98.26": "Потому что он освобождён от страсти посредством уничтожения страсти. ",
  "mn1:76-98.27": "",
  "mn1:99.1": "Монахи, монах, который [является] арахантом, чьи пятна [загрязнений ума] уничтожены, который прожил святую жизнь, сделал то, что следовало сделать, сбросил тяжкий груз, достиг своей цели, уничтожил оковы существования и полностью освободился посредством окончательного знания, также напрямую знает землю как землю.  ",
  "mn1:99.2": "Напрямую познав землю как землю, он не измышляет [себя как] землю, он не измышляет [себя] в земле, он не измышляет [себя отдельно] от земли, он не измышляет землю «своим», он не радуется земле. ",
  "mn1:99.3": "И почему? ",
  "mn1:99.4": "Потому что он освобождён от злобы посредством уничтожения злобы. ",
  "mn1:100-122.1": "Он также напрямую знает воду как воду… ",
  "mn1:100-122.2": "огонь … ",
  "mn1:100-122.3": "воздух … ",
  "mn1:100-122.4": "существ … ",
  "mn1:100-122.5": "божеств … ",
  "mn1:100-122.6": "Паджапати … ",
  "mn1:100-122.7": "Брахму … ",
  "mn1:100-122.8": "божеств Лучезарного сияния … ",
  "mn1:100-122.9": "божеств Сверкающего великолепия … ",
  "mn1:100-122.10": "богов великого плода … ",
  "mn1:100-122.11": "Владыку … ",
  "mn1:100-122.12": "сферу безграничного пространства … ",
  "mn1:100-122.13": "сферу безграничного сознания … ",
  "mn1:100-122.14": "сферу отсутствия всего … ",
  "mn1:100-122.15": "сферу ни-восприятия-ни-не-восприятия … ",
  "mn1:100-122.16": "видимое … ",
  "mn1:100-122.17": "слышимое … ",
  "mn1:100-122.18": "ощущаемое … ",
  "mn1:100-122.19": "познаваемое … ",
  "mn1:100-122.20": "единое … ",
  "mn1:100-122.21": "множественное … ",
  "mn1:100-122.22": "всё … ",
  "mn1:100-122.23": "Он также напрямую знает ниббану как ниббану. ",
  "mn1:100-122.24": "Напрямую познав ниббану как ниббану, он не измышляет [себя как] ниббану, он не измышляет [себя] в ниббане, он не измышляет [себя отдельно] от ниббаны, он не измышляет ниббану «своим», он не радуется ниббане. ",
  "mn1:100-122.25": "И почему? ",
  "mn1:100-122.26": "Потому что он освобождён от злобы посредством уничтожения злобы. ",
  "mn1:100-122.27": "",
  "mn1:123.1": "Монахи, монах, который [является] арахантом, чьи пятна [загрязнений ума] уничтожены, который прожил святую жизнь, сделал то, что следовало сделать, сбросил тяжкий груз, достиг своей цели, уничтожил оковы существования и полностью освободился посредством окончательного знания, также напрямую знает землю как землю.  ",
  "mn1:123.2": "Напрямую познав землю как землю, он не измышляет [себя как] землю, он не измышляет [себя] в земле, он не измышляет [себя отдельно] от земли, он не измышляет землю «своим», он не радуется земле. ",
  "mn1:123.3": "И почему? ",
  "mn1:123.4": "Потому что он освобождён от заблуждения посредством уничтожения заблуждения. ",
  "mn1:124-146.1": "Он также напрямую знает воду как воду … ",
  "mn1:124-146.2": "огонь … ",
  "mn1:124-146.3": "воздух … ",
  "mn1:124-146.4": "существ … ",
  "mn1:124-146.5": "божеств … ",
  "mn1:124-146.6": "Паджапати … ",
  "mn1:124-146.7": "Брахму … ",
  "mn1:124-146.8": "божеств Лучезарного сияния … ",
  "mn1:124-146.9": "божеств Сверкающего великолепия … ",
  "mn1:124-146.10": "богов великого плода … ",
  "mn1:124-146.11": "Владыку … ",
  "mn1:124-146.12": "сферу безграничного пространства … ",
  "mn1:124-146.13": "сферу безграничного сознания … ",
  "mn1:124-146.14": "сферу отсутствия всего … ",
  "mn1:124-146.15": "сферу ни-восприятия-ни-не-восприятия … ",
  "mn1:124-146.16": "видимое … ",
  "mn1:124-146.17": "слышимое … ",
  "mn1:124-146.18": "ощущаемое … ",
  "mn1:124-146.19": "познаваемое … ",
  "mn1:124-146.20": "единое … ",
  "mn1:124-146.21": "множественное … ",
  "mn1:124-146.22": "всё … ",
  "mn1:124-146.23": "Он также напрямую знает ниббану как ниббану ",
  "mn1:124-146.24": "Напрямую познав ниббану как ниббану, он не измышляет [себя как] ниббану, он не измышляет [себя] в ниббане, он не измышляет [себя отдельно] от ниббаны, он не измышляет ниббану «своим», он не радуется ниббане.",
  "mn1:124-146.25": "И почему? ",
  "mn1:124-146.26": "Потому что он освобождён от заблуждения посредством уничтожения заблуждения. ",
  "mn1:124-146.27": "",
  "mn1:147.1": "Монахи, Татхагата, совершенный и полностью просветлённый, также напрямую знает землю как землю.  ",
  "mn1:147.2": "Напрямую познав землю как землю, он не измышляет [себя как] землю, он не измышляет [себя] в земле, он не измышляет [себя отдельно] от земли, он не измышляет землю «своим», он не радуется земле.  ",
  "mn1:147.3": "И почему? ",
  "mn1:147.4": "Потому что Татхагата полностью понял её до самого конца, я говорю вам. ",
  "mn1:148-170.1": "Он также напрямую знает воду как воду … ",
  "mn1:148-170.2": "огонь … ",
  "mn1:148-170.3": "воздух … ",
  "mn1:148-170.4": "существ … ",
  "mn1:148-170.5": "божеств … ",
  "mn1:148-170.6": "Паджапати … ",
  "mn1:148-170.7": "Брахму … ",
  "mn1:148-170.8": "божеств Лучезарного сияния … ",
  "mn1:148-170.9": "божеств Сверкающего великолепия … ",
  "mn1:148-170.10": "богов великого плода … ",
  "mn1:148-170.11": "Владыку … ",
  "mn1:148-170.12": "сферу безграничного пространства … ",
  "mn1:148-170.13": "сферу безграничного сознания … ",
  "mn1:148-170.14": "сферу отсутствия всего … ",
  "mn1:148-170.15": "сферу ни-восприятия-ни-не-восприятия … ",
  "mn1:148-170.16": "видимое … ",
  "mn1:148-170.17": "слышимое … ",
  "mn1:148-170.18": "ощущаемое … ",
  "mn1:148-170.19": "познаваемое … ",
  "mn1:148-170.20": "единое … ",
  "mn1:148-170.21": "множественное … ",
  "mn1:148-170.22": "всё … ",
  "mn1:148-170.23": "Он также напрямую знает ниббану как ниббану ",
  "mn1:148-170.24": "Напрямую познав ниббану как ниббану, он не измышляет [себя как] ниббану, он не измышляет [себя] в ниббане, он не измышляет [себя отдельно] от ниббаны, он не измышляет ниббану «своим», он не радуется ниббане. ",
  "mn1:148-170.25": "И почему? ",
  "mn1:148-170.26": "Потому что Татхагата полностью понял её до самого конца, я говорю вам. ",
  "mn1:148-170.27": "",
  "mn1:171.1": "Монахи, Татхагата, совершенный и полностью просветлённый, также напрямую знает землю как землю. ",
  "mn1:171.2": "Напрямую познав землю как землю, он не измышляет [себя как] землю, он не измышляет [себя] в земле, он не измышляет [себя отдельно] от земли, он не измышляет землю «своим», он не радуется земле.  ",
  "mn1:171.3": "И почему? ",
  "mn1:171.4": "Потому что он понял, что [подобная] радость – это корень страдания, ",
  "mn1:171.5": "и что с существованием [как условием] имеет место рождение, и что для всего, что возникло, имеет место старение и смерть. ",
  "mn1:171.6": "Поэтому, монахи, с полным уничтожением, угасанием, прекращением, отбрасыванием и оставлением [всех видов] жажды Татхагата пробудился в наивысшее полное просветление, я говорю вам. ",
  "mn1:172-194.1": "Он также напрямую знает воду как воду … ",
  "mn1:172-194.2": "огонь … ",
  "mn1:172-194.3": "воздух … ",
  "mn1:172-194.4": "существ … ",
  "mn1:172-194.5": "божеств … ",
  "mn1:172-194.6": "Паджапати … ",
  "mn1:172-194.7": "Брахму … ",
  "mn1:172-194.8": "божеств Лучезарного сияния … ",
  "mn1:172-194.9": "божеств Сверкающего великолепия … ",
  "mn1:172-194.10": "богов великого плода … ",
  "mn1:172-194.11": "Владыку … ",
  "mn1:172-194.12": "сферу безграничного пространства … ",
  "mn1:172-194.13": "сферу безграничного сознания … ",
  "mn1:172-194.14": "сферу отсутствия всего … ",
  "mn1:172-194.15": "сферу ни-восприятия-ни-не-восприятия … ",
  "mn1:172-194.16": "видимое … ",
  "mn1:172-194.17": "слышимое … ",
  "mn1:172-194.18": "ощущаемое … ",
  "mn1:172-194.19": "познаваемое … ",
  "mn1:172-194.20": "единое … ",
  "mn1:172-194.21": "множественное … ",
  "mn1:172-194.22": "всё … ",
  "mn1:172-194.23": "Он также напрямую знает ниббану как ниббану. ",
  "mn1:172-194.24": "Напрямую познав ниббану как ниббану, он не измышляет [себя как] ниббану, он не измышляет [себя] в ниббане, он не измышляет [себя отдельно] от ниббаны, он не измышляет ниббану «своим», он не радуется ниббане. ",
  "mn1:172-194.25": "И почему? ",
  "mn1:172-194.26": "Потому что он понял, что [подобная] радость – это корень страдания, ",
  "mn1:172-194.27": "и что с существованием [как условием] имеет место рождение, и что для всего, что возникло, имеет место старение и смерть. ",
  "mn1:172-194.28": "Поэтому, монахи, с полным уничтожением, угасанием, прекращением, отбрасыванием и оставлением [всех видов] жажды Татхагата пробудился в наивысшее полное просветление, я говорю вам.” ",
  "mn1:172-194.29": "",
  "mn1:172-194.30": "Так сказал Благословенный.",
  "mn1:172-194.31": "Но те монахи не возрадовались словам Благословенного. "
}