{
  "sn21.7:0.1": "Saṁyutta Nikāya 21.7 ",
  "sn21.7:0.2": "1. Bhikkhuvagga ",
  "sn21.7:0.3": "Visākhasutta ",
  "sn21.7:1.1": "Evaṁ me sutaṁ—",
  "sn21.7:1.2": "ekaṁ samayaṁ bhagavā vesāliyaṁ viharati mahāvane kūṭāgārasālāyaṁ. ",
  "sn21.7:1.3": "Tena kho pana samayena āyasmā visākho pañcālaputto upaṭṭhānasālāyaṁ bhikkhū dhammiyā kathāya sandasseti samādapeti samuttejeti sampahaṁseti, poriyā vācāya vissaṭṭhāya anelagalāya atthassa viññāpaniyā pariyāpannāya anissitāya. ",
  "sn21.7:2.1": "Atha kho bhagavā sāyanhasamayaṁ paṭisallānā vuṭṭhito yena upaṭṭhānasālā tenupasaṅkami; upasaṅkamitvā paññatte āsane nisīdi. ",
  "sn21.7:2.2": "Nisajja kho bhagavā bhikkhū āmantesi: ",
  "sn21.7:2.3": "“ko nu kho, bhikkhave, upaṭṭhānasālāyaṁ bhikkhū dhammiyā kathāya sandasseti samādapeti samuttejeti sampahaṁseti poriyā vācāya vissaṭṭhāya anelagalāya atthassa viññāpaniyā pariyāpannāya anissitāyā”ti? ",
  "sn21.7:2.4": "“Āyasmā, bhante, visākho pañcālaputto upaṭṭhānasālāyaṁ bhikkhū dhammiyā kathāya sandasseti samādapeti samuttejeti sampahaṁseti, poriyā vācāya vissaṭṭhāya anelagalāya atthassa viññāpaniyā pariyāpannāya anissitāyā”ti. ",
  "sn21.7:3.1": "Atha kho bhagavā āyasmantaṁ visākhaṁ pañcālaputtaṁ āmantesi: ",
  "sn21.7:3.2": "“sādhu sādhu, visākha, ",
  "sn21.7:3.3": "sādhu kho tvaṁ, visākha, bhikkhū dhammiyā kathāya sandassesi …pe… atthassa viññāpaniyā pariyāpannāya anissitāyā”ti. ",
  "sn21.7:4.1": "Idamavoca bhagavā. ",
  "sn21.7:4.2": "Idaṁ vatvāna sugato athāparaṁ etadavoca satthā: ",
  "sn21.7:5.1": "“Nābhāsamānaṁ jānanti, ",
  "sn21.7:5.2": "missaṁ bālehi paṇḍitaṁ; ",
  "sn21.7:5.3": "Bhāsamānañca jānanti, ",
  "sn21.7:5.4": "desentaṁ amataṁ padaṁ. ",
  "sn21.7:6.1": "Bhāsaye jotaye dhammaṁ, ",
  "sn21.7:6.2": "paggaṇhe isinaṁ dhajaṁ; ",
  "sn21.7:6.3": "Subhāsitadhajā isayo, ",
  "sn21.7:6.4": "dhammo hi isinaṁ dhajo”ti. ",
  "sn21.7:6.5": "Sattamaṁ. "
}