{
  "sn21.1:0.1": "Saṁyutta Nikāya 21.1 ",
  "sn21.1:0.2": "1. Bhikkhuvagga ",
  "sn21.1:0.3": "Kolitasutta ",
  "sn21.1:1.1": "Evaṁ me sutaṁ—",
  "sn21.1:1.2": "ekaṁ samayaṁ bhagavā sāvatthiyaṁ viharati jetavane anāthapiṇḍikassa ārāme. ",
  "sn21.1:1.3": "Tatra kho āyasmā mahāmoggallāno bhikkhū āmantesi: ",
  "sn21.1:1.4": "“āvuso bhikkhave”ti. ",
  "sn21.1:1.5": "“Āvuso”ti kho te bhikkhū āyasmato mahāmoggallānassa paccassosuṁ. ",
  "sn21.1:2.1": "Āyasmā mahāmoggallāno etadavoca: ",
  "sn21.1:2.2": "“idha mayhaṁ, āvuso, rahogatassa paṭisallīnassa evaṁ cetaso parivitakko udapādi: ",
  "sn21.1:2.3": "‘ariyo tuṇhībhāvo, ariyo tuṇhībhāvoti vuccati. ",
  "sn21.1:2.4": "Katamo nu kho ariyo tuṇhībhāvo’ti? ",
  "sn21.1:2.5": "Tassa mayhaṁ āvuso, etadahosi: ",
  "sn21.1:2.6": "‘idha bhikkhu vitakkavicārānaṁ vūpasamā ajjhattaṁ sampasādanaṁ cetaso ekodibhāvaṁ avitakkaṁ avicāraṁ samādhijaṁ pītisukhaṁ dutiyaṁ jhānaṁ upasampajja viharati. ",
  "sn21.1:2.7": "Ayaṁ vuccati ariyo tuṇhībhāvo’ti. ",
  "sn21.1:2.8": "So khvāhaṁ, āvuso, vitakkavicārānaṁ vūpasamā ajjhattaṁ sampasādanaṁ cetaso ekodibhāvaṁ avitakkaṁ avicāraṁ samādhijaṁ pītisukhaṁ dutiyaṁ jhānaṁ upasampajja vihariṁ. ",
  "sn21.1:2.9": "Tassa mayhaṁ, āvuso, iminā vihārena viharato vitakkasahagatā saññā manasikārā samudācaranti. ",
  "sn21.1:3.1": "Atha kho maṁ, āvuso, bhagavā iddhiyā upasaṅkamitvā etadavoca: ",
  "sn21.1:3.2": "‘moggallāna moggallāna, mā, brāhmaṇa, ariyaṁ tuṇhībhāvaṁ pamādo, ariye tuṇhībhāve cittaṁ saṇṭhapehi, ariye tuṇhībhāve cittaṁ ekodibhāvaṁ karohi, ariye tuṇhībhāve cittaṁ samādahā’ti. ",
  "sn21.1:3.3": "So khvāhaṁ, āvuso, aparena samayena vitakkavicārānaṁ vūpasamā ajjhattaṁ sampasādanaṁ cetaso ekodibhāvaṁ avitakkaṁ avicāraṁ samādhijaṁ pītisukhaṁ dutiyaṁ jhānaṁ upasampajja viharāmi. ",
  "sn21.1:3.4": "Yañhi taṁ, āvuso, sammā vadamāno vadeyya: ",
  "sn21.1:3.5": "‘satthārā anuggahito sāvako mahābhiññataṁ patto’ti, mamaṁ taṁ sammā vadamāno vadeyya: ",
  "sn21.1:3.6": "‘satthārā anuggahito sāvako mahābhiññataṁ patto’”ti. ",
  "sn21.1:3.7": "Paṭhamaṁ. "
}