{
  "sn21.5:0.1": "Saṁyutta Nikāya 21.5 ",
  "sn21.5:0.2": "1. Bhikkhuvagga ",
  "sn21.5:0.3": "Sujātasutta ",
  "sn21.5:1.1": "Sāvatthiyaṁ viharati. ",
  "sn21.5:1.2": "Atha kho āyasmā sujāto yena bhagavā tenupasaṅkami. ",
  "sn21.5:1.3": "Addasā kho bhagavā āyasmantaṁ sujātaṁ dūratova āgacchantaṁ. ",
  "sn21.5:1.4": "Disvāna bhikkhū āmantesi: ",
  "sn21.5:1.5": "“ubhayenevāyaṁ, bhikkhave, kulaputto sobhati—",
  "sn21.5:1.6": "yañca abhirūpo dassanīyo pāsādiko paramāya vaṇṇapokkharatāya samannāgato, yassa catthāya kulaputtā sammadeva agārasmā anagāriyaṁ pabbajanti tadanuttaraṁ brahmacariyapariyosānaṁ diṭṭheva dhamme sayaṁ abhiññā sacchikatvā upasampajja viharatī”ti. ",
  "sn21.5:1.7": "Idamavoca bhagavā …pe… ",
  "sn21.5:1.8": "satthā: ",
  "sn21.5:2.1": "“Sobhati vatāyaṁ bhikkhu, ",
  "sn21.5:2.2": "ujubhūtena cetasā; ",
  "sn21.5:2.3": "Vippayutto visaṁyutto, ",
  "sn21.5:2.4": "anupādāya nibbuto; ",
  "sn21.5:2.5": "Dhāreti antimaṁ dehaṁ, ",
  "sn21.5:2.6": "jetvā māraṁ savāhinin”ti. ",
  "sn21.5:2.7": "Pañcamaṁ. "
}