{
  "sn21.11:0.1": "Saṁyutta Nikāya 21.11 ",
  "sn21.11:0.2": "1. Bhikkhuvagga ",
  "sn21.11:0.3": "Mahākappinasutta ",
  "sn21.11:1.1": "Sāvatthiyaṁ viharati. ",
  "sn21.11:1.2": "Atha kho āyasmā mahākappino yena bhagavā tenupasaṅkami. ",
  "sn21.11:1.3": "Addasā kho bhagavā āyasmantaṁ mahākappinaṁ dūratova āgacchantaṁ. ",
  "sn21.11:1.4": "Disvāna bhikkhū āmantesi: ",
  "sn21.11:1.5": "“passatha no tumhe, bhikkhave, etaṁ bhikkhuṁ āgacchantaṁ odātakaṁ tanukaṁ tuṅganāsikan”ti? ",
  "sn21.11:1.6": "“Evaṁ, bhante”. ",
  "sn21.11:1.7": "“Eso kho, bhikkhave, bhikkhu mahiddhiko mahānubhāvo. ",
  "sn21.11:1.8": "Na ca sā samāpatti sulabharūpā yā tena bhikkhunā asamāpannapubbā. ",
  "sn21.11:1.9": "Yassa catthāya kulaputtā sammadeva agārasmā anagāriyaṁ pabbajanti tadanuttaraṁ brahmacariyapariyosānaṁ diṭṭheva dhamme sayaṁ abhiññā sacchikatvā upasampajja viharatī”ti. ",
  "sn21.11:2.1": "Idamavoca bhagavā. ",
  "sn21.11:2.2": "Idaṁ vatvāna sugato athāparaṁ etadavoca satthā: ",
  "sn21.11:3.1": "“Khattiyo seṭṭho janetasmiṁ, ",
  "sn21.11:3.2": "ye gottapaṭisārino; ",
  "sn21.11:3.3": "Vijjācaraṇasampanno, ",
  "sn21.11:3.4": "so seṭṭho devamānuse. ",
  "sn21.11:4.1": "Divā tapati ādicco, ",
  "sn21.11:4.2": "rattimābhāti candimā; ",
  "sn21.11:4.3": "Sannaddho khattiyo tapati, ",
  "sn21.11:4.4": "jhāyī tapati brāhmaṇo; ",
  "sn21.11:4.5": "Atha sabbamahorattiṁ, ",
  "sn21.11:4.6": "buddho tapati tejasā”ti. ",
  "sn21.11:4.7": "Ekādasamaṁ. "
}