{
  "sn21.6:0.1": "Saṁyutta Nikāya 21.6 ",
  "sn21.6:0.2": "1. Bhikkhuvagga ",
  "sn21.6:0.3": "Lakuṇḍakabhaddiyasutta ",
  "sn21.6:1.1": "Sāvatthiyaṁ viharati. ",
  "sn21.6:1.2": "Atha kho āyasmā lakuṇḍakabhaddiyo yena bhagavā tenupasaṅkami. ",
  "sn21.6:1.3": "Addasā kho bhagavā āyasmantaṁ lakuṇḍakabhaddiyaṁ dūratova āgacchantaṁ. ",
  "sn21.6:1.4": "Disvāna bhikkhū āmantesi: ",
  "sn21.6:1.5": "“passatha no tumhe, bhikkhave, etaṁ bhikkhuṁ āgacchantaṁ dubbaṇṇaṁ duddasikaṁ okoṭimakaṁ bhikkhūnaṁ paribhūtarūpan”ti? ",
  "sn21.6:1.6": "“Evaṁ, bhante”. ",
  "sn21.6:1.7": "“Eso kho, bhikkhave, bhikkhu mahiddhiko mahānubhāvo, na ca sā samāpatti sulabharūpā yā tena bhikkhunā asamāpannapubbā. ",
  "sn21.6:1.8": "Yassa catthāya kulaputtā sammadeva agārasmā anagāriyaṁ pabbajanti, tadanuttaraṁ brahmacariyapariyosānaṁ diṭṭheva dhamme sayaṁ abhiññā sacchikatvā upasampajja viharatī”ti. ",
  "sn21.6:1.9": "Idamavoca bhagavā …pe… ",
  "sn21.6:1.10": "satthā: ",
  "sn21.6:2.1": "“Haṁsā koñcā mayūrā ca, ",
  "sn21.6:2.2": "hatthayo pasadā migā; ",
  "sn21.6:2.3": "Sabbe sīhassa bhāyanti, ",
  "sn21.6:2.4": "natthi kāyasmiṁ tulyatā. ",
  "sn21.6:3.1": "Evameva manussesu, ",
  "sn21.6:3.2": "daharo cepi paññavā; ",
  "sn21.6:3.3": "So hi tattha mahā hoti, ",
  "sn21.6:3.4": "neva bālo sarīravā”ti. ",
  "sn21.6:3.5": "Chaṭṭhaṁ. "
}