{
  "sn21.9:0.1": "Saṁyutta Nikāya 21.9 ",
  "sn21.9:0.2": "1. Bhikkhuvagga ",
  "sn21.9:0.3": "Tissasutta ",
  "sn21.9:1.1": "Sāvatthiyaṁ viharati. ",
  "sn21.9:1.2": "Atha kho āyasmā tisso bhagavato pitucchāputto yena bhagavā tenupasaṅkami; upasaṅkamitvā bhagavantaṁ abhivādetvā ekamantaṁ nisīdi dukkhī dummano assūni pavattayamāno. Atha kho bhagavā āyasmantaṁ tissaṁ etadavoca: ",
  "sn21.9:1.3": "“kiṁ nu kho tvaṁ, tissa, ekamantaṁ nisinno dukkhī dummano assūni pavattayamāno”ti? ",
  "sn21.9:1.4": "“Tathā hi pana maṁ, bhante, bhikkhū samantā vācāyasannitodakena sañjambharimakaṁsū”ti. ",
  "sn21.9:1.5": "“Tathāhi pana tvaṁ, tissa, vattā no ca vacanakkhamo; ",
  "sn21.9:1.6": "na kho te taṁ, tissa, patirūpaṁ kulaputtassa saddhā agārasmā anagāriyaṁ pabbajitassa, yaṁ tvaṁ vattā no ca vacanakkhamo. ",
  "sn21.9:1.7": "Etaṁ kho te, tissa, patirūpaṁ kulaputtassa saddhā agārasmā anagāriyaṁ pabbajitassa: ",
  "sn21.9:1.8": "‘yaṁ tvaṁ vattā ca assa vacanakkhamo cā’”ti. ",
  "sn21.9:2.1": "Idamavoca bhagavā. ",
  "sn21.9:2.2": "Idaṁ vatvāna sugato athāparaṁ etadavoca satthā: ",
  "sn21.9:3.1": "“Kiṁ nu kujjhasi mā kujjhi, ",
  "sn21.9:3.2": "Akkodho tissa te varaṁ; ",
  "sn21.9:3.3": "Kodhamānamakkhavinayatthañhi, ",
  "sn21.9:3.4": "Tissa brahmacariyaṁ vussatī”ti. ",
  "sn21.9:3.5": "Navamaṁ. "
}