{
  "sn21.8:0.1": "Saṁyutta Nikāya 21.8 ",
  "sn21.8:0.2": "1. Bhikkhuvagga ",
  "sn21.8:0.3": "Nandasutta ",
  "sn21.8:1.1": "Sāvatthiyaṁ viharati. ",
  "sn21.8:1.2": "Atha kho āyasmā nando bhagavato mātucchāputto ākoṭitapaccākoṭitāni cīvarāni pārupitvā akkhīni añjetvā acchaṁ pattaṁ gahetvā yena bhagavā tenupasaṅkami; upasaṅkamitvā bhagavantaṁ abhivādetvā ekamantaṁ nisīdi. Ekamantaṁ nisinnaṁ kho āyasmantaṁ nandaṁ bhagavā etadavoca: ",
  "sn21.8:1.3": "“na kho te taṁ, nanda, patirūpaṁ kulaputtassa saddhā agārasmā anagāriyaṁ pabbajitassa, yaṁ tvaṁ ākoṭitapaccākoṭitāni cīvarāni pārupeyyāsi, akkhīni ca añjeyyāsi, acchañca pattaṁ dhāreyyāsi. ",
  "sn21.8:1.4": "Etaṁ kho te, nanda, patirūpaṁ kulaputtassa saddhā agārasmā anagāriyaṁ pabbajitassa, yaṁ tvaṁ āraññiko ca assasi, piṇḍapātiko ca paṁsukūliko ca kāmesu ca anapekkho vihareyyāsī”ti. ",
  "sn21.8:1.5": "Idamavoca bhagavā …pe… ",
  "sn21.8:1.6": "satthā: ",
  "sn21.8:2.1": "“Kadāhaṁ nandaṁ passeyyaṁ, ",
  "sn21.8:2.2": "āraññaṁ paṁsukūlikaṁ; ",
  "sn21.8:2.3": "Aññātuñchena yāpentaṁ, ",
  "sn21.8:2.4": "kāmesu anapekkhinan”ti. ",
  "sn21.8:3.1": "Atha kho āyasmā nando aparena samayena āraññiko ca piṇḍapātiko ca paṁsukūliko ca kāmesu ca anapekkho vihāsīti. ",
  "sn21.8:3.2": "Aṭṭhamaṁ. "
}