{
  "an10.216:0.1": "Восходящие Наставления 10.216",
  "an10.216:0.2": "Глава Караджакая",
  "an10.216:0.3": "Сутта Расползающийся",
  "an10.216:1.1": "«Я научу вас, монахи, изложению Дхаммы на тему расползания. ",
  "an10.216:1.2": "Слушайте внимательно, я буду говорить».",
  "an10.216:1.3": "«Да, почтенный» – ответили те монахи. ",
  "an10.216:1.4": "Благословенный сказал:",
  "an10.216:2.1": "«И каково, монахи, изложение Дхаммы на тему расползания? ",
  "an10.216:2.2": "Существа, монахи, владельцы собственных действий, наследники своих действий, происходят из своих действий, действия – это их родня и прибежище.",
  "an10.216:2.3": "Какие бы действия они ни свершали – плохие или хорошие – они станут их приемниками.",
  "an10.216:3.1": "Вот некий человек уничтожает жизнь. Он жесток, кровожаден, предаётся насилию и побоям, беспощаден к живым существам. ",
  "an10.216:3.2": "Он расползается телом, речью и умом. ",
  "an10.216:3.3": "Его телесные действия кривые. Его словесные действия кривые. Его умственные действия кривые. ",
  "an10.216:4.1": "Его будущий удел кривой, его перерождение кривое. А того, у кого кривой будущий удел и перерождение, я говорю вам, ждёт один из [этих] двух уделов: ",
  "an10.216:4.2": "либо неимоверно болезненные ады, либо [один из] видов ползучих животных. ",
  "an10.216:4.3": "И каковы виды ползучих животных? ",
  "an10.216:4.4": "Змея, скорпион, многоножка, кошка, мышь или сова, или же любые другие животные, уползающие при виде людей. ",
  "an10.216:4.5": "Так существо перерождается из существа, ",
  "an10.216:4.6": "кто-либо перерождается посредством собственных деяний. ",
  "an10.216:4.7": "Когда он переродился, он подвергается воздействию контактов. ",
  "an10.216:4.8": "Вот таким образом, я говорю вам, существа являются наследниками своих действий.",
  "an10.216:5.1": "Вот некий человек берёт то, что [ему] не было дано… ",
  "an10.216:5.2": "пускается в неблагое сексуальное поведение… ",
  "an10.216:5.3": "лжёт… ",
  "an10.216:5.4": "речью сеет распри… ",
  "an10.216:5.5": "говорит грубо… ",
  "an10.216:5.6": "пускается в пустую болтовню… ",
  "an10.216:5.7": "полон жажды… ",
  "an10.216:5.8": "имеет недоброжелательный ум и злобные устремления… ",
  "an10.216:5.9": "придерживается неправильного воззрения и неправильной точки зрения: ",
  "an10.216:5.10": "«Нет ничего что дано…» … ",
  "an10.216:5.11": "",
  "an10.216:5.12": "Он расползается телом, речью и умом. ",
  "an10.216:5.13": "Его телесные действия кривые. Его словесные действия кривые. Его умственные действия кривые. ",
  "an10.216:6.1": "Его будущий удел кривой… ",
  "an10.216:6.2": "",
  "an10.216:6.3": "",
  "an10.216:6.4": "",
  "an10.216:6.5": "",
  "an10.216:6.6": "",
  "an10.216:6.7": "…Когда он переродился, он подвергается воздействию контактов. ",
  "an10.216:6.8": "Вот таким образом, я говорю вам, существа являются наследниками своих действия.",
  "an10.216:6.9": "Существа, монахи, владельцы собственных действий, наследники своих действий, происходят из своих действий, действия – это их родня и прибежище.",
  "an10.216:6.10": "Какие бы действия они ни свершали – плохие или хорошие – они станут их приемниками.",
  "an10.216:7.1": "Вот некий человек не приемлет от уничтожения жизни. Он живёт без дубины, без оружия, добросовестный, милосердный, желающий блага всем живым существам. ",
  "an10.216:7.2": "Он не расползается телом, речью, и умом. ",
  "an10.216:7.3": "Его телесные действия прямые. Его словесные действия прямые. Его умственные действия прямые. Его будущий удел прямой, его перерождение прямое. ",
  "an10.216:8.1": "А того, у кого прямой будущий удел и перерождение, я говорю вам, ждёт один из [этих] двух уделов: ",
  "an10.216:8.2": "либо неимоверно приятные небесные миры или высокопоставленные семьи, такие как зажиточные кхаттии, зажиточные брахманы, зажиточные домохозяева – состоятельные, с большим богатством и имуществом, с запасами золота и серебра, с владениями и продовольствием, с обилием ценностей и зерна. ",
  "an10.216:8.3": "Так существо перерождается из существа, ",
  "an10.216:8.4": "кто-либо перерождается посредством собственных деяний. ",
  "an10.216:8.5": "Когда он переродился, он подвергается воздействию контактов. ",
  "an10.216:8.6": "Вот таким образом, я говорю вам, существа являются наследниками своих действий.",
  "an10.216:9.1": "Вот некий человек не приемлет того, что не было дано… ",
  "an10.216:9.2": "…не имеет жажды, он доброжелательный, придерживается правильного воззрения и правильной точки зрения: ",
  "an10.216:9.3": "Есть то что дано…» …",
  "an10.216:9.4": "",
  "an10.216:9.5": "",
  "an10.216:9.6": "",
  "an10.216:9.7": "",
  "an10.216:9.8": "",
  "an10.216:9.9": "",
  "an10.216:9.10": "",
  "an10.216:9.11": " ",
  "an10.216:9.12": "Он не расползается телом, речью, и умом. ",
  "an10.216:9.13": "Его телесные действия прямые. Его словесные действия прямые. Его умственные действия прямые. Его будущий удел прямой… ",
  "an10.216:10.1": "",
  "an10.216:10.2": "",
  "an10.216:10.3": "",
  "an10.216:10.4": "",
  "an10.216:10.5": "…Когда он переродился, он подвергается воздействию контактов. ",
  "an10.216:10.6": "Вот таким образом, я говорю вам, существа являются наследниками своих действий.",
  "an10.216:11.1": "Существа, монахи, владельцы собственных действий, наследники своих действий, происходят из своих действий, действия – это их родня и прибежище. ",
  "an10.216:11.2": "Какие бы действия они ни свершали – плохие или хорошие – они станут их приемниками.",
  "an10.216:11.3": "Таково, монахи, изложение Дхаммы на тему расползания».",
  "an10.216:11.4": "Шестая."
}