{
  "sn14.35:0.1": "Saṁyutta Nikāya 14.35 ",
  "sn14.35:0.2": "4. Catutthavagga ",
  "sn14.35:0.3": "Abhinandasutta ",
  "sn14.35:1.1": "Sāvatthiyaṁ viharati. ",
  "sn14.35:1.2": "“Yo, bhikkhave, pathavīdhātuṁ abhinandati, dukkhaṁ so abhinandati. ",
  "sn14.35:1.3": "Yo dukkhaṁ abhinandati, aparimutto so dukkhasmāti vadāmi. ",
  "sn14.35:1.4": "Yo āpodhātuṁ abhinandati …pe… ",
  "sn14.35:1.5": "yo tejodhātuṁ … ",
  "sn14.35:1.6": "yo vāyodhātuṁ abhinandati, dukkhaṁ so abhinandati. ",
  "sn14.35:1.7": "Yo dukkhaṁ abhinandati, aparimutto so dukkhasmāti vadāmi. ",
  "sn14.35:2.1": "Yo ca kho, bhikkhave, pathavīdhātuṁ nābhinandati, dukkhaṁ so nābhinandati. ",
  "sn14.35:2.2": "Yo dukkhaṁ nābhinandati, parimutto so dukkhasmāti vadāmi. ",
  "sn14.35:2.3": "Yo āpodhātuṁ …pe… ",
  "sn14.35:2.4": "yo tejodhātuṁ … ",
  "sn14.35:2.5": "yo vāyodhātuṁ nābhinandati, dukkhaṁ so nābhinandati. ",
  "sn14.35:2.6": "Yo dukkhaṁ nābhinandati, parimutto so dukkhasmāti vadāmī”ti. ",
  "sn14.35:2.7": "Chaṭṭhaṁ. "
}