{
  "sn14.2:0.1": "Saṁyutta Nikāya 14.2 ",
  "sn14.2:0.2": "1. Nānattavagga ",
  "sn14.2:0.3": "Phassanānattasutta ",
  "sn14.2:1.1": "Sāvatthiyaṁ viharati. ",
  "sn14.2:1.2": "“Dhātunānattaṁ, bhikkhave, paṭicca uppajjati phassanānattaṁ. ",
  "sn14.2:1.3": "Katamañca, bhikkhave, dhātunānattaṁ? ",
  "sn14.2:1.4": "Cakkhudhātu sotadhātu ghānadhātu jivhādhātu kāyadhātu manodhātu—",
  "sn14.2:1.5": "idaṁ vuccati, bhikkhave, dhātunānattaṁ. ",
  "sn14.2:2.1": "Kathañca, bhikkhave, dhātunānattaṁ paṭicca uppajjati phassanānattaṁ? ",
  "sn14.2:2.2": "Cakkhudhātuṁ, bhikkhave, paṭicca uppajjati cakkhusamphasso. ",
  "sn14.2:2.3": "Sotadhātuṁ paṭicca … ",
  "sn14.2:2.4": "ghānadhātuṁ paṭicca … ",
  "sn14.2:2.5": "jivhādhātuṁ paṭicca … ",
  "sn14.2:2.6": "kāyadhātuṁ paṭicca … ",
  "sn14.2:2.7": "manodhātuṁ paṭicca uppajjati manosamphasso. ",
  "sn14.2:2.8": "Evaṁ kho, bhikkhave, dhātunānattaṁ paṭicca uppajjati phassanānattan”ti. ",
  "sn14.2:2.9": "Dutiyaṁ. "
}