{
  "sn14.36:0.1": "Saṁyutta Nikāya 14.36 ",
  "sn14.36:0.2": "4. Catutthavagga ",
  "sn14.36:0.3": "Uppādasutta ",
  "sn14.36:1.1": "Sāvatthiyaṁ viharati. ",
  "sn14.36:1.2": "“Yo, bhikkhave, pathavīdhātuyā uppādo ṭhiti abhinibbatti pātubhāvo, dukkhasseso uppādo rogānaṁ ṭhiti jarāmaraṇassa pātubhāvo. ",
  "sn14.36:1.3": "Yo āpodhātuyā …pe… ",
  "sn14.36:1.4": "yo tejodhātuyā … ",
  "sn14.36:1.5": "yo vāyodhātuyā uppādo ṭhiti abhinibbatti pātubhāvo, dukkhasseso uppādo rogānaṁ ṭhiti jarāmaraṇassa pātubhāvo. ",
  "sn14.36:2.1": "Yo ca kho, bhikkhave, pathavīdhātuyā nirodho vūpasamo atthaṅgamo, dukkhasseso nirodho rogānaṁ vūpasamo jarāmaraṇassa atthaṅgamo. ",
  "sn14.36:2.2": "Yo āpodhātuyā …pe… ",
  "sn14.36:2.3": "yo tejodhātuyā … ",
  "sn14.36:2.4": "yo vāyodhātuyā nirodho vūpasamo atthaṅgamo, dukkhasseso nirodho rogānaṁ vūpasamo jarāmaraṇassa atthaṅgamo”ti. ",
  "sn14.36:2.5": "Sattamaṁ. "
}