{
  "sn14.10:0.1": "Saṁyutta Nikāya 14.10 ",
  "sn14.10:0.2": "1. Nānattavagga ",
  "sn14.10:0.3": "Dutiyabāhiraphassanānattasutta ",
  "sn14.10:1.1": "Sāvatthiyaṁ viharati. ",
  "sn14.10:1.2": "“Dhātunānattaṁ, bhikkhave, paṭicca uppajjati saññānānattaṁ, ",
  "sn14.10:1.3": "saññānānattaṁ paṭicca uppajjati saṅkappanānattaṁ, ",
  "sn14.10:1.4": "phassa … ",
  "sn14.10:1.5": "vedanā … ",
  "sn14.10:1.6": "chanda … ",
  "sn14.10:1.7": "pariḷāha … ",
  "sn14.10:1.8": "pariyesanānānattaṁ paṭicca uppajjati lābhanānattaṁ; ",
  "sn14.10:1.9": "no lābhanānattaṁ paṭicca uppajjati pariyesanānānattaṁ, ",
  "sn14.10:1.10": "no pariyesanānānattaṁ paṭicca uppajjati pariḷāhanānattaṁ, no pariḷāhanānattaṁ paṭicca uppajjati …pe… ",
  "sn14.10:1.11": "chanda … ",
  "sn14.10:1.12": "vedanā … ",
  "sn14.10:1.13": "phassa … ",
  "sn14.10:1.14": "saṅkappa … ",
  "sn14.10:1.15": "saññānānattaṁ, no saññānānattaṁ paṭicca uppajjati dhātunānattaṁ. ",
  "sn14.10:1.16": "Katamañca, bhikkhave, dhātunānattaṁ? ",
  "sn14.10:1.17": "Rūpadhātu …pe… dhammadhātu—",
  "sn14.10:1.18": "idaṁ vuccati, bhikkhave, dhātunānattaṁ. ",
  "sn14.10:2.1": "Kathañca, bhikkhave, dhātunānattaṁ paṭicca uppajjati saññānānattaṁ, ",
  "sn14.10:2.2": "saññānānattaṁ paṭicca uppajjati saṅkappanānattaṁ? ",
  "sn14.10:2.3": "Phassa … ",
  "sn14.10:2.4": "vedanā … ",
  "sn14.10:2.5": "chanda … ",
  "sn14.10:2.6": "pariḷāha … ",
  "sn14.10:2.7": "pariyesanā … ",
  "sn14.10:2.8": "lābha … ",
  "sn14.10:2.9": "no lābhanānattaṁ paṭicca uppajjati pariyesanānānattaṁ, ",
  "sn14.10:2.10": "no pariyesanānānattaṁ paṭicca uppajjati pariḷāha … ",
  "sn14.10:2.11": "chanda … ",
  "sn14.10:2.12": "vedanā … ",
  "sn14.10:2.13": "phassa … ",
  "sn14.10:2.14": "no saṅkappanānattaṁ paṭicca uppajjati saññānānattaṁ, no saññānānattaṁ paṭicca uppajjati dhātunānattaṁ? ",
  "sn14.10:3.1": "Rūpadhātuṁ, bhikkhave, paṭicca uppajjati rūpasaññā …pe… ",
  "sn14.10:3.2": "dhammadhātuṁ paṭicca uppajjati dhammasaññā, dhammasaññaṁ paṭicca uppajjati …pe… ",
  "sn14.10:3.3": "dhammapariyesanā, dhammapariyesanaṁ paṭicca uppajjati dhammalābho; ",
  "sn14.10:3.4": "no dhammalābhaṁ paṭicca uppajjati dhammapariyesanā, no dhammapariyesanaṁ paṭicca uppajjati dhammapariḷāho, no dhammapariḷāhaṁ paṭicca uppajjati dhammacchando, no dhammacchandaṁ paṭicca uppajjati dhammasamphassajā vedanā, no dhammasamphassajaṁ vedanaṁ paṭicca uppajjati dhammasamphasso, no dhammasamphassaṁ paṭicca uppajjati dhammasaṅkappo, no dhammasaṅkappaṁ paṭicca uppajjati dhammasaññā, no dhammasaññaṁ paṭicca uppajjati dhammadhātu. ",
  "sn14.10:4.1": "Evaṁ kho, bhikkhave, dhātunānattaṁ paṭicca uppajjati saññānānattaṁ, saññānānattaṁ paṭicca uppajjati …pe… ",
  "sn14.10:4.2": "saṅkappa … ",
  "sn14.10:4.3": "phassa … ",
  "sn14.10:4.4": "vedanā … ",
  "sn14.10:4.5": "chanda … ",
  "sn14.10:4.6": "pariḷāha … ",
  "sn14.10:4.7": "pariyesanā … ",
  "sn14.10:4.8": "lābha … ",
  "sn14.10:4.9": "no lābhanānattaṁ paṭicca uppajjati pariyesanānānattaṁ, no pariyesanānānattaṁ paṭicca uppajjati pariḷāhanānattaṁ, no pariḷāhanānattaṁ paṭicca uppajjati chandanānattaṁ, no chandanānattaṁ paṭicca uppajjati vedanānānattaṁ, no vedanānānattaṁ paṭicca uppajjati phassanānattaṁ, no phassanānattaṁ paṭicca uppajjati saṅkappanānattaṁ, no saṅkappanānattaṁ paṭicca uppajjati saññānānattaṁ, no saññānānattaṁ paṭicca uppajjati dhātunānattan”ti. ",
  "sn14.10:4.10": "Dasamaṁ. ",
  "sn14.10:4.11": "Nānattavaggo paṭhamo. ",
  "sn14.10:5.0": "Tassuddānaṁ ",
  "sn14.10:5.1": "Dhātuphassañca no cetaṁ, ",
  "sn14.10:5.2": "vedanā apare duve; ",
  "sn14.10:5.3": "Etaṁ ajjhattapañcakaṁ, ",
  "sn14.10:5.4": "dhātusaññañca no cetaṁ; ",
  "sn14.10:5.5": "Phassassa apare duve, ",
  "sn14.10:5.6": "etaṁ bāhirapañcakanti. "
}