{
  "sn14.4:0.1": "Saṁyutta Nikāya 14.4 ",
  "sn14.4:0.2": "1. Nānattavagga ",
  "sn14.4:0.3": "Vedanānānattasutta ",
  "sn14.4:1.1": "Sāvatthiyaṁ viharati. ",
  "sn14.4:1.2": "“Dhātunānattaṁ, bhikkhave, paṭicca uppajjati phassanānattaṁ, phassanānattaṁ paṭicca uppajjati vedanānānattaṁ. ",
  "sn14.4:1.3": "Katamañca, bhikkhave, dhātunānattaṁ? ",
  "sn14.4:1.4": "Cakkhudhātu …pe… manodhātu—",
  "sn14.4:1.5": "idaṁ vuccati, bhikkhave, dhātunānattaṁ. ",
  "sn14.4:2.1": "Kathañca, bhikkhave, dhātunānattaṁ paṭicca uppajjati phassanānattaṁ, phassanānattaṁ paṭicca uppajjati vedanānānattaṁ? ",
  "sn14.4:2.2": "Cakkhudhātuṁ, bhikkhave, paṭicca uppajjati cakkhusamphasso, cakkhusamphassaṁ paṭicca uppajjati cakkhusamphassajā vedanā …pe… ",
  "sn14.4:2.3": "manodhātuṁ paṭicca uppajjati manosamphasso, manosamphassaṁ paṭicca uppajjati manosamphassajā vedanā. ",
  "sn14.4:2.4": "Evaṁ kho, bhikkhave, dhātunānattaṁ paṭicca uppajjati phassanānattaṁ, phassanānattaṁ paṭicca uppajjati vedanānānattan”ti. ",
  "sn14.4:2.5": "Catutthaṁ. "
}