{
  "sn14.14:0.1": "Saṁyutta Nikāya 14.14 ",
  "sn14.14:0.2": "2. Dutiyavagga ",
  "sn14.14:0.3": "Hīnādhimuttikasutta ",
  "sn14.14:1.1": "Sāvatthiyaṁ viharati. ",
  "sn14.14:1.2": "“Dhātusova, bhikkhave, sattā saṁsandanti samenti. ",
  "sn14.14:1.3": "Hīnādhimuttikā hīnādhimuttikehi saddhiṁ saṁsandanti samenti; ",
  "sn14.14:1.4": "kalyāṇādhimuttikā kalyāṇādhimuttikehi saddhiṁ saṁsandanti samenti. ",
  "sn14.14:2.1": "Atītampi kho, bhikkhave, addhānaṁ dhātusova sattā saṁsandiṁsu samiṁsu. ",
  "sn14.14:2.2": "Hīnādhimuttikā hīnādhimuttikehi saddhiṁ saṁsandiṁsu samiṁsu; ",
  "sn14.14:2.3": "kalyāṇādhimuttikā kalyāṇādhimuttikehi saddhiṁ saṁsandiṁsu samiṁsu. ",
  "sn14.14:3.1": "Anāgatampi kho, bhikkhave, addhānaṁ dhātusova sattā saṁsandissanti samessanti. ",
  "sn14.14:3.2": "Hīnādhimuttikā hīnādhimuttikehi saddhiṁ saṁsandissanti samessanti; ",
  "sn14.14:3.3": "kalyāṇādhimuttikā kalyāṇādhimuttikehi saddhiṁ saṁsandissanti samessanti. ",
  "sn14.14:4.1": "Etarahipi kho, bhikkhave, paccuppannaṁ addhānaṁ dhātusova sattā saṁsandanti samenti. ",
  "sn14.14:4.2": "Hīnādhimuttikā hīnādhimuttikehi saddhiṁ saṁsandanti samenti; ",
  "sn14.14:4.3": "kalyāṇādhimuttikā kalyāṇādhimuttikehi saddhiṁ saṁsandanti samentī”ti. ",
  "sn14.14:4.4": "Catutthaṁ. "
}