{
  "sn14.19:0.1": "Saṁyutta Nikāya 14.19 ",
  "sn14.19:0.2": "2. Dutiyavagga ",
  "sn14.19:0.3": "Ahirikamūlakasutta ",
  "sn14.19:1.1": "Sāvatthiyaṁ viharati. ",
  "sn14.19:1.2": "“Dhātusova …pe… ",
  "sn14.19:1.3": "ahirikā ahirikehi saddhiṁ saṁsandanti samenti, anottappino anottappīhi saddhiṁ saṁsandanti samenti, duppaññā duppaññehi saddhiṁ saṁsandanti samenti; hirimanā hirimanehi saddhiṁ saṁsandanti samenti, ottappino ottappīhi saddhiṁ saṁsandanti samenti, paññavanto paññavantehi saddhiṁ saṁsandanti samenti …pe…. ",
  "sn14.19:2.1": "Ahirikā ahirikehi saddhiṁ saṁsandanti samenti, appassutā appassutehi saddhiṁ saṁsandanti samenti, duppaññā duppaññehi saddhiṁ saṁsandanti samenti; hirimanā hirimanehi saddhiṁ saṁsandanti samenti, bahussutā bahussutehi saddhiṁ saṁsandanti samenti, paññavanto paññavantehi saddhiṁ saṁsandanti samenti …pe…. ",
  "sn14.19:3.1": "Ahirikā ahirikehi saddhiṁ saṁsandanti samenti, kusītā kusītehi saddhiṁ saṁsandanti samenti, duppaññā duppaññehi saddhiṁ saṁsandanti samenti; hirimanā hirimanehi saddhiṁ saṁsandanti samenti, āraddhavīriyā āraddhavīriyehi saddhiṁ saṁsandanti samenti, paññavanto paññavantehi saddhiṁ saṁsandanti samenti …pe…. ",
  "sn14.19:4.1": "Ahirikā ahirikehi saddhiṁ saṁsandanti samenti, muṭṭhassatino muṭṭhassatīhi saddhiṁ saṁsandanti samenti, duppaññā duppaññehi saddhiṁ saṁsandanti samenti; hirimanā hirimanehi saddhiṁ saṁsandanti samenti, upaṭṭhitassatino upaṭṭhitassatīhi saddhiṁ saṁsandanti samenti, paññavanto paññavantehi saddhiṁ saṁsandanti samentī”ti …pe…. ",
  "sn14.19:4.2": "Navamaṁ. "
}