{
  "sn14.13:0.1": "Saṁyutta Nikāya 14.13 ",
  "sn14.13:0.2": "2. Dutiyavagga ",
  "sn14.13:0.3": "Giñjakāvasathasutta ",
  "sn14.13:1.1": "Ekaṁ samayaṁ bhagavā ñātike viharati giñjakāvasathe. ",
  "sn14.13:1.2": "Tatra kho bhagavā bhikkhū āmantesi: ",
  "sn14.13:1.3": "“bhikkhavo”ti. ",
  "sn14.13:1.4": "“Bhadante”ti te bhikkhū bhagavato paccassosuṁ. ",
  "sn14.13:1.5": "Bhagavā etadavoca: ",
  "sn14.13:2.1": "“Dhātuṁ, bhikkhave, paṭicca uppajjati saññā, uppajjati diṭṭhi, uppajjati vitakko”ti. ",
  "sn14.13:2.2": "Evaṁ vutte, āyasmā kaccāno bhagavantaṁ etadavoca: ",
  "sn14.13:2.3": "“yāyaṁ, bhante, diṭṭhi: ",
  "sn14.13:2.4": "‘asammāsambuddhesu sammāsambuddhā’ti, ayaṁ nu kho, bhante, diṭṭhi kiṁ paṭicca paññāyatī”ti? ",
  "sn14.13:3.1": "“Mahati kho esā, kaccāna, dhātu yadidaṁ avijjādhātu. ",
  "sn14.13:3.2": "Hīnaṁ, kaccāna, dhātuṁ paṭicca uppajjati hīnā saññā, hīnā diṭṭhi, hīno vitakko, hīnā cetanā, hīnā patthanā, hīno paṇidhi, hīno puggalo, hīnā vācā; ",
  "sn14.13:3.3": "hīnaṁ ācikkhati deseti paññapeti paṭṭhapeti vivarati vibhajati uttānīkaroti; ",
  "sn14.13:3.4": "hīnā tassa upapattīti vadāmi. ",
  "sn14.13:4.1": "Majjhimaṁ, kaccāna, dhātuṁ paṭicca uppajjati majjhimā saññā, majjhimā diṭṭhi, majjhimo vitakko, majjhimā cetanā, majjhimā patthanā, majjhimo paṇidhi, majjhimo puggalo, majjhimā vācā; ",
  "sn14.13:4.2": "majjhimaṁ ācikkhati deseti paññapeti paṭṭhapeti vivarati vibhajati uttānīkaroti; ",
  "sn14.13:4.3": "majjhimā tassa upapattīti vadāmi. ",
  "sn14.13:5.1": "Paṇītaṁ, kaccāna, dhātuṁ paṭicca uppajjati paṇītā saññā, paṇītā diṭṭhi, paṇīto vitakko, paṇītā cetanā, paṇītā patthanā, paṇīto paṇidhi, paṇīto puggalo, paṇītā vācā; ",
  "sn14.13:5.2": "paṇītaṁ ācikkhati deseti paññapeti paṭṭhapeti vivarati vibhajati uttānīkaroti; ",
  "sn14.13:5.3": "paṇītā tassa upapattīti vadāmī”ti. ",
  "sn14.13:5.4": "Tatiyaṁ. "
}