{
  "sn14.24:0.1": "Saṁyutta Nikāya 14.24 ",
  "sn14.24:0.2": "3. Kammapathavagga ",
  "sn14.24:0.3": "Dussīlasutta ",
  "sn14.24:1.1": "Sāvatthiyaṁ viharati. ",
  "sn14.24:1.2": "“Dhātusova, bhikkhave, sattā saṁsandanti samenti. ",
  "sn14.24:1.3": "Assaddhā assaddhehi saddhiṁ saṁsandanti samenti; ",
  "sn14.24:1.4": "ahirikā ahirikehi saddhiṁ saṁsandanti samenti; ",
  "sn14.24:1.5": "anottappino anottappīhi saddhiṁ saṁsandanti samenti; ",
  "sn14.24:1.6": "dussīlā dussīlehi saddhiṁ saṁsandanti samenti; ",
  "sn14.24:1.7": "duppaññā duppaññehi saddhiṁ saṁsandanti samenti. ",
  "sn14.24:2.1": "Saddhā saddhehi saddhiṁ saṁsandanti samenti; ",
  "sn14.24:2.2": "hirimanā hirimanehi saddhiṁ saṁsandanti samenti; ",
  "sn14.24:2.3": "ottappino ottappīhi saddhiṁ saṁsandanti samenti; ",
  "sn14.24:2.4": "sīlavanto sīlavantehi saddhiṁ saṁsandanti samenti; ",
  "sn14.24:2.5": "paññavanto paññavantehi saddhiṁ saṁsandanti samentī”ti. ",
  "sn14.24:2.6": "Dutiyaṁ. "
}