{
  "sn14.7:0.1": "Saṁyutta Nikāya 14.7 ",
  "sn14.7:0.2": "1. Nānattavagga ",
  "sn14.7:0.3": "Saññānānattasutta ",
  "sn14.7:1.1": "Sāvatthiyaṁ viharati. ",
  "sn14.7:1.2": "“Dhātunānattaṁ, bhikkhave, paṭicca uppajjati saññānānattaṁ, saññānānattaṁ paṭicca uppajjati saṅkappanānattaṁ, saṅkappanānattaṁ paṭicca uppajjati chandanānattaṁ, chandanānattaṁ paṭicca uppajjati pariḷāhanānattaṁ, pariḷāhanānattaṁ paṭicca uppajjati pariyesanānānattaṁ. ",
  "sn14.7:1.3": "Katamañca, bhikkhave, dhātunānattaṁ? ",
  "sn14.7:1.4": "Rūpadhātu …pe… dhammadhātu—",
  "sn14.7:1.5": "idaṁ vuccati, bhikkhave, dhātunānattaṁ. ",
  "sn14.7:2.1": "Kathañca, bhikkhave, dhātunānattaṁ paṭicca uppajjati saññānānattaṁ, saññānānattaṁ paṭicca uppajjati saṅkappanānattaṁ, saṅkappanānattaṁ paṭicca uppajjati chandanānattaṁ, chandanānattaṁ paṭicca uppajjati pariḷāhanānattaṁ, pariḷāhanānattaṁ paṭicca uppajjati pariyesanānānattaṁ? ",
  "sn14.7:3.1": "Rūpadhātuṁ, bhikkhave, paṭicca uppajjati rūpasaññā, rūpasaññaṁ paṭicca uppajjati rūpasaṅkappo, rūpasaṅkappaṁ paṭicca uppajjati rūpacchando, rūpacchandaṁ paṭicca uppajjati rūpapariḷāho, rūpapariḷāhaṁ paṭicca uppajjati rūpapariyesanā …pe… ",
  "sn14.7:3.2": "dhammadhātuṁ paṭicca uppajjati dhammasaññā, dhammasaññaṁ paṭicca uppajjati dhammasaṅkappo, dhammasaṅkappaṁ paṭicca uppajjati dhammacchando, dhammacchandaṁ paṭicca uppajjati dhammapariḷāho, dhammapariḷāhaṁ paṭicca uppajjati dhammapariyesanā. ",
  "sn14.7:4.1": "Evaṁ, kho, bhikkhave, dhātunānattaṁ paṭicca uppajjati saññānānattaṁ, saññānānattaṁ paṭicca uppajjati saṅkappanānattaṁ, saṅkappanānattaṁ paṭicca uppajjati chandanānattaṁ, chandanānattaṁ paṭicca uppajjati pariḷāhanānattaṁ, pariḷāhanānattaṁ paṭicca uppajjati pariyesanānānattan”ti. ",
  "sn14.7:4.2": "Sattamaṁ. "
}