{
  "sn14.3:0.1": "Saṁyutta Nikāya 14.3 ",
  "sn14.3:0.2": "1. Nānattavagga ",
  "sn14.3:0.3": "Nophassanānattasutta ",
  "sn14.3:1.1": "Sāvatthiyaṁ viharati. ",
  "sn14.3:1.2": "“Dhātunānattaṁ, bhikkhave, paṭicca uppajjati phassanānattaṁ, no phassanānattaṁ paṭicca uppajjati dhātunānattaṁ. ",
  "sn14.3:1.3": "Katamañca, bhikkhave, dhātunānattaṁ? ",
  "sn14.3:1.4": "Cakkhudhātu …pe… ",
  "sn14.3:1.5": "manodhātu—",
  "sn14.3:1.6": "idaṁ vuccati, bhikkhave, dhātunānattaṁ. ",
  "sn14.3:2.1": "Kathañca, bhikkhave, dhātunānattaṁ paṭicca uppajjati phassanānattaṁ, no phassanānattaṁ paṭicca uppajjati dhātunānattaṁ? ",
  "sn14.3:2.2": "Cakkhudhātuṁ, bhikkhave, paṭicca uppajjati cakkhusamphasso, no cakkhusamphassaṁ paṭicca uppajjati cakkhudhātu …pe… ",
  "sn14.3:2.3": "manodhātuṁ paṭicca uppajjati manosamphasso, no manosamphassaṁ paṭicca uppajjati manodhātu. ",
  "sn14.3:2.4": "Evaṁ kho, bhikkhave, dhātunānattaṁ paṭicca uppajjati phassanānattaṁ, no phassanānattaṁ paṭicca uppajjati dhātunānattan”ti. ",
  "sn14.3:2.5": "Tatiyaṁ. "
}