{
  "sn14.23:0.1": "Saṁyutta Nikāya 14.23 ",
  "sn14.23:0.2": "3. Kammapathavagga ",
  "sn14.23:0.3": "Asamāhitasutta ",
  "sn14.23:1.1": "Sāvatthiyaṁ viharati. ",
  "sn14.23:1.2": "“Dhātusova, bhikkhave, sattā saṁsandanti samenti. ",
  "sn14.23:1.3": "Assaddhā assaddhehi saddhiṁ saṁsandanti samenti; ",
  "sn14.23:1.4": "ahirikā ahirikehi saddhiṁ saṁsandanti samenti; ",
  "sn14.23:1.5": "anottappino anottappīhi saddhiṁ saṁsandanti samenti; ",
  "sn14.23:1.6": "asamāhitā asamāhitehi saddhiṁ saṁsandanti samenti; ",
  "sn14.23:1.7": "duppaññā duppaññehi saddhiṁ saṁsandanti samenti. ",
  "sn14.23:2.1": "Saddhā saddhehi saddhiṁ saṁsandanti samenti; ",
  "sn14.23:2.2": "hirimanā hirimanehi saddhiṁ saṁsandanti samenti; ",
  "sn14.23:2.3": "ottappino ottappīhi saddhiṁ saṁsandanti samenti; ",
  "sn14.23:2.4": "samāhitā samāhitehi saddhiṁ saṁsandanti samenti; ",
  "sn14.23:2.5": "paññavanto paññavantehi saddhiṁ saṁsandanti samentī”ti. ",
  "sn14.23:2.6": "Paṭhamaṁ. "
}