{
  "sn14.20:0.1": "Saṁyutta Nikāya 14.20 ",
  "sn14.20:0.2": "2. Dutiyavagga ",
  "sn14.20:0.3": "Anottappamūlakasutta ",
  "sn14.20:1.1": "Sāvatthiyaṁ viharati. ",
  "sn14.20:1.2": "“Dhātusova, bhikkhave, sattā saṁsandanti samenti. ",
  "sn14.20:1.3": "Anottappino anottappīhi saddhiṁ saṁsandanti samenti; ",
  "sn14.20:1.4": "appassutā appassutehi saddhiṁ saṁsandanti samenti; ",
  "sn14.20:1.5": "duppaññā duppaññehi saddhiṁ saṁsandanti samenti; ",
  "sn14.20:1.6": "ottappino ottappīhi saddhiṁ saṁsandanti samenti; ",
  "sn14.20:1.7": "bahussutā bahussutehi saddhiṁ saṁsandanti samenti; paññavanto paññavantehi saddhiṁ saṁsandanti samenti …pe…. ",
  "sn14.20:2.1": "Anottappino anottappīhi saddhiṁ saṁsandanti samenti; ",
  "sn14.20:2.2": "kusītā kusītehi saddhiṁ saṁsandanti samenti; ",
  "sn14.20:2.3": "duppaññā duppaññehi saddhiṁ saṁsandanti samenti; ",
  "sn14.20:2.4": "ottappino ottappīhi saddhiṁ saṁsandanti samenti; ",
  "sn14.20:2.5": "āraddhavīriyā āraddhavīriyehi saddhiṁ saṁsandanti samenti; paññavanto paññavantehi saddhiṁ saṁsandanti samenti …pe…. ",
  "sn14.20:3.1": "Anottappino anottappīhi saddhiṁ saṁsandanti samenti; ",
  "sn14.20:3.2": "muṭṭhassatino muṭṭhassatīhi saddhiṁ saṁsandanti samenti; ",
  "sn14.20:3.3": "duppaññā duppaññehi saddhiṁ saṁsandanti samenti; ",
  "sn14.20:3.4": "ottappino ottappīhi saddhiṁ saṁsandanti samenti; ",
  "sn14.20:3.5": "upaṭṭhitassatino upaṭṭhitassatīhi saddhiṁ saṁsandanti samenti; paññavanto paññavantehi saddhiṁ saṁsandanti samentī”ti …pe…. ",
  "sn14.20:3.6": "Dasamaṁ. "
}