{
  "sn14.25:0.1": "Saṁyutta Nikāya 14.25 ",
  "sn14.25:0.2": "3. Kammapathavagga ",
  "sn14.25:0.3": "Pañcasikkhāpadasutta ",
  "sn14.25:1.1": "Sāvatthiyaṁ viharati. ",
  "sn14.25:1.2": "“Dhātusova, bhikkhave, sattā saṁsandanti samenti. ",
  "sn14.25:1.3": "Pāṇātipātino pāṇātipātīhi saddhiṁ saṁsandanti samenti; ",
  "sn14.25:1.4": "adinnādāyino adinnādāyīhi saddhiṁ saṁsandanti samenti; ",
  "sn14.25:1.5": "kāmesumicchācārino kāmesumicchācārīhi saddhiṁ saṁsandanti samenti; ",
  "sn14.25:1.6": "musāvādino musāvādīhi saddhiṁ saṁsandanti samenti; ",
  "sn14.25:1.7": "surāmerayamajjappamādaṭṭhāyino surāmerayamajjappamādaṭṭhāyīhi saddhiṁ saṁsandanti samenti. ",
  "sn14.25:2.1": "Pāṇātipātā paṭiviratā pāṇātipātā paṭiviratehi saddhiṁ saṁsandanti samenti; ",
  "sn14.25:2.2": "adinnādānā paṭiviratā adinnādānā paṭiviratehi saddhiṁ saṁsandanti samenti; ",
  "sn14.25:2.3": "kāmesumicchācārā paṭiviratā kāmesumicchācārā paṭiviratehi saddhiṁ saṁsandanti samenti; ",
  "sn14.25:2.4": "musāvādā paṭiviratā musāvādā paṭiviratehi saddhiṁ saṁsandanti samenti; ",
  "sn14.25:2.5": "surāmerayamajjappamādaṭṭhānā paṭiviratā surāmerayamajjappamādaṭṭhānā paṭiviratehi saddhiṁ saṁsandanti samentī”ti. ",
  "sn14.25:2.6": "Tatiyaṁ. "
}