{
  "sn14.37:0.1": "Saṁyutta Nikāya 14.37 ",
  "sn14.37:0.2": "4. Catutthavagga ",
  "sn14.37:0.3": "Samaṇabrāhmaṇasutta ",
  "sn14.37:1.1": "Sāvatthiyaṁ viharati. ",
  "sn14.37:1.2": "“Catasso imā, bhikkhave, dhātuyo. ",
  "sn14.37:1.3": "Katamā catasso? ",
  "sn14.37:1.4": "Pathavīdhātu, āpodhātu, tejodhātu, vāyodhātu. ",
  "sn14.37:1.5": "Ye hi keci, bhikkhave, samaṇā vā brāhmaṇā vā imāsaṁ catunnaṁ dhātūnaṁ assādañca ādīnavañca nissaraṇañca yathābhūtaṁ nappajānanti, ",
  "sn14.37:1.6": "na me te, bhikkhave, samaṇā vā brāhmaṇā vā samaṇesu vā samaṇasammatā brāhmaṇesu vā brāhmaṇasammatā; na ca pana te āyasmanto sāmaññatthaṁ vā brahmaññatthaṁ vā diṭṭheva dhamme sayaṁ abhiññā sacchikatvā upasampajja viharanti. ",
  "sn14.37:2.1": "Ye ca kho keci, bhikkhave, samaṇā vā brāhmaṇā vā imāsaṁ catunnaṁ dhātūnaṁ assādañca ādīnavañca nissaraṇañca yathābhūtaṁ pajānanti, ",
  "sn14.37:2.2": "te ca kho me, bhikkhave, samaṇā vā brāhmaṇā vā samaṇesu ceva samaṇasammatā brāhmaṇesu ca brāhmaṇasammatā; te ca panāyasmanto sāmaññatthañca brahmaññatthañca diṭṭheva dhamme sayaṁ abhiññā sacchikatvā upasampajja viharantī”ti. ",
  "sn14.37:2.3": "Aṭṭhamaṁ. "
}