{
  "sn14.9:0.1": "Saṁyutta Nikāya 14.9 ",
  "sn14.9:0.2": "1. Nānattavagga ",
  "sn14.9:0.3": "Bāhiraphassanānattasutta ",
  "sn14.9:1.1": "Sāvatthiyaṁ viharati. ",
  "sn14.9:1.2": "“Dhātunānattaṁ, bhikkhave, paṭicca uppajjati saññānānattaṁ, saññānānattaṁ paṭicca uppajjati saṅkappanānattaṁ, saṅkappanānattaṁ paṭicca uppajjati phassanānattaṁ, phassanānattaṁ paṭicca uppajjati vedanānānattaṁ, vedanānānattaṁ paṭicca uppajjati chandanānattaṁ, chandanānattaṁ paṭicca uppajjati pariḷāhanānattaṁ, pariḷāhanānattaṁ paṭicca uppajjati pariyesanānānattaṁ, pariyesanānānattaṁ paṭicca uppajjati lābhanānattaṁ. ",
  "sn14.9:1.3": "Katamañca, bhikkhave, dhātunānattaṁ? ",
  "sn14.9:1.4": "Rūpadhātu …pe… dhammadhātu—",
  "sn14.9:1.5": "idaṁ vuccati, bhikkhave, dhātunānattaṁ. ",
  "sn14.9:2.1": "Kathañca, bhikkhave, dhātunānattaṁ paṭicca uppajjati saññānānattaṁ, saññānānattaṁ paṭicca uppajjati …pe… lābhanānattaṁ? ",
  "sn14.9:3.1": "Rūpadhātuṁ, bhikkhave, paṭicca uppajjati rūpasaññā, rūpasaññaṁ paṭicca uppajjati rūpasaṅkappo, rūpasaṅkappaṁ paṭicca uppajjati rūpasamphasso, rūpasamphassaṁ paṭicca uppajjati rūpasamphassajā vedanā, rūpasamphassajaṁ vedanaṁ paṭicca uppajjati rūpacchando, rūpacchandaṁ paṭicca uppajjati rūpapariḷāho, rūpapariḷāhaṁ paṭicca uppajjati rūpapariyesanā, rūpapariyesanaṁ paṭicca uppajjati rūpalābho …pe… ",
  "sn14.9:3.2": "dhammadhātuṁ paṭicca uppajjati dhammasaññā, dhammasaññaṁ paṭicca uppajjati dhammasaṅkappo, dhammasaṅkappaṁ paṭicca uppajjati dhammasamphasso, dhammasamphassaṁ paṭicca uppajjati dhammasamphassajā vedanā, dhammasamphassajaṁ vedanaṁ paṭicca uppajjati dhammacchando, dhammacchandaṁ paṭicca uppajjati dhammapariḷāho, dhammapariḷāhaṁ paṭicca uppajjati dhammapariyesanā, dhammapariyesanaṁ paṭicca uppajjati dhammalābho. ",
  "sn14.9:4.1": "Evaṁ kho, bhikkhave, dhātunānattaṁ paṭicca uppajjati saññānānattaṁ, saññānānattaṁ paṭicca uppajjati …pe… pariyesanānānattaṁ, pariyesanānānattaṁ paṭicca uppajjati lābhanānattan”ti. ",
  "sn14.9:4.2": "Navamaṁ. "
}