{
  "sn14.6:0.1": "Saṁyutta Nikāya 14.6 ",
  "sn14.6:0.2": "1. Nānattavagga ",
  "sn14.6:0.3": "Bāhiradhātunānattasutta ",
  "sn14.6:1.1": "Sāvatthiyaṁ viharati. ",
  "sn14.6:1.2": "“Dhātunānattaṁ vo, bhikkhave, desessāmi. ",
  "sn14.6:1.3": "Taṁ suṇātha …pe… ",
  "sn14.6:1.4": "katamañca, bhikkhave, dhātunānattaṁ? ",
  "sn14.6:1.5": "Rūpadhātu saddadhātu gandhadhātu rasadhātu phoṭṭhabbadhātu dhammadhātu—",
  "sn14.6:1.6": "idaṁ vuccati, bhikkhave, dhātunānattan”ti. ",
  "sn14.6:1.7": "Chaṭṭhaṁ. "
}