{
  "sn14.26:0.1": "Saṁyutta Nikāya 14.26 ",
  "sn14.26:0.2": "3. Kammapathavagga ",
  "sn14.26:0.3": "Sattakammapathasutta ",
  "sn14.26:1.1": "Sāvatthiyaṁ viharati. ",
  "sn14.26:1.2": "“Dhātusova, bhikkhave, sattā saṁsandanti samenti. ",
  "sn14.26:1.3": "Pāṇātipātino pāṇātipātīhi saddhiṁ saṁsandanti samenti; ",
  "sn14.26:1.4": "adinnādāyino adinnādāyīhi saddhiṁ saṁsandanti samenti; ",
  "sn14.26:1.5": "kāmesumicchācārino kāmesumicchācārīhi saddhiṁ saṁsandanti samenti; ",
  "sn14.26:1.6": "musāvādino musāvādīhi saddhiṁ saṁsandanti samenti; ",
  "sn14.26:1.7": "pisuṇavācā pisuṇavācehi saddhiṁ saṁsandanti samenti; ",
  "sn14.26:1.8": "pharusavācā pharusavācehi saddhiṁ saṁsandanti samenti; ",
  "sn14.26:1.9": "samphappalāpino samphappalāpīhi saddhiṁ saṁsandanti samenti. ",
  "sn14.26:2.1": "Pāṇātipātā paṭiviratā …pe… ",
  "sn14.26:2.2": "adinnādānā paṭiviratā … ",
  "sn14.26:2.3": "kāmesumicchācārā paṭiviratā … ",
  "sn14.26:2.4": "musāvādā paṭiviratā … ",
  "sn14.26:2.5": "pisuṇāya vācāya paṭiviratā pisuṇāya vācāya paṭiviratehi saddhiṁ saṁsandanti samenti; ",
  "sn14.26:2.6": "pharusāya vācāya paṭiviratā pharusāya vācāya paṭiviratehi saddhiṁ saṁsandanti samenti; ",
  "sn14.26:2.7": "samphappalāpā paṭiviratā samphappalāpā paṭiviratehi saddhiṁ saṁsandanti samentī”ti. ",
  "sn14.26:2.8": "Catutthaṁ. "
}