{
  "sn14.38:0.1": "Saṁyutta Nikāya 14.38 ",
  "sn14.38:0.2": "4. Catutthavagga ",
  "sn14.38:0.3": "Dutiyasamaṇabrāhmaṇasutta ",
  "sn14.38:1.1": "Sāvatthiyaṁ viharati. ",
  "sn14.38:1.2": "“Catasso imā, bhikkhave, dhātuyo. ",
  "sn14.38:1.3": "Katamā catasso? ",
  "sn14.38:1.4": "Pathavīdhātu, āpodhātu, tejodhātu, vāyodhātu. ",
  "sn14.38:1.5": "Ye hi keci, bhikkhave, samaṇā vā brāhmaṇā vā imāsaṁ catunnaṁ dhātūnaṁ samudayañca atthaṅgamañca assādañca ādīnavañca nissaraṇañca yathābhūtaṁ nappajānanti …pe… ",
  "sn14.38:1.6": "(vitthāretabbaṁ) ",
  "sn14.38:1.7": "pajānanti …pe… ",
  "sn14.38:1.8": "sayaṁ abhiññā sacchikatvā upasampajja viharantī”ti. ",
  "sn14.38:1.9": "Navamaṁ. "
}