{
  "sn14.1:0.1": "Saṁyutta Nikāya 14.1 ",
  "sn14.1:0.2": "1. Nānattavagga ",
  "sn14.1:0.3": "Dhātunānattasutta ",
  "sn14.1:1.1": "Sāvatthiyaṁ viharati. ",
  "sn14.1:1.2": "“Dhātunānattaṁ vo, bhikkhave, desessāmi. ",
  "sn14.1:1.3": "Taṁ suṇātha, sādhukaṁ manasi karotha, bhāsissāmī”ti. ",
  "sn14.1:1.4": "“Evaṁ, bhante”ti kho te bhikkhū bhagavato paccassosuṁ. ",
  "sn14.1:1.5": "Bhagavā etadavoca: ",
  "sn14.1:2.1": "“Katamañca, bhikkhave, dhātunānattaṁ? ",
  "sn14.1:2.2": "Cakkhudhātu rūpadhātu cakkhuviññāṇadhātu, sotadhātu saddadhātu sotaviññāṇadhātu, ghānadhātu gandhadhātu ghānaviññāṇadhātu, jivhādhātu rasadhātu jivhāviññāṇadhātu, kāyadhātu phoṭṭhabbadhātu kāyaviññāṇadhātu, manodhātu dhammadhātu manoviññāṇadhātu—",
  "sn14.1:2.3": "idaṁ vuccati, bhikkhave, dhātunānattan”ti. ",
  "sn14.1:2.4": "Paṭhamaṁ. "
}