{
  "sn14.39:0.1": "Saṁyutta Nikāya 14.39 ",
  "sn14.39:0.2": "4. Catutthavagga ",
  "sn14.39:0.3": "Tatiyasamaṇabrāhmaṇasutta ",
  "sn14.39:1.1": "Sāvatthiyaṁ viharati. ",
  "sn14.39:1.2": "“Ye hi keci, bhikkhave, samaṇā vā brāhmaṇā vā pathavīdhātuṁ nappajānanti, pathavīdhātusamudayaṁ nappajānanti, pathavīdhātunirodhaṁ nappajānanti, pathavīdhātunirodhagāminiṁ paṭipadaṁ nappajānanti …pe… ",
  "sn14.39:1.3": "āpodhātuṁ nappajānanti … ",
  "sn14.39:1.4": "tejodhātuṁ nappajānanti … ",
  "sn14.39:1.5": "vāyodhātuṁ nappajānanti, vāyodhātusamudayaṁ nappajānanti, vāyodhātunirodhaṁ nappajānanti, vāyodhātunirodhagāminiṁ paṭipadaṁ nappajānanti, na me te, bhikkhave, samaṇā vā brāhmaṇā vā samaṇesu vā samaṇasammatā brāhmaṇesu vā brāhmaṇasammatā; ",
  "sn14.39:1.6": "na ca pana te āyasmanto sāmaññatthaṁ vā brahmaññatthaṁ vā diṭṭheva dhamme sayaṁ abhiññā sacchikatvā upasampajja viharanti. ",
  "sn14.39:2.1": "Ye ca kho keci, bhikkhave, samaṇā vā brāhmaṇā vā pathavīdhātuṁ pajānanti, pathavīdhātusamudayaṁ pajānanti, pathavīdhātunirodhaṁ pajānanti, pathavīdhātunirodhagāminiṁ paṭipadaṁ pajānanti … ",
  "sn14.39:2.2": "ye ca kho keci, bhikkhave, samaṇā vā brāhmaṇā vā …pe… āpodhātuṁ pajānanti … ",
  "sn14.39:2.3": "tejodhātuṁ pajānanti … ",
  "sn14.39:2.4": "vāyodhātuṁ pajānanti, vāyodhātusamudayaṁ pajānanti, vāyodhātunirodhaṁ pajānanti, vāyodhātunirodhagāminiṁ paṭipadaṁ pajānanti, te ca kho me, bhikkhave, samaṇā vā brāhmaṇā vā samaṇesu ceva samaṇasammatā brāhmaṇesu ca brāhmaṇasammatā; ",
  "sn14.39:2.5": "te ca panāyasmanto sāmaññatthañca brahmaññatthañca diṭṭheva dhamme sayaṁ abhiññā sacchikatvā upasampajja viharantī”ti. ",
  "sn14.39:2.6": "Dasamaṁ. ",
  "sn14.39:2.7": "Catuttho vaggo. ",
  "sn14.39:3.0": "Tassuddānaṁ ",
  "sn14.39:3.1": "Catasso pubbe acariṁ, ",
  "sn14.39:3.2": "nocedañca dukkhena ca; ",
  "sn14.39:3.3": "Abhinandañca uppādo, ",
  "sn14.39:3.4": "tayo samaṇabrāhmaṇāti. ",
  "sn14.39:3.5": "Dhātusaṁyuttaṁ samattaṁ. "
}