{
  "sn14.34:0.1": "Saṁyutta Nikāya 14.34 ",
  "sn14.34:0.2": "4. Catutthavagga ",
  "sn14.34:0.3": "Ekantadukkhasutta ",
  "sn14.34:1.1": "Sāvatthiyaṁ viharati. ",
  "sn14.34:1.2": "“Pathavīdhātu ce hidaṁ, bhikkhave, ekantadukkhā abhavissa dukkhānupatitā dukkhāvakkantā anavakkantā sukhena, nayidaṁ sattā pathavīdhātuyā sārajjeyyuṁ. ",
  "sn14.34:1.3": "Yasmā ca kho, bhikkhave, pathavīdhātu sukhā sukhānupatitā sukhāvakkantā anavakkantā dukkhena, tasmā sattā pathavīdhātuyā sārajjanti. ",
  "sn14.34:2.1": "Āpodhātu ce hidaṁ, bhikkhave …pe… ",
  "sn14.34:2.2": "tejodhātu ce hidaṁ, bhikkhave … ",
  "sn14.34:2.3": "vāyodhātu ce hidaṁ, bhikkhave, ekantadukkhā abhavissa dukkhānupatitā dukkhāvakkantā anavakkantā sukhena, nayidaṁ sattā vāyodhātuyā sārajjeyyuṁ. ",
  "sn14.34:2.4": "Yasmā ca kho, bhikkhave, vāyodhātu sukhā sukhānupatitā sukhāvakkantā anavakkantā dukkhena, tasmā sattā vāyodhātuyā sārajjanti. ",
  "sn14.34:3.1": "Pathavīdhātu ce hidaṁ, bhikkhave, ekantasukhā abhavissa sukhānupatitā sukhāvakkantā anavakkantā dukkhena, nayidaṁ sattā pathavīdhātuyā nibbindeyyuṁ. ",
  "sn14.34:3.2": "Yasmā ca kho, bhikkhave, pathavīdhātu dukkhā dukkhānupatitā dukkhāvakkantā anavakkantā sukhena, tasmā sattā pathavīdhātuyā nibbindanti. ",
  "sn14.34:4.1": "Āpodhātu ce hidaṁ, bhikkhave …pe… ",
  "sn14.34:4.2": "tejodhātu ce hidaṁ, bhikkhave … ",
  "sn14.34:4.3": "vāyodhātu ce hidaṁ, bhikkhave, ekantasukhā abhavissa sukhānupatitā sukhāvakkantā anavakkantā dukkhena, nayidaṁ sattā vāyodhātuyā nibbindeyyuṁ. ",
  "sn14.34:4.4": "Yasmā ca kho, bhikkhave, vāyodhātu dukkhā dukkhānupatitā dukkhāvakkantā anavakkantā sukhena, tasmā sattā vāyodhātuyā nibbindantī”ti. ",
  "sn14.34:4.5": "Pañcamaṁ. "
}