{
  "sn14.30:0.1": "Saṁyutta Nikāya 14.30 ",
  "sn14.30:0.2": "4. Catutthavagga ",
  "sn14.30:0.3": "Catudhātusutta ",
  "sn14.30:1.1": "Ekaṁ samayaṁ bhagavā sāvatthiyaṁ viharati jetavane anāthapiṇḍikassa ārāme … ",
  "sn14.30:1.2": "“catasso imā, bhikkhave, dhātuyo. ",
  "sn14.30:1.3": "Katamā catasso? ",
  "sn14.30:1.4": "Pathavīdhātu, āpodhātu, tejodhātu, vāyodhātu—",
  "sn14.30:1.5": "imā kho, bhikkhave, catasso dhātuyo”ti. ",
  "sn14.30:1.6": "Paṭhamaṁ. "
}