{
  "sn22.85:0.1": "Связанные Наставления 22.85",
  "sn22.85:0.2": "Глава Тхера",
  "sn22.85:0.3": "Ямака сутта ",
  "sn22.85:1.1": "Однажды Достопочтенный Сарипутта пребывал в Саваттхи в роще Джеты в монастыре Анатхапиндики. ",
  "sn22.85:1.2": "И тогда такое пагубное воззрение возникло у монаха по имени Ямака: ",
  "sn22.85:1.3": "«Как я понимаю Дхамму, которой научил Благословенный, монах, чьи пятна [загрязнений ума] уничтожены, разрушается и исчезает после распада тела и не существует после смерти».",
  "sn22.85:2.1": "Группа монахов услышала, что такое пагубное воззрение возникло у монаха Ямаки. ",
  "sn22.85:2.2": "«Как я понимаю Дхамму, которой научил Благословенный, монах, чьи пятна [загрязнений ума] уничтожены, разрушается и исчезает после распада тела и не существует после смерти».",
  "sn22.85:2.3": "И тогда они подошли к Достопочтенному Ямаке, обменялись с ним вежливыми приветствиями ",
  "sn22.85:2.4": "и после обмена вежливыми приветствиями и любезностями сели рядом и сказали ему: ",
  "sn22.85:3.1": "«Правда ли, друг Ямака, что такое пагубное воззрение возникло у тебя: ",
  "sn22.85:3.2": "«Как я понимаю Дхамму, которой научил Благословенный, монах, чьи пятна [загрязнений ума] уничтожены, разрушается и исчезает после распада тела и не существует после смерти»?",
  "sn22.85:3.3": "«Именно так, друзья. Как я понимаю Дхамму, которой научил Благословенный, ",
  "sn22.85:3.4": "монах, чьи пятна [загрязнений ума] уничтожены, разрушается и исчезает после распада тела и не существует после смерти».",
  "sn22.85:4.1": "«Друг Ямака, не говори так. Не искажай смысла сказанного Благословенным, поскольку это неблагостно – искажать смысл сказанного им. Благословенный не мог так сказать: ",
  "sn22.85:4.2": "«Монах, чьи пятна [загрязнений ума] уничтожены, разрушается и исчезает после распада тела и не существует после смерти».",
  "sn22.85:4.3": "И, всё же, хотя монахи наставляли его так, Достопочтенный Ямака из-за упрямства и привязанности к этому самому пагубному воззрению, продолжал утверждать: ",
  "sn22.85:4.4": "«Как я понимаю Дхамму, которой научил Благословенный, монах, чьи пятна [загрязнений ума] уничтожены, разрушается и исчезает после распада тела и не существует после смерти».",
  "sn22.85:5.1": "И поскольку те монахи не смогли отстранить Достопочтенного Ямаку от этого пагубного воззрения, они поднялись со своих сидений, отправились к Достопочтенному Сарипутте и рассказали ему обо всём, что произошло, добавив: ",
  "sn22.85:5.2": "",
  "sn22.85:5.3": "",
  "sn22.85:5.4": "«Было бы хорошо, если бы Достопочтенный Сарипутта отправился бы к монаху Ямаке из сострадания к нему». ",
  "sn22.85:5.5": "Достопочтенный Сарипутта молча согласился.",
  "sn22.85:5.6": "И тогда, вечером, Достопочтенный Сарипутта вышел из затворничества. Он подошёл к Достопочтенному Ямаке и обменялся с ним вежливыми приветствиями. После этого он сел рядом и сказал: ",
  "sn22.85:6.1": "«Правда ли, друг Ямака, что такое пагубное воззрение возникло у тебя: ",
  "sn22.85:6.2": "«Как я понимаю Дхамму, которой научил Благословенный, монах, чьи пятна [загрязнений ума] уничтожены, разрушается и исчезает после распада тела и не существует после смерти»?",
  "sn22.85:6.3": "«Именно так, друг».",
  "sn22.85:7.1": "«Как ты думаешь, друг Ямака – ",
  "sn22.85:7.2": "форма постоянна или непостоянна?»",
  "sn22.85:7.3": "«Непостоянна, друг».",
  "sn22.85:7.4": "«Чувство постоянно или непостоянно?…",
  "sn22.85:7.5": "«Восприятие постоянно или непостоянно?…",
  "sn22.85:7.6": "«Формации постоянны или непостоянны?…",
  "sn22.85:7.7": "«Сознание постоянно или непостоянно?»",
  "sn22.85:7.8": "«Непостоянно, друг».",
  "sn22.85:7.9": "«Поэтому…",
  "sn22.85:7.10": "Видя так…",
  "sn22.85:7.11": "… не будет более возвращения в какое-либо состояние существования».",
  "sn22.85:8.1": "Как ты думаешь, друг Ямака, ",
  "sn22.85:8.2": "считаешь ли ты форму Татхагатой?»",
  "sn22.85:8.3": "«Нет, друг».",
  "sn22.85:8.4": "«Считаешь ли ты чувство Татхагатой?»",
  "sn22.85:8.5": "«Нет, друг».",
  "sn22.85:8.6": "«восприятие…",
  "sn22.85:8.7": "формации…",
  "sn22.85:8.8": "«Считаешь ли ты сознание Татхагатой?»",
  "sn22.85:8.9": "«Нет, друг».",
  "sn22.85:9.1": "«Как ты думаешь, друг Ямака, ",
  "sn22.85:9.2": "считаешь ли ты Татхагату [находящимся] внутри формы?»",
  "sn22.85:9.3": "«Нет, друг».",
  "sn22.85:9.4": "«Считаешь ли ты Татхагату [находящимся] вне формы?»",
  "sn22.85:9.5": "«Нет, друг».",
  "sn22.85:9.6": "«Считаешь ли ты Татхагату [находящимся] внутри чувства? ",
  "sn22.85:9.7": "Вне чувства? ",
  "sn22.85:9.8": "В восприятии? ",
  "sn22.85:9.9": "Вне восприятия? ",
  "sn22.85:9.10": "В формациях? ",
  "sn22.85:9.11": "Вне формаций? ",
  "sn22.85:9.12": "В сознании? ",
  "sn22.85:9.13": "«Нет, друг».",
  "sn22.85:9.14": "Вне сознания?»",
  "sn22.85:9.15": "«Нет, друг».",
  "sn22.85:10.1": "«Как ты думаешь, друг Ямака, ",
  "sn22.85:10.2": "считаешь ли ты Татхагатой форму … чувство … восприятие … формации … сознание?»",
  "sn22.85:10.3": "«Нет, друг».",
  "sn22.85:11.1": "«Как ты думаешь, друг Ямака,",
  "sn22.85:11.2": "считаешь ли ты Татхагату не имеющим формы, чувства, восприятия, формаций, сознания?2»",
  "sn22.85:11.3": "«Нет, друг».",
  "sn22.85:11.4": "«Но друг, если ты не можешь указать на Татхагату как на реально существующего и действительного уже сейчас в этой самой жизни3, будет ли правильным заявлять: ",
  "sn22.85:11.5": "«Как я понимаю Дхамму, которой научил Благословенный, монах, чьи пятна [загрязнений ума] уничтожены, разрушается и исчезает после распада тела и не существует после смерти»?",
  "sn22.85:12.1": "«Прежде, друг Сарипутта, когда я был невежественен, я держался за это пагубное воззрение, ",
  "sn22.85:12.2": "но теперь, когда я услышал это учение по Дхамме от Достопочтенного Сарипутты, я отбросил это пагубное воззрение и осуществил постижение Дхаммы».",
  "sn22.85:13.1": "«Друг Ямака, если бы тебя спросили: ",
  "sn22.85:13.2": "«Друг Ямака, когда монах – арахант, чьи пятна [загрязнений ума] уничтожены, что происходит с ним после распада тела, после смерти?» ",
  "sn22.85:13.3": "то, будучи спрошенным так, как бы ты ответил?»",
  "sn22.85:13.4": "«Если бы меня так спросили:",
  "sn22.85:13.5": "«Друг Ямака, когда монах – арахант, чьи пятна [загрязнений ума] уничтожены, что происходит с ним после распада тела, после смерти?» ",
  "sn22.85:13.6": " друг, я бы ответил: ",
  "sn22.85:13.7": "«Друзья, форма непостоянна. ",
  "sn22.85:13.8": "То, что непостоянно – является страданием. ",
  "sn22.85:13.9": "То, что является страданием, прекратилось и исчезло. ",
  "sn22.85:13.10": "Чувство непостоянно… ",
  "sn22.85:13.11": "восприятие непостоянно… ",
  "sn22.85:13.12": "формации непостоянны… ",
  "sn22.85:13.13": "сознание непостоянно. ",
  "sn22.85:13.14": "То, что непостоянно – является страданием. ",
  "sn22.85:13.15": "То, что является страданием, прекратилось и исчезло». ",
  "sn22.85:13.16": "Будучи спрошенным так, друг, я бы ответил таким образом».",
  "sn22.85:14.1": "«Хорошо, хорошо, друг Ямака! ",
  "sn22.85:14.2": "Теперь, друг Ямака, я приведу тебе пример, чтобы показать этот же смысл ещё более чётко. ",
  "sn22.85:14.3": "Представь, друг Ямака, домохозяина или его сына – богатого, с большим богатством и имуществом, ",
  "sn22.85:14.4": "охраняемого телохранителем. ",
  "sn22.85:14.5": "И появился бы некий человек, который желал бы причинить ему вред, упадок, опасность, забрать его жизнь. ",
  "sn22.85:14.6": "И этот человек подумал бы: ",
  "sn22.85:14.7": "«Этот домохозяин или его сын – богатый человек, с большим богатством и имуществом, ",
  "sn22.85:14.8": "охраняем телохранителем. ",
  "sn22.85:14.9": "Непросто будет забрать его жизнь силой. ",
  "sn22.85:14.10": "Мне нужно подобраться поближе к нему, а уже затем забрать его жизнь».",
  "sn22.85:14.11": "И тогда он бы подошёл к этому домохозяину или его сыну и сказал бы ему: ",
  "sn22.85:14.12": "«Я бы устроился к вам на службу, почтенный». ",
  "sn22.85:14.13": "И тогда домохозяин или его сын назначил бы его слугой. ",
  "sn22.85:14.14": "Человек служил бы ему, вставая [рано утром] раньше него, ложась спать после, делая всё, что тот пожелает, будучи прилежным в поведении, приятным в речах. ",
  "sn22.85:14.15": "Домохозяин или его сын посчитали бы его другом, ",
  "sn22.85:14.16": "сердечным другом, ",
  "sn22.85:14.17": "и доверились бы ему. ",
  "sn22.85:14.18": "А когда тот человек увидел бы, ",
  "sn22.85:14.19": "что домохозяин или его сын доверился ему, то тогда, подловив момент, пока тот находится один, он забрал бы его жизнь с помощью острого ножа.",
  "sn22.85:15.1": "Как ты думаешь, друг Ямака, ",
  "sn22.85:15.2": "когда тот человек подошёл к домохозяину или его сыну и сказал ему: ",
  "sn22.85:15.3": "«Я бы устроился к вам на службу, почтенный», не был он разве убийцей ещё тогда, ",
  "sn22.85:15.4": "хотя другой не знал его как ",
  "sn22.85:15.5": "«моего убийцу»? ",
  "sn22.85:15.6": "И когда тот человек служил ему, вставая [рано утром] раньше него, ложась спать после, делая всё, что тот пожелает, будучи прилежным в поведении, приятным в речах – ",
  "sn22.85:15.7": "не был он разве убийцей ещё и тогда, хотя другой не знал его как ",
  "sn22.85:15.8": "«моего убийцу»? ",
  "sn22.85:15.9": "И когда тот человек подошёл к нему, пока тот был один, забрав его жизнь с помощью острого ножа – ",
  "sn22.85:15.10": "не был он разве убийцей ещё и тогда, хотя другой не знал его как ",
  "sn22.85:15.11": "«моего убийцу»?",
  "sn22.85:15.12": "«Да, друг».",
  "sn22.85:15.13": "«Точно также, друг Ямака, необученный заурядный человек – не навещающий Благородных, не обученный в их дисциплине и их Дхамме; не навещающий чистых [умом] людей, не обученный в их дисциплине и их Дхамме – ",
  "sn22.85:15.14": "считает, что форма – это «я», или что «я» владеет формой, или что форма находится внутри «я», или что «я» находится внутри формы. ",
  "sn22.85:15.15": "Он считает, что чувство… ",
  "sn22.85:15.16": "восприятие… ",
  "sn22.85:15.17": "формации… ",
  "sn22.85:15.18": "сознание – это «я», или что «я» владеет сознанием, или что сознание находится внутри «я», или что «я» находится внутри сознания.",
  "sn22.85:16.1": "Он не понимает в соответствии с действительностью непостоянную форму как «непостоянную форму»… ",
  "sn22.85:16.2": "непостоянное чувство как «непостоянное чувство»… ",
  "sn22.85:16.3": "непостоянное восприятие как «непостоянное восприятие»… ",
  "sn22.85:16.4": "непостоянные формации как «непостоянные формации»… ",
  "sn22.85:16.5": "непостоянное сознание как «непостоянное сознание».",
  "sn22.85:17.1": "Он не понимает в соответствии с действительностью болезненную форму как «болезненную форму»… ",
  "sn22.85:17.2": "болезненное чувство… ",
  "sn22.85:17.3": "болезненное восприятие… ",
  "sn22.85:17.4": "болезненные формации… ",
  "sn22.85:17.5": "болезненное сознание как «болезненное сознание».",
  "sn22.85:18.1": "Он не понимает в соответствии с действительностью безличностную форму как «безличностную форму»… ",
  "sn22.85:18.2": "безличностное чувство… ",
  "sn22.85:18.3": "безличностное восприятие… ",
  "sn22.85:18.4": "безличностные формации… ",
  "sn22.85:18.5": "безличностное сознание как «безличностное сознание».",
  "sn22.85:19.1": "Он не понимает в соответствии с действительностью обусловленную форму как «обусловленную форму»… ",
  "sn22.85:19.2": "обусловленное чувство… ",
  "sn22.85:19.3": "обусловленное восприятие… ",
  "sn22.85:19.4": "обусловленные формации… ",
  "sn22.85:19.5": "обусловленное сознание как «обусловленное сознание».",
  "sn22.85:20.1": "Он не понимает в соответствии с действительностью убийственную форму как «убийственную форму»… ",
  "sn22.85:20.2": "убийственное чувство… ",
  "sn22.85:20.3": "убийственное восприятие… ",
  "sn22.85:20.4": "убийственные формации… ",
  "sn22.85:20.5": "убийственное сознание как «убийственное сознание».",
  "sn22.85:21.1": "Он становится вовлечённым в форму, цепляется к ней, имеет твёрдое убеждение, что «это моё «я». ",
  "sn22.85:21.2": "Он становится вовлечённым в чувство… ",
  "sn22.85:21.3": "в восприятие… ",
  "sn22.85:21.4": "в формации… ",
  "sn22.85:21.5": "в сознание, цепляется к нему, имеет твёрдое убеждение, что «это моё «я». ",
  "sn22.85:21.6": "Эти самые пять совокупностей, подверженные цеплянию, в которые он вовлекается, к которым цепляется, ведут к его страданию в течение длительного времени.",
  "sn22.85:22.1": "Но, друг, обученный ученик Благородных – навещающий Благородных, обученный в их дисциплине и их Дхамме; навещающий чистых [умом] людей, обученный в их дисциплине и их Дхамме – ",
  "sn22.85:22.2": "не считает, что форма – это «я», или что «я» владеет формой, или что форма находится внутри «я», или что «я» находится внутри формы. ",
  "sn22.85:22.3": "Он не считает, что чувство… ",
  "sn22.85:22.4": "восприятие… ",
  "sn22.85:22.5": "формации… ",
  "sn22.85:22.6": "сознание – это «я», или что «я» владеет сознанием, ",
  "sn22.85:22.7": "или что сознание находится внутри «я», или что «я» находится внутри сознания.",
  "sn22.85:23.1": "Он понимает в соответствии с действительностью непостоянную форму…",
  "sn22.85:23.2": "чувство… ",
  "sn22.85:23.3": "восприятие… ",
  "sn22.85:23.4": "формации… ",
  "sn22.85:23.5": "сознание, не цепляется к нему, не имеет твёрдого убеждения, что «это моё «я».",
  "sn22.85:24.1": "Он понимает в соответствии с действительностью болезненную форму…",
  "sn22.85:24.2": "",
  "sn22.85:24.3": "",
  "sn22.85:24.4": "",
  "sn22.85:24.5": "",
  "sn22.85:25.1": "Он понимает в соответствии с действительностью безличностную форму…",
  "sn22.85:25.2": "",
  "sn22.85:25.3": "",
  "sn22.85:25.4": "",
  "sn22.85:25.5": "",
  "sn22.85:26.1": "Он понимает в соответствии с действительностью обусловленную форму…",
  "sn22.85:26.2": "",
  "sn22.85:26.3": "",
  "sn22.85:26.4": "",
  "sn22.85:26.5": "",
  "sn22.85:27.1": "Он понимает в соответствии с действительностью убийственную форму…",
  "sn22.85:27.2": "",
  "sn22.85:27.3": "",
  "sn22.85:27.4": "",
  "sn22.85:27.5": "",
  "sn22.85:28.1": "Он не становится вовлечённым в форму, не цепляется к ней, не имеет твёрдого убеждения, что «это моё «я». ",
  "sn22.85:28.2": "Он не становится вовлечённым в чувство… ",
  "sn22.85:28.3": "в восприятие… ",
  "sn22.85:28.4": "в формации… ",
  "sn22.85:28.5": "в сознание, не цепляется к нему, не имеет твёрдого убеждения, что «это моё «я». ",
  "sn22.85:28.6": "Эти самые пять совокупностей, подверженные цеплянию, в которые он не вовлекается, к которым не цепляется, ведут к его благополучию и счастью в течение длительного времени».",
  "sn22.85:28.7": "«Так оно, друг Сарипутта, с теми достопочтенными, которые имеют таких сострадательных и великодушных товарищей по святой жизни, которые советуют и наставляют их. ",
  "sn22.85:28.8": "И теперь, когда я услышал это учение по Дхамме от Достопочтенного Сарипутты, мой ум освободился от пятен [загрязнений ума] посредством отсутствия цепляния».",
  "sn22.85:28.9": "Так сказал Достопочтенный Сарипутта. "
}