{
  "sn22.103:0.1": "Сваязанные Наставления 22.103",
  "sn22.103:0.2": "",
  "sn22.103:0.3": "Анта сутта: Доли",
  "sn22.103:1.1": "В Саваттхи. [Благословенный сказал]: ",
  "sn22.103:1.2": "«Монахи, есть эти четыре доли. ",
  "sn22.103:1.3": "Какие четыре? ",
  "sn22.103:1.4": "доля самоопределения, доля возникновения самоопределения, доля прекращения самоопределения, и доля пути, ведущего к прекращению самоопределения. ",
  "sn22.103:1.5": "И что такое, доля самоопределения? ",
  "sn22.103:1.6": "Следует сказать: пять совокупностей, подверженных цеплянию. ",
  "sn22.103:1.7": "Какие пять? ",  
  "sn22.103:1.8": "То есть совокупности формы, ощущений, восприятия, волевых формаций и сознания, подверженные цеплянию. ",
  "sn22.103:1.9": "Это называется долей самоопределения. ",
  "sn22.103:2.1": "И что такое, доля возникновения самоопределения? ",
  "sn22.103:2.2": "Это жажда, что ведет к будущим жизням, смешанная с наслаждением и жадностью, стремящаяся к удовольствиям в различных областях. То есть, ",
  "sn22.103:2.3": "жажда чувственных удовольствий, жажда продолжения существования и жажда прекращения существования. ",
  "sn22.103:2.4": "Это называется долей возникновения самоопределения. ",
  "sn22.103:3.1": "И что такое, доля прекращения самоопределения? ",
  "sn22.103:3.2": "Это исчезновение и прекращение этой самой жажды без остатка; отпущение, отпускание, освобождение и неприкрепленность к ней. ",
  "sn22.103:3.3": "Это называется долей прекращения самоопределения. ",
  "sn22.103:4.1": "И что такое, доля пути, ведущего к прекращению самоопределения? ",
  "sn22.103:4.2": "Это просто благородный восьмеричный путь, то есть: правильное понимание, правильное намерение, правильная речь, правильное действие, правильное проживание, правильное усилие, правильное осознавание и правильная сосредоточенность. ",
  "sn22.103:4.3": "Это называется долей пути, ведущего к прекращению самоопределения. ",
  "sn22.103:4.4": "Таковы эти четыре доли»."
}