{
  "sn22.84:0.1": "Связанные Наставления 22.84",
  "sn22.84:0.2": "Глава Тхера",
  "sn22.84:0.3": "Тисса",
  "sn22.84:1.1": "В Саваттхи. ",
  "sn22.84:1.2": "И тогда Достопочтенный Тисса, двоюродный брат Благословенного по отцовской линии, поведал группе монахов: ",
  "sn22.84:1.3": "«Друзья, моё тело как будто заторможено, я потерялся, учения более мне не ясны. Лень и апатия одолевают мой ум. Я веду святую жизнь без удовольствия, и у меня есть сомнения в отношении учений».",
  "sn22.84:2.1": "И тогда группа монахов подошла к Благословенному, они поклонились ему, сели рядом и сообщили ему об этом. ",
  "sn22.84:2.2": "",
  "sn22.84:2.3": "",
  "sn22.84:3.1": "Тогда Благословенный обратился к одному монаху так: ",
  "sn22.84:3.2": "«Ну же, монах, скажи монаху Тиссе от моего имени, что Учитель зовёт его».",
  "sn22.84:3.3": "«Да, Учитель» – ответил монах, отправился к Достопочтенному Тиссе и сказал ему: ",
  "sn22.84:3.4": "«Учитель зовёт тебя, друг Тисса».",
  "sn22.84:3.5": "«Да, друг» – ответил Достопочтенный Тисса и отправился к Благословенному, поклонился ему и сел рядом. Благословенный затем сказал ему: ",
  "sn22.84:3.6": "«Правда ли, Тисса, что ты поведал группе монахов так: ",
  "sn22.84:3.7": "«Друзья, моё тело как будто заторможено, я потерялся, учения более мне не ясны. Лень и апатия одолевают мой ум. Я веду святую жизнь без удовольствия, и у меня есть сомнения в отношении учений»?",
  "sn22.84:3.8": "«Да, Учитель».",
  "sn22.84:3.9": "«Как ты думаешь, Тисса, ",
  "sn22.84:3.10": "если человек не лишён жажды к форме, не лишён желания, любви, страсти, тяги к ней, то с переменами и изменением той формы, [разве] не возникли бы в нём печаль, стенание, боль, горе и отчаяние?»",
  "sn22.84:3.11": "«Так оно, Учитель».",
  "sn22.84:4.1": "«Хорошо, хорошо, Тисса! ",
  "sn22.84:4.2": "Так оно, Тисса, ",
  "sn22.84:4.3": "с тем, кто не лишён жажды к форме. ",
  "sn22.84:4.4": "Если человек не лишён жажды к чувству… ",
  "sn22.84:4.5": "восприятию… ",
  "sn22.84:4.6": "формациям… ",
  "sn22.84:4.7": "",
  "sn22.84:4.8": "",
  "sn22.84:5.1": "",
  "sn22.84:5.2": "",
  "sn22.84:5.3": "сознанию, не лишён желания, любви, страсти, тяги к нему, то с переменами и изменением того сознания, [разве] не возникли бы в нём печаль, стенание, боль, горе и отчаяние?»",
  "sn22.84:5.4": "«Так оно, Учитель».",
  "sn22.84:6.1": "«Хорошо, хорошо, Тисса! ",
  "sn22.84:6.2": "Так оно, Тисса, ",
  "sn22.84:6.3": "с тем, кто не лишён жажды к сознанию. ",
  "sn22.84:6.4": "«Как ты думаешь, Тисса,",
  "sn22.84:6.5": "если человек лишён жажды к форме, лишён желания, любви, страсти, тяги к ней, то с переменами и изменением той формы, [разве] возникли бы в нём печаль, стенание, боль, горе и отчаяние?»",
  "sn22.84:6.6": "«Нет, Учитель».",
  "sn22.84:7.1": "«Хорошо, хорошо, Тисса! ",
  "sn22.84:7.2": "Так оно, Тисса, ",
  "sn22.84:7.3": "с тем, кто лишён жажды к форме. ",
  "sn22.84:7.4": "Если человек лишён жажды к чувству… ",
  "sn22.84:7.5": "восприятию… ",
  "sn22.84:7.6": "формациям… ",
  "sn22.84:7.7": "сознанию, лишён желания, любви, страсти, тяги к нему, то с переменами и изменением того сознания, [разве] возникли бы в нём печаль, стенание, боль, горе и отчаяние?»",
  "sn22.84:7.8": "«Нет, Учитель».",
  "sn22.84:8.1": "«Хорошо, хорошо, Тисса! ",
  "sn22.84:8.2": "Так оно, Тисса, ",
  "sn22.84:8.3": "с тем, кто лишён жажды к сознанию.",
  "sn22.84:8.4": "Как ты думаешь, Тисса, ",
  "sn22.84:8.5": "постоянна ли форма или непостоянна?",
  "sn22.84:8.6": "«Непостоянна, Учитель».",
  "sn22.84:8.7": "«Чувство постоянно или непостоянно?…",
  "sn22.84:8.8": "«Восприятие постоянно или непостоянно?…",
  "sn22.84:8.9": "«Формации постоянны или непостоянны?…",
  "sn22.84:8.10": "«Сознание постоянно или непостоянно?»",
  "sn22.84:8.11": "«Непостоянно, Учитель».",
  "sn22.84:8.12": "«Поэтому… ",
  "sn22.84:8.13": "Видя так… ",
  "sn22.84:8.14": "…не будет более возвращения в какое-либо состояние существования».",
  "sn22.84:9.1": "Представь, Тисса, двух человек: ",
  "sn22.84:9.2": "один необучен в пути, а другой обучен. ",
  "sn22.84:9.3": "Необученный в пути человек задал бы обученному вопрос о пути, ",
  "sn22.84:9.4": "а последний бы ответил: ",
  "sn22.84:9.5": "«Ну же, дорогой мой, путь таков. ",
  "sn22.84:9.6": "Пройди по нему немного.",
  "sn22.84:9.7": "Пройдя по нему немного, увидишь развилку. Не ходи налево, а иди направо. ",
  "sn22.84:9.8": "Пройди ещё немного ",
  "sn22.84:9.9": "и увидишь чащу. ",
  "sn22.84:9.10": "Пройди ещё немного ",
  "sn22.84:9.11": "и увидишь большую болотную топь. ",
  "sn22.84:9.12": "Пройди ещё немного ",
  "sn22.84:9.13": "и увидишь крутой обрыв. ",
  "sn22.84:9.14": "Пройди ещё немного ",
  "sn22.84:9.15": "и увидишь большую восхитительную равнину».",
  "sn22.84:10.1": "Я привёл этот пример, Тисса, чтобы донести смысл. ",
  "sn22.84:10.2": "А смысл таков: ",
  "sn22.84:10.3": "«Необученный в пути человек – это обозначение обычного заурядного человека. ",
  "sn22.84:10.4": "Обученный в пути человек – это обозначение Татхагаты, Араханта, Полностью Просветлённого. ",
  "sn22.84:10.5": "Развилка на дороге – это обозначение сомнения. ",
  "sn22.84:10.6": "Дорога налево – это обозначение неправильного восьмеричного пути, то есть: ",
  "sn22.84:10.7": "неправильных воззрений… неправильного сосредоточения. ",
  "sn22.84:10.8": "Дорога направо – это обозначение Благородного Восьмеричного Пути: ",
  "sn22.84:10.9": "правильных воззрений… правильного сосредоточения. ",
  "sn22.84:10.10": "Чаща – это обозначение невежества. ",
  "sn22.84:10.11": "Большая болотная топь – это обозначение чувственных наслаждений. ",
  "sn22.84:10.12": "Крутой обрыв – это обозначение отчаяния из-за злости. ",
  "sn22.84:10.13": "Большая восхитительная равнина – это обозначение ниббаны.",
  "sn22.84:10.14": "Возрадуйся же, Тисса! ",
  "sn22.84:10.15": "Возрадуйся, Тисса! Я здесь, чтобы советовать, я здесь, чтобы помогать, я здесь, чтобы наставлять!».",
  "sn22.84:11.1": "Так сказал Благословенный. ",
  "sn22.84:11.2": "Восхищённый, Достопочтенный Тисса возрадовался словам Благословенного.",
  "sn22.84:11.3": ""
}