{
  "sn22.104:0.1": "Связанные Наставления 3.1.3.1.2 ",
  "sn22.104:0.2": "1. Анта Вагго ",
  "sn22.104:0.3": "Дуккха Сутта ",
  "sn22.104:1.1": "В Саватхи. ",
  "sn22.104:1.2": "Боль вам, монахи, объясню и проявление боли и устранение боли и практику ведущую к устранению боли. ",
  "sn22.104:1.3": "Услышьте это. ",
  "sn22.104:1.4": "Что такое, монахи, боль? ",
  "sn22.104:1.5": "Пять скоплений поддерживания должно быть сказано. ",
  "sn22.104:1.6": "Какие пять? ",
  "sn22.104:1.7": "В частности — материя скопление поддерживания … внимание скопление поддерживания. ",
  "sn22.104:1.8": "Это называется, монахи, болью. ",
  "sn22.104:1.9": "И что такое, монахи, проявление боли? ",
  "sn22.104:1.10": "В котором вовлекающее цепляние … не вовлеченности—",
  "sn22.104:1.11": "это называется, монахи, проявление боли. ",
  "sn22.104:1.12": "И что такое, монахи, устранение боли? ",
  "sn22.104:1.13": "Именно этого цепляния без остатка и без очарованности устранение, готовность поступиться, отдаление, свобода, независимость от него—",
  "sn22.104:1.14": "это называется, монахи, устранение боли. ",
  "sn22.104:1.15": "И что такое, монахи, практика ведущая к устранению боли? ",
  "sn22.104:1.16": "Это именно этот Благородный Восьмеричный Путь. ",
  "sn22.104:1.17": "В частности—правильный взгляд … правильное объединение опыта. ",
  "sn22.104:1.18": "Это называется, монахи, практика ведущая к устранению боли”. ",
  "sn22.104:1.19": "Вторая. "
}