{
  "sn22.105:0.1": "Связанные Наставления 22.105 ",
  "sn22.105:0.2": "Глава Анта",
  "sn22.105:0.3": "Самоопределение ",
  "sn22.105:1.1": "В Саваттхи. ",
  "sn22.105:1.2": "«Монахи, я научу вас самоопределению, возникновению самоопределения, прекращению самоопределения и практике, ведущей к прекращению самоопределения. ",
  "sn22.105:1.3": "Слушайте… ",
  "sn22.105:1.4": "Что такое Самоопределение? ",
  "sn22.105:1.5": "Следует сказать: пять совокупностей, подверженных удержанию. ",
  "sn22.105:1.6": "Какие пять? ",
  "sn22.105:1.7": "Это совокупности формы, ощущений, восприятия, выбора и сознания, подверженные удержанию. ",
  "sn22.105:1.8": "Это называется Самоопределением. ",
  "sn22.105:1.9": "А что такое возникнование самоопределения? ",
  "sn22.105:1.10": "Это жажда, ведущая к будущим жизням, смешанная с наслаждением и жадностью, преследующая удовольствие в различных областях. Это жажда чувственных удовольствий, жажда продолжения существования и жажда прекращения существования. ",
  "sn22.105:1.11": "Это называется возникнованием самоопределения. ",
  "sn22.105:1.12": "А что такое прекращение самоопределения? ",
  "sn22.105:1.13": "Это исчезновение и прекращение той же самой жажды без остатка; отпущение ее, отпускание, освобождение от нее и неприкрепленность к ней. ",
  "sn22.105:1.14": "Это называется прекращением самоопределения. ",
  "sn22.105:1.15": "А что такое практика, ведущая к прекращению самоопределения? ",
  "sn22.105:1.16": "Это благородный восьмеричный путь, а именно: ",
  "sn22.105:1.17": "правильное понимание, правильное намерение, правильная речь, правильное действие, правильное пропитание, правильное усилие, правильное осознавание и правильная сосредоточенность. ",
  "sn22.105:1.18": "Это называется практикой, ведущей к прекращению самоопределения». "
}