{
  "sn22.95:0.1": "Связанные Наставления 22.95",
  "sn22.95:0.2": "Глава Цветы",
  "sn22.95:0.3": "Сравнение с Комом Пены",
  "sn22.95:1.1": "Однажды Благословенный пребывал в Айоджхе на берегу реки Ганг. ",
  "sn22.95:1.2": "Там Благословенный обратился к монахам:",
  "sn22.95:2.1": "«Монахи, представьте, как если бы эта река Ганг несла бы с собой комок пены. И человек с хорошим зрением стал бы изучать его, размышлять над ним, тщательно исследовать его, и он представился бы ему пустым, полым, неосновательным, так как может ли разве внутри комка пены быть какая-то сущность? ",
  "sn22.95:2.2": "Точно также, монахи, с любым видом формы – прошлой, будущей, настоящей, внутренней или внешней, грубой или утончённой, низшей или возвышенной, далёкой или близкой: монах изучает её, размышляет над ней, тщательно исследует её, и она представляется ему пустой, полой, неосновательной, так как может ли разве внутри формы быть какая-то сущность?",
  "sn22.95:3.1": "Представьте, монахи, как осенью, когда идёт дождь, и падают большие капли, возникает водяной пузырь и лопается на поверхности воды. И человек с хорошим зрением стал бы изучать его, размышлять над ним, тщательно исследовать его, и он представился бы ему пустым, полым, неосновательным, так как может ли разве внутри водяного пузыря быть какая-то сущность? ",
  "sn22.95:3.2": "Точно также, монахи, с любым видом чувства – прошлым, будущим, настоящим, внутренним или внешним, грубым или утончённым, низшим или возвышенным, далёким или близким: монах изучает его, размышляет над ним, тщательно исследует его, и оно представляется ему пустым, полым, неосновательным, так как может ли разве внутри чувства быть какая-то сущность?",
  "sn22.95:4.1": "Представьте, монахи, как в последний месяц жаркого сезона, ровно в полдень, появился бы дрожащий мираж. И человек с хорошим зрением стал бы изучать его, размышлять над ним, тщательно исследовать его, и он представился бы ему пустым, полым, неосновательным, так как может ли разве внутри миража быть какая-то сущность? ",
  "sn22.95:4.2": "Точно также, монахи, с любым видом восприятия – прошлым, будущим, настоящим, внутренним или внешним, грубым или утончённым, низшим или возвышенным, далёким или близким: монах изучает его, размышляет над ним, тщательно исследует его, и оно представляется ему пустым, полым, неосновательным, так как может ли разве внутри восприятия быть какая-то сущность?",
  "sn22.95:5.1": "Представьте, монахи, как если бы человеку понадобилась сердцевина дерева, он бы искал сердцевину дерева, бродил в поисках сердцевины дерева, взял бы острый топор и вошёл в лес. Там бы он увидел ствол большой банановой пальмы, прямой, свежей, без рыхлой коры. Он бы срубил её у основания, отрезал бы ветви, содрал бы внешние слои [ствола]. И когда он содрал бы внешние слои, то не обнаружил бы даже заболони, не говоря уже о сердцевине. И человек с хорошим зрением стал бы изучать его, размышлять над ним, тщательно исследовать его, и он представился бы ему пустым, полым, неосновательным, так как может ли разве внутри ствола банановой пальмы быть какая-то сущность? ",
  "sn22.95:5.2": "Точно также, монахи, с любым видом формаций [ума] – прошлых, будущих, настоящих, внутренних или внешних, грубых или утончённых, низших или возвышенных, далёких или близких: монах изучает их, размышляет над ними, тщательно исследует их, и они представляются ему пустыми, полыми, неосновательными, так как может ли разве внутри формаций быть какая-то сущность?5",
  "sn22.95:6.1": "Представьте, монахи, волшебника или его ученика, который бы показывал на перекрёстке дорог магическую иллюзию. И человек с хорошим зрением стал бы изучать её, размышлять над ней, тщательно исследовать её, и она представилась бы ему пустой, полой, неосновательной, так как может ли разве внутри магической иллюзии быть какая-то сущность? ",
  "sn22.95:6.2": "Точно также, монахи, с любым видом сознания – прошлым, будущим, настоящим, внутренним или внешним, грубым или утончённым, низшим или возвышенным, далёким или близким: монах изучает его, размышляет над ним, тщательно исследует его, и оно представляется ему пустым, полым, неосновательным, так как может ли разве внутри сознания быть какая-то сущность?",
  "sn22.95:7.1": "Видя так, монахи, обученный ученик Благородных испытывает разочарование в форме, разочарование в чувстве, разочарование в восприятии, разочарование в формациях, разочарование в сознании. ",
  "sn22.95:7.2": "Испытывая разочарование, он становится беспристрастным. Посредством беспристрастия [его ум] освобождается. Когда он освободился, то возникает знание: «Он освобождён». Он понимает: «Рождение уничтожено, святая жизнь прожита, сделано то, что следовало сделать, ",
  "sn22.95:7.3": "не будет более возвращения в какое-либо состояние существования».",
  "sn22.95:8.1": "Так сказал Благословенный. ",
  "sn22.95:8.2": "И, сказав так, Счастливейший, Учитель, далее добавил:",
  "sn22.95:9.1": "«Форма как пена,",
  "sn22.95:9.2": "Чувство – пузырь,",
  "sn22.95:9.3": "Восприятие точно мираж.",
  "sn22.95:9.4": "Формации – словно банановый ствол,",
  "sn22.95:9.5": "Ум подобен иллюзии мага,",
  "sn22.95:9.6": "Вот так объяснял нам Сын Солнца.",
  "sn22.95:10.1": "Но можно осмыслить,",
  "sn22.95:10.2": "Исследовать можно.",
  "sn22.95:10.3": "Предстанут пустыми они,",
  "sn22.95:10.4": "Коль рассмотришь внимательно их.",
  "sn22.95:11.1": "И в отношении этого тела",
  "sn22.95:11.2": "Великий Мудрец научил,",
  "sn22.95:11.3": "Что с избавлением от этих трёх",
  "sn22.95:11.4": "Ты увидишь и форму отброшенной.",
  "sn22.95:12.1": "Как живучесть, тепло и сознание",
  "sn22.95:12.2": "Испарятся из этого тела,",
  "sn22.95:12.3": "Его выбросят прочь,",
  "sn22.95:12.4": "Без воления, будет пищей оно.",
  "sn22.95:13.1": "Без остановки идёт череда,",
  "sn22.95:13.2": "Как иллюзия, для дураков.",
  "sn22.95:13.3": "Говорится, что это – убийца,",
  "sn22.95:13.4": "Не имеющий внутренней сути.",
  "sn22.95:14.1": "Именно так усердный монах",
  "sn22.95:14.2": "Совокупности созерцает,",
  "sn22.95:14.3": "Делая это и ночью и днём,",
  "sn22.95:14.4": "Постигающий это осознанно.",
  "sn22.95:15.1": "Он должен отбросить все путы,",
  "sn22.95:15.2": "Прибежищем стать для себя,",
  "sn22.95:15.3": "И рьяно стараться он должен,",
  "sn22.95:15.4": "Тоскуя, стремясь к Нерушимому».",
  "sn22.95:15.5": ""
}