{
  "dn1:0.1": "Dīgha Nikāya 1 ",
  "dn1:0.2": "Brahmajālasutta ",
  "dn1:1.0": "1. Paribbājakakathā ",
  "dn1:1.1.1": "Evaṁ me sutaṁ—",
  "dn1:1.1.2": "ekaṁ samayaṁ bhagavā antarā ca rājagahaṁ antarā ca nāḷandaṁ addhānamaggappaṭipanno hoti mahatā bhikkhusaṅghena saddhiṁ pañcamattehi bhikkhusatehi. ",
  "dn1:1.1.3": "Suppiyopi kho paribbājako antarā ca rājagahaṁ antarā ca nāḷandaṁ addhānamaggappaṭipanno hoti saddhiṁ antevāsinā brahmadattena māṇavena. ",
  "dn1:1.1.4": "Tatra sudaṁ suppiyo paribbājako anekapariyāyena buddhassa avaṇṇaṁ bhāsati, dhammassa avaṇṇaṁ bhāsati, saṅghassa avaṇṇaṁ bhāsati; ",
  "dn1:1.1.5": "suppiyassa pana paribbājakassa antevāsī brahmadatto māṇavo anekapariyāyena buddhassa vaṇṇaṁ bhāsati, dhammassa vaṇṇaṁ bhāsati, saṅghassa vaṇṇaṁ bhāsati. ",
  "dn1:1.1.6": "Itiha te ubho ācariyantevāsī aññamaññassa ujuvipaccanīkavādā bhagavantaṁ piṭṭhito piṭṭhito anubandhā honti bhikkhusaṅghañca. ",
  "dn1:1.2.1": "Atha kho bhagavā ambalaṭṭhikāyaṁ rājāgārake ekarattivāsaṁ upagacchi saddhiṁ bhikkhusaṅghena. ",
  "dn1:1.2.2": "Suppiyopi kho paribbājako ambalaṭṭhikāyaṁ rājāgārake ekarattivāsaṁ upagacchi antevāsinā brahmadattena māṇavena. ",
  "dn1:1.2.3": "Tatrapi sudaṁ suppiyo paribbājako anekapariyāyena buddhassa avaṇṇaṁ bhāsati, dhammassa avaṇṇaṁ bhāsati, saṅghassa avaṇṇaṁ bhāsati; ",
  "dn1:1.2.4": "suppiyassa pana paribbājakassa antevāsī brahmadatto māṇavo anekapariyāyena buddhassa vaṇṇaṁ bhāsati, dhammassa vaṇṇaṁ bhāsati, saṅghassa vaṇṇaṁ bhāsati. ",
  "dn1:1.2.5": "Itiha te ubho ācariyantevāsī aññamaññassa ujuvipaccanīkavādā viharanti. ",
  "dn1:1.3.1": "Atha kho sambahulānaṁ bhikkhūnaṁ rattiyā paccūsasamayaṁ paccuṭṭhitānaṁ maṇḍalamāḷe sannisinnānaṁ sannipatitānaṁ ayaṁ saṅkhiyadhammo udapādi: ",
  "dn1:1.3.2": "“acchariyaṁ, āvuso, abbhutaṁ, āvuso, yāvañcidaṁ tena bhagavatā jānatā passatā arahatā sammāsambuddhena sattānaṁ nānādhimuttikatā suppaṭividitā. ",
  "dn1:1.3.3": "Ayañhi suppiyo paribbājako anekapariyāyena buddhassa avaṇṇaṁ bhāsati, dhammassa avaṇṇaṁ bhāsati, saṅghassa avaṇṇaṁ bhāsati; ",
  "dn1:1.3.4": "suppiyassa pana paribbājakassa antevāsī brahmadatto māṇavo anekapariyāyena buddhassa vaṇṇaṁ bhāsati, dhammassa vaṇṇaṁ bhāsati, saṅghassa vaṇṇaṁ bhāsati. ",
  "dn1:1.3.5": "Itihame ubho ācariyantevāsī aññamaññassa ujuvipaccanīkavādā bhagavantaṁ piṭṭhito piṭṭhito anubandhā honti bhikkhusaṅghañcā”ti. ",
  "dn1:1.4.1": "Atha kho bhagavā tesaṁ bhikkhūnaṁ imaṁ saṅkhiyadhammaṁ viditvā yena maṇḍalamāḷo tenupasaṅkami; upasaṅkamitvā paññatte āsane nisīdi. Nisajja kho bhagavā bhikkhū āmantesi: ",
  "dn1:1.4.2": "“kāya nuttha, bhikkhave, etarahi kathāya sannisinnā sannipatitā, kā ca pana vo antarākathā vippakatā”ti? ",
  "dn1:1.4.3": "Evaṁ vutte, te bhikkhū bhagavantaṁ etadavocuṁ: ",
  "dn1:1.4.4": "“idha, bhante, amhākaṁ rattiyā paccūsasamayaṁ paccuṭṭhitānaṁ maṇḍalamāḷe sannisinnānaṁ sannipatitānaṁ ayaṁ saṅkhiyadhammo udapādi: ",
  "dn1:1.4.5": "‘acchariyaṁ, āvuso, abbhutaṁ, āvuso, yāvañcidaṁ tena bhagavatā jānatā passatā arahatā sammāsambuddhena sattānaṁ nānādhimuttikatā suppaṭividitā. ",
  "dn1:1.4.6": "Ayañhi suppiyo paribbājako anekapariyāyena buddhassa avaṇṇaṁ bhāsati, dhammassa avaṇṇaṁ bhāsati, saṅghassa avaṇṇaṁ bhāsati; ",
  "dn1:1.4.7": "suppiyassa pana paribbājakassa antevāsī brahmadatto māṇavo anekapariyāyena buddhassa vaṇṇaṁ bhāsati, dhammassa vaṇṇaṁ bhāsati, saṅghassa vaṇṇaṁ bhāsati. ",
  "dn1:1.4.8": "Itihame ubho ācariyantevāsī aññamaññassa ujuvipaccanīkavādā bhagavantaṁ piṭṭhito piṭṭhito anubandhā honti bhikkhusaṅghañcā’ti. ",
  "dn1:1.4.9": "Ayaṁ kho no, bhante, antarākathā vippakatā, atha bhagavā anuppatto”ti. ",
  "dn1:1.5.1": "“Mamaṁ vā, bhikkhave, pare avaṇṇaṁ bhāseyyuṁ, dhammassa vā avaṇṇaṁ bhāseyyuṁ, saṅghassa vā avaṇṇaṁ bhāseyyuṁ, tatra tumhehi na āghāto na appaccayo na cetaso anabhiraddhi karaṇīyā. ",
  "dn1:1.5.2": "Mamaṁ vā, bhikkhave, pare avaṇṇaṁ bhāseyyuṁ, dhammassa vā avaṇṇaṁ bhāseyyuṁ, saṅghassa vā avaṇṇaṁ bhāseyyuṁ, tatra ce tumhe assatha kupitā vā anattamanā vā, tumhaṁ yevassa tena antarāyo. ",
  "dn1:1.5.3": "Mamaṁ vā, bhikkhave, pare avaṇṇaṁ bhāseyyuṁ, dhammassa vā avaṇṇaṁ bhāseyyuṁ, saṅghassa vā avaṇṇaṁ bhāseyyuṁ, tatra ce tumhe assatha kupitā vā anattamanā vā, api nu tumhe paresaṁ subhāsitaṁ dubbhāsitaṁ ājāneyyāthā”ti? ",
  "dn1:1.5.4": "“No hetaṁ, bhante”. ",
  "dn1:1.6.1": "“Mamaṁ vā, bhikkhave, pare avaṇṇaṁ bhāseyyuṁ, dhammassa vā avaṇṇaṁ bhāseyyuṁ, saṅghassa vā avaṇṇaṁ bhāseyyuṁ, tatra tumhehi abhūtaṁ abhūtato nibbeṭhetabbaṁ: ",
  "dn1:1.6.2": "‘itipetaṁ abhūtaṁ, itipetaṁ atacchaṁ, natthi cetaṁ amhesu, na ca panetaṁ amhesu saṁvijjatī’ti. ",
  "dn1:1.6.3": "Mamaṁ vā, bhikkhave, pare vaṇṇaṁ bhāseyyuṁ, dhammassa vā vaṇṇaṁ bhāseyyuṁ, saṅghassa vā vaṇṇaṁ bhāseyyuṁ, tatra tumhehi na ānando na somanassaṁ na cetaso uppilāvitattaṁ karaṇīyaṁ. ",
  "dn1:1.6.4": "Mamaṁ vā, bhikkhave, pare vaṇṇaṁ bhāseyyuṁ, dhammassa vā vaṇṇaṁ bhāseyyuṁ, saṅghassa vā vaṇṇaṁ bhāseyyuṁ, tatra ce tumhe assatha ānandino sumanā uppilāvitā tumhaṁ yevassa tena antarāyo. ",
  "dn1:1.6.5": "Mamaṁ vā, bhikkhave, pare vaṇṇaṁ bhāseyyuṁ, dhammassa vā vaṇṇaṁ bhāseyyuṁ, saṅghassa vā vaṇṇaṁ bhāseyyuṁ, tatra tumhehi bhūtaṁ bhūtato paṭijānitabbaṁ: ",
  "dn1:1.6.6": "‘itipetaṁ bhūtaṁ, itipetaṁ tacchaṁ, atthi cetaṁ amhesu, saṁvijjati ca panetaṁ amhesū’ti. ",
  "dn1:1.7.0.1": "2. Sīla ",
  "dn1:1.7.0.2": "2.1. Cūḷasīla ",
  "dn1:1.7.1": "Appamattakaṁ kho panetaṁ, bhikkhave, oramattakaṁ sīlamattakaṁ, yena puthujjano tathāgatassa vaṇṇaṁ vadamāno vadeyya. ",
  "dn1:1.7.2": "Katamañca taṁ, bhikkhave, appamattakaṁ oramattakaṁ sīlamattakaṁ, yena puthujjano tathāgatassa vaṇṇaṁ vadamāno vadeyya? ",
  "dn1:1.8.1": "‘Pāṇātipātaṁ pahāya pāṇātipātā paṭivirato samaṇo gotamo nihitadaṇḍo, nihitasattho, lajjī, dayāpanno, sabbapāṇabhūtahitānukampī viharatī’ti—",
  "dn1:1.8.2": "iti vā hi, bhikkhave, puthujjano tathāgatassa vaṇṇaṁ vadamāno vadeyya. ",
  "dn1:1.8.3": "‘Adinnādānaṁ pahāya adinnādānā paṭivirato samaṇo gotamo dinnādāyī dinnapāṭikaṅkhī, athenena sucibhūtena attanā viharatī’ti—",
  "dn1:1.8.4": "iti vā hi, bhikkhave, puthujjano tathāgatassa vaṇṇaṁ vadamāno vadeyya. ",
  "dn1:1.8.5": "‘Abrahmacariyaṁ pahāya brahmacārī samaṇo gotamo ārācārī virato methunā gāmadhammā’ti—",
  "dn1:1.8.6": "iti vā hi, bhikkhave, puthujjano tathāgatassa vaṇṇaṁ vadamāno vadeyya. ",
  "dn1:1.9.1": "‘Musāvādaṁ pahāya musāvādā paṭivirato samaṇo gotamo saccavādī saccasandho theto paccayiko avisaṁvādako lokassā’ti—",
  "dn1:1.9.2": "iti vā hi, bhikkhave, puthujjano tathāgatassa vaṇṇaṁ vadamāno vadeyya. ",
  "dn1:1.9.3": "‘Pisuṇaṁ vācaṁ pahāya pisuṇāya vācāya paṭivirato samaṇo gotamo, ito sutvā na amutra akkhātā imesaṁ bhedāya, amutra vā sutvā na imesaṁ akkhātā amūsaṁ bhedāya. Iti bhinnānaṁ vā sandhātā, sahitānaṁ vā anuppadātā samaggārāmo samaggarato samagganandī samaggakaraṇiṁ vācaṁ bhāsitā’ti—",
  "dn1:1.9.4": "iti vā hi, bhikkhave, puthujjano tathāgatassa vaṇṇaṁ vadamāno vadeyya. ",
  "dn1:1.9.5": "‘Pharusaṁ vācaṁ pahāya pharusāya vācāya paṭivirato samaṇo gotamo, yā sā vācā nelā kaṇṇasukhā pemanīyā hadayaṅgamā porī bahujanakantā bahujanamanāpā tathārūpiṁ vācaṁ bhāsitā’ti—",
  "dn1:1.9.6": "iti vā hi, bhikkhave, puthujjano tathāgatassa vaṇṇaṁ vadamāno vadeyya. ",
  "dn1:1.9.7": "‘Samphappalāpaṁ pahāya samphappalāpā paṭivirato samaṇo gotamo kālavādī bhūtavādī atthavādī dhammavādī vinayavādī, nidhānavatiṁ vācaṁ bhāsitā kālena sāpadesaṁ pariyantavatiṁ atthasaṁhitan’ti—",
  "dn1:1.9.8": "iti vā hi, bhikkhave, puthujjano tathāgatassa vaṇṇaṁ vadamāno vadeyya. ",
  "dn1:1.10.1": "‘Bījagāmabhūtagāmasamārambhā paṭivirato samaṇo gotamo’ti—",
  "dn1:1.10.2": "iti vā hi, bhikkhave …pe…. ",
  "dn1:1.10.3": "‘Ekabhattiko samaṇo gotamo rattūparato virato vikālabhojanā …. ",
  "dn1:1.10.4": "Naccagītavāditavisūkadassanā paṭivirato samaṇo gotamo …. ",
  "dn1:1.10.5": "Mālāgandhavilepanadhāraṇamaṇḍanavibhūsanaṭṭhānā paṭivirato samaṇo gotamo …. ",
  "dn1:1.10.6": "Uccāsayanamahāsayanā paṭivirato samaṇo gotamo …. ",
  "dn1:1.10.7": "Jātarūparajatapaṭiggahaṇā paṭivirato samaṇo gotamo …. ",
  "dn1:1.10.8": "Āmakadhaññapaṭiggahaṇā paṭivirato samaṇo gotamo …. ",
  "dn1:1.10.9": "Āmakamaṁsapaṭiggahaṇā paṭivirato samaṇo gotamo …. ",
  "dn1:1.10.10": "Itthikumārikapaṭiggahaṇā paṭivirato samaṇo gotamo …. ",
  "dn1:1.10.11": "Dāsidāsapaṭiggahaṇā paṭivirato samaṇo gotamo …. ",
  "dn1:1.10.12": "Ajeḷakapaṭiggahaṇā paṭivirato samaṇo gotamo …. ",
  "dn1:1.10.13": "Kukkuṭasūkarapaṭiggahaṇā paṭivirato samaṇo gotamo …. ",
  "dn1:1.10.14": "Hatthigavassavaḷavapaṭiggahaṇā paṭivirato samaṇo gotamo …. ",
  "dn1:1.10.15": "Khettavatthupaṭiggahaṇā paṭivirato samaṇo gotamo …. ",
  "dn1:1.10.16": "Dūteyyapahiṇagamanānuyogā paṭivirato samaṇo gotamo …. ",
  "dn1:1.10.17": "Kayavikkayā paṭivirato samaṇo gotamo …. ",
  "dn1:1.10.18": "Tulākūṭakaṁsakūṭamānakūṭā paṭivirato samaṇo gotamo …. ",
  "dn1:1.10.19": "Ukkoṭanavañcananikatisāciyogā paṭivirato samaṇo gotamo …. ",
  "dn1:1.10.20": "Chedanavadhabandhanaviparāmosaālopasahasākārā paṭivirato samaṇo gotamo’ti—",
  "dn1:1.10.21": "iti vā hi, bhikkhave, puthujjano tathāgatassa vaṇṇaṁ vadamāno vadeyya. ",
  "dn1:1.10.22": "Cūḷasīlaṁ niṭṭhitaṁ. ",
  "dn1:1.11.0": "2.2. Majjhimasīla ",
  "dn1:1.11.1": "‘Yathā vā paneke bhonto samaṇabrāhmaṇā saddhādeyyāni bhojanāni bhuñjitvā te evarūpaṁ bījagāmabhūtagāmasamārambhaṁ anuyuttā viharanti, ",
  "dn1:1.11.2": "seyyathidaṁ—mūlabījaṁ khandhabījaṁ phaḷubījaṁ aggabījaṁ bījabījameva pañcamaṁ; ",
  "dn1:1.11.3": "iti evarūpā bījagāmabhūtagāmasamārambhā paṭivirato samaṇo gotamo’ti—",
  "dn1:1.11.4": "iti vā hi, bhikkhave, puthujjano tathāgatassa vaṇṇaṁ vadamāno vadeyya. ",
  "dn1:1.12.1": "‘Yathā vā paneke bhonto samaṇabrāhmaṇā saddhādeyyāni bhojanāni bhuñjitvā te evarūpaṁ sannidhikāraparibhogaṁ anuyuttā viharanti, ",
  "dn1:1.12.2": "seyyathidaṁ—annasannidhiṁ pānasannidhiṁ vatthasannidhiṁ yānasannidhiṁ sayanasannidhiṁ gandhasannidhiṁ āmisasannidhiṁ ",
  "dn1:1.12.3": "iti vā iti evarūpā sannidhikāraparibhogā paṭivirato samaṇo gotamo’ti—",
  "dn1:1.12.4": "iti vā hi, bhikkhave, puthujjano tathāgatassa vaṇṇaṁ vadamāno vadeyya. ",
  "dn1:1.13.1": "‘Yathā vā paneke bhonto samaṇabrāhmaṇā saddhādeyyāni bhojanāni bhuñjitvā te evarūpaṁ visūkadassanaṁ anuyuttā viharanti, ",
  "dn1:1.13.2": "seyyathidaṁ—naccaṁ gītaṁ vāditaṁ pekkhaṁ akkhānaṁ pāṇissaraṁ vetāḷaṁ kumbhathūṇaṁ sobhanakaṁ caṇḍālaṁ vaṁsaṁ dhovanaṁ hatthiyuddhaṁ assayuddhaṁ mahiṁsayuddhaṁ usabhayuddhaṁ ajayuddhaṁ meṇḍayuddhaṁ kukkuṭayuddhaṁ vaṭṭakayuddhaṁ daṇḍayuddhaṁ muṭṭhiyuddhaṁ nibbuddhaṁ uyyodhikaṁ balaggaṁ senābyūhaṁ anīkadassanaṁ ",
  "dn1:1.13.3": "iti vā iti evarūpā visūkadassanā paṭivirato samaṇo gotamo’ti—",
  "dn1:1.13.4": "iti vā hi, bhikkhave, puthujjano tathāgatassa vaṇṇaṁ vadamāno vadeyya. ",
  "dn1:1.14.1": "‘Yathā vā paneke bhonto samaṇabrāhmaṇā saddhādeyyāni bhojanāni bhuñjitvā te evarūpaṁ jūtappamādaṭṭhānānuyogaṁ anuyuttā viharanti, ",
  "dn1:1.14.2": "seyyathidaṁ—aṭṭhapadaṁ dasapadaṁ ākāsaṁ parihārapathaṁ santikaṁ khalikaṁ ghaṭikaṁ salākahatthaṁ akkhaṁ paṅgacīraṁ vaṅkakaṁ mokkhacikaṁ ciṅgulikaṁ pattāḷhakaṁ rathakaṁ dhanukaṁ akkharikaṁ manesikaṁ yathāvajjaṁ ",
  "dn1:1.14.3": "iti vā iti evarūpā jūtappamādaṭṭhānānuyogā paṭivirato samaṇo gotamo’ti—",
  "dn1:1.14.4": "iti vā hi, bhikkhave, puthujjano tathāgatassa vaṇṇaṁ vadamāno vadeyya. ",
  "dn1:1.15.1": "‘Yathā vā paneke bhonto samaṇabrāhmaṇā saddhādeyyāni bhojanāni bhuñjitvā te evarūpaṁ uccāsayanamahāsayanaṁ anuyuttā viharanti, ",
  "dn1:1.15.2": "seyyathidaṁ—āsandiṁ pallaṅkaṁ gonakaṁ cittakaṁ paṭikaṁ paṭalikaṁ tūlikaṁ vikatikaṁ uddalomiṁ ekantalomiṁ kaṭṭissaṁ koseyyaṁ kuttakaṁ hatthattharaṁ assattharaṁ rathattharaṁ ajinappaveṇiṁ kadalimigapavarapaccattharaṇaṁ sauttaracchadaṁ ubhatolohitakūpadhānaṁ ",
  "dn1:1.15.3": "iti vā iti evarūpā uccāsayanamahāsayanā paṭivirato samaṇo gotamo’ti—",
  "dn1:1.15.4": "iti vā hi, bhikkhave, puthujjano tathāgatassa vaṇṇaṁ vadamāno vadeyya. ",
  "dn1:1.16.1": "‘Yathā vā paneke bhonto samaṇabrāhmaṇā saddhādeyyāni bhojanāni bhuñjitvā te evarūpaṁ maṇḍanavibhūsanaṭṭhānānuyogaṁ anuyuttā viharanti, seyyathidaṁ—",
  "dn1:1.16.2": "ucchādanaṁ parimaddanaṁ nhāpanaṁ sambāhanaṁ ādāsaṁ añjanaṁ mālāgandhavilepanaṁ mukhacuṇṇaṁ mukhalepanaṁ hatthabandhaṁ sikhābandhaṁ daṇḍaṁ nāḷikaṁ asiṁ chattaṁ citrupāhanaṁ uṇhīsaṁ maṇiṁ vālabījaniṁ odātāni vatthāni dīghadasāni ",
  "dn1:1.16.3": "iti vā iti evarūpā maṇḍanavibhūsanaṭṭhānānuyogā paṭivirato samaṇo gotamo’ti—",
  "dn1:1.16.4": "iti vā hi, bhikkhave, puthujjano tathāgatassa vaṇṇaṁ vadamāno vadeyya. ",
  "dn1:1.17.1": "‘Yathā vā paneke bhonto samaṇabrāhmaṇā saddhādeyyāni bhojanāni bhuñjitvā te evarūpaṁ tiracchānakathaṁ anuyuttā viharanti, ",
  "dn1:1.17.2": "seyyathidaṁ—rājakathaṁ corakathaṁ mahāmattakathaṁ senākathaṁ bhayakathaṁ yuddhakathaṁ annakathaṁ pānakathaṁ vatthakathaṁ sayanakathaṁ mālākathaṁ gandhakathaṁ ñātikathaṁ yānakathaṁ gāmakathaṁ nigamakathaṁ nagarakathaṁ janapadakathaṁ itthikathaṁ sūrakathaṁ visikhākathaṁ kumbhaṭṭhānakathaṁ pubbapetakathaṁ nānattakathaṁ lokakkhāyikaṁ samuddakkhāyikaṁ itibhavābhavakathaṁ ",
  "dn1:1.17.3": "iti vā iti evarūpāya tiracchānakathāya paṭivirato samaṇo gotamo’ti—",
  "dn1:1.17.4": "iti vā hi, bhikkhave, puthujjano tathāgatassa vaṇṇaṁ vadamāno vadeyya. ",
  "dn1:1.18.1": "‘Yathā vā paneke bhonto samaṇabrāhmaṇā saddhādeyyāni bhojanāni bhuñjitvā te evarūpaṁ viggāhikakathaṁ anuyuttā viharanti, ",
  "dn1:1.18.2": "seyyathidaṁ—na tvaṁ imaṁ dhammavinayaṁ ājānāsi, ahaṁ imaṁ dhammavinayaṁ ājānāmi, kiṁ tvaṁ imaṁ dhammavinayaṁ ājānissasi, micchā paṭipanno tvamasi, ahamasmi sammā paṭipanno, sahitaṁ me, asahitaṁ te, purevacanīyaṁ pacchā avaca, pacchāvacanīyaṁ pure avaca, adhiciṇṇaṁ te viparāvattaṁ, āropito te vādo, niggahito tvamasi, cara vādappamokkhāya, nibbeṭhehi vā sace pahosīti ",
  "dn1:1.18.3": "iti vā iti evarūpāya viggāhikakathāya paṭivirato samaṇo gotamo’ti—",
  "dn1:1.18.4": "iti vā hi, bhikkhave, puthujjano tathāgatassa vaṇṇaṁ vadamāno vadeyya. ",
  "dn1:1.19.1": "‘Yathā vā paneke bhonto samaṇabrāhmaṇā saddhādeyyāni bhojanāni bhuñjitvā te evarūpaṁ dūteyyapahiṇagamanānuyogaṁ anuyuttā viharanti, ",
  "dn1:1.19.2": "seyyathidaṁ—raññaṁ, rājamahāmattānaṁ, khattiyānaṁ, brāhmaṇānaṁ, gahapatikānaṁ, kumārānaṁ “idha gaccha, amutrāgaccha, idaṁ hara, amutra idaṁ āharā”ti ",
  "dn1:1.19.3": "iti vā iti evarūpā dūteyyapahiṇagamanānuyogā paṭivirato samaṇo gotamo’ti—",
  "dn1:1.19.4": "iti vā hi, bhikkhave, puthujjano tathāgatassa vaṇṇaṁ vadamāno vadeyya. ",
  "dn1:1.20.1": "‘Yathā vā paneke bhonto samaṇabrāhmaṇā saddhādeyyāni bhojanāni bhuñjitvā te kuhakā ca honti, lapakā ca nemittikā ca nippesikā ca, lābhena lābhaṁ nijigīsitāro ca ",
  "dn1:1.20.2": "iti evarūpā kuhanalapanā paṭivirato samaṇo gotamo’ti—",
  "dn1:1.20.3": "iti vā hi, bhikkhave, puthujjano tathāgatassa vaṇṇaṁ vadamāno vadeyya. ",
  "dn1:1.20.4": "Majjhimasīlaṁ niṭṭhitaṁ. ",
  "dn1:1.21.0": "2.3. Mahāsīla ",
  "dn1:1.21.1": "‘Yathā vā paneke bhonto samaṇabrāhmaṇā saddhādeyyāni bhojanāni bhuñjitvā te evarūpāya tiracchānavijjāya micchājīvena jīvitaṁ kappenti, ",
  "dn1:1.21.2": "seyyathidaṁ—aṅgaṁ nimittaṁ uppātaṁ supinaṁ lakkhaṇaṁ mūsikacchinnaṁ aggihomaṁ dabbihomaṁ thusahomaṁ kaṇahomaṁ taṇḍulahomaṁ sappihomaṁ telahomaṁ mukhahomaṁ lohitahomaṁ aṅgavijjā vatthuvijjā khattavijjā sivavijjā bhūtavijjā bhūrivijjā ahivijjā visavijjā vicchikavijjā mūsikavijjā sakuṇavijjā vāyasavijjā pakkajjhānaṁ saraparittāṇaṁ migacakkaṁ ",
  "dn1:1.21.3": "iti vā iti evarūpāya tiracchānavijjāya micchājīvā paṭivirato samaṇo gotamo’ti—",
  "dn1:1.21.4": "iti vā hi, bhikkhave, puthujjano tathāgatassa vaṇṇaṁ vadamāno vadeyya. ",
  "dn1:1.22.1": "‘Yathā vā paneke bhonto samaṇabrāhmaṇā saddhādeyyāni bhojanāni bhuñjitvā te evarūpāya tiracchānavijjāya micchājīvena jīvitaṁ kappenti, ",
  "dn1:1.22.2": "seyyathidaṁ—maṇilakkhaṇaṁ vatthalakkhaṇaṁ daṇḍalakkhaṇaṁ satthalakkhaṇaṁ asilakkhaṇaṁ usulakkhaṇaṁ dhanulakkhaṇaṁ āvudhalakkhaṇaṁ itthilakkhaṇaṁ purisalakkhaṇaṁ kumāralakkhaṇaṁ kumārilakkhaṇaṁ dāsalakkhaṇaṁ dāsilakkhaṇaṁ hatthilakkhaṇaṁ assalakkhaṇaṁ mahiṁsalakkhaṇaṁ usabhalakkhaṇaṁ golakkhaṇaṁ ajalakkhaṇaṁ meṇḍalakkhaṇaṁ kukkuṭalakkhaṇaṁ vaṭṭakalakkhaṇaṁ godhālakkhaṇaṁ kaṇṇikālakkhaṇaṁ kacchapalakkhaṇaṁ migalakkhaṇaṁ ",
  "dn1:1.22.3": "iti vā iti evarūpāya tiracchānavijjāya micchājīvā paṭivirato samaṇo gotamo’ti—",
  "dn1:1.22.4": "iti vā hi, bhikkhave, puthujjano tathāgatassa vaṇṇaṁ vadamāno vadeyya. ",
  "dn1:1.23.1": "‘Yathā vā paneke bhonto samaṇabrāhmaṇā saddhādeyyāni bhojanāni bhuñjitvā te evarūpāya tiracchānavijjāya micchājīvena jīvitaṁ kappenti, ",
  "dn1:1.23.2": "seyyathidaṁ—raññaṁ niyyānaṁ bhavissati, raññaṁ aniyyānaṁ bhavissati, abbhantarānaṁ raññaṁ upayānaṁ bhavissati, bāhirānaṁ raññaṁ apayānaṁ bhavissati, bāhirānaṁ raññaṁ upayānaṁ bhavissati, abbhantarānaṁ raññaṁ apayānaṁ bhavissati, abbhantarānaṁ raññaṁ jayo bhavissati, bāhirānaṁ raññaṁ parājayo bhavissati, bāhirānaṁ raññaṁ jayo bhavissati, abbhantarānaṁ raññaṁ parājayo bhavissati, iti imassa jayo bhavissati, imassa parājayo bhavissati ",
  "dn1:1.23.3": "iti vā iti evarūpāya tiracchānavijjāya micchājīvā paṭivirato samaṇo gotamo’ti—",
  "dn1:1.23.4": "iti vā hi, bhikkhave, puthujjano tathāgatassa vaṇṇaṁ vadamāno vadeyya. ",
  "dn1:1.24.1": "‘Yathā vā paneke bhonto samaṇabrāhmaṇā saddhādeyyāni bhojanāni bhuñjitvā te evarūpāya tiracchānavijjāya micchājīvena jīvitaṁ kappenti, ",
  "dn1:1.24.2": "seyyathidaṁ—candaggāho bhavissati, sūriyaggāho bhavissati, nakkhattaggāho bhavissati, candimasūriyānaṁ pathagamanaṁ bhavissati, candimasūriyānaṁ uppathagamanaṁ bhavissati, nakkhattānaṁ pathagamanaṁ bhavissati, nakkhattānaṁ uppathagamanaṁ bhavissati, ukkāpāto bhavissati, disāḍāho bhavissati, bhūmicālo bhavissati, devadudrabhi bhavissati, candimasūriyanakkhattānaṁ uggamanaṁ ogamanaṁ saṅkilesaṁ vodānaṁ bhavissati, evaṁvipāko candaggāho bhavissati, evaṁvipāko sūriyaggāho bhavissati, evaṁvipāko nakkhattaggāho bhavissati, evaṁvipākaṁ candimasūriyānaṁ pathagamanaṁ bhavissati, evaṁvipākaṁ candimasūriyānaṁ uppathagamanaṁ bhavissati, evaṁvipākaṁ nakkhattānaṁ pathagamanaṁ bhavissati, evaṁvipākaṁ nakkhattānaṁ uppathagamanaṁ bhavissati, evaṁvipāko ukkāpāto bhavissati, evaṁvipāko disāḍāho bhavissati, evaṁvipāko bhūmicālo bhavissati, evaṁvipāko devadudrabhi bhavissati, evaṁvipākaṁ candimasūriyanakkhattānaṁ uggamanaṁ ogamanaṁ saṅkilesaṁ vodānaṁ bhavissati ",
  "dn1:1.24.3": "iti vā iti evarūpāya tiracchānavijjāya micchājīvā paṭivirato samaṇo gotamo’ti—",
  "dn1:1.24.4": "iti vā hi, bhikkhave, puthujjano tathāgatassa vaṇṇaṁ vadamāno vadeyya. ",
  "dn1:1.25.1": "‘Yathā vā paneke bhonto samaṇabrāhmaṇā saddhādeyyāni bhojanāni bhuñjitvā te evarūpāya tiracchānavijjāya micchājīvena jīvitaṁ kappenti, ",
  "dn1:1.25.2": "seyyathidaṁ—suvuṭṭhikā bhavissati, dubbuṭṭhikā bhavissati, subhikkhaṁ bhavissati, dubbhikkhaṁ bhavissati, khemaṁ bhavissati, bhayaṁ bhavissati, rogo bhavissati, ārogyaṁ bhavissati, muddā, gaṇanā, saṅkhānaṁ, kāveyyaṁ, lokāyataṁ ",
  "dn1:1.25.3": "iti vā iti evarūpāya tiracchānavijjāya micchājīvā paṭivirato samaṇo gotamo’ti—",
  "dn1:1.25.4": "iti vā hi, bhikkhave, puthujjano tathāgatassa vaṇṇaṁ vadamāno vadeyya. ",
  "dn1:1.26.1": "‘Yathā vā paneke bhonto samaṇabrāhmaṇā saddhādeyyāni bhojanāni bhuñjitvā te evarūpāya tiracchānavijjāya micchājīvena jīvitaṁ kappenti, ",
  "dn1:1.26.2": "seyyathidaṁ—āvāhanaṁ vivāhanaṁ saṁvaraṇaṁ vivaraṇaṁ saṅkiraṇaṁ vikiraṇaṁ subhagakaraṇaṁ dubbhagakaraṇaṁ viruddhagabbhakaraṇaṁ jivhānibandhanaṁ hanusaṁhananaṁ hatthābhijappanaṁ hanujappanaṁ kaṇṇajappanaṁ ādāsapañhaṁ kumārikapañhaṁ devapañhaṁ ādiccupaṭṭhānaṁ mahatupaṭṭhānaṁ abbhujjalanaṁ sirivhāyanaṁ ",
  "dn1:1.26.3": "iti vā iti evarūpāya tiracchānavijjāya micchājīvā paṭivirato samaṇo gotamo’ti—",
  "dn1:1.26.4": "iti vā hi, bhikkhave, puthujjano tathāgatassa vaṇṇaṁ vadamāno vadeyya. ",
  "dn1:1.27.1": "‘Yathā vā paneke bhonto samaṇabrāhmaṇā saddhādeyyāni bhojanāni bhuñjitvā te evarūpāya tiracchānavijjāya micchājīvena jīvitaṁ kappenti, ",
  "dn1:1.27.2": "seyyathidaṁ—santikammaṁ paṇidhikammaṁ bhūtakammaṁ bhūrikammaṁ vassakammaṁ vossakammaṁ vatthukammaṁ vatthuparikammaṁ ācamanaṁ nhāpanaṁ juhanaṁ vamanaṁ virecanaṁ uddhaṁvirecanaṁ adhovirecanaṁ sīsavirecanaṁ kaṇṇatelaṁ nettatappanaṁ natthukammaṁ añjanaṁ paccañjanaṁ sālākiyaṁ sallakattiyaṁ dārakatikicchā mūlabhesajjānaṁ anuppadānaṁ osadhīnaṁ paṭimokkho ",
  "dn1:1.27.3": "iti vā iti evarūpāya tiracchānavijjāya micchājīvā paṭivirato samaṇo gotamo’ti—",
  "dn1:1.27.4": "iti vā hi, bhikkhave, puthujjano tathāgatassa vaṇṇaṁ vadamāno vadeyya. ",
  "dn1:1.27.5": "Idaṁ kho, bhikkhave, appamattakaṁ oramattakaṁ sīlamattakaṁ, yena puthujjano tathāgatassa vaṇṇaṁ vadamāno vadeyya. ",
  "dn1:1.27.6": "Mahāsīlaṁ niṭṭhitaṁ. ",
  "dn1:1.28.0.1": "3. Diṭṭhi ",
  "dn1:1.28.0.2": "3.1. Pubbantakappika ",
  "dn1:1.28.1": "Atthi, bhikkhave, aññeva dhammā gambhīrā duddasā duranubodhā santā paṇītā atakkāvacarā nipuṇā paṇḍitavedanīyā, ye tathāgato sayaṁ abhiññā sacchikatvā pavedeti, yehi tathāgatassa yathābhuccaṁ vaṇṇaṁ sammā vadamānā vadeyyuṁ. ",
  "dn1:1.28.2": "Katame ca te, bhikkhave, dhammā gambhīrā duddasā duranubodhā santā paṇītā atakkāvacarā nipuṇā paṇḍitavedanīyā, ye tathāgato sayaṁ abhiññā sacchikatvā pavedeti, yehi tathāgatassa yathābhuccaṁ vaṇṇaṁ sammā vadamānā vadeyyuṁ? ",
  "dn1:1.29.1": "Santi, bhikkhave, eke samaṇabrāhmaṇā pubbantakappikā pubbantānudiṭṭhino, pubbantaṁ ārabbha anekavihitāni adhimuttipadāni abhivadanti aṭṭhārasahi vatthūhi. ",
  "dn1:1.29.2": "Te ca bhonto samaṇabrāhmaṇā kimāgamma kimārabbha pubbantakappikā pubbantānudiṭṭhino pubbantaṁ ārabbha anekavihitāni adhimuttipadāni abhivadanti aṭṭhārasahi vatthūhi? ",
  "dn1:1.30.0": "3.1.1. Sassatavāda ",
  "dn1:1.30.1": "Santi, bhikkhave, eke samaṇabrāhmaṇā sassatavādā, sassataṁ attānañca lokañca paññapenti catūhi vatthūhi. ",
  "dn1:1.30.2": "Te ca bhonto samaṇabrāhmaṇā kimāgamma kimārabbha sassatavādā sassataṁ attānañca lokañca paññapenti catūhi vatthūhi? ",
  "dn1:1.31.1": "Idha, bhikkhave, ekacco samaṇo vā brāhmaṇo vā ātappamanvāya padhānamanvāya anuyogamanvāya appamādamanvāya sammāmanasikāramanvāya tathārūpaṁ cetosamādhiṁ phusati, yathāsamāhite citte (…) anekavihitaṁ pubbenivāsaṁ anussarati. ",
  "dn1:1.31.2": "Seyyathidaṁ—ekampi jātiṁ dvepi jātiyo tissopi jātiyo catassopi jātiyo pañcapi jātiyo dasapi jātiyo vīsampi jātiyo tiṁsampi jātiyo cattālīsampi jātiyo paññāsampi jātiyo jātisatampi jātisahassampi jātisatasahassampi anekānipi jātisatāni anekānipi jātisahassāni anekānipi jātisatasahassāni: ‘amutrāsiṁ evaṁnāmo evaṅgotto evaṁvaṇṇo evamāhāro evaṁsukhadukkhappaṭisaṁvedī evamāyupariyanto, so tato cuto amutra udapādiṁ; tatrāpāsiṁ evaṁnāmo evaṅgotto evaṁvaṇṇo evamāhāro evaṁsukhadukkhappaṭisaṁvedī evamāyupariyanto, so tato cuto idhūpapanno’ti. Iti sākāraṁ sauddesaṁ anekavihitaṁ pubbenivāsaṁ anussarati. ",
  "dn1:1.31.3": "So evamāha: ",
  "dn1:1.31.4": "‘sassato attā ca loko ca vañjho kūṭaṭṭho esikaṭṭhāyiṭṭhito; ",
  "dn1:1.31.5": "te ca sattā sandhāvanti saṁsaranti cavanti upapajjanti, atthi tveva sassatisamaṁ. ",
  "dn1:1.31.6": "Taṁ kissa hetu? ",
  "dn1:1.31.7": "Ahañhi ātappamanvāya padhānamanvāya anuyogamanvāya appamādamanvāya sammāmanasikāramanvāya tathārūpaṁ cetosamādhiṁ phusāmi, yathāsamāhite citte anekavihitaṁ pubbenivāsaṁ anussarāmi. ",
  "dn1:1.31.8": "Seyyathidaṁ—ekampi jātiṁ dvepi jātiyo tissopi jātiyo catassopi jātiyo pañcapi jātiyo dasapi jātiyo vīsampi jātiyo tiṁsampi jātiyo cattālīsampi jātiyo paññāsampi jātiyo jātisatampi jātisahassampi jātisatasahassampi anekānipi jātisatāni anekānipi jātisahassāni anekānipi jātisatasahassāni: “amutrāsiṁ evaṁnāmo evaṅgotto evaṁvaṇṇo evamāhāro evaṁsukhadukkhappaṭisaṁvedī evamāyupariyanto, so tato cuto amutra udapādiṁ; tatrāpāsiṁ evaṁnāmo evaṅgotto evaṁvaṇṇo evamāhāro evaṁsukhadukkhappaṭisaṁvedī evamāyupariyanto, so tato cuto idhūpapanno”ti. Iti sākāraṁ sauddesaṁ anekavihitaṁ pubbenivāsaṁ anussarāmi. ",
  "dn1:1.31.9": "Imināmahaṁ etaṁ jānāmi: ",
  "dn1:1.31.10": "“yathā sassato attā ca loko ca vañjho kūṭaṭṭho esikaṭṭhāyiṭṭhito; ",
  "dn1:1.31.11": "te ca sattā sandhāvanti saṁsaranti cavanti upapajjanti, atthi tveva sassatisaman”’ti. ",
  "dn1:1.31.12": "Idaṁ, bhikkhave, paṭhamaṁ ṭhānaṁ, yaṁ āgamma yaṁ ārabbha eke samaṇabrāhmaṇā sassatavādā sassataṁ attānañca lokañca paññapenti. ",
  "dn1:1.32.1": "Dutiye ca bhonto samaṇabrāhmaṇā kimāgamma kimārabbha sassatavādā sassataṁ attānañca lokañca paññapenti? ",
  "dn1:1.32.2": "Idha, bhikkhave, ekacco samaṇo vā brāhmaṇo vā ātappamanvāya padhānamanvāya anuyogamanvāya appamādamanvāya sammāmanasikāramanvāya tathārūpaṁ cetosamādhiṁ phusati, yathāsamāhite citte anekavihitaṁ pubbenivāsaṁ anussarati. ",
  "dn1:1.32.3": "Seyyathidaṁ—ekampi saṁvaṭṭavivaṭṭaṁ dvepi saṁvaṭṭavivaṭṭāni tīṇipi saṁvaṭṭavivaṭṭāni cattāripi saṁvaṭṭavivaṭṭāni pañcapi saṁvaṭṭavivaṭṭāni dasapi saṁvaṭṭavivaṭṭāni: ‘amutrāsiṁ evaṁnāmo evaṅgotto evaṁvaṇṇo evamāhāro evaṁsukhadukkhappaṭisaṁvedī evamāyupariyanto, so tato cuto amutra udapādiṁ; tatrāpāsiṁ evaṁnāmo evaṅgotto evaṁvaṇṇo evamāhāro evaṁsukhadukkhappaṭisaṁvedī evamāyupariyanto, so tato cuto idhūpapanno’ti. Iti sākāraṁ sauddesaṁ anekavihitaṁ pubbenivāsaṁ anussarati. ",
  "dn1:1.32.4": "So evamāha: ",
  "dn1:1.32.5": "‘sassato attā ca loko ca vañjho kūṭaṭṭho esikaṭṭhāyiṭṭhito; ",
  "dn1:1.32.6": "te ca sattā sandhāvanti saṁsaranti cavanti upapajjanti, atthi tveva sassatisamaṁ. ",
  "dn1:1.32.7": "Taṁ kissa hetu? ",
  "dn1:1.32.8": "Ahañhi ātappamanvāya padhānamanvāya anuyogamanvāya appamādamanvāya sammāmanasikāramanvāya tathārūpaṁ cetosamādhiṁ phusāmi yathāsamāhite citte anekavihitaṁ pubbenivāsaṁ anussarāmi. ",
  "dn1:1.32.9": "Seyyathidaṁ—ekampi saṁvaṭṭavivaṭṭaṁ dvepi saṁvaṭṭavivaṭṭāni tīṇipi saṁvaṭṭavivaṭṭāni cattāripi saṁvaṭṭavivaṭṭāni pañcapi saṁvaṭṭavivaṭṭāni dasapi saṁvaṭṭavivaṭṭāni: “amutrāsiṁ evaṁnāmo evaṅgotto evaṁvaṇṇo evamāhāro evaṁsukhadukkhappaṭisaṁvedī evamāyupariyanto, so tato cuto amutra udapādiṁ; tatrāpāsiṁ evaṁnāmo evaṅgotto evaṁvaṇṇo evamāhāro evaṁsukhadukkhappaṭisaṁvedī evamāyupariyanto, so tato cuto idhūpapanno”ti. Iti sākāraṁ sauddesaṁ anekavihitaṁ pubbenivāsaṁ anussarāmi. ",
  "dn1:1.32.10": "Imināmahaṁ etaṁ jānāmi: ",
  "dn1:1.32.11": "“yathā sassato attā ca loko ca vañjho kūṭaṭṭho esikaṭṭhāyiṭṭhito, te ca sattā sandhāvanti saṁsaranti cavanti upapajjanti, atthi tveva sassatisaman”’ti. ",
  "dn1:1.32.12": "Idaṁ, bhikkhave, dutiyaṁ ṭhānaṁ, yaṁ āgamma yaṁ ārabbha eke samaṇabrāhmaṇā sassatavādā sassataṁ attānañca lokañca paññapenti. ",
  "dn1:1.33.1": "Tatiye ca bhonto samaṇabrāhmaṇā kimāgamma kimārabbha sassatavādā sassataṁ attānañca lokañca paññapenti? ",
  "dn1:1.33.2": "Idha, bhikkhave, ekacco samaṇo vā brāhmaṇo vā ātappamanvāya padhānamanvāya anuyogamanvāya appamādamanvāya sammāmanasikāramanvāya tathārūpaṁ cetosamādhiṁ phusati, yathāsamāhite citte anekavihitaṁ pubbenivāsaṁ anussarati. ",
  "dn1:1.33.3": "Seyyathidaṁ—dasapi saṁvaṭṭavivaṭṭāni vīsampi saṁvaṭṭavivaṭṭāni tiṁsampi saṁvaṭṭavivaṭṭāni cattālīsampi saṁvaṭṭavivaṭṭāni: ‘amutrāsiṁ evaṁnāmo evaṅgotto evaṁvaṇṇo evamāhāro evaṁsukhadukkhappaṭisaṁvedī evamāyupariyanto, so tato cuto amutra udapādiṁ; tatrāpāsiṁ evaṁnāmo evaṅgotto evaṁvaṇṇo evamāhāro evaṁsukhadukkhappaṭisaṁvedī evamāyupariyanto, so tato cuto idhūpapanno’ti. Iti sākāraṁ sauddesaṁ anekavihitaṁ pubbenivāsaṁ anussarati. ",
  "dn1:1.33.4": "So evamāha: ",
  "dn1:1.33.5": "‘sassato attā ca loko ca vañjho kūṭaṭṭho esikaṭṭhāyiṭṭhito; ",
  "dn1:1.33.6": "te ca sattā sandhāvanti saṁsaranti cavanti upapajjanti, atthi tveva sassatisamaṁ. ",
  "dn1:1.33.7": "Taṁ kissa hetu? ",
  "dn1:1.33.8": "Ahañhi ātappamanvāya padhānamanvāya anuyogamanvāya appamādamanvāya sammāmanasikāramanvāya tathārūpaṁ cetosamādhiṁ phusāmi, yathāsamāhite citte anekavihitaṁ pubbenivāsaṁ anussarāmi. ",
  "dn1:1.33.9": "Seyyathidaṁ—dasapi saṁvaṭṭavivaṭṭāni vīsampi saṁvaṭṭavivaṭṭāni tiṁsampi saṁvaṭṭavivaṭṭāni cattālīsampi saṁvaṭṭavivaṭṭāni: “amutrāsiṁ evaṁnāmo evaṅgotto evaṁvaṇṇo evamāhāro evaṁsukhadukkhappaṭisaṁvedī evamāyupariyanto, so tato cuto amutra udapādiṁ; tatrāpāsiṁ evaṁnāmo evaṅgotto evaṁvaṇṇo evamāhāro evaṁsukhadukkhappaṭisaṁvedī evamāyupariyanto, so tato cuto idhūpapanno”ti. Iti sākāraṁ sauddesaṁ anekavihitaṁ pubbenivāsaṁ anussarāmi. ",
  "dn1:1.33.10": "Imināmahaṁ etaṁ jānāmi: ",
  "dn1:1.33.11": "“yathā sassato attā ca loko ca vañjho kūṭaṭṭho esikaṭṭhāyiṭṭhito, te ca sattā sandhāvanti saṁsaranti cavanti upapajjanti, atthi tveva sassatisaman”’ti. ",
  "dn1:1.33.12": "Idaṁ, bhikkhave, tatiyaṁ ṭhānaṁ, yaṁ āgamma yaṁ ārabbha eke samaṇabrāhmaṇā sassatavādā sassataṁ attānañca lokañca paññapenti. ",
  "dn1:1.34.1": "Catutthe ca bhonto samaṇabrāhmaṇā kimāgamma kimārabbha sassatavādā sassataṁ attānañca lokañca paññapenti? ",
  "dn1:1.34.2": "Idha, bhikkhave, ekacco samaṇo vā brāhmaṇo vā takkī hoti vīmaṁsī, so takkapariyāhataṁ vīmaṁsānucaritaṁ sayaṁ paṭibhānaṁ evamāha: ",
  "dn1:1.34.3": "‘sassato attā ca loko ca vañjho kūṭaṭṭho esikaṭṭhāyiṭṭhito; ",
  "dn1:1.34.4": "te ca sattā sandhāvanti saṁsaranti cavanti upapajjanti, atthi tveva sassatisaman’ti. ",
  "dn1:1.34.5": "Idaṁ, bhikkhave, catutthaṁ ṭhānaṁ, yaṁ āgamma yaṁ ārabbha eke samaṇabrāhmaṇā sassatavādā sassataṁ attānañca lokañca paññapenti. ",
  "dn1:1.35.1": "Imehi kho te, bhikkhave, samaṇabrāhmaṇā sassatavādā sassataṁ attānañca lokañca paññapenti catūhi vatthūhi. ",
  "dn1:1.35.2": "Ye hi keci, bhikkhave, samaṇā vā brāhmaṇā vā sassatavādā sassataṁ attānañca lokañca paññapenti, sabbe te imeheva catūhi vatthūhi, etesaṁ vā aññatarena; natthi ito bahiddhā. ",
  "dn1:1.36.1": "Tayidaṁ, bhikkhave, tathāgato pajānāti: ",
  "dn1:1.36.2": "‘ime diṭṭhiṭṭhānā evaṅgahitā evaṁparāmaṭṭhā evaṅgatikā bhavanti evaṁabhisamparāyā’ti, ",
  "dn1:1.36.3": "tañca tathāgato pajānāti, tato ca uttaritaraṁ pajānāti; tañca pajānanaṁ na parāmasati, aparāmasato cassa paccattaññeva nibbuti viditā. ",
  "dn1:1.36.4": "Vedanānaṁ samudayañca atthaṅgamañca assādañca ādīnavañca nissaraṇañca yathābhūtaṁ viditvā anupādāvimutto, bhikkhave, tathāgato. ",
  "dn1:1.37.1": "Ime kho te, bhikkhave, dhammā gambhīrā duddasā duranubodhā santā paṇītā atakkāvacarā nipuṇā paṇḍitavedanīyā, ye tathāgato sayaṁ abhiññā sacchikatvā pavedeti, yehi tathāgatassa yathābhuccaṁ vaṇṇaṁ sammā vadamānā vadeyyuṁ. ",
  "dn1:1.37.2": "Paṭhamabhāṇavāro. ",
  "dn1:2.1.0": "3.1.2. Ekaccasassatavāda ",
  "dn1:2.1.1": "Santi, bhikkhave, eke samaṇabrāhmaṇā ekaccasassatikā ekaccaasassatikā ekaccaṁ sassataṁ ekaccaṁ asassataṁ attānañca lokañca paññapenti catūhi vatthūhi. ",
  "dn1:2.1.2": "Te ca bhonto samaṇabrāhmaṇā kimāgamma kimārabbha ekaccasassatikā ekaccaasassatikā ekaccaṁ sassataṁ ekaccaṁ asassataṁ attānañca lokañca paññapenti catūhi vatthūhi? ",
  "dn1:2.2.1": "Hoti kho so, bhikkhave, samayo, yaṁ kadāci karahaci dīghassa addhuno accayena ayaṁ loko saṁvaṭṭati. ",
  "dn1:2.2.2": "Saṁvaṭṭamāne loke yebhuyyena sattā ābhassarasaṁvattanikā honti. ",
  "dn1:2.2.3": "Te tattha honti manomayā pītibhakkhā sayaṁpabhā antalikkhacarā subhaṭṭhāyino, ciraṁ dīghamaddhānaṁ tiṭṭhanti. ",
  "dn1:2.3.1": "Hoti kho so, bhikkhave, samayo, yaṁ kadāci karahaci dīghassa addhuno accayena ayaṁ loko vivaṭṭati. ",
  "dn1:2.3.2": "Vivaṭṭamāne loke suññaṁ brahmavimānaṁ pātubhavati. ",
  "dn1:2.3.3": "Atha kho aññataro satto āyukkhayā vā puññakkhayā vā ābhassarakāyā cavitvā suññaṁ brahmavimānaṁ upapajjati. ",
  "dn1:2.3.4": "So tattha hoti manomayo pītibhakkho sayampabho antalikkhacaro subhaṭṭhāyī, ciraṁ dīghamaddhānaṁ tiṭṭhati. ",
  "dn1:2.4.1": "Tassa tattha ekakassa dīgharattaṁ nivusitattā anabhirati paritassanā uppajjati: ",
  "dn1:2.4.2": "‘aho vata aññepi sattā itthattaṁ āgaccheyyun’ti. ",
  "dn1:2.4.3": "Atha aññepi sattā āyukkhayā vā puññakkhayā vā ābhassarakāyā cavitvā brahmavimānaṁ upapajjanti tassa sattassa sahabyataṁ. ",
  "dn1:2.4.4": "Tepi tattha honti manomayā pītibhakkhā sayaṁpabhā antalikkhacarā subhaṭṭhāyino, ciraṁ dīghamaddhānaṁ tiṭṭhanti. ",
  "dn1:2.5.1": "Tatra, bhikkhave, yo so satto paṭhamaṁ upapanno tassa evaṁ hoti: ",
  "dn1:2.5.2": "‘ahamasmi brahmā mahābrahmā abhibhū anabhibhūto aññadatthudaso vasavattī issaro kattā nimmātā seṭṭho sajitā vasī pitā bhūtabhabyānaṁ. ",
  "dn1:2.5.3": "Mayā ime sattā nimmitā. ",
  "dn1:2.5.4": "Taṁ kissa hetu? ",
  "dn1:2.5.5": "Mamañhi pubbe etadahosi: ",
  "dn1:2.5.6": "“aho vata aññepi sattā itthattaṁ āgaccheyyun”ti. ",
  "dn1:2.5.7": "Iti mama ca manopaṇidhi, ime ca sattā itthattaṁ āgatā’ti. ",
  "dn1:2.5.8": "Yepi te sattā pacchā upapannā, tesampi evaṁ hoti: ",
  "dn1:2.5.9": "‘ayaṁ kho bhavaṁ brahmā mahābrahmā abhibhū anabhibhūto aññadatthudaso vasavattī issaro kattā nimmātā seṭṭho sajitā vasī pitā bhūtabhabyānaṁ. ",
  "dn1:2.5.10": "Iminā mayaṁ bhotā brahmunā nimmitā. ",
  "dn1:2.5.11": "Taṁ kissa hetu? ",
  "dn1:2.5.12": "Imañhi mayaṁ addasāma idha paṭhamaṁ upapannaṁ, mayaṁ panamha pacchā upapannā’ti. ",
  "dn1:2.6.1": "Tatra, bhikkhave, yo so satto paṭhamaṁ upapanno, so dīghāyukataro ca hoti vaṇṇavantataro ca mahesakkhataro ca. ",
  "dn1:2.6.2": "Ye pana te sattā pacchā upapannā, te appāyukatarā ca honti dubbaṇṇatarā ca appesakkhatarā ca. ",
  "dn1:2.6.3": "Ṭhānaṁ kho panetaṁ, bhikkhave, vijjati, yaṁ aññataro satto tamhā kāyā cavitvā itthattaṁ āgacchati. ",
  "dn1:2.6.4": "Itthattaṁ āgato samāno agārasmā anagāriyaṁ pabbajati. ",
  "dn1:2.6.5": "Agārasmā anagāriyaṁ pabbajito samāno ātappamanvāya padhānamanvāya anuyogamanvāya appamādamanvāya sammāmanasikāramanvāya tathārūpaṁ cetosamādhiṁ phusati, yathāsamāhite citte taṁ pubbenivāsaṁ anussarati, tato paraṁ nānussarati. ",
  "dn1:2.6.6": "So evamāha: ",
  "dn1:2.6.7": "‘yo kho so bhavaṁ brahmā mahābrahmā abhibhū anabhibhūto aññadatthudaso vasavattī issaro kattā nimmātā seṭṭho sajitā vasī pitā bhūtabhabyānaṁ, yena mayaṁ bhotā brahmunā nimmitā, so nicco dhuvo sassato avipariṇāmadhammo sassatisamaṁ tatheva ṭhassati. ",
  "dn1:2.6.8": "Ye pana mayaṁ ahumhā tena bhotā brahmunā nimmitā, te mayaṁ aniccā addhuvā appāyukā cavanadhammā itthattaṁ āgatā’ti. ",
  "dn1:2.6.9": "Idaṁ, bhikkhave, paṭhamaṁ ṭhānaṁ, yaṁ āgamma yaṁ ārabbha eke samaṇabrāhmaṇā ekaccasassatikā ekaccaasassatikā ekaccaṁ sassataṁ ekaccaṁ asassataṁ attānañca lokañca paññapenti. ",
  "dn1:2.7.1": "Dutiye ca bhonto samaṇabrāhmaṇā kimāgamma kimārabbha ekaccasassatikā ekaccaasassatikā ekaccaṁ sassataṁ ekaccaṁ asassataṁ attānañca lokañca paññapenti? ",
  "dn1:2.7.2": "Santi, bhikkhave, khiḍḍāpadosikā nāma devā, te ativelaṁ hassakhiḍḍāratidhammasamāpannā viharanti. Tesaṁ ativelaṁ hassakhiḍḍāratidhammasamāpannānaṁ viharataṁ sati sammussati. Satiyā sammosā te devā tamhā kāyā cavanti. ",
  "dn1:2.8.1": "Ṭhānaṁ kho panetaṁ, bhikkhave, vijjati yaṁ aññataro satto tamhā kāyā cavitvā itthattaṁ āgacchati. ",
  "dn1:2.8.2": "Itthattaṁ āgato samāno agārasmā anagāriyaṁ pabbajati. ",
  "dn1:2.8.3": "Agārasmā anagāriyaṁ pabbajito samāno ātappamanvāya padhānamanvāya anuyogamanvāya appamādamanvāya sammāmanasikāramanvāya tathārūpaṁ cetosamādhiṁ phusati, yathāsamāhite citte taṁ pubbenivāsaṁ anussarati, tato paraṁ nānussarati. ",
  "dn1:2.9.1": "So evamāha: ",
  "dn1:2.9.2": "‘ye kho te bhonto devā na khiḍḍāpadosikā, te na ativelaṁ hassakhiḍḍāratidhammasamāpannā viharanti. Tesaṁ na ativelaṁ hassakhiḍḍāratidhammasamāpannānaṁ viharataṁ sati na sammussati. Satiyā asammosā te devā tamhā kāyā na cavanti; ",
  "dn1:2.9.3": "niccā dhuvā sassatā avipariṇāmadhammā sassatisamaṁ tatheva ṭhassanti. ",
  "dn1:2.9.4": "Ye pana mayaṁ ahumhā khiḍḍāpadosikā, te mayaṁ ativelaṁ hassakhiḍḍāratidhammasamāpannā viharimhā. Tesaṁ no ativelaṁ hassakhiḍḍāratidhammasamāpannānaṁ viharataṁ sati sammussati. Satiyā sammosā evaṁ mayaṁ tamhā kāyā cutā ",
  "dn1:2.9.5": "aniccā addhuvā appāyukā cavanadhammā itthattaṁ āgatā’ti. ",
  "dn1:2.9.6": "Idaṁ, bhikkhave, dutiyaṁ ṭhānaṁ, yaṁ āgamma yaṁ ārabbha eke samaṇabrāhmaṇā ekaccasassatikā ekaccaasassatikā ekaccaṁ sassataṁ ekaccaṁ asassataṁ attānañca lokañca paññapenti. ",
  "dn1:2.10.1": "Tatiye ca bhonto samaṇabrāhmaṇā kimāgamma kimārabbha ekaccasassatikā ekaccaasassatikā ekaccaṁ sassataṁ ekaccaṁ asassataṁ attānañca lokañca paññapenti? ",
  "dn1:2.10.2": "Santi, bhikkhave, manopadosikā nāma devā, te ativelaṁ aññamaññaṁ upanijjhāyanti. Te ativelaṁ aññamaññaṁ upanijjhāyantā aññamaññamhi cittāni padūsenti. Te aññamaññaṁ paduṭṭhacittā kilantakāyā kilantacittā. Te devā tamhā kāyā cavanti. ",
  "dn1:2.11.1": "Ṭhānaṁ kho panetaṁ, bhikkhave, vijjati yaṁ aññataro satto tamhā kāyā cavitvā itthattaṁ āgacchati. ",
  "dn1:2.11.2": "Itthattaṁ āgato samāno agārasmā anagāriyaṁ pabbajati. ",
  "dn1:2.11.3": "Agārasmā anagāriyaṁ pabbajito samāno ātappamanvāya padhānamanvāya anuyogamanvāya appamādamanvāya sammāmanasikāramanvāya tathārūpaṁ cetosamādhiṁ phusati, yathāsamāhite citte taṁ pubbenivāsaṁ anussarati, tato paraṁ nānussarati. ",
  "dn1:2.12.1": "So evamāha: ",
  "dn1:2.12.2": "‘ye kho te bhonto devā na manopadosikā, te nātivelaṁ aññamaññaṁ upanijjhāyanti. Te nātivelaṁ aññamaññaṁ upanijjhāyantā aññamaññamhi cittāni nappadūsenti. Te aññamaññaṁ appaduṭṭhacittā akilantakāyā akilantacittā. Te devā tamhā kāyā na cavanti, ",
  "dn1:2.12.3": "niccā dhuvā sassatā avipariṇāmadhammā sassatisamaṁ tatheva ṭhassanti. ",
  "dn1:2.12.4": "Ye pana mayaṁ ahumhā manopadosikā, te mayaṁ ativelaṁ aññamaññaṁ upanijjhāyimhā. Te mayaṁ ativelaṁ aññamaññaṁ upanijjhāyantā aññamaññamhi cittāni padūsimhā, te mayaṁ aññamaññaṁ paduṭṭhacittā kilantakāyā kilantacittā. Evaṁ mayaṁ tamhā kāyā cutā ",
  "dn1:2.12.5": "aniccā addhuvā appāyukā cavanadhammā itthattaṁ āgatā’ti. ",
  "dn1:2.12.6": "Idaṁ, bhikkhave, tatiyaṁ ṭhānaṁ, yaṁ āgamma yaṁ ārabbha eke samaṇabrāhmaṇā ekaccasassatikā ekaccaasassatikā ekaccaṁ sassataṁ ekaccaṁ asassataṁ attānañca lokañca paññapenti. ",
  "dn1:2.13.1": "Catutthe ca bhonto samaṇabrāhmaṇā kimāgamma kimārabbha ekaccasassatikā ekaccaasassatikā ekaccaṁ sassataṁ ekaccaṁ asassataṁ attānañca lokañca paññapenti? ",
  "dn1:2.13.2": "Idha, bhikkhave, ekacco samaṇo vā brāhmaṇo vā takkī hoti vīmaṁsī. So takkapariyāhataṁ vīmaṁsānucaritaṁ sayampaṭibhānaṁ evamāha: ",
  "dn1:2.13.3": "‘yaṁ kho idaṁ vuccati cakkhuṁ itipi sotaṁ itipi ghānaṁ itipi jivhā itipi kāyo itipi, ayaṁ attā anicco addhuvo asassato vipariṇāmadhammo. ",
  "dn1:2.13.4": "Yañca kho idaṁ vuccati cittanti vā manoti vā viññāṇanti vā ayaṁ attā nicco dhuvo sassato avipariṇāmadhammo sassatisamaṁ tatheva ṭhassatī’ti. ",
  "dn1:2.13.5": "Idaṁ, bhikkhave, catutthaṁ ṭhānaṁ, yaṁ āgamma yaṁ ārabbha eke samaṇabrāhmaṇā ekaccasassatikā ekaccaasassatikā ekaccaṁ sassataṁ ekaccaṁ asassataṁ attānañca lokañca paññapenti. ",
  "dn1:2.14.1": "Imehi kho te, bhikkhave, samaṇabrāhmaṇā ekaccasassatikā ekaccaasassatikā ekaccaṁ sassataṁ ekaccaṁ asassataṁ attānañca lokañca paññapenti catūhi vatthūhi. ",
  "dn1:2.14.2": "Ye hi keci, bhikkhave, samaṇā vā brāhmaṇā vā ekaccasassatikā ekaccaasassatikā ekaccaṁ sassataṁ ekaccaṁ asassataṁ attānañca lokañca paññapenti, sabbe te imeheva catūhi vatthūhi, etesaṁ vā aññatarena; natthi ito bahiddhā. ",
  "dn1:2.15.1": "Tayidaṁ, bhikkhave, tathāgato pajānāti: ",
  "dn1:2.15.2": "‘ime diṭṭhiṭṭhānā evaṅgahitā evaṁparāmaṭṭhā evaṅgatikā bhavanti evaṁabhisamparāyā’ti. ",
  "dn1:2.15.3": "Tañca tathāgato pajānāti, tato ca uttaritaraṁ pajānāti, tañca pajānanaṁ na parāmasati, aparāmasato cassa paccattaññeva nibbuti viditā. ",
  "dn1:2.15.4": "Vedanānaṁ samudayañca atthaṅgamañca assādañca ādīnavañca nissaraṇañca yathābhūtaṁ viditvā anupādāvimutto, bhikkhave, tathāgato. ",
  "dn1:2.15.5": "Ime kho te, bhikkhave, dhammā gambhīrā duddasā duranubodhā santā paṇītā atakkāvacarā nipuṇā paṇḍitavedanīyā, ye tathāgato sayaṁ abhiññā sacchikatvā pavedeti, yehi tathāgatassa yathābhuccaṁ vaṇṇaṁ sammā vadamānā vadeyyuṁ. ",
  "dn1:2.16.0": "3.1.3. Antānantavāda ",
  "dn1:2.16.1": "Santi, bhikkhave, eke samaṇabrāhmaṇā antānantikā antānantaṁ lokassa paññapenti catūhi vatthūhi. ",
  "dn1:2.16.2": "Te ca bhonto samaṇabrāhmaṇā kimāgamma kimārabbha antānantikā antānantaṁ lokassa paññapenti catūhi vatthūhi? ",
  "dn1:2.17.1": "Idha, bhikkhave, ekacco samaṇo vā brāhmaṇo vā ātappamanvāya padhānamanvāya anuyogamanvāya appamādamanvāya sammāmanasikāramanvāya tathārūpaṁ cetosamādhiṁ phusati, yathāsamāhite citte antasaññī lokasmiṁ viharati. ",
  "dn1:2.17.2": "So evamāha: ",
  "dn1:2.17.3": "‘antavā ayaṁ loko parivaṭumo. ",
  "dn1:2.17.4": "Taṁ kissa hetu? ",
  "dn1:2.17.5": "Ahañhi ātappamanvāya padhānamanvāya anuyogamanvāya appamādamanvāya sammāmanasikāramanvāya tathārūpaṁ cetosamādhiṁ phusāmi, yathāsamāhite citte antasaññī lokasmiṁ viharāmi. ",
  "dn1:2.17.6": "Imināmahaṁ etaṁ jānāmi: ",
  "dn1:2.17.7": "“yathā antavā ayaṁ loko parivaṭumo”’ti. ",
  "dn1:2.17.8": "Idaṁ, bhikkhave, paṭhamaṁ ṭhānaṁ, yaṁ āgamma yaṁ ārabbha eke samaṇabrāhmaṇā antānantikā antānantaṁ lokassa paññapenti. ",
  "dn1:2.18.1": "Dutiye ca bhonto samaṇabrāhmaṇā kimāgamma kimārabbha antānantikā antānantaṁ lokassa paññapenti? ",
  "dn1:2.18.2": "Idha, bhikkhave, ekacco samaṇo vā brāhmaṇo vā ātappamanvāya padhānamanvāya anuyogamanvāya appamādamanvāya sammāmanasikāramanvāya tathārūpaṁ cetosamādhiṁ phusati, yathāsamāhite citte anantasaññī lokasmiṁ viharati. ",
  "dn1:2.18.3": "So evamāha: ",
  "dn1:2.18.4": "‘ananto ayaṁ loko apariyanto. ",
  "dn1:2.18.5": "Ye te samaṇabrāhmaṇā evamāhaṁsu: ",
  "dn1:2.18.6": "“antavā ayaṁ loko parivaṭumo”ti, tesaṁ musā. ",
  "dn1:2.18.7": "Ananto ayaṁ loko apariyanto. ",
  "dn1:2.18.8": "Taṁ kissa hetu? ",
  "dn1:2.18.9": "Ahañhi ātappamanvāya padhānamanvāya anuyogamanvāya appamādamanvāya sammāmanasikāramanvāya tathārūpaṁ cetosamādhiṁ phusāmi, yathāsamāhite citte anantasaññī lokasmiṁ viharāmi. ",
  "dn1:2.18.10": "Imināmahaṁ etaṁ jānāmi: ",
  "dn1:2.18.11": "“yathā ananto ayaṁ loko apariyanto”’ti. ",
  "dn1:2.18.12": "Idaṁ, bhikkhave, dutiyaṁ ṭhānaṁ, yaṁ āgamma yaṁ ārabbha eke samaṇabrāhmaṇā antānantikā antānantaṁ lokassa paññapenti. ",
  "dn1:2.19.1": "Tatiye ca bhonto samaṇabrāhmaṇā kimāgamma kimārabbha antānantikā antānantaṁ lokassa paññapenti? ",
  "dn1:2.19.2": "Idha, bhikkhave, ekacco samaṇo vā brāhmaṇo vā ātappamanvāya padhānamanvāya anuyogamanvāya appamādamanvāya sammāmanasikāramanvāya tathārūpaṁ cetosamādhiṁ phusati, yathāsamāhite citte uddhamadho antasaññī lokasmiṁ viharati, tiriyaṁ anantasaññī. ",
  "dn1:2.19.3": "So evamāha: ",
  "dn1:2.19.4": "‘antavā ca ayaṁ loko ananto ca. ",
  "dn1:2.19.5": "Ye te samaṇabrāhmaṇā evamāhaṁsu: ",
  "dn1:2.19.6": "“antavā ayaṁ loko parivaṭumo”ti, tesaṁ musā. ",
  "dn1:2.19.7": "Yepi te samaṇabrāhmaṇā evamāhaṁsu: ",
  "dn1:2.19.8": "“ananto ayaṁ loko apariyanto”ti, tesampi musā. ",
  "dn1:2.19.9": "Antavā ca ayaṁ loko ananto ca. ",
  "dn1:2.19.10": "Taṁ kissa hetu? ",
  "dn1:2.19.11": "Ahañhi ātappamanvāya padhānamanvāya anuyogamanvāya appamādamanvāya sammāmanasikāramanvāya tathārūpaṁ cetosamādhiṁ phusāmi, yathāsamāhite citte uddhamadho antasaññī lokasmiṁ viharāmi, tiriyaṁ anantasaññī. ",
  "dn1:2.19.12": "Imināmahaṁ etaṁ jānāmi: ",
  "dn1:2.19.13": "“yathā antavā ca ayaṁ loko ananto cā”’ti. ",
  "dn1:2.19.14": "Idaṁ, bhikkhave, tatiyaṁ ṭhānaṁ, yaṁ āgamma yaṁ ārabbha eke samaṇabrāhmaṇā antānantikā antānantaṁ lokassa paññapenti. ",
  "dn1:2.20.1": "Catutthe ca bhonto samaṇabrāhmaṇā kimāgamma kimārabbha antānantikā antānantaṁ lokassa paññapenti? ",
  "dn1:2.20.2": "Idha, bhikkhave, ekacco samaṇo vā brāhmaṇo vā takkī hoti vīmaṁsī. So takkapariyāhataṁ vīmaṁsānucaritaṁ sayampaṭibhānaṁ evamāha: ",
  "dn1:2.20.3": "‘nevāyaṁ loko antavā, na panānanto. ",
  "dn1:2.20.4": "Ye te samaṇabrāhmaṇā evamāhaṁsu: ",
  "dn1:2.20.5": "“antavā ayaṁ loko parivaṭumo”ti, tesaṁ musā. ",
  "dn1:2.20.6": "Yepi te samaṇabrāhmaṇā evamāhaṁsu: ",
  "dn1:2.20.7": "“ananto ayaṁ loko apariyanto”ti, tesampi musā. ",
  "dn1:2.20.8": "Yepi te samaṇabrāhmaṇā evamāhaṁsu: ",
  "dn1:2.20.9": "“antavā ca ayaṁ loko ananto cā”ti, tesampi musā. ",
  "dn1:2.20.10": "Nevāyaṁ loko antavā, na panānanto’ti. ",
  "dn1:2.20.11": "Idaṁ, bhikkhave, catutthaṁ ṭhānaṁ, yaṁ āgamma yaṁ ārabbha eke samaṇabrāhmaṇā antānantikā antānantaṁ lokassa paññapenti. ",
  "dn1:2.21.1": "Imehi kho te, bhikkhave, samaṇabrāhmaṇā antānantikā antānantaṁ lokassa paññapenti catūhi vatthūhi. ",
  "dn1:2.21.2": "Ye hi keci, bhikkhave, samaṇā vā brāhmaṇā vā antānantikā antānantaṁ lokassa paññapenti, sabbe te imeheva catūhi vatthūhi, etesaṁ vā aññatarena; natthi ito bahiddhā. ",
  "dn1:2.22.1": "Tayidaṁ, bhikkhave, tathāgato pajānāti: ",
  "dn1:2.22.2": "‘ime diṭṭhiṭṭhānā evaṅgahitā evaṁparāmaṭṭhā evaṅgatikā bhavanti evaṁabhisamparāyā’ti. ",
  "dn1:2.22.3": "Tañca tathāgato pajānāti, tato ca uttaritaraṁ pajānāti, tañca pajānanaṁ na parāmasati, aparāmasato cassa paccattaññeva nibbuti viditā. ",
  "dn1:2.22.4": "Vedanānaṁ samudayañca atthaṅgamañca assādañca ādīnavañca nissaraṇañca yathābhūtaṁ viditvā anupādāvimutto, bhikkhave, tathāgato. ",
  "dn1:2.22.5": "Ime kho te, bhikkhave, dhammā gambhīrā duddasā duranubodhā santā paṇītā atakkāvacarā nipuṇā paṇḍitavedanīyā, ye tathāgato sayaṁ abhiññā sacchikatvā pavedeti, yehi tathāgatassa yathābhuccaṁ vaṇṇaṁ sammā vadamānā vadeyyuṁ. ",
  "dn1:2.23.0": "3.1.4. Amarāvikkhepavāda ",
  "dn1:2.23.1": "Santi, bhikkhave, eke samaṇabrāhmaṇā amarāvikkhepikā, tattha tattha pañhaṁ puṭṭhā samānā vācāvikkhepaṁ āpajjanti amarāvikkhepaṁ catūhi vatthūhi. ",
  "dn1:2.23.2": "Te ca bhonto samaṇabrāhmaṇā kimāgamma kimārabbha amarāvikkhepikā tattha tattha pañhaṁ puṭṭhā samānā vācāvikkhepaṁ āpajjanti amarāvikkhepaṁ catūhi vatthūhi? ",
  "dn1:2.24.1": "Idha, bhikkhave, ekacco samaṇo vā brāhmaṇo vā ‘idaṁ kusalan’ti yathābhūtaṁ nappajānāti, ‘idaṁ akusalan’ti yathābhūtaṁ nappajānāti. ",
  "dn1:2.24.2": "Tassa evaṁ hoti: ",
  "dn1:2.24.3": "‘ahaṁ kho “idaṁ kusalan”ti yathābhūtaṁ nappajānāmi, “idaṁ akusalan”ti yathābhūtaṁ nappajānāmi. ",
  "dn1:2.24.4": "Ahañce kho pana “idaṁ kusalan”ti yathābhūtaṁ appajānanto, “idaṁ akusalan”ti yathābhūtaṁ appajānanto, “idaṁ kusalan”ti vā byākareyyaṁ, “idaṁ akusalan”ti vā byākareyyaṁ, taṁ mamassa musā. ",
  "dn1:2.24.5": "Yaṁ mamassa musā, so mamassa vighāto. ",
  "dn1:2.24.6": "Yo mamassa vighāto so mamassa antarāyo’ti. ",
  "dn1:2.24.7": "Iti so musāvādabhayā musāvādaparijegucchā nevidaṁ kusalanti byākaroti, na panidaṁ akusalanti byākaroti, tattha tattha pañhaṁ puṭṭho samāno vācāvikkhepaṁ āpajjati amarāvikkhepaṁ: ",
  "dn1:2.24.8": "‘evantipi me no; tathātipi me no; aññathātipi me no; notipi me no; no notipi me no’ti. ",
  "dn1:2.24.9": "Idaṁ, bhikkhave, paṭhamaṁ ṭhānaṁ, yaṁ āgamma yaṁ ārabbha eke samaṇabrāhmaṇā amarāvikkhepikā tattha tattha pañhaṁ puṭṭhā samānā vācāvikkhepaṁ āpajjanti amarāvikkhepaṁ. ",
  "dn1:2.25.1": "Dutiye ca bhonto samaṇabrāhmaṇā kimāgamma kimārabbha amarāvikkhepikā tattha tattha pañhaṁ puṭṭhā samānā vācāvikkhepaṁ āpajjanti amarāvikkhepaṁ? ",
  "dn1:2.25.2": "Idha, bhikkhave, ekacco samaṇo vā brāhmaṇo vā ‘idaṁ kusalan’ti yathābhūtaṁ nappajānāti, ‘idaṁ akusalan’ti yathābhūtaṁ nappajānāti. ",
  "dn1:2.25.3": "Tassa evaṁ hoti: ",
  "dn1:2.25.4": "‘ahaṁ kho “idaṁ kusalan”ti yathābhūtaṁ nappajānāmi, “idaṁ akusalan”ti yathābhūtaṁ nappajānāmi. ",
  "dn1:2.25.5": "Ahañce kho pana “idaṁ kusalan”ti yathābhūtaṁ appajānanto, “idaṁ akusalan”ti yathābhūtaṁ appajānanto, “idaṁ kusalan”ti vā byākareyyaṁ, “idaṁ akusalan”ti vā byākareyyaṁ, tattha me assa chando vā rāgo vā doso vā paṭigho vā. ",
  "dn1:2.25.6": "Yattha me assa chando vā rāgo vā doso vā paṭigho vā, taṁ mamassa upādānaṁ. ",
  "dn1:2.25.7": "Yaṁ mamassa upādānaṁ, so mamassa vighāto. ",
  "dn1:2.25.8": "Yo mamassa vighāto, so mamassa antarāyo’ti. ",
  "dn1:2.25.9": "Iti so upādānabhayā upādānaparijegucchā nevidaṁ kusalanti byākaroti, na panidaṁ akusalanti byākaroti, tattha tattha pañhaṁ puṭṭho samāno vācāvikkhepaṁ āpajjati amarāvikkhepaṁ: ",
  "dn1:2.25.10": "‘evantipi me no; tathātipi me no; aññathātipi me no; notipi me no; no notipi me no’ti. ",
  "dn1:2.25.11": "Idaṁ, bhikkhave, dutiyaṁ ṭhānaṁ, yaṁ āgamma yaṁ ārabbha eke samaṇabrāhmaṇā amarāvikkhepikā tattha tattha pañhaṁ puṭṭhā samānā vācāvikkhepaṁ āpajjanti amarāvikkhepaṁ. ",
  "dn1:2.26.1": "Tatiye ca bhonto samaṇabrāhmaṇā kimāgamma kimārabbha amarāvikkhepikā tattha tattha pañhaṁ puṭṭhā samānā vācāvikkhepaṁ āpajjanti amarāvikkhepaṁ? ",
  "dn1:2.26.2": "Idha, bhikkhave, ekacco samaṇo vā brāhmaṇo vā ‘idaṁ kusalan’ti yathābhūtaṁ nappajānāti, ‘idaṁ akusalan’ti yathābhūtaṁ nappajānāti. ",
  "dn1:2.26.3": "Tassa evaṁ hoti: ",
  "dn1:2.26.4": "‘ahaṁ kho “idaṁ kusalan”ti yathābhūtaṁ nappajānāmi, “idaṁ akusalan”ti yathābhūtaṁ nappajānāmi. ",
  "dn1:2.26.5": "Ahañce kho pana “idaṁ kusalan”ti yathābhūtaṁ appajānanto “idaṁ akusalan”ti yathābhūtaṁ appajānanto “idaṁ kusalan”ti vā byākareyyaṁ, “idaṁ akusalan”ti vā byākareyyaṁ; ",
  "dn1:2.26.6": "santi hi kho samaṇabrāhmaṇā paṇḍitā nipuṇā kataparappavādā vālavedhirūpā, te bhindantā maññe caranti paññāgatena diṭṭhigatāni, ",
  "dn1:2.26.7": "te maṁ tattha samanuyuñjeyyuṁ samanugāheyyuṁ samanubhāseyyuṁ. ",
  "dn1:2.26.8": "Ye maṁ tattha samanuyuñjeyyuṁ samanugāheyyuṁ samanubhāseyyuṁ, tesāhaṁ na sampāyeyyaṁ. ",
  "dn1:2.26.9": "Yesāhaṁ na sampāyeyyaṁ, so mamassa vighāto. ",
  "dn1:2.26.10": "Yo mamassa vighāto, so mamassa antarāyo’ti. ",
  "dn1:2.26.11": "Iti so anuyogabhayā anuyogaparijegucchā nevidaṁ kusalanti byākaroti, na panidaṁ akusalanti byākaroti, tattha tattha pañhaṁ puṭṭho samāno vācāvikkhepaṁ āpajjati amarāvikkhepaṁ: ",
  "dn1:2.26.12": "‘evantipi me no; tathātipi me no; aññathātipi me no; notipi me no; no notipi me no’ti. ",
  "dn1:2.26.13": "Idaṁ, bhikkhave, tatiyaṁ ṭhānaṁ, yaṁ āgamma yaṁ ārabbha eke samaṇabrāhmaṇā amarāvikkhepikā tattha tattha pañhaṁ puṭṭhā samānā vācāvikkhepaṁ āpajjanti amarāvikkhepaṁ. ",
  "dn1:2.27.1": "Catutthe ca bhonto samaṇabrāhmaṇā kimāgamma kimārabbha amarāvikkhepikā tattha tattha pañhaṁ puṭṭhā samānā vācāvikkhepaṁ āpajjanti amarāvikkhepaṁ? ",
  "dn1:2.27.2": "Idha, bhikkhave, ekacco samaṇo vā brāhmaṇo vā mando hoti momūho. ",
  "dn1:2.27.3": "So mandattā momūhattā tattha tattha pañhaṁ puṭṭho samāno vācāvikkhepaṁ āpajjati amarāvikkhepaṁ: ",
  "dn1:2.27.4": "‘atthi paro loko’ti iti ce maṁ pucchasi, ‘atthi paro loko’ti iti ce me assa, ‘atthi paro loko’ti iti te naṁ byākareyyaṁ, ",
  "dn1:2.27.5": "‘evantipi me no, tathātipi me no, aññathātipi me no, notipi me no, no notipi me no’ti. ",
  "dn1:2.27.6": "‘Natthi paro loko …pe… ",
  "dn1:2.27.7": "‘atthi ca natthi ca paro loko …pe… ",
  "dn1:2.27.8": "‘nevatthi na natthi paro loko …pe… ",
  "dn1:2.27.9": "‘atthi sattā opapātikā …pe… ",
  "dn1:2.27.10": "‘natthi sattā opapātikā …pe… ",
  "dn1:2.27.11": "‘atthi ca natthi ca sattā opapātikā …pe… ",
  "dn1:2.27.12": "‘nevatthi na natthi sattā opapātikā …pe… ",
  "dn1:2.27.13": "‘atthi sukatadukkaṭānaṁ kammānaṁ phalaṁ vipāko …pe… ",
  "dn1:2.27.14": "‘natthi sukatadukkaṭānaṁ kammānaṁ phalaṁ vipāko …pe… ",
  "dn1:2.27.15": "‘atthi ca natthi ca sukatadukkaṭānaṁ kammānaṁ phalaṁ vipāko …pe… ",
  "dn1:2.27.16": "‘nevatthi na natthi sukatadukkaṭānaṁ kammānaṁ phalaṁ vipāko …pe… ",
  "dn1:2.27.17": "‘hoti tathāgato paraṁ maraṇā …pe… ",
  "dn1:2.27.18": "‘na hoti tathāgato paraṁ maraṇā …pe… ",
  "dn1:2.27.19": "‘hoti ca na ca hoti tathāgato paraṁ maraṇā …pe… ",
  "dn1:2.27.20": "‘neva hoti na na hoti tathāgato paraṁ maraṇā’ti iti ce maṁ pucchasi, ‘neva hoti na na hoti tathāgato paraṁ maraṇā’ti iti ce me assa, ‘neva hoti na na hoti tathāgato paraṁ maraṇā’ti iti te naṁ byākareyyaṁ, ",
  "dn1:2.27.21": "‘evantipi me no, tathātipi me no, aññathātipi me no, notipi me no, no notipi me no’ti. ",
  "dn1:2.27.22": "Idaṁ, bhikkhave, catutthaṁ ṭhānaṁ, yaṁ āgamma yaṁ ārabbha eke samaṇabrāhmaṇā amarāvikkhepikā tattha tattha pañhaṁ puṭṭhā samānā vācāvikkhepaṁ āpajjanti amarāvikkhepaṁ. ",
  "dn1:2.28.1": "Imehi kho te, bhikkhave, samaṇabrāhmaṇā amarāvikkhepikā tattha tattha pañhaṁ puṭṭhā samānā vācāvikkhepaṁ āpajjanti amarāvikkhepaṁ catūhi vatthūhi. ",
  "dn1:2.28.2": "Ye hi keci, bhikkhave, samaṇā vā brāhmaṇā vā amarāvikkhepikā tattha tattha pañhaṁ puṭṭhā samānā vācāvikkhepaṁ āpajjanti amarāvikkhepaṁ, sabbe te imeheva catūhi vatthūhi, etesaṁ vā aññatarena, natthi ito bahiddhā … ",
  "dn1:2.29.1": "pe… ",
  "dn1:2.29.2": "yehi tathāgatassa yathābhuccaṁ vaṇṇaṁ sammā vadamānā vadeyyuṁ. ",
  "dn1:2.30.0": "3.1.5. Adhiccasamuppannavāda ",
  "dn1:2.30.1": "Santi, bhikkhave, eke samaṇabrāhmaṇā adhiccasamuppannikā adhiccasamuppannaṁ attānañca lokañca paññapenti dvīhi vatthūhi. ",
  "dn1:2.30.2": "Te ca bhonto samaṇabrāhmaṇā kimāgamma kimārabbha adhiccasamuppannikā adhiccasamuppannaṁ attānañca lokañca paññapenti dvīhi vatthūhi? ",
  "dn1:2.31.1": "Santi, bhikkhave, asaññasattā nāma devā. ",
  "dn1:2.31.2": "Saññuppādā ca pana te devā tamhā kāyā cavanti. ",
  "dn1:2.31.3": "Ṭhānaṁ kho panetaṁ, bhikkhave, vijjati, yaṁ aññataro satto tamhā kāyā cavitvā itthattaṁ āgacchati. ",
  "dn1:2.31.4": "Itthattaṁ āgato samāno agārasmā anagāriyaṁ pabbajati. ",
  "dn1:2.31.5": "Agārasmā anagāriyaṁ pabbajito samāno ātappamanvāya padhānamanvāya anuyogamanvāya appamādamanvāya sammāmanasikāramanvāya tathārūpaṁ cetosamādhiṁ phusati, yathāsamāhite citte saññuppādaṁ anussarati, tato paraṁ nānussarati. ",
  "dn1:2.31.6": "So evamāha: ",
  "dn1:2.31.7": "‘adhiccasamuppanno attā ca loko ca. ",
  "dn1:2.31.8": "Taṁ kissa hetu? ",
  "dn1:2.31.9": "Ahañhi pubbe nāhosiṁ, somhi etarahi ahutvā santatāya pariṇato’ti. ",
  "dn1:2.31.10": "Idaṁ, bhikkhave, paṭhamaṁ ṭhānaṁ, yaṁ āgamma yaṁ ārabbha eke samaṇabrāhmaṇā adhiccasamuppannikā adhiccasamuppannaṁ attānañca lokañca paññapenti. ",
  "dn1:2.32.1": "Dutiye ca bhonto samaṇabrāhmaṇā kimāgamma kimārabbha adhiccasamuppannikā adhiccasamuppannaṁ attānañca lokañca paññapenti? ",
  "dn1:2.32.2": "Idha, bhikkhave, ekacco samaṇo vā brāhmaṇo vā takkī hoti vīmaṁsī. ",
  "dn1:2.32.3": "So takkapariyāhataṁ vīmaṁsānucaritaṁ sayampaṭibhānaṁ evamāha: ",
  "dn1:2.32.4": "‘adhiccasamuppanno attā ca loko cā’ti. ",
  "dn1:2.32.5": "Idaṁ, bhikkhave, dutiyaṁ ṭhānaṁ, yaṁ āgamma yaṁ ārabbha eke samaṇabrāhmaṇā adhiccasamuppannikā adhiccasamuppannaṁ attānañca lokañca paññapenti. ",
  "dn1:2.33.1": "Imehi kho te, bhikkhave, samaṇabrāhmaṇā adhiccasamuppannikā adhiccasamuppannaṁ attānañca lokañca paññapenti dvīhi vatthūhi. ",
  "dn1:2.33.2": "Ye hi keci, bhikkhave, samaṇā vā brāhmaṇā vā adhiccasamuppannikā adhiccasamuppannaṁ attānañca lokañca paññapenti, sabbe te imeheva dvīhi vatthūhi, etesaṁ vā aññatarena, natthi ito bahiddhā … ",
  "dn1:2.34.1": "pe… ",
  "dn1:2.34.2": "yehi tathāgatassa yathābhuccaṁ vaṇṇaṁ sammā vadamānā vadeyyuṁ. ",
  "dn1:2.35.1": "Imehi kho te, bhikkhave, samaṇabrāhmaṇā pubbantakappikā pubbantānudiṭṭhino pubbantaṁ ārabbha anekavihitāni adhimuttipadāni abhivadanti aṭṭhārasahi vatthūhi. ",
  "dn1:2.35.2": "Ye hi keci, bhikkhave, samaṇā vā brāhmaṇā vā pubbantakappikā pubbantānudiṭṭhino pubbantamārabbha anekavihitāni adhimuttipadāni abhivadanti, sabbe te imeheva aṭṭhārasahi vatthūhi, etesaṁ vā aññatarena, natthi ito bahiddhā. ",
  "dn1:2.36.1": "Tayidaṁ, bhikkhave, tathāgato pajānāti: ",
  "dn1:2.36.2": "‘ime diṭṭhiṭṭhānā evaṅgahitā evaṁparāmaṭṭhā evaṅgatikā bhavanti evaṁabhisamparāyā’ti. ",
  "dn1:2.36.3": "Tañca tathāgato pajānāti, tato ca uttaritaraṁ pajānāti, tañca pajānanaṁ na parāmasati, aparāmasato cassa paccattaññeva nibbuti viditā. ",
  "dn1:2.36.4": "Vedanānaṁ samudayañca atthaṅgamañca assādañca ādīnavañca nissaraṇañca yathābhūtaṁ viditvā anupādāvimutto, bhikkhave, tathāgato. ",
  "dn1:2.36.5": "Ime kho te, bhikkhave, dhammā gambhīrā duddasā duranubodhā santā paṇītā atakkāvacarā nipuṇā paṇḍitavedanīyā, ye tathāgato sayaṁ abhiññā sacchikatvā pavedeti, yehi tathāgatassa yathābhuccaṁ vaṇṇaṁ sammā vadamānā vadeyyuṁ. ",
  "dn1:2.36.6": "Dutiyabhāṇavāro. ",
  "dn1:2.37.0": "3.2. Aparantakappika ",
  "dn1:2.37.1": "Santi, bhikkhave, eke samaṇabrāhmaṇā aparantakappikā aparantānudiṭṭhino, aparantaṁ ārabbha anekavihitāni adhimuttipadāni abhivadanti catucattārīsāya vatthūhi. ",
  "dn1:2.37.2": "Te ca bhonto samaṇabrāhmaṇā kimāgamma kimārabbha aparantakappikā aparantānudiṭṭhino aparantaṁ ārabbha anekavihitāni adhimuttipadāni abhivadanti catucattārīsāya vatthūhi? ",
  "dn1:2.38.0": "3.2.1. Saññīvāda ",
  "dn1:2.38.1": "Santi, bhikkhave, eke samaṇabrāhmaṇā uddhamāghātanikā saññīvādā uddhamāghātanaṁ saññiṁ attānaṁ paññapenti soḷasahi vatthūhi. ",
  "dn1:2.38.2": "Te ca bhonto samaṇabrāhmaṇā kimāgamma kimārabbha uddhamāghātanikā saññīvādā uddhamāghātanaṁ saññiṁ attānaṁ paññapenti soḷasahi vatthūhi? ",
  "dn1:2.38.3": "‘Rūpī attā hoti arogo paraṁ maraṇā saññī’ti naṁ paññapenti. ",
  "dn1:2.38.4": "‘Arūpī attā hoti arogo paraṁ maraṇā saññī’ti naṁ paññapenti. ",
  "dn1:2.38.5": "‘Rūpī ca arūpī ca attā hoti …pe…. ",
  "dn1:2.38.6": "‘Nevarūpī nārūpī attā hoti …. ",
  "dn1:2.38.7": "‘Antavā attā hoti …. ",
  "dn1:2.38.8": "‘Anantavā attā hoti …. ",
  "dn1:2.38.9": "‘Antavā ca anantavā ca attā hoti …. ",
  "dn1:2.38.10": "‘Nevantavā nānantavā attā hoti …. ",
  "dn1:2.38.11": "‘Ekattasaññī attā hoti …. ",
  "dn1:2.38.12": "‘Nānattasaññī attā hoti …. ",
  "dn1:2.38.13": "‘Parittasaññī attā hoti …. ",
  "dn1:2.38.14": "‘Appamāṇasaññī attā hoti …. ",
  "dn1:2.38.15": "‘Ekantasukhī attā hoti …. ",
  "dn1:2.38.16": "‘Ekantadukkhī attā hoti …. ",
  "dn1:2.38.17": "‘Sukhadukkhī attā hoti …. ",
  "dn1:2.38.18": "‘Adukkhamasukhī attā hoti arogo paraṁ maraṇā saññī’ti naṁ paññapenti. ",
  "dn1:2.39.1": "Imehi kho te, bhikkhave, samaṇabrāhmaṇā uddhamāghātanikā saññīvādā uddhamāghātanaṁ saññiṁ attānaṁ paññapenti soḷasahi vatthūhi. ",
  "dn1:2.39.2": "Ye hi keci, bhikkhave, samaṇā vā brāhmaṇā vā uddhamāghātanikā saññīvādā uddhamāghātanaṁ saññiṁ attānaṁ paññapenti, sabbe te imeheva soḷasahi vatthūhi, etesaṁ vā aññatarena, natthi ito bahiddhā … ",
  "dn1:2.39.3": "pe… ",
  "dn1:2.39.4": "yehi tathāgatassa yathābhuccaṁ vaṇṇaṁ sammā vadamānā vadeyyuṁ. ",
  "dn1:3.1.0": "3.2.2. Asaññīvāda ",
  "dn1:3.1.1": "Santi, bhikkhave, eke samaṇabrāhmaṇā uddhamāghātanikā asaññīvādā uddhamāghātanaṁ asaññiṁ attānaṁ paññapenti aṭṭhahi vatthūhi. ",
  "dn1:3.1.2": "Te ca bhonto samaṇabrāhmaṇā kimāgamma kimārabbha uddhamāghātanikā asaññīvādā uddhamāghātanaṁ asaññiṁ attānaṁ paññapenti aṭṭhahi vatthūhi? ",
  "dn1:3.2.1": "‘Rūpī attā hoti arogo paraṁ maraṇā asaññī’ti naṁ paññapenti. ",
  "dn1:3.2.2": "‘Arūpī attā hoti arogo paraṁ maraṇā asaññī’ti naṁ paññapenti. ",
  "dn1:3.2.3": "‘Rūpī ca arūpī ca attā hoti …pe…. ",
  "dn1:3.2.4": "‘Nevarūpī nārūpī attā hoti …. ",
  "dn1:3.2.5": "‘Antavā attā hoti …. ",
  "dn1:3.2.6": "‘Anantavā attā hoti …. ",
  "dn1:3.2.7": "‘Antavā ca anantavā ca attā hoti …. ",
  "dn1:3.2.8": "‘Nevantavā nānantavā attā hoti arogo paraṁ maraṇā asaññī’ti naṁ paññapenti. ",
  "dn1:3.3.1": "Imehi kho te, bhikkhave, samaṇabrāhmaṇā uddhamāghātanikā asaññīvādā uddhamāghātanaṁ asaññiṁ attānaṁ paññapenti aṭṭhahi vatthūhi. ",
  "dn1:3.3.2": "Ye hi keci, bhikkhave, samaṇā vā brāhmaṇā vā uddhamāghātanikā asaññīvādā uddhamāghātanaṁ asaññiṁ attānaṁ paññapenti, sabbe te imeheva aṭṭhahi vatthūhi, etesaṁ vā aññatarena, natthi ito bahiddhā … ",
  "dn1:3.4.1": "pe… ",
  "dn1:3.4.2": "yehi tathāgatassa yathābhuccaṁ vaṇṇaṁ sammā vadamānā vadeyyuṁ. ",
  "dn1:3.5.0": "3.2.3. Nevasaññīnāsaññīvāda ",
  "dn1:3.5.1": "Santi, bhikkhave, eke samaṇabrāhmaṇā uddhamāghātanikā nevasaññīnāsaññīvādā, uddhamāghātanaṁ nevasaññīnāsaññiṁ attānaṁ paññapenti aṭṭhahi vatthūhi. ",
  "dn1:3.5.2": "Te ca bhonto samaṇabrāhmaṇā kimāgamma kimārabbha uddhamāghātanikā nevasaññīnāsaññīvādā uddhamāghātanaṁ nevasaññīnāsaññiṁ attānaṁ paññapenti aṭṭhahi vatthūhi? ",
  "dn1:3.6.1": "‘Rūpī attā hoti arogo paraṁ maraṇā nevasaññīnāsaññī’ti naṁ paññapenti. ",
  "dn1:3.6.2": "‘Arūpī attā hoti …pe…. ",
  "dn1:3.6.3": "‘Rūpī ca arūpī ca attā hoti …. ",
  "dn1:3.6.4": "‘Nevarūpī nārūpī attā hoti …. ",
  "dn1:3.6.5": "‘Antavā attā hoti …. ",
  "dn1:3.6.6": "‘Anantavā attā hoti …. ",
  "dn1:3.6.7": "‘Antavā ca anantavā ca attā hoti …. ",
  "dn1:3.6.8": "‘Nevantavā nānantavā attā hoti arogo paraṁ maraṇā nevasaññīnāsaññī’ti naṁ paññapenti. ",
  "dn1:3.7.1": "Imehi kho te, bhikkhave, samaṇabrāhmaṇā uddhamāghātanikā nevasaññīnāsaññīvādā uddhamāghātanaṁ nevasaññīnāsaññiṁ attānaṁ paññapenti aṭṭhahi vatthūhi. ",
  "dn1:3.7.2": "Ye hi keci, bhikkhave, samaṇā vā brāhmaṇā vā uddhamāghātanikā nevasaññīnāsaññīvādā uddhamāghātanaṁ nevasaññīnāsaññiṁ attānaṁ paññapenti, sabbe te imeheva aṭṭhahi vatthūhi … ",
  "dn1:3.8.1": "pe… ",
  "dn1:3.8.2": "yehi tathāgatassa yathābhuccaṁ vaṇṇaṁ sammā vadamānā vadeyyuṁ. ",
  "dn1:3.9.0": "3.2.4. Ucchedavāda ",
  "dn1:3.9.1": "Santi, bhikkhave, eke samaṇabrāhmaṇā ucchedavādā sato sattassa ucchedaṁ vināsaṁ vibhavaṁ paññapenti sattahi vatthūhi. ",
  "dn1:3.9.2": "Te ca bhonto samaṇabrāhmaṇā kimāgamma kimārabbha ucchedavādā sato sattassa ucchedaṁ vināsaṁ vibhavaṁ paññapenti sattahi vatthūhi? ",
  "dn1:3.10.1": "Idha, bhikkhave, ekacco samaṇo vā brāhmaṇo vā evaṁvādī hoti evaṁdiṭṭhi: ",
  "dn1:3.10.2": "‘yato kho, bho, ayaṁ attā rūpī cātumahābhūtiko mātāpettikasambhavo kāyassa bhedā ucchijjati vinassati, na hoti paraṁ maraṇā, ettāvatā kho, bho, ayaṁ attā sammā samucchinno hotī’ti. ",
  "dn1:3.10.3": "Ittheke sato sattassa ucchedaṁ vināsaṁ vibhavaṁ paññapenti. ",
  "dn1:3.11.1": "Tamañño evamāha: ",
  "dn1:3.11.2": "‘atthi kho, bho, eso attā, yaṁ tvaṁ vadesi, neso natthīti vadāmi; ",
  "dn1:3.11.3": "no ca kho, bho, ayaṁ attā ettāvatā sammā samucchinno hoti. ",
  "dn1:3.11.4": "Atthi kho, bho, añño attā dibbo rūpī kāmāvacaro kabaḷīkārāhārabhakkho. ",
  "dn1:3.11.5": "Taṁ tvaṁ na jānāsi na passasi. ",
  "dn1:3.11.6": "Tamahaṁ jānāmi passāmi. ",
  "dn1:3.11.7": "So kho, bho, attā yato kāyassa bhedā ucchijjati vinassati, na hoti paraṁ maraṇā, ettāvatā kho, bho, ayaṁ attā sammā samucchinno hotī’ti. ",
  "dn1:3.11.8": "Ittheke sato sattassa ucchedaṁ vināsaṁ vibhavaṁ paññapenti. ",
  "dn1:3.12.1": "Tamañño evamāha: ",
  "dn1:3.12.2": "‘atthi kho, bho, eso attā, yaṁ tvaṁ vadesi, neso natthīti vadāmi; ",
  "dn1:3.12.3": "no ca kho, bho, ayaṁ attā ettāvatā sammā samucchinno hoti. ",
  "dn1:3.12.4": "Atthi kho, bho, añño attā dibbo rūpī manomayo sabbaṅgapaccaṅgī ahīnindriyo. ",
  "dn1:3.12.5": "Taṁ tvaṁ na jānāsi na passasi. ",
  "dn1:3.12.6": "Tamahaṁ jānāmi passāmi. ",
  "dn1:3.12.7": "So kho, bho, attā yato kāyassa bhedā ucchijjati vinassati, na hoti paraṁ maraṇā, ettāvatā kho, bho, ayaṁ attā sammā samucchinno hotī’ti. ",
  "dn1:3.12.8": "Ittheke sato sattassa ucchedaṁ vināsaṁ vibhavaṁ paññapenti. ",
  "dn1:3.13.1": "Tamañño evamāha: ",
  "dn1:3.13.2": "‘atthi kho, bho, eso attā, yaṁ tvaṁ vadesi, neso natthīti vadāmi; ",
  "dn1:3.13.3": "no ca kho, bho, ayaṁ attā ettāvatā sammā samucchinno hoti. ",
  "dn1:3.13.4": "Atthi kho, bho, añño attā sabbaso rūpasaññānaṁ samatikkamā paṭighasaññānaṁ atthaṅgamā nānattasaññānaṁ amanasikārā “ananto ākāso”ti ākāsānañcāyatanūpago. ",
  "dn1:3.13.5": "Taṁ tvaṁ na jānāsi na passasi. ",
  "dn1:3.13.6": "Tamahaṁ jānāmi passāmi. ",
  "dn1:3.13.7": "So kho, bho, attā yato kāyassa bhedā ucchijjati vinassati, na hoti paraṁ maraṇā, ettāvatā kho, bho, ayaṁ attā sammā samucchinno hotī’ti. ",
  "dn1:3.13.8": "Ittheke sato sattassa ucchedaṁ vināsaṁ vibhavaṁ paññapenti. ",
  "dn1:3.14.1": "Tamañño evamāha: ",
  "dn1:3.14.2": "‘atthi kho, bho, eso attā yaṁ tvaṁ vadesi, neso natthīti vadāmi; ",
  "dn1:3.14.3": "no ca kho, bho, ayaṁ attā ettāvatā sammā samucchinno hoti. ",
  "dn1:3.14.4": "Atthi kho, bho, añño attā sabbaso ākāsānañcāyatanaṁ samatikkamma “anantaṁ viññāṇan”ti viññāṇañcāyatanūpago. ",
  "dn1:3.14.5": "Taṁ tvaṁ na jānāsi na passasi. ",
  "dn1:3.14.6": "Tamahaṁ jānāmi passāmi. ",
  "dn1:3.14.7": "So kho, bho, attā yato kāyassa bhedā ucchijjati vinassati, na hoti paraṁ maraṇā, ettāvatā kho, bho, ayaṁ attā sammā samucchinno hotī’ti. ",
  "dn1:3.14.8": "Ittheke sato sattassa ucchedaṁ vināsaṁ vibhavaṁ paññapenti. ",
  "dn1:3.15.1": "Tamañño evamāha: ",
  "dn1:3.15.2": "‘atthi kho, bho, so attā, yaṁ tvaṁ vadesi, neso natthīti vadāmi; ",
  "dn1:3.15.3": "no ca kho, bho, ayaṁ attā ettāvatā sammā samucchinno hoti. ",
  "dn1:3.15.4": "Atthi kho, bho, añño attā sabbaso viññāṇañcāyatanaṁ samatikkamma “natthi kiñcī”ti ākiñcaññāyatanūpago. ",
  "dn1:3.15.5": "Taṁ tvaṁ na jānāsi na passasi. ",
  "dn1:3.15.6": "Tamahaṁ jānāmi passāmi. ",
  "dn1:3.15.7": "So kho, bho, attā yato kāyassa bhedā ucchijjati vinassati, na hoti paraṁ maraṇā, ettāvatā kho, bho, ayaṁ attā sammā samucchinno hotī’ti. ",
  "dn1:3.15.8": "Ittheke sato sattassa ucchedaṁ vināsaṁ vibhavaṁ paññapenti. ",
  "dn1:3.16.1": "Tamañño evamāha: ",
  "dn1:3.16.2": "‘atthi kho, bho, eso attā, yaṁ tvaṁ vadesi, neso natthīti vadāmi; ",
  "dn1:3.16.3": "no ca kho, bho, ayaṁ attā ettāvatā sammā samucchinno hoti. ",
  "dn1:3.16.4": "Atthi kho, bho, añño attā sabbaso ākiñcaññāyatanaṁ samatikkamma “santametaṁ paṇītametan”ti nevasaññānāsaññāyatanūpago. ",
  "dn1:3.16.5": "Taṁ tvaṁ na jānāsi na passasi. ",
  "dn1:3.16.6": "Tamahaṁ jānāmi passāmi. ",
  "dn1:3.16.7": "So kho, bho, attā yato kāyassa bhedā ucchijjati vinassati, na hoti paraṁ maraṇā, ettāvatā kho, bho, ayaṁ attā sammā samucchinno hotī’ti. ",
  "dn1:3.16.8": "Ittheke sato sattassa ucchedaṁ vināsaṁ vibhavaṁ paññapenti. ",
  "dn1:3.17.1": "Imehi kho te, bhikkhave, samaṇabrāhmaṇā ucchedavādā sato sattassa ucchedaṁ vināsaṁ vibhavaṁ paññapenti sattahi vatthūhi. ",
  "dn1:3.17.2": "Ye hi keci, bhikkhave, samaṇā vā brāhmaṇā vā ucchedavādā sato sattassa ucchedaṁ vināsaṁ vibhavaṁ paññapenti, sabbe te imeheva sattahi vatthūhi … ",
  "dn1:3.18.1": "pe… ",
  "dn1:3.18.2": "yehi tathāgatassa yathābhuccaṁ vaṇṇaṁ sammā vadamānā vadeyyuṁ. ",
  "dn1:3.19.0": "3.2.5. Diṭṭhadhammanibbānavāda ",
  "dn1:3.19.1": "Santi, bhikkhave, eke samaṇabrāhmaṇā diṭṭhadhammanibbānavādā sato sattassa paramadiṭṭhadhammanibbānaṁ paññapenti pañcahi vatthūhi. ",
  "dn1:3.19.2": "Te ca bhonto samaṇabrāhmaṇā kimāgamma kimārabbha diṭṭhadhammanibbānavādā sato sattassa paramadiṭṭhadhammanibbānaṁ paññapenti pañcahi vatthūhi? ",
  "dn1:3.20.1": "Idha, bhikkhave, ekacco samaṇo vā brāhmaṇo vā evaṁvādī hoti evaṁdiṭṭhi: ",
  "dn1:3.20.2": "‘yato kho, bho, ayaṁ attā pañcahi kāmaguṇehi samappito samaṅgībhūto paricāreti, ettāvatā kho, bho, ayaṁ attā paramadiṭṭhadhammanibbānaṁ patto hotī’ti. ",
  "dn1:3.20.3": "Ittheke sato sattassa paramadiṭṭhadhammanibbānaṁ paññapenti. ",
  "dn1:3.21.1": "Tamañño evamāha: ",
  "dn1:3.21.2": "‘atthi kho, bho, eso attā, yaṁ tvaṁ vadesi, neso natthīti vadāmi; ",
  "dn1:3.21.3": "no ca kho, bho, ayaṁ attā ettāvatā paramadiṭṭhadhammanibbānaṁ patto hoti. ",
  "dn1:3.21.4": "Taṁ kissa hetu? ",
  "dn1:3.21.5": "Kāmā hi, bho, aniccā dukkhā vipariṇāmadhammā, tesaṁ vipariṇāmaññathābhāvā uppajjanti sokaparidevadukkhadomanassupāyāsā. ",
  "dn1:3.21.6": "Yato kho, bho, ayaṁ attā vivicceva kāmehi vivicca akusalehi dhammehi savitakkaṁ savicāraṁ vivekajaṁ pītisukhaṁ paṭhamaṁ jhānaṁ upasampajja viharati, ettāvatā kho, bho, ayaṁ attā paramadiṭṭhadhammanibbānaṁ patto hotī’ti. ",
  "dn1:3.21.7": "Ittheke sato sattassa paramadiṭṭhadhammanibbānaṁ paññapenti. ",
  "dn1:3.22.1": "Tamañño evamāha: ",
  "dn1:3.22.2": "‘atthi kho, bho, eso attā, yaṁ tvaṁ vadesi, neso natthīti vadāmi; ",
  "dn1:3.22.3": "no ca kho, bho, ayaṁ attā ettāvatā paramadiṭṭhadhammanibbānaṁ patto hoti. ",
  "dn1:3.22.4": "Taṁ kissa hetu? ",
  "dn1:3.22.5": "Yadeva tattha vitakkitaṁ vicāritaṁ, etenetaṁ oḷārikaṁ akkhāyati. ",
  "dn1:3.22.6": "Yato kho, bho, ayaṁ attā vitakkavicārānaṁ vūpasamā ajjhattaṁ sampasādanaṁ cetaso ekodibhāvaṁ avitakkaṁ avicāraṁ samādhijaṁ pītisukhaṁ dutiyaṁ jhānaṁ upasampajja viharati, ettāvatā kho, bho, ayaṁ attā paramadiṭṭhadhammanibbānaṁ patto hotī’ti. ",
  "dn1:3.22.7": "Ittheke sato sattassa paramadiṭṭhadhammanibbānaṁ paññapenti. ",
  "dn1:3.23.1": "Tamañño evamāha: ",
  "dn1:3.23.2": "‘atthi kho, bho, eso attā, yaṁ tvaṁ vadesi, neso natthīti vadāmi; ",
  "dn1:3.23.3": "no ca kho, bho, ayaṁ attā ettāvatā paramadiṭṭhadhammanibbānaṁ patto hoti. ",
  "dn1:3.23.4": "Taṁ kissa hetu? ",
  "dn1:3.23.5": "Yadeva tattha pītigataṁ cetaso uppilāvitattaṁ, etenetaṁ oḷārikaṁ akkhāyati. ",
  "dn1:3.23.6": "Yato kho, bho, ayaṁ attā pītiyā ca virāgā upekkhako ca viharati, sato ca sampajāno, sukhañca kāyena paṭisaṁvedeti, yaṁ taṁ ariyā ācikkhanti “upekkhako satimā sukhavihārī”ti, tatiyaṁ jhānaṁ upasampajja viharati, ettāvatā kho, bho, ayaṁ attā paramadiṭṭhadhammanibbānaṁ patto hotī’ti. ",
  "dn1:3.23.7": "Ittheke sato sattassa paramadiṭṭhadhammanibbānaṁ paññapenti. ",
  "dn1:3.24.1": "Tamañño evamāha: ",
  "dn1:3.24.2": "‘atthi kho, bho, eso attā, yaṁ tvaṁ vadesi, neso natthīti vadāmi; ",
  "dn1:3.24.3": "no ca kho, bho, ayaṁ attā ettāvatā paramadiṭṭhadhammanibbānaṁ patto hoti. ",
  "dn1:3.24.4": "Taṁ kissa hetu? ",
  "dn1:3.24.5": "Yadeva tattha sukhamiti cetaso ābhogo, etenetaṁ oḷārikaṁ akkhāyati. ",
  "dn1:3.24.6": "Yato kho, bho, ayaṁ attā sukhassa ca pahānā dukkhassa ca pahānā pubbeva somanassadomanassānaṁ atthaṅgamā adukkhamasukhaṁ upekkhāsatipārisuddhiṁ catutthaṁ jhānaṁ upasampajja viharati, ettāvatā kho, bho, ayaṁ attā paramadiṭṭhadhammanibbānaṁ patto hotī’ti. ",
  "dn1:3.24.7": "Ittheke sato sattassa paramadiṭṭhadhammanibbānaṁ paññapenti. ",
  "dn1:3.25.1": "Imehi kho te, bhikkhave, samaṇabrāhmaṇā diṭṭhadhammanibbānavādā sato sattassa paramadiṭṭhadhammanibbānaṁ paññapenti pañcahi vatthūhi. ",
  "dn1:3.25.2": "Ye hi keci, bhikkhave, samaṇā vā brāhmaṇā vā diṭṭhadhammanibbānavādā sato sattassa paramadiṭṭhadhammanibbānaṁ paññapenti, sabbe te imeheva pañcahi vatthūhi … ",
  "dn1:3.26.1": "pe… ",
  "dn1:3.26.2": "yehi tathāgatassa yathābhuccaṁ vaṇṇaṁ sammā vadamānā vadeyyuṁ. ",
  "dn1:3.27.1": "Imehi kho te, bhikkhave, samaṇabrāhmaṇā aparantakappikā aparantānudiṭṭhino aparantaṁ ārabbha anekavihitāni adhimuttipadāni abhivadanti catucattārīsāya vatthūhi. ",
  "dn1:3.27.2": "Ye hi keci, bhikkhave, samaṇā vā brāhmaṇā vā aparantakappikā aparantānudiṭṭhino aparantaṁ ārabbha anekavihitāni adhimuttipadāni abhivadanti, sabbe te imeheva catucattārīsāya vatthūhi … ",
  "dn1:3.28.1": "pe… ",
  "dn1:3.28.2": "yehi tathāgatassa yathābhuccaṁ vaṇṇaṁ sammā vadamānā vadeyyuṁ. ",
  "dn1:3.29.1": "Imehi kho te, bhikkhave, samaṇabrāhmaṇā pubbantakappikā ca aparantakappikā ca pubbantāparantakappikā ca pubbantāparantānudiṭṭhino pubbantāparantaṁ ārabbha anekavihitāni adhimuttipadāni abhivadanti dvāsaṭṭhiyā vatthūhi. ",
  "dn1:3.29.2": "Ye hi keci, bhikkhave, samaṇā vā brāhmaṇā vā pubbantakappikā vā aparantakappikā vā pubbantāparantakappikā vā pubbantāparantānudiṭṭhino pubbantāparantaṁ ārabbha anekavihitāni adhimuttipadāni abhivadanti, sabbe te imeheva dvāsaṭṭhiyā vatthūhi, etesaṁ vā aññatarena; natthi ito bahiddhā. ",
  "dn1:3.30.1": "Tayidaṁ, bhikkhave, tathāgato pajānāti: ",
  "dn1:3.30.2": "‘ime diṭṭhiṭṭhānā evaṅgahitā evaṁparāmaṭṭhā evaṅgatikā bhavanti evaṁabhisamparāyā’ti. ",
  "dn1:3.30.3": "Tañca tathāgato pajānāti, tato ca uttaritaraṁ pajānāti, tañca pajānanaṁ na parāmasati, aparāmasato cassa paccattaññeva nibbuti viditā. ",
  "dn1:3.30.4": "Vedanānaṁ samudayañca atthaṅgamañca assādañca ādīnavañca nissaraṇañca yathābhūtaṁ viditvā anupādāvimutto, bhikkhave, tathāgato. ",
  "dn1:3.31.1": "Ime kho te, bhikkhave, dhammā gambhīrā duddasā duranubodhā santā paṇītā atakkāvacarā nipuṇā paṇḍitavedanīyā, ye tathāgato sayaṁ abhiññā sacchikatvā pavedeti, yehi tathāgatassa yathābhuccaṁ vaṇṇaṁ sammā vadamānā vadeyyuṁ. ",
  "dn1:3.32.0.1": "4. Attālokapaññattivatthu ",
  "dn1:3.32.0.2": "4.1. Paritassitavipphanditavāra ",
  "dn1:3.32.1": "Tatra, bhikkhave, ye te samaṇabrāhmaṇā sassatavādā sassataṁ attānañca lokañca paññapenti catūhi vatthūhi, tadapi tesaṁ bhavataṁ samaṇabrāhmaṇānaṁ ajānataṁ apassataṁ vedayitaṁ taṇhāgatānaṁ paritassitavipphanditameva. ",
  "dn1:3.33.1": "Tatra, bhikkhave, ye te samaṇabrāhmaṇā ekaccasassatikā ekaccaasassatikā ekaccaṁ sassataṁ ekaccaṁ asassataṁ attānañca lokañca paññapenti catūhi vatthūhi, tadapi tesaṁ bhavataṁ samaṇabrāhmaṇānaṁ ajānataṁ apassataṁ vedayitaṁ taṇhāgatānaṁ paritassitavipphanditameva. ",
  "dn1:3.34.1": "Tatra, bhikkhave, ye te samaṇabrāhmaṇā antānantikā antānantaṁ lokassa paññapenti catūhi vatthūhi, tadapi tesaṁ bhavataṁ samaṇabrāhmaṇānaṁ ajānataṁ apassataṁ vedayitaṁ taṇhāgatānaṁ paritassitavipphanditameva. ",
  "dn1:3.35.1": "Tatra, bhikkhave, ye te samaṇabrāhmaṇā amarāvikkhepikā tattha tattha pañhaṁ puṭṭhā samānā vācāvikkhepaṁ āpajjanti amarāvikkhepaṁ catūhi vatthūhi, tadapi tesaṁ bhavataṁ samaṇabrāhmaṇānaṁ ajānataṁ apassataṁ vedayitaṁ taṇhāgatānaṁ paritassitavipphanditameva. ",
  "dn1:3.36.1": "Tatra, bhikkhave, ye te samaṇabrāhmaṇā adhiccasamuppannikā adhiccasamuppannaṁ attānañca lokañca paññapenti dvīhi vatthūhi, tadapi tesaṁ bhavataṁ samaṇabrāhmaṇānaṁ ajānataṁ apassataṁ vedayitaṁ taṇhāgatānaṁ paritassitavipphanditameva. ",
  "dn1:3.37.1": "Tatra, bhikkhave, ye te samaṇabrāhmaṇā pubbantakappikā pubbantānudiṭṭhino pubbantaṁ ārabbha anekavihitāni adhimuttipadāni abhivadanti aṭṭhārasahi vatthūhi, tadapi tesaṁ bhavataṁ samaṇabrāhmaṇānaṁ ajānataṁ apassataṁ vedayitaṁ taṇhāgatānaṁ paritassitavipphanditameva. ",
  "dn1:3.38.1": "Tatra, bhikkhave, ye te samaṇabrāhmaṇā uddhamāghātanikā saññīvādā uddhamāghātanaṁ saññiṁ attānaṁ paññapenti soḷasahi vatthūhi, tadapi tesaṁ bhavataṁ samaṇabrāhmaṇānaṁ ajānataṁ apassataṁ vedayitaṁ taṇhāgatānaṁ paritassitavipphanditameva. ",
  "dn1:3.39.1": "Tatra, bhikkhave, ye te samaṇabrāhmaṇā uddhamāghātanikā asaññīvādā uddhamāghātanaṁ asaññiṁ attānaṁ paññapenti aṭṭhahi vatthūhi, tadapi tesaṁ bhavataṁ samaṇabrāhmaṇānaṁ ajānataṁ apassataṁ vedayitaṁ taṇhāgatānaṁ paritassitavipphanditameva. ",
  "dn1:3.40.1": "Tatra, bhikkhave, ye te samaṇabrāhmaṇā uddhamāghātanikā nevasaññīnāsaññīvādā uddhamāghātanaṁ nevasaññīnāsaññiṁ attānaṁ paññapenti aṭṭhahi vatthūhi, tadapi tesaṁ bhavataṁ samaṇabrāhmaṇānaṁ ajānataṁ apassataṁ vedayitaṁ taṇhāgatānaṁ paritassitavipphanditameva. ",
  "dn1:3.41.1": "Tatra, bhikkhave, ye te samaṇabrāhmaṇā ucchedavādā sato sattassa ucchedaṁ vināsaṁ vibhavaṁ paññapenti sattahi vatthūhi, tadapi tesaṁ bhavataṁ samaṇabrāhmaṇānaṁ ajānataṁ apassataṁ vedayitaṁ taṇhāgatānaṁ paritassitavipphanditameva. ",
  "dn1:3.42.1": "Tatra, bhikkhave, ye te samaṇabrāhmaṇā diṭṭhadhammanibbānavādā sato sattassa paramadiṭṭhadhammanibbānaṁ paññapenti pañcahi vatthūhi, tadapi tesaṁ bhavataṁ samaṇabrāhmaṇānaṁ ajānataṁ apassataṁ vedayitaṁ taṇhāgatānaṁ paritassitavipphanditameva. ",
  "dn1:3.43.1": "Tatra, bhikkhave, ye te samaṇabrāhmaṇā aparantakappikā aparantānudiṭṭhino aparantaṁ ārabbha anekavihitāni adhimuttipadāni abhivadanti catucattārīsāya vatthūhi, tadapi tesaṁ bhavataṁ samaṇabrāhmaṇānaṁ ajānataṁ apassataṁ vedayitaṁ taṇhāgatānaṁ paritassitavipphanditameva. ",
  "dn1:3.44.1": "Tatra, bhikkhave, ye te samaṇabrāhmaṇā pubbantakappikā ca aparantakappikā ca pubbantāparantakappikā ca pubbantāparantānudiṭṭhino pubbantāparantaṁ ārabbha anekavihitāni adhimuttipadāni abhivadanti dvāsaṭṭhiyā vatthūhi, tadapi tesaṁ bhavataṁ samaṇabrāhmaṇānaṁ ajānataṁ apassataṁ vedayitaṁ taṇhāgatānaṁ paritassitavipphanditameva. ",
  "dn1:3.45.0": "4.2. Phassapaccayāvāra ",
  "dn1:3.45.1": "Tatra, bhikkhave, ye te samaṇabrāhmaṇā sassatavādā sassataṁ attānañca lokañca paññapenti catūhi vatthūhi, tadapi phassapaccayā. ",
  "dn1:3.46.1": "Tatra, bhikkhave, ye te samaṇabrāhmaṇā ekaccasassatikā ekaccaasassatikā ekaccaṁ sassataṁ ekaccaṁ asassataṁ attānañca lokañca paññapenti catūhi vatthūhi, tadapi phassapaccayā. ",
  "dn1:3.47.1": "Tatra, bhikkhave, ye te samaṇabrāhmaṇā antānantikā antānantaṁ lokassa paññapenti catūhi vatthūhi, tadapi phassapaccayā. ",
  "dn1:3.48.1": "Tatra, bhikkhave, ye te samaṇabrāhmaṇā amarāvikkhepikā tattha tattha pañhaṁ puṭṭhā samānā vācāvikkhepaṁ āpajjanti amarāvikkhepaṁ catūhi vatthūhi, tadapi phassapaccayā. ",
  "dn1:3.49.1": "Tatra, bhikkhave, ye te samaṇabrāhmaṇā adhiccasamuppannikā adhiccasamuppannaṁ attānañca lokañca paññapenti dvīhi vatthūhi, tadapi phassapaccayā. ",
  "dn1:3.50.1": "Tatra, bhikkhave, ye te samaṇabrāhmaṇā pubbantakappikā pubbantānudiṭṭhino pubbantaṁ ārabbha anekavihitāni adhimuttipadāni abhivadanti aṭṭhārasahi vatthūhi, tadapi phassapaccayā. ",
  "dn1:3.51.1": "Tatra, bhikkhave, ye te samaṇabrāhmaṇā uddhamāghātanikā saññīvādā uddhamāghātanaṁ saññiṁ attānaṁ paññapenti soḷasahi vatthūhi, tadapi phassapaccayā. ",
  "dn1:3.52.1": "Tatra, bhikkhave, ye te samaṇabrāhmaṇā uddhamāghātanikā asaññīvādā uddhamāghātanaṁ asaññiṁ attānaṁ paññapenti aṭṭhahi vatthūhi, tadapi phassapaccayā. ",
  "dn1:3.53.1": "Tatra, bhikkhave, ye te samaṇabrāhmaṇā uddhamāghātanikā nevasaññīnāsaññīvādā uddhamāghātanaṁ nevasaññīnāsaññiṁ attānaṁ paññapenti aṭṭhahi vatthūhi, tadapi phassapaccayā. ",
  "dn1:3.54.1": "Tatra, bhikkhave, ye te samaṇabrāhmaṇā ucchedavādā sato sattassa ucchedaṁ vināsaṁ vibhavaṁ paññapenti sattahi vatthūhi, tadapi phassapaccayā. ",
  "dn1:3.55.1": "Tatra, bhikkhave, ye te samaṇabrāhmaṇā diṭṭhadhammanibbānavādā sato sattassa paramadiṭṭhadhammanibbānaṁ paññapenti pañcahi vatthūhi, tadapi phassapaccayā. ",
  "dn1:3.56.1": "Tatra, bhikkhave, ye te samaṇabrāhmaṇā aparantakappikā aparantānudiṭṭhino aparantaṁ ārabbha anekavihitāni adhimuttipadāni abhivadanti catucattārīsāya vatthūhi, tadapi phassapaccayā. ",
  "dn1:3.57.1": "Tatra, bhikkhave, ye te samaṇabrāhmaṇā pubbantakappikā ca aparantakappikā ca pubbantāparantakappikā ca pubbantāparantānudiṭṭhino pubbantāparantaṁ ārabbha anekavihitāni adhimuttipadāni abhivadanti dvāsaṭṭhiyā vatthūhi, tadapi phassapaccayā. ",
  "dn1:3.58.0": "4.3. Netaṁṭhānaṁvijjativāra ",
  "dn1:3.58.1": "Tatra, bhikkhave, ye te samaṇabrāhmaṇā sassatavādā sassataṁ attānañca lokañca paññapenti catūhi vatthūhi, te vata aññatra phassā paṭisaṁvedissantīti netaṁ ṭhānaṁ vijjati. ",
  "dn1:3.59.1": "Tatra, bhikkhave, ye te samaṇabrāhmaṇā ekaccasassatikā ekaccaasassatikā ekaccaṁ sassataṁ ekaccaṁ asassataṁ attānañca lokañca paññapenti catūhi vatthūhi, te vata aññatra phassā paṭisaṁvedissantīti netaṁ ṭhānaṁ vijjati. ",
  "dn1:3.60.1": "Tatra, bhikkhave, ye te samaṇabrāhmaṇā antānantikā antānantaṁ lokassa paññapenti catūhi vatthūhi, te vata aññatra phassā paṭisaṁvedissantīti netaṁ ṭhānaṁ vijjati. ",
  "dn1:3.61.1": "Tatra, bhikkhave, ye te samaṇabrāhmaṇā amarāvikkhepikā tattha tattha pañhaṁ puṭṭhā samānā vācāvikkhepaṁ āpajjanti amarāvikkhepaṁ catūhi vatthūhi, te vata aññatra phassā paṭisaṁvedissantīti netaṁ ṭhānaṁ vijjati. ",
  "dn1:3.62.1": "Tatra, bhikkhave, ye te samaṇabrāhmaṇā adhiccasamuppannikā adhiccasamuppannaṁ attānañca lokañca paññapenti dvīhi vatthūhi, te vata aññatra phassā paṭisaṁvedissantīti netaṁ ṭhānaṁ vijjati. ",
  "dn1:3.63.1": "Tatra, bhikkhave, ye te samaṇabrāhmaṇā pubbantakappikā pubbantānudiṭṭhino pubbantaṁ ārabbha anekavihitāni adhimuttipadāni abhivadanti aṭṭhārasahi vatthūhi, te vata aññatra phassā paṭisaṁvedissantīti netaṁ ṭhānaṁ vijjati. ",
  "dn1:3.64.1": "Tatra, bhikkhave, ye te samaṇabrāhmaṇā uddhamāghātanikā saññīvādā uddhamāghātanaṁ saññiṁ attānaṁ paññapenti soḷasahi vatthūhi, te vata aññatra phassā paṭisaṁvedissantīti netaṁ ṭhānaṁ vijjati. ",
  "dn1:3.65.1": "Tatra, bhikkhave, ye te samaṇabrāhmaṇā uddhamāghātanikā asaññīvādā, uddhamāghātanaṁ asaññiṁ attānaṁ paññapenti aṭṭhahi vatthūhi, te vata aññatra phassā paṭisaṁvedissantīti netaṁ ṭhānaṁ vijjati. ",
  "dn1:3.66.1": "Tatra, bhikkhave, ye te samaṇabrāhmaṇā uddhamāghātanikā nevasaññīnāsaññīvādā uddhamāghātanaṁ nevasaññīnāsaññiṁ attānaṁ paññapenti aṭṭhahi vatthūhi, te vata aññatra phassā paṭisaṁvedissantīti netaṁ ṭhānaṁ vijjati. ",
  "dn1:3.67.1": "Tatra, bhikkhave, ye te samaṇabrāhmaṇā ucchedavādā sato sattassa ucchedaṁ vināsaṁ vibhavaṁ paññapenti sattahi vatthūhi, te vata aññatra phassā paṭisaṁvedissantīti netaṁ ṭhānaṁ vijjati. ",
  "dn1:3.68.1": "Tatra, bhikkhave, ye te samaṇabrāhmaṇā diṭṭhadhammanibbānavādā sato sattassa paramadiṭṭhadhammanibbānaṁ paññapenti pañcahi vatthūhi, te vata aññatra phassā paṭisaṁvedissantīti netaṁ ṭhānaṁ vijjati. ",
  "dn1:3.69.1": "Tatra, bhikkhave, ye te samaṇabrāhmaṇā aparantakappikā aparantānudiṭṭhino aparantaṁ ārabbha anekavihitāni adhimuttipadāni abhivadanti catucattārīsāya vatthūhi, te vata aññatra phassā paṭisaṁvedissantīti netaṁ ṭhānaṁ vijjati. ",
  "dn1:3.70.1": "Tatra, bhikkhave, ye te samaṇabrāhmaṇā pubbantakappikā ca aparantakappikā ca pubbantāparantakappikā ca pubbantāparantānudiṭṭhino pubbantāparantaṁ ārabbha anekavihitāni adhimuttipadāni abhivadanti dvāsaṭṭhiyā vatthūhi, te vata aññatra phassā paṭisaṁvedissantīti netaṁ ṭhānaṁ vijjati. ",
  "dn1:3.71.0": "4.4. Diṭṭhigatikādhiṭṭhānavaṭṭakathā ",
  "dn1:3.71.1": "Tatra, bhikkhave, ye te samaṇabrāhmaṇā sassatavādā sassataṁ attānañca lokañca paññapenti catūhi vatthūhi, yepi te samaṇabrāhmaṇā ekaccasassatikā ekaccaasassatikā …pe… ",
  "dn1:3.71.2": "yepi te samaṇabrāhmaṇā antānantikā … ",
  "dn1:3.71.3": "yepi te samaṇabrāhmaṇā amarāvikkhepikā … ",
  "dn1:3.71.4": "yepi te samaṇabrāhmaṇā adhiccasamuppannikā … ",
  "dn1:3.71.5": "yepi te samaṇabrāhmaṇā pubbantakappikā … ",
  "dn1:3.71.6": "yepi te samaṇabrāhmaṇā uddhamāghātanikā saññīvādā … ",
  "dn1:3.71.7": "yepi te samaṇabrāhmaṇā uddhamāghātanikā asaññīvādā … ",
  "dn1:3.71.8": "yepi te samaṇabrāhmaṇā uddhamāghātanikā nevasaññīnāsaññīvādā … ",
  "dn1:3.71.9": "yepi te samaṇabrāhmaṇā ucchedavādā … ",
  "dn1:3.71.10": "yepi te samaṇabrāhmaṇā diṭṭhadhammanibbānavādā … ",
  "dn1:3.71.11": "yepi te samaṇabrāhmaṇā aparantakappikā … ",
  "dn1:3.71.12": "yepi te samaṇabrāhmaṇā pubbantakappikā ca aparantakappikā ca pubbantāparantakappikā ca pubbantāparantānudiṭṭhino pubbantāparantaṁ ārabbha anekavihitāni adhimuttipadāni abhivadanti dvāsaṭṭhiyā vatthūhi, sabbe te chahi phassāyatanehi phussa phussa paṭisaṁvedenti tesaṁ vedanāpaccayā taṇhā, taṇhāpaccayā upādānaṁ, upādānapaccayā bhavo, bhavapaccayā jāti, jātipaccayā jarāmaraṇaṁ sokaparidevadukkhadomanassupāyāsā sambhavanti. ",
  "dn1:3.72.0": "5. Vivaṭṭakathādi ",
  "dn1:3.72.1": "Yato kho, bhikkhave, bhikkhu channaṁ phassāyatanānaṁ samudayañca atthaṅgamañca assādañca ādīnavañca nissaraṇañca yathābhūtaṁ pajānāti, ayaṁ imehi sabbeheva uttaritaraṁ pajānāti. ",
  "dn1:3.72.2": "Ye hi keci, bhikkhave, samaṇā vā brāhmaṇā vā pubbantakappikā vā aparantakappikā vā pubbantāparantakappikā vā pubbantāparantānudiṭṭhino pubbantāparantaṁ ārabbha anekavihitāni adhimuttipadāni abhivadanti, sabbe te imeheva dvāsaṭṭhiyā vatthūhi antojālīkatā, ettha sitāva ummujjamānā ummujjanti, ettha pariyāpannā antojālīkatāva ummujjamānā ummujjanti. ",
  "dn1:3.72.3": "Seyyathāpi, bhikkhave, dakkho kevaṭṭo vā kevaṭṭantevāsī vā sukhumacchikena jālena parittaṁ udakadahaṁ otthareyya. Tassa evamassa: ‘ye kho keci imasmiṁ udakadahe oḷārikā pāṇā, sabbe te antojālīkatā. Ettha sitāva ummujjamānā ummujjanti; ettha pariyāpannā antojālīkatāva ummujjamānā ummujjantī’ti; ",
  "dn1:3.72.4": "evameva kho, bhikkhave, ye hi keci samaṇā vā brāhmaṇā vā pubbantakappikā vā aparantakappikā vā pubbantāparantakappikā vā pubbantāparantānudiṭṭhino pubbantāparantaṁ ārabbha anekavihitāni adhimuttipadāni abhivadanti, sabbe te imeheva dvāsaṭṭhiyā vatthūhi antojālīkatā ettha sitāva ummujjamānā ummujjanti, ettha pariyāpannā antojālīkatāva ummujjamānā ummujjanti. ",
  "dn1:3.73.1": "Ucchinnabhavanettiko, bhikkhave, tathāgatassa kāyo tiṭṭhati. ",
  "dn1:3.73.2": "Yāvassa kāyo ṭhassati, tāva naṁ dakkhanti devamanussā. ",
  "dn1:3.73.3": "Kāyassa bhedā uddhaṁ jīvitapariyādānā na naṁ dakkhanti devamanussā. ",
  "dn1:3.73.4": "Seyyathāpi, bhikkhave, ambapiṇḍiyā vaṇṭacchinnāya yāni kānici ambāni vaṇṭapaṭibandhāni, sabbāni tāni tadanvayāni bhavanti; ",
  "dn1:3.73.5": "evameva kho, bhikkhave, ucchinnabhavanettiko tathāgatassa kāyo tiṭṭhati, ",
  "dn1:3.73.6": "yāvassa kāyo ṭhassati, tāva naṁ dakkhanti devamanussā, ",
  "dn1:3.73.7": "kāyassa bhedā uddhaṁ jīvitapariyādānā na naṁ dakkhanti devamanussā”ti. ",
  "dn1:3.74.1": "Evaṁ vutte, āyasmā ānando bhagavantaṁ etadavoca: ",
  "dn1:3.74.2": "“acchariyaṁ, bhante, abbhutaṁ, bhante, ko nāmo ayaṁ, bhante, dhammapariyāyo”ti? ",
  "dn1:3.74.3": "“Tasmātiha tvaṁ, ānanda, imaṁ dhammapariyāyaṁ atthajālantipi naṁ dhārehi, dhammajālantipi naṁ dhārehi, brahmajālantipi naṁ dhārehi, diṭṭhijālantipi naṁ dhārehi, anuttaro saṅgāmavijayotipi naṁ dhārehī”ti. ",
  "dn1:3.74.4": "Idamavoca bhagavā. ",
  "dn1:3.74.5": "Attamanā te bhikkhū bhagavato bhāsitaṁ abhinandunti. ",
  "dn1:3.74.6": "Imasmiñca pana veyyākaraṇasmiṁ bhaññamāne dasasahassī lokadhātu akampitthāti. ",
  "dn1:3.74.7": "Brahmajālasuttaṁ niṭṭhitaṁ paṭhamaṁ. "
}