{
  "dn27:0.1": "Dīgha Nikāya 27 ",
  "dn27:0.2": "Aggaññasutta ",
  "dn27:1.1": "Evaṁ me sutaṁ—",
  "dn27:1.2": "ekaṁ samayaṁ bhagavā sāvatthiyaṁ viharati pubbārāme migāramātupāsāde. ",
  "dn27:1.3": "Tena kho pana samayena vāseṭṭhabhāradvājā bhikkhūsu parivasanti bhikkhubhāvaṁ ākaṅkhamānā. ",
  "dn27:1.4": "Atha kho bhagavā sāyanhasamayaṁ paṭisallānā vuṭṭhito pāsādā orohitvā pāsādapacchāyāyaṁ abbhokāse caṅkamati. ",
  "dn27:2.1": "Addasā kho vāseṭṭho bhagavantaṁ sāyanhasamayaṁ paṭisallānā vuṭṭhitaṁ pāsādā orohitvā pāsādapacchāyāyaṁ abbhokāse caṅkamantaṁ. ",
  "dn27:2.2": "Disvāna bhāradvājaṁ āmantesi: ",
  "dn27:2.3": "“ayaṁ, āvuso bhāradvāja, bhagavā sāyanhasamayaṁ paṭisallānā vuṭṭhito pāsādā orohitvā pāsādapacchāyāyaṁ abbhokāse caṅkamati. ",
  "dn27:2.4": "Āyāmāvuso bhāradvāja, yena bhagavā tenupasaṅkamissāma; ",
  "dn27:2.5": "appeva nāma labheyyāma bhagavato santikā dhammiṁ kathaṁ savanāyā”ti. ",
  "dn27:2.6": "“Evamāvuso”ti kho bhāradvājo vāseṭṭhassa paccassosi. ",
  "dn27:2.7": "Atha kho vāseṭṭhabhāradvājā yena bhagavā tenupasaṅkamiṁsu; upasaṅkamitvā bhagavantaṁ abhivādetvā bhagavantaṁ caṅkamantaṁ anucaṅkamiṁsu. ",
  "dn27:3.1": "Atha kho bhagavā vāseṭṭhaṁ āmantesi: ",
  "dn27:3.2": "“tumhe khvattha, vāseṭṭha, brāhmaṇajaccā brāhmaṇakulīnā brāhmaṇakulā agārasmā anagāriyaṁ pabbajitā, kacci vo, vāseṭṭha, brāhmaṇā na akkosanti na paribhāsantī”ti? ",
  "dn27:3.3": "“Taggha no, bhante, brāhmaṇā akkosanti paribhāsanti attarūpāya paribhāsāya paripuṇṇāya, no aparipuṇṇāyā”ti. ",
  "dn27:3.4": "“Yathā kathaṁ pana vo, vāseṭṭha, brāhmaṇā akkosanti paribhāsanti attarūpāya paribhāsāya paripuṇṇāya, no aparipuṇṇāyā”ti? ",
  "dn27:3.5": "“Brāhmaṇā, bhante, evamāhaṁsu: ",
  "dn27:3.6": "‘brāhmaṇova seṭṭho vaṇṇo, hīnā aññe vaṇṇā. ",
  "dn27:3.7": "Brāhmaṇova sukko vaṇṇo, kaṇhā aññe vaṇṇā. ",
  "dn27:3.8": "Brāhmaṇāva sujjhanti, no abrāhmaṇā. ",
  "dn27:3.9": "Brāhmaṇāva brahmuno puttā orasā mukhato jātā brahmajā brahmanimmitā brahmadāyādā. ",
  "dn27:3.10": "Te tumhe seṭṭhaṁ vaṇṇaṁ hitvā hīnamattha vaṇṇaṁ ajjhupagatā, yadidaṁ muṇḍake samaṇake ibbhe kaṇhe bandhupādāpacce. ",
  "dn27:3.11": "Tayidaṁ na sādhu, tayidaṁ nappatirūpaṁ, yaṁ tumhe seṭṭhaṁ vaṇṇaṁ hitvā hīnamattha vaṇṇaṁ ajjhupagatā yadidaṁ muṇḍake samaṇake ibbhe kaṇhe bandhupādāpacce’ti. ",
  "dn27:3.12": "Evaṁ kho no, bhante, brāhmaṇā akkosanti paribhāsanti attarūpāya paribhāsāya paripuṇṇāya, no aparipuṇṇāyā”ti. ",
  "dn27:4.1": "“Taggha vo, vāseṭṭha, brāhmaṇā porāṇaṁ assarantā evamāhaṁsu: ",
  "dn27:4.2": "‘brāhmaṇova seṭṭho vaṇṇo, hīnā aññe vaṇṇā; ",
  "dn27:4.3": "brāhmaṇova sukko vaṇṇo, kaṇhā aññe vaṇṇā; ",
  "dn27:4.4": "brāhmaṇāva sujjhanti, no abrāhmaṇā; ",
  "dn27:4.5": "brāhmaṇāva brahmuno puttā orasā mukhato jātā brahmajā brahmanimmitā brahmadāyādā’ti. ",
  "dn27:4.6": "Dissanti kho pana, vāseṭṭha, brāhmaṇānaṁ brāhmaṇiyo utuniyopi gabbhiniyopi vijāyamānāpi pāyamānāpi. ",
  "dn27:4.7": "Te ca brāhmaṇā yonijāva samānā evamāhaṁsu: ",
  "dn27:4.8": "‘brāhmaṇova seṭṭho vaṇṇo, hīnā aññe vaṇṇā; ",
  "dn27:4.9": "brāhmaṇova sukko vaṇṇo, kaṇhā aññe vaṇṇā; ",
  "dn27:4.10": "brāhmaṇāva sujjhanti, no abrāhmaṇā; ",
  "dn27:4.11": "brāhmaṇāva brahmuno puttā orasā mukhato jātā brahmajā brahmanimmitā brahmadāyādā’ti. ",
  "dn27:4.12": "Te brahmānañceva abbhācikkhanti, musā ca bhāsanti, bahuñca apuññaṁ pasavanti. ",
  "dn27:5.0": "1. Catuvaṇṇasuddhi ",
  "dn27:5.1": "Cattārome, vāseṭṭha, vaṇṇā—",
  "dn27:5.2": "khattiyā, brāhmaṇā, vessā, suddā. ",
  "dn27:5.3": "Khattiyopi kho, vāseṭṭha, idhekacco pāṇātipātī hoti adinnādāyī kāmesumicchācārī musāvādī pisuṇavāco pharusavāco samphappalāpī abhijjhālu byāpannacitto micchādiṭṭhī. ",
  "dn27:5.4": "Iti kho, vāseṭṭha, yeme dhammā akusalā akusalasaṅkhātā sāvajjā sāvajjasaṅkhātā asevitabbā asevitabbasaṅkhātā naalamariyā naalamariyasaṅkhātā kaṇhā kaṇhavipākā viññugarahitā, khattiyepi te idhekacce sandissanti. ",
  "dn27:5.5": "Brāhmaṇopi kho, vāseṭṭha …pe… ",
  "dn27:5.6": "vessopi kho, vāseṭṭha …pe… ",
  "dn27:5.7": "suddopi kho, vāseṭṭha, idhekacco pāṇātipātī hoti adinnādāyī kāmesumicchācārī musāvādī pisuṇavāco pharusavāco samphappalāpī abhijjhālu byāpannacitto micchādiṭṭhī. ",
  "dn27:5.8": "Iti kho, vāseṭṭha, yeme dhammā akusalā akusalasaṅkhātā …pe… ",
  "dn27:5.9": "kaṇhā kaṇhavipākā viññugarahitā; ",
  "dn27:5.10": "suddepi te idhekacce sandissanti. ",
  "dn27:6.1": "Khattiyopi kho, vāseṭṭha, idhekacco pāṇātipātā paṭivirato hoti, adinnādānā paṭivirato, kāmesumicchācārā paṭivirato, musāvādā paṭivirato, pisuṇāya vācāya paṭivirato, pharusāya vācāya paṭivirato, samphappalāpā paṭivirato, anabhijjhālu abyāpannacitto, sammādiṭṭhī. ",
  "dn27:6.2": "Iti kho, vāseṭṭha, yeme dhammā kusalā kusalasaṅkhātā anavajjā anavajjasaṅkhātā sevitabbā sevitabbasaṅkhātā alamariyā alamariyasaṅkhātā sukkā sukkavipākā viññuppasatthā, khattiyepi te idhekacce sandissanti. ",
  "dn27:6.3": "Brāhmaṇopi kho, vāseṭṭha …pe… ",
  "dn27:6.4": "vessopi kho, vāseṭṭha …pe… ",
  "dn27:6.5": "suddopi kho, vāseṭṭha, idhekacco pāṇātipātā paṭivirato hoti …pe… ",
  "dn27:6.6": "anabhijjhālu, abyāpannacitto, sammādiṭṭhī. ",
  "dn27:6.7": "Iti kho, vāseṭṭha, yeme dhammā kusalā kusalasaṅkhātā anavajjā anavajjasaṅkhātā sevitabbā sevitabbasaṅkhātā alamariyā alamariyasaṅkhātā sukkā sukkavipākā viññuppasatthā; ",
  "dn27:6.8": "suddepi te idhekacce sandissanti. ",
  "dn27:7.1": "Imesu kho, vāseṭṭha, catūsu vaṇṇesu evaṁ ubhayavokiṇṇesu vattamānesu kaṇhasukkesu dhammesu viññugarahitesu ceva viññuppasatthesu ca yadettha brāhmaṇā evamāhaṁsu: ",
  "dn27:7.2": "‘brāhmaṇova seṭṭho vaṇṇo, hīnā aññe vaṇṇā; ",
  "dn27:7.3": "brāhmaṇova sukko vaṇṇo, kaṇhā aññe vaṇṇā; ",
  "dn27:7.4": "brāhmaṇāva sujjhanti, no abrāhmaṇā; ",
  "dn27:7.5": "brāhmaṇāva brahmuno puttā orasā mukhato jātā brahmajā brahmanimmitā brahmadāyādā’ti. ",
  "dn27:7.6": "Taṁ tesaṁ viññū nānujānanti. ",
  "dn27:7.7": "Taṁ kissa hetu? ",
  "dn27:7.8": "Imesañhi, vāseṭṭha, catunnaṁ vaṇṇānaṁ yo hoti bhikkhu arahaṁ khīṇāsavo vusitavā katakaraṇīyo ohitabhāro anuppattasadattho parikkhīṇabhavasaṁyojano sammadaññāvimutto, so nesaṁ aggamakkhāyati dhammeneva, no adhammena. ",
  "dn27:7.9": "Dhammo hi, vāseṭṭha, seṭṭho janetasmiṁ, diṭṭhe ceva dhamme abhisamparāyañca. ",
  "dn27:7.10": "Tadamināpetaṁ, vāseṭṭha, pariyāyena veditabbaṁ, yathā dhammova seṭṭho janetasmiṁ, diṭṭhe ceva dhamme abhisamparāyañca. ",
  "dn27:8.1": "Jānāti kho, vāseṭṭha, rājā pasenadi kosalo: ",
  "dn27:8.2": "‘samaṇo gotamo anantarā sakyakulā pabbajito’ti. ",
  "dn27:8.3": "Sakyā kho pana, vāseṭṭha, rañño pasenadissa kosalassa anuyuttā bhavanti. ",
  "dn27:8.4": "Karonti kho, vāseṭṭha, sakyā raññe pasenadimhi kosale nipaccakāraṁ abhivādanaṁ paccuṭṭhānaṁ añjalikammaṁ sāmīcikammaṁ. ",
  "dn27:8.5": "Iti kho, vāseṭṭha, yaṁ karonti sakyā raññe pasenadimhi kosale nipaccakāraṁ abhivādanaṁ paccuṭṭhānaṁ añjalikammaṁ sāmīcikammaṁ, karoti taṁ rājā pasenadi kosalo tathāgate nipaccakāraṁ abhivādanaṁ paccuṭṭhānaṁ añjalikammaṁ sāmīcikammaṁ, na naṁ ‘sujāto samaṇo gotamo, dujjātohamasmi. ",
  "dn27:8.6": "Balavā samaṇo gotamo, dubbalohamasmi. ",
  "dn27:8.7": "Pāsādiko samaṇo gotamo, dubbaṇṇohamasmi. ",
  "dn27:8.8": "Mahesakkho samaṇo gotamo, appesakkhohamasmī’ti. ",
  "dn27:8.9": "Atha kho naṁ dhammaṁyeva sakkaronto dhammaṁ garuṁ karonto dhammaṁ mānento dhammaṁ pūjento dhammaṁ apacāyamāno evaṁ rājā pasenadi kosalo tathāgate nipaccakāraṁ karoti, abhivādanaṁ paccuṭṭhānaṁ añjalikammaṁ sāmīcikammaṁ. ",
  "dn27:8.10": "Imināpi kho etaṁ, vāseṭṭha, pariyāyena veditabbaṁ, yathā dhammova seṭṭho janetasmiṁ, diṭṭhe ceva dhamme abhisamparāyañca. ",
  "dn27:9.1": "Tumhe khvattha, vāseṭṭha, nānājaccā nānānāmā nānāgottā nānākulā agārasmā anagāriyaṁ pabbajitā. ",
  "dn27:9.2": "‘Ke tumhe’ti—puṭṭhā samānā ‘samaṇā sakyaputtiyāmhā’ti—paṭijānātha. ",
  "dn27:9.3": "Yassa kho panassa, vāseṭṭha, tathāgate saddhā niviṭṭhā mūlajātā patiṭṭhitā daḷhā asaṁhāriyā samaṇena vā brāhmaṇena vā devena vā mārena vā brahmunā vā kenaci vā lokasmiṁ, tassetaṁ kallaṁ vacanāya: ",
  "dn27:9.4": "‘bhagavatomhi putto oraso mukhato jāto dhammajo dhammanimmito dhammadāyādo’ti. ",
  "dn27:9.5": "Taṁ kissa hetu? ",
  "dn27:9.6": "Tathāgatassa hetaṁ, vāseṭṭha, adhivacanaṁ ‘dhammakāyo’ itipi, ‘brahmakāyo’ itipi, ‘dhammabhūto’ itipi, ‘brahmabhūto’ itipi. ",
  "dn27:10.1": "Hoti kho so, vāseṭṭha, samayo yaṁ kadāci karahaci dīghassa addhuno accayena ayaṁ loko saṁvaṭṭati. ",
  "dn27:10.2": "Saṁvaṭṭamāne loke yebhuyyena sattā ābhassarasaṁvattanikā honti. ",
  "dn27:10.3": "Te tattha honti manomayā pītibhakkhā sayaṁpabhā antalikkhacarā subhaṭṭhāyino ciraṁ dīghamaddhānaṁ tiṭṭhanti. ",
  "dn27:10.4": "Hoti kho so, vāseṭṭha, samayo yaṁ kadāci karahaci dīghassa addhuno accayena ayaṁ loko vivaṭṭati. ",
  "dn27:10.5": "Vivaṭṭamāne loke yebhuyyena sattā ābhassarakāyā cavitvā itthattaṁ āgacchanti. ",
  "dn27:10.6": "Tedha honti manomayā pītibhakkhā sayaṁpabhā antalikkhacarā subhaṭṭhāyino ciraṁ dīghamaddhānaṁ tiṭṭhanti. ",
  "dn27:11.0": "2. Rasapathavipātubhāva ",
  "dn27:11.1": "Ekodakībhūtaṁ kho pana, vāseṭṭha, tena samayena hoti andhakāro andhakāratimisā. ",
  "dn27:11.2": "Na candimasūriyā paññāyanti, na nakkhattāni tārakarūpāni paññāyanti, na rattindivā paññāyanti, na māsaḍḍhamāsā paññāyanti, na utusaṁvaccharā paññāyanti, na itthipumā paññāyanti, sattā sattātveva saṅkhyaṁ gacchanti. ",
  "dn27:11.3": "Atha kho tesaṁ, vāseṭṭha, sattānaṁ kadāci karahaci dīghassa addhuno accayena rasapathavī udakasmiṁ samatani; ",
  "dn27:11.4": "seyyathāpi nāma payaso tattassa nibbāyamānassa upari santānakaṁ hoti; ",
  "dn27:11.5": "evameva pāturahosi. ",
  "dn27:11.6": "Sā ahosi vaṇṇasampannā gandhasampannā rasasampannā, seyyathāpi nāma sampannaṁ vā sappi sampannaṁ vā navanītaṁ evaṁvaṇṇā ahosi. ",
  "dn27:11.7": "Seyyathāpi nāma khuddamadhuṁ aneḷakaṁ; ",
  "dn27:11.8": "evamassādā ahosi. ",
  "dn27:11.9": "Atha kho, vāseṭṭha, aññataro satto lolajātiko: ",
  "dn27:11.10": "‘ambho, kimevidaṁ bhavissatī’ti rasapathaviṁ aṅguliyā sāyi. ",
  "dn27:11.11": "Tassa rasapathaviṁ aṅguliyā sāyato acchādesi, taṇhā cassa okkami. ",
  "dn27:11.12": "Aññepi kho, vāseṭṭha, sattā tassa sattassa diṭṭhānugatiṁ āpajjamānā rasapathaviṁ aṅguliyā sāyiṁsu. ",
  "dn27:11.13": "Tesaṁ rasapathaviṁ aṅguliyā sāyataṁ acchādesi, taṇhā ca tesaṁ okkami. ",
  "dn27:12.0": "3. Candimasūriyādipātubhāva ",
  "dn27:12.1": "Atha kho te, vāseṭṭha, sattā rasapathaviṁ hatthehi āluppakārakaṁ upakkamiṁsu paribhuñjituṁ. ",
  "dn27:12.2": "Yato kho te, vāseṭṭha, sattā rasapathaviṁ hatthehi āluppakārakaṁ upakkamiṁsu paribhuñjituṁ. ",
  "dn27:12.3": "Atha tesaṁ sattānaṁ sayaṁpabhā antaradhāyi. ",
  "dn27:12.4": "Sayaṁpabhāya antarahitāya candimasūriyā pāturahesuṁ. ",
  "dn27:12.5": "Candimasūriyesu pātubhūtesu nakkhattāni tārakarūpāni pāturahesuṁ. ",
  "dn27:12.6": "Nakkhattesu tārakarūpesu pātubhūtesu rattindivā paññāyiṁsu. ",
  "dn27:12.7": "Rattindivesu paññāyamānesu māsaḍḍhamāsā paññāyiṁsu. ",
  "dn27:12.8": "Māsaḍḍhamāsesu paññāyamānesu utusaṁvaccharā paññāyiṁsu. ",
  "dn27:12.9": "Ettāvatā kho, vāseṭṭha, ayaṁ loko puna vivaṭṭo hoti. ",
  "dn27:13.1": "Atha kho te, vāseṭṭha, sattā rasapathaviṁ paribhuñjantā tambhakkhā tadāhārā ciraṁ dīghamaddhānaṁ aṭṭhaṁsu. ",
  "dn27:13.2": "Yathā yathā kho te, vāseṭṭha, sattā rasapathaviṁ paribhuñjantā tambhakkhā tadāhārā ciraṁ dīghamaddhānaṁ aṭṭhaṁsu tathā tathā tesaṁ sattānaṁ rasapathaviṁ paribhuñjantānaṁ kharattañceva kāyasmiṁ okkami, vaṇṇavevaṇṇatā ca paññāyittha. ",
  "dn27:13.3": "Ekidaṁ sattā vaṇṇavanto honti, ekidaṁ sattā dubbaṇṇā. ",
  "dn27:13.4": "Tattha ye te sattā vaṇṇavanto, te dubbaṇṇe satte atimaññanti: ",
  "dn27:13.5": "‘mayametehi vaṇṇavantatarā, amhehete dubbaṇṇatarā’ti. ",
  "dn27:13.6": "Tesaṁ vaṇṇātimānapaccayā mānātimānajātikānaṁ rasapathavī antaradhāyi. ",
  "dn27:13.7": "Rasāya pathaviyā antarahitāya sannipatiṁsu. ",
  "dn27:13.8": "Sannipatitvā anutthuniṁsu: ",
  "dn27:13.9": "‘aho rasaṁ, aho rasan’ti. ",
  "dn27:13.10": "Tadetarahipi manussā kañcideva surasaṁ labhitvā evamāhaṁsu: ",
  "dn27:13.11": "‘aho rasaṁ, aho rasan’ti. ",
  "dn27:13.12": "Tadeva porāṇaṁ aggaññaṁ akkharaṁ anusaranti, na tvevassa atthaṁ ājānanti. ",
  "dn27:14.0": "4. Bhūmipappaṭakapātubhāva ",
  "dn27:14.1": "Atha kho tesaṁ, vāseṭṭha, sattānaṁ rasāya pathaviyā antarahitāya bhūmipappaṭako pāturahosi. ",
  "dn27:14.2": "Seyyathāpi nāma ahicchattako; evameva pāturahosi. ",
  "dn27:14.3": "So ahosi vaṇṇasampanno gandhasampanno rasasampanno, seyyathāpi nāma sampannaṁ vā sappi sampannaṁ vā navanītaṁ evaṁvaṇṇo ahosi. ",
  "dn27:14.4": "Seyyathāpi nāma khuddamadhuṁ aneḷakaṁ; evamassādo ahosi. ",
  "dn27:14.5": "Atha kho te, vāseṭṭha, sattā bhūmipappaṭakaṁ upakkamiṁsu paribhuñjituṁ. ",
  "dn27:14.6": "Te taṁ paribhuñjantā tambhakkhā tadāhārā ciraṁ dīghamaddhānaṁ aṭṭhaṁsu. ",
  "dn27:14.7": "Yathā yathā kho te, vāseṭṭha, sattā bhūmipappaṭakaṁ paribhuñjantā tambhakkhā tadāhārā ciraṁ dīghamaddhānaṁ aṭṭhaṁsu tathā tathā tesaṁ sattānaṁ bhiyyoso mattāya kharattañceva kāyasmiṁ okkami, vaṇṇavevaṇṇatā ca paññāyittha. ",
  "dn27:14.8": "Ekidaṁ sattā vaṇṇavanto honti, ekidaṁ sattā dubbaṇṇā. ",
  "dn27:14.9": "Tattha ye te sattā vaṇṇavanto, te dubbaṇṇe satte atimaññanti: ",
  "dn27:14.10": "‘mayametehi vaṇṇavantatarā, amhehete dubbaṇṇatarā’ti. ",
  "dn27:14.11": "Tesaṁ vaṇṇātimānapaccayā mānātimānajātikānaṁ bhūmipappaṭako antaradhāyi. ",
  "dn27:14.12.0": "5. Padālatāpātubhāva ",
  "dn27:14.13": "Bhūmipappaṭake antarahite padālatā pāturahosi, seyyathāpi nāma kalambukā; evameva pāturahosi. ",
  "dn27:14.14": "Sā ahosi vaṇṇasampannā gandhasampannā rasasampannā, seyyathāpi nāma sampannaṁ vā sappi sampannaṁ vā navanītaṁ evaṁvaṇṇā ahosi. ",
  "dn27:14.15": "Seyyathāpi nāma khuddamadhuṁ aneḷakaṁ; evamassādā ahosi. ",
  "dn27:15.1": "Atha kho te, vāseṭṭha, sattā padālataṁ upakkamiṁsu paribhuñjituṁ. ",
  "dn27:15.2": "Te taṁ paribhuñjantā tambhakkhā tadāhārā ciraṁ dīghamaddhānaṁ aṭṭhaṁsu. ",
  "dn27:15.3": "Yathā yathā kho te, vāseṭṭha, sattā padālataṁ paribhuñjantā tambhakkhā tadāhārā ciraṁ dīghamaddhānaṁ aṭṭhaṁsu tathā tathā tesaṁ sattānaṁ bhiyyoso mattāya kharattañceva kāyasmiṁ okkami, vaṇṇavevaṇṇatā ca paññāyittha. ",
  "dn27:15.4": "Ekidaṁ sattā vaṇṇavanto honti, ekidaṁ sattā dubbaṇṇā. ",
  "dn27:15.5": "Tattha ye te sattā vaṇṇavanto, te dubbaṇṇe satte atimaññanti: ",
  "dn27:15.6": "‘mayametehi vaṇṇavantatarā, amhehete dubbaṇṇatarā’ti. ",
  "dn27:15.7": "Tesaṁ vaṇṇātimānapaccayā mānātimānajātikānaṁ padālatā antaradhāyi. ",
  "dn27:15.8": "Padālatāya antarahitāya sannipatiṁsu. Sannipatitvā anutthuniṁsu: ",
  "dn27:15.9": "‘ahu vata no, ahāyi vata no padālatā’ti. ",
  "dn27:15.10": "Tadetarahipi manussā kenaci dukkhadhammena phuṭṭhā evamāhaṁsu: ",
  "dn27:15.11": "‘ahu vata no, ahāyi vata no’ti. ",
  "dn27:15.12": "Tadeva porāṇaṁ aggaññaṁ akkharaṁ anusaranti, na tvevassa atthaṁ ājānanti. ",
  "dn27:16.0": "6. Akaṭṭhapākasālipātubhāva ",
  "dn27:16.1": "Atha kho tesaṁ, vāseṭṭha, sattānaṁ padālatāya antarahitāya akaṭṭhapāko sāli pāturahosi akaṇo athuso suddho sugandho taṇḍulapphalo. ",
  "dn27:16.2": "Yaṁ taṁ sāyaṁ sāyamāsāya āharanti, pāto taṁ hoti pakkaṁ paṭivirūḷhaṁ. ",
  "dn27:16.3": "Yaṁ taṁ pāto pātarāsāya āharanti, sāyaṁ taṁ hoti pakkaṁ paṭivirūḷhaṁ; ",
  "dn27:16.4": "nāpadānaṁ paññāyati. ",
  "dn27:16.5": "Atha kho te, vāseṭṭha, sattā akaṭṭhapākaṁ sāliṁ paribhuñjantā tambhakkhā tadāhārā ciraṁ dīghamaddhānaṁ aṭṭhaṁsu. ",
  "dn27:16.6.0": "7. Itthipurisaliṅgapātubhāva ",
  "dn27:16.7": "Yathā yathā kho te, vāseṭṭha, sattā akaṭṭhapākaṁ sāliṁ paribhuñjantā tambhakkhā tadāhārā ciraṁ dīghamaddhānaṁ aṭṭhaṁsu tathā tathā tesaṁ sattānaṁ bhiyyoso mattāya kharattañceva kāyasmiṁ okkami, vaṇṇavevaṇṇatā ca paññāyittha, itthiyā ca itthiliṅgaṁ pāturahosi purisassa ca purisaliṅgaṁ. ",
  "dn27:16.8": "Itthī ca purisaṁ ativelaṁ upanijjhāyati puriso ca itthiṁ. ",
  "dn27:16.9": "Tesaṁ ativelaṁ aññamaññaṁ upanijjhāyataṁ sārāgo udapādi, pariḷāho kāyasmiṁ okkami. ",
  "dn27:16.10": "Te pariḷāhapaccayā methunaṁ dhammaṁ paṭiseviṁsu. ",
  "dn27:16.11": "Ye kho pana te, vāseṭṭha, tena samayena sattā passanti methunaṁ dhammaṁ paṭisevante, aññe paṁsuṁ khipanti, aññe seṭṭhiṁ khipanti, aññe gomayaṁ khipanti: ",
  "dn27:16.12": "‘nassa asuci, nassa asucī’ti. ",
  "dn27:16.13": "‘Kathañhi nāma satto sattassa evarūpaṁ karissatī’ti. ",
  "dn27:16.14": "Tadetarahipi manussā ekaccesu janapadesu vadhuyā nibbuyhamānāya aññe paṁsuṁ khipanti, aññe seṭṭhiṁ khipanti, aññe gomayaṁ khipanti. ",
  "dn27:16.15": "Tadeva porāṇaṁ aggaññaṁ akkharaṁ anusaranti, na tvevassa atthaṁ ājānanti. ",
  "dn27:17.0": "8. Methunadhammasamācāra ",
  "dn27:17.1": "Adhammasammataṁ kho pana, vāseṭṭha, tena samayena hoti, tadetarahi dhammasammataṁ. ",
  "dn27:17.2": "Ye kho pana, vāseṭṭha, tena samayena sattā methunaṁ dhammaṁ paṭisevanti, te māsampi dvemāsampi na labhanti gāmaṁ vā nigamaṁ vā pavisituṁ. ",
  "dn27:17.3": "Yato kho te, vāseṭṭha, sattā tasmiṁ asaddhamme ativelaṁ pātabyataṁ āpajjiṁsu. ",
  "dn27:17.4": "Atha agārāni upakkamiṁsu kātuṁ tasseva asaddhammassa paṭicchādanatthaṁ. ",
  "dn27:17.5": "Atha kho, vāseṭṭha, aññatarassa sattassa alasajātikassa etadahosi: ",
  "dn27:17.6": "‘ambho, kimevāhaṁ vihaññāmi sāliṁ āharanto sāyaṁ sāyamāsāya pāto pātarāsāya. ",
  "dn27:17.7": "Yannūnāhaṁ sāliṁ āhareyyaṁ sakideva sāyapātarāsāyā’ti. ",
  "dn27:17.8": "Atha kho so, vāseṭṭha, satto sāliṁ āhāsi sakideva sāyapātarāsāya. ",
  "dn27:17.9": "Atha kho, vāseṭṭha, aññataro satto yena so satto tenupasaṅkami; upasaṅkamitvā taṁ sattaṁ etadavoca: ",
  "dn27:17.10": "‘ehi, bho satta, sālāhāraṁ gamissāmā’ti. ",
  "dn27:17.11": "‘Alaṁ, bho satta, āhato me sāli sakideva sāyapātarāsāyā’ti. ",
  "dn27:17.12": "Atha kho so, vāseṭṭha, satto tassa sattassa diṭṭhānugatiṁ āpajjamāno sāliṁ āhāsi sakideva dvīhāya. ‘Evampi kira, bho, sādhū’ti. ",
  "dn27:17.13": "Atha kho, vāseṭṭha, aññataro satto yena so satto tenupasaṅkami; upasaṅkamitvā taṁ sattaṁ etadavoca: ",
  "dn27:17.14": "‘ehi, bho satta, sālāhāraṁ gamissāmā’ti. ",
  "dn27:17.15": "‘Alaṁ, bho satta, āhato me sāli sakideva dvīhāyā’ti. ",
  "dn27:17.16": "Atha kho so, vāseṭṭha, satto tassa sattassa diṭṭhānugatiṁ āpajjamāno sāliṁ āhāsi sakideva catūhāya, ‘evampi kira, bho, sādhū’ti. ",
  "dn27:17.17": "Atha kho, vāseṭṭha, aññataro satto yena so satto tenupasaṅkami; upasaṅkamitvā taṁ sattaṁ etadavoca: ",
  "dn27:17.18": "‘ehi, bho satta, sālāhāraṁ gamissāmā’ti. ",
  "dn27:17.19": "‘Alaṁ, bho satta, āhato me sāli sakideva catūhāyā’ti. ",
  "dn27:17.20": "Atha kho so, vāseṭṭha, satto tassa sattassa diṭṭhānugatiṁ āpajjamāno sāliṁ āhāsi sakideva aṭṭhāhāya, ‘evampi kira, bho, sādhū’ti. ",
  "dn27:17.21": "Yato kho te, vāseṭṭha, sattā sannidhikārakaṁ sāliṁ upakkamiṁsu paribhuñjituṁ. ",
  "dn27:17.22": "Atha kaṇopi taṇḍulaṁ pariyonandhi, thusopi taṇḍulaṁ pariyonandhi; ",
  "dn27:17.23": "lūnampi nappaṭivirūḷhaṁ, apadānaṁ paññāyittha, saṇḍasaṇḍā sālayo aṭṭhaṁsu. ",
  "dn27:18.0": "9. Sālivibhāga ",
  "dn27:18.1": "Atha kho te, vāseṭṭha, sattā sannipatiṁsu, sannipatitvā anutthuniṁsu: ",
  "dn27:18.2": "‘pāpakā vata, bho, dhammā sattesu pātubhūtā. ",
  "dn27:18.3": "Mayañhi pubbe manomayā ahumhā pītibhakkhā sayaṁpabhā antalikkhacarā subhaṭṭhāyino, ciraṁ dīghamaddhānaṁ aṭṭhamhā. ",
  "dn27:18.4": "Tesaṁ no amhākaṁ kadāci karahaci dīghassa addhuno accayena rasapathavī udakasmiṁ samatani. ",
  "dn27:18.5": "Sā ahosi vaṇṇasampannā gandhasampannā rasasampannā. ",
  "dn27:18.6": "Te mayaṁ rasapathaviṁ hatthehi āluppakārakaṁ upakkamimha paribhuñjituṁ, tesaṁ no rasapathaviṁ hatthehi āluppakārakaṁ upakkamataṁ paribhuñjituṁ sayaṁpabhā antaradhāyi. ",
  "dn27:18.7": "Sayaṁpabhāya antarahitāya candimasūriyā pāturahesuṁ, candimasūriyesu pātubhūtesu nakkhattāni tārakarūpāni pāturahesuṁ, nakkhattesu tārakarūpesu pātubhūtesu rattindivā paññāyiṁsu, rattindivesu paññāyamānesu māsaḍḍhamāsā paññāyiṁsu. ",
  "dn27:18.8": "Māsaḍḍhamāsesu paññāyamānesu utusaṁvaccharā paññāyiṁsu. ",
  "dn27:18.9": "Te mayaṁ rasapathaviṁ paribhuñjantā tambhakkhā tadāhārā ciraṁ dīghamaddhānaṁ aṭṭhamhā. ",
  "dn27:18.10": "Tesaṁ no pāpakānaṁyeva akusalānaṁ dhammānaṁ pātubhāvā rasapathavī antaradhāyi. ",
  "dn27:18.11": "Rasapathaviyā antarahitāya bhūmipappaṭako pāturahosi. ",
  "dn27:18.12": "So ahosi vaṇṇasampanno gandhasampanno rasasampanno. ",
  "dn27:18.13": "Te mayaṁ bhūmipappaṭakaṁ upakkamimha paribhuñjituṁ. ",
  "dn27:18.14": "Te mayaṁ taṁ paribhuñjantā tambhakkhā tadāhārā ciraṁ dīghamaddhānaṁ aṭṭhamhā. ",
  "dn27:18.15": "Tesaṁ no pāpakānaṁyeva akusalānaṁ dhammānaṁ pātubhāvā bhūmipappaṭako antaradhāyi. ",
  "dn27:18.16": "Bhūmipappaṭake antarahite padālatā pāturahosi. ",
  "dn27:18.17": "Sā ahosi vaṇṇasampannā gandhasampannā rasasampannā. ",
  "dn27:18.18": "Te mayaṁ padālataṁ upakkamimha paribhuñjituṁ. ",
  "dn27:18.19": "Te mayaṁ taṁ paribhuñjantā tambhakkhā tadāhārā ciraṁ dīghamaddhānaṁ aṭṭhamhā. ",
  "dn27:18.20": "Tesaṁ no pāpakānaṁyeva akusalānaṁ dhammānaṁ pātubhāvā padālatā antaradhāyi. ",
  "dn27:18.21": "Padālatāya antarahitāya akaṭṭhapāko sāli pāturahosi akaṇo athuso suddho sugandho taṇḍulapphalo. ",
  "dn27:18.22": "Yaṁ taṁ sāyaṁ sāyamāsāya āharāma, pāto taṁ hoti pakkaṁ paṭivirūḷhaṁ. ",
  "dn27:18.23": "Yaṁ taṁ pāto pātarāsāya āharāma, sāyaṁ taṁ hoti pakkaṁ paṭivirūḷhaṁ. ",
  "dn27:18.24": "Nāpadānaṁ paññāyittha. ",
  "dn27:18.25": "Te mayaṁ akaṭṭhapākaṁ sāliṁ paribhuñjantā tambhakkhā tadāhārā ciraṁ dīghamaddhānaṁ aṭṭhamhā. ",
  "dn27:18.26": "Tesaṁ no pāpakānaṁyeva akusalānaṁ dhammānaṁ pātubhāvā kaṇopi taṇḍulaṁ pariyonandhi, thusopi taṇḍulaṁ pariyonandhi, lūnampi nappaṭivirūḷhaṁ, apadānaṁ paññāyittha, saṇḍasaṇḍā sālayo ṭhitā. ",
  "dn27:18.27": "Yannūna mayaṁ sāliṁ vibhajeyyāma, mariyādaṁ ṭhapeyyāmā’ti. ",
  "dn27:18.28": "Atha kho te, vāseṭṭha, sattā sāliṁ vibhajiṁsu, mariyādaṁ ṭhapesuṁ. ",
  "dn27:19.1": "Atha kho, vāseṭṭha, aññataro satto lolajātiko sakaṁ bhāgaṁ parirakkhanto aññataraṁ bhāgaṁ adinnaṁ ādiyitvā paribhuñji. ",
  "dn27:19.2": "Tamenaṁ aggahesuṁ, gahetvā etadavocuṁ: ",
  "dn27:19.3": "‘pāpakaṁ vata, bho satta, karosi, yatra hi nāma sakaṁ bhāgaṁ parirakkhanto aññataraṁ bhāgaṁ adinnaṁ ādiyitvā paribhuñjasi. ",
  "dn27:19.4": "Māssu, bho satta, punapi evarūpamakāsī’ti. ",
  "dn27:19.5": "‘Evaṁ, bho’ti kho, vāseṭṭha, so satto tesaṁ sattānaṁ paccassosi. ",
  "dn27:19.6": "Dutiyampi kho, vāseṭṭha, so satto …pe… ",
  "dn27:19.7": "tatiyampi kho, vāseṭṭha, so satto sakaṁ bhāgaṁ parirakkhanto aññataraṁ bhāgaṁ adinnaṁ ādiyitvā paribhuñji. ",
  "dn27:19.8": "Tamenaṁ aggahesuṁ, gahetvā etadavocuṁ: ",
  "dn27:19.9": "‘pāpakaṁ vata, bho satta, karosi, yatra hi nāma sakaṁ bhāgaṁ parirakkhanto aññataraṁ bhāgaṁ adinnaṁ ādiyitvā paribhuñjasi. ",
  "dn27:19.10": "Māssu, bho satta, punapi evarūpamakāsī’ti. ",
  "dn27:19.11": "Aññe pāṇinā pahariṁsu, aññe leḍḍunā pahariṁsu, aññe daṇḍena pahariṁsu. ",
  "dn27:19.12": "Tadagge kho, vāseṭṭha, adinnādānaṁ paññāyati, garahā paññāyati, musāvādo paññāyati, daṇḍādānaṁ paññāyati. ",
  "dn27:20.0": "10. Mahāsammatarājā ",
  "dn27:20.1": "Atha kho te, vāseṭṭha, sattā sannipatiṁsu, sannipatitvā anutthuniṁsu: ",
  "dn27:20.2": "‘pāpakā vata bho dhammā sattesu pātubhūtā, yatra hi nāma adinnādānaṁ paññāyissati, garahā paññāyissati, musāvādo paññāyissati, daṇḍādānaṁ paññāyissati. ",
  "dn27:20.3": "Yannūna mayaṁ ekaṁ sattaṁ sammanneyyāma, yo no sammā khīyitabbaṁ khīyeyya, sammā garahitabbaṁ garaheyya, sammā pabbājetabbaṁ pabbājeyya. ",
  "dn27:20.4": "Mayaṁ panassa sālīnaṁ bhāgaṁ anuppadassāmā’ti. ",
  "dn27:20.5": "Atha kho te, vāseṭṭha, sattā yo nesaṁ satto abhirūpataro ca dassanīyataro ca pāsādikataro ca mahesakkhataro ca taṁ sattaṁ upasaṅkamitvā etadavocuṁ: ",
  "dn27:20.6": "‘ehi, bho satta, sammā khīyitabbaṁ khīya, sammā garahitabbaṁ garaha, sammā pabbājetabbaṁ pabbājehi. ",
  "dn27:20.7": "Mayaṁ pana te sālīnaṁ bhāgaṁ anuppadassāmā’ti. ",
  "dn27:20.8": "‘Evaṁ, bho’ti kho, vāseṭṭha, so satto tesaṁ sattānaṁ paṭissuṇitvā sammā khīyitabbaṁ khīyi, sammā garahitabbaṁ garahi, sammā pabbājetabbaṁ pabbājesi. ",
  "dn27:20.9": "Te panassa sālīnaṁ bhāgaṁ anuppadaṁsu. ",
  "dn27:21.1": "Mahājanasammatoti kho, vāseṭṭha, ‘mahāsammato, mahāsammato’ tveva paṭhamaṁ akkharaṁ upanibbattaṁ. ",
  "dn27:21.2": "Khettānaṁ adhipatīti kho, vāseṭṭha, ‘khattiyo, khattiyo’ tveva dutiyaṁ akkharaṁ upanibbattaṁ. ",
  "dn27:21.3": "Dhammena pare rañjetīti kho, vāseṭṭha, ‘rājā, rājā’ tveva tatiyaṁ akkharaṁ upanibbattaṁ. ",
  "dn27:21.4": "Iti kho, vāseṭṭha, evametassa khattiyamaṇḍalassa porāṇena aggaññena akkharena abhinibbatti ahosi tesaṁyeva sattānaṁ, anaññesaṁ. Sadisānaṁyeva, no asadisānaṁ. Dhammeneva, no adhammena. ",
  "dn27:21.5": "Dhammo hi, vāseṭṭha, seṭṭho janetasmiṁ diṭṭhe ceva dhamme abhisamparāyañca. ",
  "dn27:22.0": "11. Brāhmaṇamaṇḍala ",
  "dn27:22.1": "Atha kho tesaṁ, vāseṭṭha, sattānaṁyeva ekaccānaṁ etadahosi: ",
  "dn27:22.2": "‘pāpakā vata, bho, dhammā sattesu pātubhūtā, yatra hi nāma adinnādānaṁ paññāyissati, garahā paññāyissati, musāvādo paññāyissati, daṇḍādānaṁ paññāyissati, pabbājanaṁ paññāyissati. ",
  "dn27:22.3": "Yannūna mayaṁ pāpake akusale dhamme vāheyyāmā’ti. ",
  "dn27:22.4": "Te pāpake akusale dhamme vāhesuṁ. ",
  "dn27:22.5": "Pāpake akusale dhamme vāhentīti kho, vāseṭṭha, ‘brāhmaṇā, brāhmaṇā’ tveva paṭhamaṁ akkharaṁ upanibbattaṁ. ",
  "dn27:22.6": "Te araññāyatane paṇṇakuṭiyo karitvā paṇṇakuṭīsu jhāyanti vītaṅgārā vītadhūmā pannamusalā sāyaṁ sāyamāsāya pāto pātarāsāya gāmanigamarājadhāniyo osaranti ghāsamesamānā. ",
  "dn27:22.7": "Te ghāsaṁ paṭilabhitvā punadeva araññāyatane paṇṇakuṭīsu jhāyanti. ",
  "dn27:22.8": "Tamenaṁ manussā disvā evamāhaṁsu: ",
  "dn27:22.9": "‘ime kho, bho, sattā araññāyatane paṇṇakuṭiyo karitvā paṇṇakuṭīsu jhāyanti, vītaṅgārā vītadhūmā pannamusalā sāyaṁ sāyamāsāya pāto pātarāsāya gāmanigamarājadhāniyo osaranti ghāsamesamānā. ",
  "dn27:22.10": "Te ghāsaṁ paṭilabhitvā punadeva araññāyatane paṇṇakuṭīsu jhāyantī’ti, ",
  "dn27:22.11": "jhāyantīti kho, vāseṭṭha, ‘jhāyakā, jhāyakā’ tveva dutiyaṁ akkharaṁ upanibbattaṁ. ",
  "dn27:23.1": "Tesaṁyeva kho, vāseṭṭha, sattānaṁ ekacce sattā araññāyatane paṇṇakuṭīsu taṁ jhānaṁ anabhisambhuṇamānā gāmasāmantaṁ nigamasāmantaṁ osaritvā ganthe karontā acchanti. ",
  "dn27:23.2": "Tamenaṁ manussā disvā evamāhaṁsu: ",
  "dn27:23.3": "‘ime kho, bho, sattā araññāyatane paṇṇakuṭīsu taṁ jhānaṁ anabhisambhuṇamānā gāmasāmantaṁ nigamasāmantaṁ osaritvā ganthe karontā acchanti, na dānime jhāyantī’ti. ",
  "dn27:23.4": "Na dānime jhāyantīti kho, vāseṭṭha, ‘ajjhāyakā, ajjhāyakā’ tveva tatiyaṁ akkharaṁ upanibbattaṁ. ",
  "dn27:23.5": "Hīnasammataṁ kho pana, vāseṭṭha, tena samayena hoti, tadetarahi seṭṭhasammataṁ. ",
  "dn27:23.6": "Iti kho, vāseṭṭha, evametassa brāhmaṇamaṇḍalassa porāṇena aggaññena akkharena abhinibbatti ahosi tesaṁyeva sattānaṁ, anaññesaṁ sadisānaṁyeva no asadisānaṁ dhammeneva, no adhammena. ",
  "dn27:23.7": "Dhammo hi, vāseṭṭha, seṭṭho janetasmiṁ diṭṭhe ceva dhamme abhisamparāyañca. ",
  "dn27:24.0": "12. Vessamaṇḍala ",
  "dn27:24.1": "Tesaṁyeva kho, vāseṭṭha, sattānaṁ ekacce sattā methunaṁ dhammaṁ samādāya visukammante payojesuṁ. ",
  "dn27:24.2": "Methunaṁ dhammaṁ samādāya visukammante payojentīti kho, vāseṭṭha, ‘vessā, vessā’ tveva akkharaṁ upanibbattaṁ. ",
  "dn27:24.3": "Iti kho, vāseṭṭha, evametassa vessamaṇḍalassa porāṇena aggaññena akkharena abhinibbatti ahosi tesaññeva sattānaṁ anaññesaṁ sadisānaṁyeva, no asadisānaṁ, dhammeneva no adhammena. ",
  "dn27:24.4": "Dhammo hi, vāseṭṭha, seṭṭho janetasmiṁ diṭṭhe ceva dhamme abhisamparāyañca. ",
  "dn27:25.0": "13. Suddamaṇḍala ",
  "dn27:25.1": "Tesaññeva kho, vāseṭṭha, sattānaṁ ye te sattā avasesā te luddācārā khuddācārā ahesuṁ. ",
  "dn27:25.2": "Luddācārā khuddācārāti kho, vāseṭṭha, ‘suddā, suddā’ tveva akkharaṁ upanibbattaṁ. ",
  "dn27:25.3": "Iti kho, vāseṭṭha, evametassa suddamaṇḍalassa porāṇena aggaññena akkharena abhinibbatti ahosi tesaṁyeva sattānaṁ anaññesaṁ, sadisānaṁyeva no asadisānaṁ, dhammeneva, no adhammena. ",
  "dn27:25.4": "Dhammo hi, vāseṭṭha, seṭṭho janetasmiṁ diṭṭhe ceva dhamme abhisamparāyañca. ",
  "dn27:26.1": "Ahu kho so, vāseṭṭha, samayo, yaṁ khattiyopi sakaṁ dhammaṁ garahamāno agārasmā anagāriyaṁ pabbajati: ",
  "dn27:26.2": "‘samaṇo bhavissāmī’ti. ",
  "dn27:26.3": "Brāhmaṇopi kho, vāseṭṭha …pe… ",
  "dn27:26.4": "vessopi kho, vāseṭṭha …pe… ",
  "dn27:26.5": "suddopi kho, vāseṭṭha, sakaṁ dhammaṁ garahamāno agārasmā anagāriyaṁ pabbajati: ",
  "dn27:26.6": "‘samaṇo bhavissāmī’ti. ",
  "dn27:26.7": "Imehi kho, vāseṭṭha, catūhi maṇḍalehi samaṇamaṇḍalassa abhinibbatti ahosi, tesaṁyeva sattānaṁ anaññesaṁ, sadisānaṁyeva no asadisānaṁ, dhammeneva no adhammena. ",
  "dn27:26.8": "Dhammo hi, vāseṭṭha, seṭṭho janetasmiṁ diṭṭhe ceva dhamme abhisamparāyañca. ",
  "dn27:27.0": "14. Duccaritādikathā ",
  "dn27:27.1": "Khattiyopi kho, vāseṭṭha, kāyena duccaritaṁ caritvā vācāya duccaritaṁ caritvā manasā duccaritaṁ caritvā micchādiṭṭhiko micchādiṭṭhikammasamādāno micchādiṭṭhikammasamādānahetu kāyassa bhedā paraṁ maraṇā apāyaṁ duggatiṁ vinipātaṁ nirayaṁ upapajjati. ",
  "dn27:27.2": "Brāhmaṇopi kho, vāseṭṭha …pe… ",
  "dn27:27.3": "vessopi kho, vāseṭṭha … ",
  "dn27:27.4": "suddopi kho, vāseṭṭha … ",
  "dn27:27.5": "samaṇopi kho, vāseṭṭha, kāyena duccaritaṁ caritvā vācāya duccaritaṁ caritvā manasā duccaritaṁ caritvā micchādiṭṭhiko micchādiṭṭhikammasamādāno micchādiṭṭhikammasamādānahetu kāyassa bhedā paraṁ maraṇā apāyaṁ duggatiṁ vinipātaṁ nirayaṁ upapajjati. ",
  "dn27:28.1": "Khattiyopi kho, vāseṭṭha, kāyena sucaritaṁ caritvā vācāya sucaritaṁ caritvā manasā sucaritaṁ caritvā sammādiṭṭhiko sammādiṭṭhikammasamādāno sammādiṭṭhikammasamādānahetu kāyassa bhedā paraṁ maraṇā sugatiṁ saggaṁ lokaṁ upapajjati. ",
  "dn27:28.2": "Brāhmaṇopi kho, vāseṭṭha …pe… ",
  "dn27:28.3": "vessopi kho, vāseṭṭha … ",
  "dn27:28.4": "suddopi kho, vāseṭṭha … ",
  "dn27:28.5": "samaṇopi kho, vāseṭṭha, kāyena sucaritaṁ caritvā vācāya sucaritaṁ caritvā manasā sucaritaṁ caritvā sammādiṭṭhiko sammādiṭṭhikammasamādāno sammādiṭṭhikammasamādānahetu kāyassa bhedā paraṁ maraṇā sugatiṁ saggaṁ lokaṁ upapajjati. ",
  "dn27:29.1": "Khattiyopi kho, vāseṭṭha, kāyena dvayakārī, vācāya dvayakārī, manasā dvayakārī, vimissadiṭṭhiko vimissadiṭṭhikammasamādāno vimissadiṭṭhikammasamādānahetu kāyassa bhedā paraṁ maraṇā sukhadukkhappaṭisaṁvedī hoti. ",
  "dn27:29.2": "Brāhmaṇopi kho, vāseṭṭha …pe… ",
  "dn27:29.3": "vessopi kho, vāseṭṭha … ",
  "dn27:29.4": "suddopi kho, vāseṭṭha … ",
  "dn27:29.5": "samaṇopi kho, vāseṭṭha, kāyena dvayakārī, vācāya dvayakārī, manasā dvayakārī, vimissadiṭṭhiko vimissadiṭṭhikammasamādāno vimissadiṭṭhikammasamādānahetu kāyassa bhedā paraṁ maraṇā sukhadukkhappaṭisaṁvedī hoti. ",
  "dn27:30.0": "15. Bodhipakkhiyabhāvanā ",
  "dn27:30.1": "Khattiyopi kho, vāseṭṭha, kāyena saṁvuto vācāya saṁvuto manasā saṁvuto sattannaṁ bodhipakkhiyānaṁ dhammānaṁ bhāvanamanvāya diṭṭheva dhamme parinibbāyati. ",
  "dn27:30.2": "Brāhmaṇopi kho, vāseṭṭha …pe… ",
  "dn27:30.3": "vessopi kho, vāseṭṭha … ",
  "dn27:30.4": "suddopi kho, vāseṭṭha … ",
  "dn27:30.5": "samaṇopi kho, vāseṭṭha, kāyena saṁvuto vācāya saṁvuto manasā saṁvuto sattannaṁ bodhipakkhiyānaṁ dhammānaṁ bhāvanamanvāya diṭṭheva dhamme parinibbāyati. ",
  "dn27:31.1": "Imesañhi, vāseṭṭha, catunnaṁ vaṇṇānaṁ yo hoti bhikkhu arahaṁ khīṇāsavo vusitavā katakaraṇīyo ohitabhāro anuppattasadattho parikkhīṇabhavasaṁyojano sammadaññāvimutto, so nesaṁ aggamakkhāyati dhammeneva, no adhammena. ",
  "dn27:31.2": "Dhammo hi, vāseṭṭha, seṭṭho janetasmiṁ diṭṭhe ceva dhamme abhisamparāyañca. ",
  "dn27:32.1": "Brahmunā pesā, vāseṭṭha, sanaṅkumārena gāthā bhāsitā: ",
  "dn27:32.2": "‘Khattiyo seṭṭho janetasmiṁ, ",
  "dn27:32.3": "ye gottapaṭisārino; ",
  "dn27:32.4": "Vijjācaraṇasampanno, ",
  "dn27:32.5": "so seṭṭho devamānuse’ti. ",
  "dn27:32.6": "Sā kho panesā, vāseṭṭha, brahmunā sanaṅkumārena gāthā sugītā, no duggītā. Subhāsitā, no dubbhāsitā. Atthasaṁhitā, no anatthasaṁhitā. Anumatā mayā. ",
  "dn27:32.7": "Ahampi, vāseṭṭha, evaṁ vadāmi—",
  "dn27:32.8": "Khattiyo seṭṭho janetasmiṁ, ",
  "dn27:32.9": "ye gottapaṭisārino; ",
  "dn27:32.10": "Vijjācaraṇasampanno, ",
  "dn27:32.11": "so seṭṭho devamānuse”ti. ",
  "dn27:32.12": "Idamavoca bhagavā. ",
  "dn27:32.13": "Attamanā vāseṭṭhabhāradvājā bhagavato bhāsitaṁ abhinandunti. ",
  "dn27:32.14": "Aggaññasuttaṁ niṭṭhitaṁ catutthaṁ. "
}