{
  "dn32:0.1": "Dīgha Nikāya 32 ",
  "dn32:0.2": "Āṭānāṭiyasutta ",
  "dn32:1.0": "1. Paṭhamabhāṇavāra ",
  "dn32:1.1": "Evaṁ me sutaṁ—",
  "dn32:1.2": "ekaṁ samayaṁ bhagavā rājagahe viharati gijjhakūṭe pabbate. ",
  "dn32:1.3": "Atha kho cattāro mahārājā mahatiyā ca yakkhasenāya mahatiyā ca gandhabbasenāya mahatiyā ca kumbhaṇḍasenāya mahatiyā ca nāgasenāya catuddisaṁ rakkhaṁ ṭhapetvā catuddisaṁ gumbaṁ ṭhapetvā catuddisaṁ ovaraṇaṁ ṭhapetvā abhikkantāya rattiyā abhikkantavaṇṇā kevalakappaṁ gijjhakūṭaṁ pabbataṁ obhāsetvā yena bhagavā tenupasaṅkamiṁsu; upasaṅkamitvā bhagavantaṁ abhivādetvā ekamantaṁ nisīdiṁsu. ",
  "dn32:1.4": "Tepi kho yakkhā appekacce bhagavantaṁ abhivādetvā ekamantaṁ nisīdiṁsu, appekacce bhagavatā saddhiṁ sammodiṁsu, sammodanīyaṁ kathaṁ sāraṇīyaṁ vītisāretvā ekamantaṁ nisīdiṁsu, appekacce yena bhagavā tenañjaliṁ paṇāmetvā ekamantaṁ nisīdiṁsu, appekacce nāmagottaṁ sāvetvā ekamantaṁ nisīdiṁsu, appekacce tuṇhībhūtā ekamantaṁ nisīdiṁsu. ",
  "dn32:2.1": "Ekamantaṁ nisinno kho vessavaṇo mahārājā bhagavantaṁ etadavoca: ",
  "dn32:2.2": "“santi hi, bhante, uḷārā yakkhā bhagavato appasannā. ",
  "dn32:2.3": "Santi hi, bhante, uḷārā yakkhā bhagavato pasannā. ",
  "dn32:2.4": "Santi hi, bhante, majjhimā yakkhā bhagavato appasannā. ",
  "dn32:2.5": "Santi hi, bhante, majjhimā yakkhā bhagavato pasannā. ",
  "dn32:2.6": "Santi hi, bhante, nīcā yakkhā bhagavato appasannā. ",
  "dn32:2.7": "Santi hi, bhante, nīcā yakkhā bhagavato pasannā. ",
  "dn32:2.8": "Yebhuyyena kho pana, bhante, yakkhā appasannāyeva bhagavato. ",
  "dn32:2.9": "Taṁ kissa hetu? ",
  "dn32:2.10": "Bhagavā hi, bhante, pāṇātipātā veramaṇiyā dhammaṁ deseti, adinnādānā veramaṇiyā dhammaṁ deseti, kāmesumicchācārā veramaṇiyā dhammaṁ deseti, musāvādā veramaṇiyā dhammaṁ deseti, surāmerayamajjappamādaṭṭhānā veramaṇiyā dhammaṁ deseti. ",
  "dn32:2.11": "Yebhuyyena kho pana, bhante, yakkhā appaṭiviratāyeva pāṇātipātā, appaṭiviratā adinnādānā, appaṭiviratā kāmesumicchācārā, appaṭiviratā musāvādā, appaṭiviratā surāmerayamajjappamādaṭṭhānā. ",
  "dn32:2.12": "Tesaṁ taṁ hoti appiyaṁ amanāpaṁ. ",
  "dn32:2.13": "Santi hi, bhante, bhagavato sāvakā araññavanapatthāni pantāni senāsanāni paṭisevanti appasaddāni appanigghosāni vijanavātāni manussarāhasseyyakāni paṭisallānasāruppāni. ",
  "dn32:2.14": "Tattha santi uḷārā yakkhā nivāsino, ye imasmiṁ bhagavato pāvacane appasannā. ",
  "dn32:2.15": "Tesaṁ pasādāya uggaṇhātu, bhante, bhagavā āṭānāṭiyaṁ rakkhaṁ bhikkhūnaṁ bhikkhunīnaṁ upāsakānaṁ upāsikānaṁ guttiyā rakkhāya avihiṁsāya phāsuvihārāyā”ti. ",
  "dn32:2.16": "Adhivāsesi bhagavā tuṇhībhāvena. ",
  "dn32:3.1": "Atha kho vessavaṇo mahārājā bhagavato adhivāsanaṁ viditvā tāyaṁ velāyaṁ imaṁ āṭānāṭiyaṁ rakkhaṁ abhāsi: ",
  "dn32:3.2": "“Vipassissa ca namatthu, ",
  "dn32:3.3": "cakkhumantassa sirīmato; ",
  "dn32:3.4": "Sikhissapi ca namatthu, ",
  "dn32:3.5": "sabbabhūtānukampino. ",
  "dn32:3.6": "Vessabhussa ca namatthu, ",
  "dn32:3.7": "nhātakassa tapassino; ",
  "dn32:3.8": "Namatthu kakusandhassa, ",
  "dn32:3.9": "mārasenāpamaddino. ",
  "dn32:3.10": "Koṇāgamanassa namatthu, ",
  "dn32:3.11": "brāhmaṇassa vusīmato; ",
  "dn32:3.12": "Kassapassa ca namatthu, ",
  "dn32:3.13": "vippamuttassa sabbadhi. ",
  "dn32:3.14": "Aṅgīrasassa namatthu, ",
  "dn32:3.15": "sakyaputtassa sirīmato; ",
  "dn32:3.16": "Yo imaṁ dhammaṁ desesi, ",
  "dn32:3.17": "sabbadukkhāpanūdanaṁ. ",
  "dn32:3.18": "Ye cāpi nibbutā loke, ",
  "dn32:3.19": "yathābhūtaṁ vipassisuṁ; ",
  "dn32:3.20": "Te janā apisuṇātha, ",
  "dn32:3.21": "mahantā vītasāradā. ",
  "dn32:3.22": "Hitaṁ devamanussānaṁ, ",
  "dn32:3.23": "yaṁ namassanti gotamaṁ; ",
  "dn32:3.24": "Vijjācaraṇasampannaṁ, ",
  "dn32:3.25": "mahantaṁ vītasāradaṁ. ",
  "dn32:4.1": "Yato uggacchati sūriyo, ",
  "dn32:4.2": "ādicco maṇḍalī mahā; ",
  "dn32:4.3": "Yassa cuggacchamānassa, ",
  "dn32:4.4": "saṁvarīpi nirujjhati; ",
  "dn32:4.5": "Yassa cuggate sūriye, ",
  "dn32:4.6": "‘divaso’ti pavuccati. ",
  "dn32:4.7": "Rahadopi tattha gambhīro, ",
  "dn32:4.8": "samuddo saritodako; ",
  "dn32:4.9": "Evaṁ taṁ tattha jānanti, ",
  "dn32:4.10": "‘samuddo saritodako’. ",
  "dn32:4.11": "Ito ‘sā purimā disā’, ",
  "dn32:4.12": "iti naṁ ācikkhatī jano; ",
  "dn32:4.13": "Yaṁ disaṁ abhipāleti, ",
  "dn32:4.14": "mahārājā yasassi so. ",
  "dn32:4.15": "Gandhabbānaṁ adhipati, ",
  "dn32:4.16": "‘dhataraṭṭho’ti nāmaso; ",
  "dn32:4.17": "Ramatī naccagītehi, ",
  "dn32:4.18": "gandhabbehi purakkhato. ",
  "dn32:4.19": "Puttāpi tassa bahavo, ",
  "dn32:4.20": "ekanāmāti me sutaṁ; ",
  "dn32:4.21": "Asīti dasa eko ca, ",
  "dn32:4.22": "indanāmā mahabbalā. ",
  "dn32:4.23": "Te cāpi buddhaṁ disvāna, ",
  "dn32:4.24": "buddhaṁ ādiccabandhunaṁ; ",
  "dn32:4.25": "Dūratova namassanti, ",
  "dn32:4.26": "mahantaṁ vītasāradaṁ. ",
  "dn32:4.27": "Namo te purisājañña, ",
  "dn32:4.28": "namo te purisuttama; ",
  "dn32:4.29": "Kusalena samekkhasi, ",
  "dn32:4.30": "amanussāpi taṁ vandanti; ",
  "dn32:4.31": "Sutaṁ netaṁ abhiṇhaso, ",
  "dn32:4.32": "tasmā evaṁ vademase. ",
  "dn32:4.33": "‘Jinaṁ vandatha gotamaṁ’, ",
  "dn32:4.34": "‘jinaṁ vandāma gotamaṁ; ",
  "dn32:4.35": "Vijjācaraṇasampannaṁ, ",
  "dn32:4.36": "buddhaṁ vandāma gotamaṁ’. ",
  "dn32:5.1": "Yena petā pavuccanti, ",
  "dn32:5.2": "pisuṇā piṭṭhimaṁsikā; ",
  "dn32:5.3": "Pāṇātipātino luddā, ",
  "dn32:5.4": "corā nekatikā janā. ",
  "dn32:5.5": "Ito ‘sā dakkhiṇā disā’, ",
  "dn32:5.6": "iti naṁ ācikkhatī jano; ",
  "dn32:5.7": "Yaṁ disaṁ abhipāleti, ",
  "dn32:5.8": "mahārājā yasassi so. ",
  "dn32:5.9": "Kumbhaṇḍānaṁ adhipati, ",
  "dn32:5.10": "‘virūḷho’ iti nāmaso; ",
  "dn32:5.11": "Ramatī naccagītehi, ",
  "dn32:5.12": "kumbhaṇḍehi purakkhato. ",
  "dn32:5.13": "Puttāpi tassa bahavo, ",
  "dn32:5.14": "ekanāmāti me sutaṁ; ",
  "dn32:5.15": "Asīti dasa eko ca, ",
  "dn32:5.16": "indanāmā mahabbalā. ",
  "dn32:5.17": "Te cāpi buddhaṁ disvāna, ",
  "dn32:5.18": "buddhaṁ ādiccabandhunaṁ; ",
  "dn32:5.19": "Dūratova namassanti, ",
  "dn32:5.20": "mahantaṁ vītasāradaṁ. ",
  "dn32:5.21": "Namo te purisājañña, ",
  "dn32:5.22": "namo te purisuttama; ",
  "dn32:5.23": "Kusalena samekkhasi, ",
  "dn32:5.24": "amanussāpi taṁ vandanti; ",
  "dn32:5.25": "Sutaṁ netaṁ abhiṇhaso, ",
  "dn32:5.26": "tasmā evaṁ vademase. ",
  "dn32:5.27": "‘Jinaṁ vandatha gotamaṁ’, ",
  "dn32:5.28": "‘jinaṁ vandāma gotamaṁ; ",
  "dn32:5.29": "Vijjācaraṇasampannaṁ, ",
  "dn32:5.30": "buddhaṁ vandāma gotamaṁ’. ",
  "dn32:6.1": "Yattha coggacchati sūriyo, ",
  "dn32:6.2": "ādicco maṇḍalī mahā; ",
  "dn32:6.3": "Yassa coggacchamānassa, ",
  "dn32:6.4": "divasopi nirujjhati; ",
  "dn32:6.5": "Yassa coggate sūriye, ",
  "dn32:6.6": "‘saṁvarī’ti pavuccati. ",
  "dn32:6.7": "Rahadopi tattha gambhīro, ",
  "dn32:6.8": "samuddo saritodako; ",
  "dn32:6.9": "Evaṁ taṁ tattha jānanti, ",
  "dn32:6.10": "‘samuddo saritodako’. ",
  "dn32:6.11": "Ito ‘sā pacchimā disā’, ",
  "dn32:6.12": "iti naṁ ācikkhatī jano; ",
  "dn32:6.13": "Yaṁ disaṁ abhipāleti, ",
  "dn32:6.14": "mahārājā yasassi so. ",
  "dn32:6.15": "Nāgānañca adhipati, ",
  "dn32:6.16": "‘virūpakkho’ti nāmaso; ",
  "dn32:6.17": "Ramatī naccagītehi, ",
  "dn32:6.18": "nāgeheva purakkhato. ",
  "dn32:6.19": "Puttāpi tassa bahavo, ",
  "dn32:6.20": "ekanāmāti me sutaṁ; ",
  "dn32:6.21": "Asīti dasa eko ca, ",
  "dn32:6.22": "indanāmā mahabbalā. ",
  "dn32:6.23": "Te cāpi buddhaṁ disvāna, ",
  "dn32:6.24": "buddhaṁ ādiccabandhunaṁ; ",
  "dn32:6.25": "Dūratova namassanti, ",
  "dn32:6.26": "mahantaṁ vītasāradaṁ. ",
  "dn32:6.27": "Namo te purisājañña, ",
  "dn32:6.28": "namo te purisuttama; ",
  "dn32:6.29": "Kusalena samekkhasi, ",
  "dn32:6.30": "amanussāpi taṁ vandanti; ",
  "dn32:6.31": "Sutaṁ netaṁ abhiṇhaso, ",
  "dn32:6.32": "tasmā evaṁ vademase. ",
  "dn32:6.33": "‘Jinaṁ vandatha gotamaṁ’, ",
  "dn32:6.34": "‘jinaṁ vandāma gotamaṁ; ",
  "dn32:6.35": "Vijjācaraṇasampannaṁ, ",
  "dn32:6.36": "buddhaṁ vandāma gotamaṁ’. ",
  "dn32:7.1": "Yena uttarakuruvho, ",
  "dn32:7.2": "mahāneru sudassano; ",
  "dn32:7.3": "Manussā tattha jāyanti, ",
  "dn32:7.4": "amamā apariggahā. ",
  "dn32:7.5": "Na te bījaṁ pavapanti, ",
  "dn32:7.6": "napi nīyanti naṅgalā; ",
  "dn32:7.7": "Akaṭṭhapākimaṁ sāliṁ, ",
  "dn32:7.8": "paribhuñjanti mānusā. ",
  "dn32:7.9": "Akaṇaṁ athusaṁ suddhaṁ, ",
  "dn32:7.10": "sugandhaṁ taṇḍulapphalaṁ; ",
  "dn32:7.11": "Tuṇḍikīre pacitvāna, ",
  "dn32:7.12": "tato bhuñjanti bhojanaṁ. ",
  "dn32:7.13": "Gāviṁ ekakhuraṁ katvā, ",
  "dn32:7.14": "anuyanti disodisaṁ; ",
  "dn32:7.15": "Pasuṁ ekakhuraṁ katvā, ",
  "dn32:7.16": "anuyanti disodisaṁ. ",
  "dn32:7.17": "Itthiṁ vā vāhanaṁ katvā, ",
  "dn32:7.18": "anuyanti disodisaṁ; ",
  "dn32:7.19": "Purisaṁ vāhanaṁ katvā, ",
  "dn32:7.20": "anuyanti disodisaṁ. ",
  "dn32:7.21": "Kumāriṁ vāhanaṁ katvā, ",
  "dn32:7.22": "anuyanti disodisaṁ; ",
  "dn32:7.23": "Kumāraṁ vāhanaṁ katvā, ",
  "dn32:7.24": "anuyanti disodisaṁ. ",
  "dn32:7.25": "Te yāne abhiruhitvā, ",
  "dn32:7.26": "Sabbā disā anupariyāyanti; ",
  "dn32:7.27": "Pacārā tassa rājino. ",
  "dn32:7.28": "Hatthiyānaṁ assayānaṁ, ",
  "dn32:7.29": "dibbaṁ yānaṁ upaṭṭhitaṁ; ",
  "dn32:7.30": "Pāsādā sivikā ceva, ",
  "dn32:7.31": "mahārājassa yasassino. ",
  "dn32:7.32": "Tassa ca nagarā ahu, ",
  "dn32:7.33": "Antalikkhe sumāpitā; ",
  "dn32:7.34": "Āṭānāṭā kusināṭā parakusināṭā, ",
  "dn32:7.35": "Nāṭasuriyā parakusiṭanāṭā. ",
  "dn32:7.36": "Uttarena kasivanto, ",
  "dn32:7.37": "Janoghamaparena ca; ",
  "dn32:7.38": "Navanavutiyo ambaraambaravatiyo, ",
  "dn32:7.39": "Āḷakamandā nāma rājadhānī. ",
  "dn32:7.40": "Kuverassa kho pana mārisa, ",
  "dn32:7.41": "Mahārājassa visāṇā nāma rājadhānī; ",
  "dn32:7.42": "Tasmā kuvero mahārājā, ",
  "dn32:7.43": "‘Vessavaṇo’ti pavuccati. ",
  "dn32:7.44": "Paccesanto pakāsenti, ",
  "dn32:7.45": "Tatolā tattalā tatotalā; ",
  "dn32:7.46": "Ojasi tejasi tatojasī, ",
  "dn32:7.47": "Sūro rājā ariṭṭho nemi. ",
  "dn32:7.48": "Rahadopi tattha dharaṇī nāma, ",
  "dn32:7.49": "Yato meghā pavassanti; ",
  "dn32:7.50": "Vassā yato patāyanti, ",
  "dn32:7.51": "Sabhāpi tattha sālavatī nāma. ",
  "dn32:7.52": "Yattha yakkhā payirupāsanti, ",
  "dn32:7.53": "Tattha niccaphalā rukkhā; ",
  "dn32:7.54": "Nānā dijagaṇā yutā, ",
  "dn32:7.55": "Mayūrakoñcābhirudā; ",
  "dn32:7.56": "Kokilādīhi vagguhi. ",
  "dn32:7.57": "Jīvañjīvakasaddettha, ",
  "dn32:7.58": "atho oṭṭhavacittakā; ",
  "dn32:7.59": "Kukkuṭakā kuḷīrakā, ",
  "dn32:7.60": "vane pokkharasātakā. ",
  "dn32:7.61": "Sukasāḷikasaddettha, ",
  "dn32:7.62": "daṇḍamāṇavakāni ca; ",
  "dn32:7.63": "Sobhati sabbakālaṁ sā, ",
  "dn32:7.64": "kuveranaḷinī sadā. ",
  "dn32:7.65": "Ito ‘sā uttarā disā’, ",
  "dn32:7.66": "iti naṁ ācikkhatī jano; ",
  "dn32:7.67": "Yaṁ disaṁ abhipāleti, ",
  "dn32:7.68": "mahārājā yasassi so. ",
  "dn32:7.69": "Yakkhānañca adhipati, ",
  "dn32:7.70": "‘kuvero’ iti nāmaso; ",
  "dn32:7.71": "Ramatī naccagītehi, ",
  "dn32:7.72": "yakkheheva purakkhato. ",
  "dn32:7.73": "Puttāpi tassa bahavo, ",
  "dn32:7.74": "ekanāmāti me sutaṁ; ",
  "dn32:7.75": "Asīti dasa eko ca, ",
  "dn32:7.76": "indanāmā mahabbalā. ",
  "dn32:7.77": "Te cāpi buddhaṁ disvāna, ",
  "dn32:7.78": "buddhaṁ ādiccabandhunaṁ; ",
  "dn32:7.79": "Dūratova namassanti, ",
  "dn32:7.80": "mahantaṁ vītasāradaṁ. ",
  "dn32:7.81": "Namo te purisājañña, ",
  "dn32:7.82": "namo te purisuttama; ",
  "dn32:7.83": "Kusalena samekkhasi, ",
  "dn32:7.84": "amanussāpi taṁ vandanti; ",
  "dn32:7.85": "Sutaṁ netaṁ abhiṇhaso, ",
  "dn32:7.86": "tasmā evaṁ vademase. ",
  "dn32:7.87": "‘Jinaṁ vandatha gotamaṁ’, ",
  "dn32:7.88": "‘jinaṁ vandāma gotamaṁ; ",
  "dn32:7.89": "Vijjācaraṇasampannaṁ, ",
  "dn32:7.90": "buddhaṁ vandāma gotaman’ti. ",
  "dn32:8.1": "Ayaṁ kho sā, mārisa, āṭānāṭiyā rakkhā bhikkhūnaṁ bhikkhunīnaṁ upāsakānaṁ upāsikānaṁ guttiyā rakkhāya avihiṁsāya phāsuvihārāya. ",
  "dn32:8.2": "Yassa kassaci, mārisa, bhikkhussa vā bhikkhuniyā vā upāsakassa vā upāsikāya vā ayaṁ āṭānāṭiyā rakkhā suggahitā bhavissati samattā pariyāputā. ",
  "dn32:8.3": "Tañce amanusso yakkho vā yakkhinī vā yakkhapotako vā yakkhapotikā vā yakkhamahāmatto vā yakkhapārisajjo vā yakkhapacāro vā, gandhabbo vā gandhabbī vā gandhabbapotako vā gandhabbapotikā vā gandhabbamahāmatto vā gandhabbapārisajjo vā gandhabbapacāro vā, kumbhaṇḍo vā kumbhaṇḍī vā kumbhaṇḍapotako vā kumbhaṇḍapotikā vā kumbhaṇḍamahāmatto vā kumbhaṇḍapārisajjo vā kumbhaṇḍapacāro vā, nāgo vā nāgī vā nāgapotako vā nāgapotikā vā nāgamahāmatto vā nāgapārisajjo vā nāgapacāro vā, paduṭṭhacitto bhikkhuṁ vā bhikkhuniṁ vā upāsakaṁ vā upāsikaṁ vā gacchantaṁ vā anugaccheyya, ṭhitaṁ vā upatiṭṭheyya, nisinnaṁ vā upanisīdeyya, nipannaṁ vā upanipajjeyya. ",
  "dn32:8.4": "Na me so, mārisa, amanusso labheyya gāmesu vā nigamesu vā sakkāraṁ vā garukāraṁ vā. ",
  "dn32:8.5": "Na me so, mārisa, amanusso labheyya āḷakamandāya nāma rājadhāniyā vatthuṁ vā vāsaṁ vā. ",
  "dn32:8.6": "Na me so, mārisa, amanusso labheyya yakkhānaṁ samitiṁ gantuṁ. ",
  "dn32:8.7": "Apissu naṁ, mārisa, amanussā anāvayhampi naṁ kareyyuṁ avivayhaṁ. ",
  "dn32:8.8": "Apissu naṁ, mārisa, amanussā attāhipi paripuṇṇāhi paribhāsāhi paribhāseyyuṁ. ",
  "dn32:8.9": "Apissu naṁ, mārisa, amanussā rittampissa pattaṁ sīse nikkujjeyyuṁ. ",
  "dn32:8.10": "Apissu naṁ, mārisa, amanussā sattadhāpissa muddhaṁ phāleyyuṁ. ",
  "dn32:9.1": "Santi hi, mārisa, amanussā caṇḍā ruddhā rabhasā, te neva mahārājānaṁ ādiyanti, na mahārājānaṁ purisakānaṁ ādiyanti, na mahārājānaṁ purisakānaṁ purisakānaṁ ādiyanti. ",
  "dn32:9.2": "Te kho te, mārisa, amanussā mahārājānaṁ avaruddhā nāma vuccanti. ",
  "dn32:9.3": "Seyyathāpi, mārisa, rañño māgadhassa vijite mahācorā. ",
  "dn32:9.4": "Te neva rañño māgadhassa ādiyanti, na rañño māgadhassa purisakānaṁ ādiyanti, na rañño māgadhassa purisakānaṁ purisakānaṁ ādiyanti. ",
  "dn32:9.5": "Te kho te, mārisa, mahācorā rañño māgadhassa avaruddhā nāma vuccanti. ",
  "dn32:9.6": "Evameva kho, mārisa, santi amanussā caṇḍā ruddhā rabhasā, te neva mahārājānaṁ ādiyanti, na mahārājānaṁ purisakānaṁ ādiyanti, na mahārājānaṁ purisakānaṁ purisakānaṁ ādiyanti. ",
  "dn32:9.7": "Te kho te, mārisa, amanussā mahārājānaṁ avaruddhā nāma vuccanti. ",
  "dn32:9.8": "Yo hi koci, mārisa, amanusso yakkho vā yakkhinī vā …pe… gandhabbo vā gandhabbī vā …pe… kumbhaṇḍo vā kumbhaṇḍī vā …pe… nāgo vā nāgī vā nāgapotako vā nāgapotikā vā nāgamahāmatto vā nāgapārisajjo vā nāgapacāro vā paduṭṭhacitto bhikkhuṁ vā bhikkhuniṁ vā upāsakaṁ vā upāsikaṁ vā gacchantaṁ vā anugaccheyya, ṭhitaṁ vā upatiṭṭheyya, nisinnaṁ vā upanisīdeyya, nipannaṁ vā upanipajjeyya. ",
  "dn32:9.9": "Imesaṁ yakkhānaṁ mahāyakkhānaṁ senāpatīnaṁ mahāsenāpatīnaṁ ujjhāpetabbaṁ vikkanditabbaṁ viravitabbaṁ: ",
  "dn32:9.10": "‘ayaṁ yakkho gaṇhāti, ayaṁ yakkho āvisati, ayaṁ yakkho heṭheti, ayaṁ yakkho viheṭheti, ayaṁ yakkho hiṁsati, ayaṁ yakkho vihiṁsati, ayaṁ yakkho na muñcatī’ti. ",
  "dn32:10.1": "Katamesaṁ yakkhānaṁ mahāyakkhānaṁ senāpatīnaṁ mahāsenāpatīnaṁ? ",
  "dn32:10.2": "Indo somo varuṇo ca, ",
  "dn32:10.3": "bhāradvājo pajāpati; ",
  "dn32:10.4": "Candano kāmaseṭṭho ca, ",
  "dn32:10.5": "kinnughaṇḍu nighaṇḍu ca. ",
  "dn32:10.6": "Panādo opamañño ca, ",
  "dn32:10.7": "devasūto ca mātali; ",
  "dn32:10.8": "Cittaseno ca gandhabbo, ",
  "dn32:10.9": "naḷo rājā janesabho. ",
  "dn32:10.10": "Sātāgiro hemavato, ",
  "dn32:10.11": "puṇṇako karatiyo guḷo; ",
  "dn32:10.12": "Sivako mucalindo ca, ",
  "dn32:10.13": "vessāmitto yugandharo. ",
  "dn32:10.14": "Gopālo supparodho ca, ",
  "dn32:10.15": "Hiri netti ca mandiyo; ",
  "dn32:10.16": "Pañcālacaṇḍo āḷavako, ",
  "dn32:10.17": "Pajjunno sumano sumukho; ",
  "dn32:10.18": "Dadhimukho maṇi māṇivaro dīgho, ",
  "dn32:10.19": "Atho serīsako saha. ",
  "dn32:10.20": "Imesaṁ yakkhānaṁ mahāyakkhānaṁ senāpatīnaṁ mahāsenāpatīnaṁ ujjhāpetabbaṁ vikkanditabbaṁ viravitabbaṁ: ",
  "dn32:10.21": "‘ayaṁ yakkho gaṇhāti, ayaṁ yakkho āvisati, ayaṁ yakkho heṭheti, ayaṁ yakkho viheṭheti, ayaṁ yakkho hiṁsati, ayaṁ yakkho vihiṁsati, ayaṁ yakkho na muñcatī’ti. ",
  "dn32:11.1": "Ayaṁ kho sā, mārisa, āṭānāṭiyā rakkhā bhikkhūnaṁ bhikkhunīnaṁ upāsakānaṁ upāsikānaṁ guttiyā rakkhāya avihiṁsāya phāsuvihārāya. ",
  "dn32:11.2": "Handa ca dāni mayaṁ, mārisa, gacchāma bahukiccā mayaṁ bahukaraṇīyā”ti. ",
  "dn32:11.3": "“Yassadāni tumhe, mahārājāno, kālaṁ maññathā”ti. ",
  "dn32:11.4": "Atha kho cattāro mahārājā uṭṭhāyāsanā bhagavantaṁ abhivādetvā padakkhiṇaṁ katvā tatthevantaradhāyiṁsu. ",
  "dn32:11.5": "Tepi kho yakkhā uṭṭhāyāsanā appekacce bhagavantaṁ abhivādetvā padakkhiṇaṁ katvā tatthevantaradhāyiṁsu. Appekacce bhagavatā saddhiṁ sammodiṁsu, sammodanīyaṁ kathaṁ sāraṇīyaṁ vītisāretvā tatthevantaradhāyiṁsu. Appekacce yena bhagavā tenañjaliṁ paṇāmetvā tatthevantaradhāyiṁsu. Appekacce nāmagottaṁ sāvetvā tatthevantaradhāyiṁsu. Appekacce tuṇhībhūtā tatthevantaradhāyiṁsūti. ",
  "dn32:11.6": "Paṭhamabhāṇavāro niṭṭhito. ",
  "dn32:12.0": "2. Dutiyabhāṇavāra ",
  "dn32:12.1": "Atha kho bhagavā tassā rattiyā accayena bhikkhū āmantesi: ",
  "dn32:12.2": "“imaṁ, bhikkhave, rattiṁ cattāro mahārājā mahatiyā ca yakkhasenāya mahatiyā ca gandhabbasenāya mahatiyā ca kumbhaṇḍasenāya mahatiyā ca nāgasenāya catuddisaṁ rakkhaṁ ṭhapetvā catuddisaṁ gumbaṁ ṭhapetvā catuddisaṁ ovaraṇaṁ ṭhapetvā abhikkantāya rattiyā abhikkantavaṇṇā kevalakappaṁ gijjhakūṭaṁ pabbataṁ obhāsetvā yenāhaṁ tenupasaṅkamiṁsu; upasaṅkamitvā maṁ abhivādetvā ekamantaṁ nisīdiṁsu. ",
  "dn32:12.3": "Tepi kho, bhikkhave, yakkhā appekacce maṁ abhivādetvā ekamantaṁ nisīdiṁsu. Appekacce mayā saddhiṁ sammodiṁsu, sammodanīyaṁ kathaṁ sāraṇīyaṁ vītisāretvā ekamantaṁ nisīdiṁsu. Appekacce yenāhaṁ tenañjaliṁ paṇāmetvā ekamantaṁ nisīdiṁsu. Appekacce nāmagottaṁ sāvetvā ekamantaṁ nisīdiṁsu. Appekacce tuṇhībhūtā ekamantaṁ nisīdiṁsu. ",
  "dn32:12.4": "Ekamantaṁ nisinno kho, bhikkhave, vessavaṇo mahārājā maṁ etadavoca: ",
  "dn32:12.5": "‘santi hi, bhante, uḷārā yakkhā bhagavato appasannā …pe… santi hi, bhante, nīcā yakkhā bhagavato pasannā. ",
  "dn32:12.6": "Yebhuyyena kho pana, bhante, yakkhā appasannāyeva bhagavato. ",
  "dn32:12.7": "Taṁ kissa hetu? ",
  "dn32:12.8": "Bhagavā hi, bhante, pāṇātipātā veramaṇiyā dhammaṁ deseti … surāmerayamajjappamādaṭṭhānā veramaṇiyā dhammaṁ deseti. ",
  "dn32:12.9": "Yebhuyyena kho pana, bhante, yakkhā appaṭiviratāyeva pāṇātipātā … appaṭiviratā surāmerayamajjappamādaṭṭhānā. ",
  "dn32:12.10": "Tesaṁ taṁ hoti appiyaṁ amanāpaṁ. ",
  "dn32:12.11": "Santi hi, bhante, bhagavato sāvakā araññavanapatthāni pantāni senāsanāni paṭisevanti appasaddāni appanigghosāni vijanavātāni manussarāhasseyyakāni paṭisallānasāruppāni. ",
  "dn32:12.12": "Tattha santi uḷārā yakkhā nivāsino, ye imasmiṁ bhagavato pāvacane appasannā, tesaṁ pasādāya uggaṇhātu, bhante, bhagavā āṭānāṭiyaṁ rakkhaṁ bhikkhūnaṁ bhikkhunīnaṁ upāsakānaṁ upāsikānaṁ guttiyā rakkhāya avihiṁsāya phāsuvihārāyā’ti. ",
  "dn32:12.13": "Adhivāsesiṁ kho ahaṁ, bhikkhave, tuṇhībhāvena. ",
  "dn32:12.14": "Atha kho, bhikkhave, vessavaṇo mahārājā me adhivāsanaṁ viditvā tāyaṁ velāyaṁ imaṁ āṭānāṭiyaṁ rakkhaṁ abhāsi: ",
  "dn32:12.15": "‘Vipassissa ca namatthu, ",
  "dn32:12.16": "cakkhumantassa sirīmato; ",
  "dn32:12.17": "Sikhissapi ca namatthu, ",
  "dn32:12.18": "sabbabhūtānukampino. ",
  "dn32:12.19": "Vessabhussa ca namatthu, ",
  "dn32:12.20": "nhātakassa tapassino; ",
  "dn32:12.21": "Namatthu kakusandhassa, ",
  "dn32:12.22": "mārasenāpamaddino. ",
  "dn32:12.23": "Koṇāgamanassa namatthu, ",
  "dn32:12.24": "brāhmaṇassa vusīmato; ",
  "dn32:12.25": "Kassapassa ca namatthu, ",
  "dn32:12.26": "vippamuttassa sabbadhi. ",
  "dn32:12.27": "Aṅgīrasassa namatthu, ",
  "dn32:12.28": "sakyaputtassa sirīmato; ",
  "dn32:12.29": "Yo imaṁ dhammaṁ desesi, ",
  "dn32:12.30": "sabbadukkhāpanūdanaṁ. ",
  "dn32:12.31": "Ye cāpi nibbutā loke, ",
  "dn32:12.32": "yathābhūtaṁ vipassisuṁ; ",
  "dn32:12.33": "Te janā apisuṇātha, ",
  "dn32:12.34": "mahantā vītasāradā. ",
  "dn32:12.35": "Hitaṁ devamanussānaṁ, ",
  "dn32:12.36": "yaṁ namassanti gotamaṁ; ",
  "dn32:12.37": "Vijjācaraṇasampannaṁ, ",
  "dn32:12.38": "mahantaṁ vītasāradaṁ. ",
  "dn32:12.39": "Yato uggacchati sūriyo, ",
  "dn32:12.40": "ādicco maṇḍalī mahā; ",
  "dn32:12.41": "Yassa cuggacchamānassa, ",
  "dn32:12.42": "saṁvarīpi nirujjhati; ",
  "dn32:12.43": "Yassa cuggate sūriye, ",
  "dn32:12.44": "“divaso”ti pavuccati. ",
  "dn32:12.45": "Rahadopi tattha gambhīro, ",
  "dn32:12.46": "samuddo saritodako; ",
  "dn32:12.47": "Evaṁ taṁ tattha jānanti, ",
  "dn32:12.48": "“samuddo saritodako”. ",
  "dn32:12.49": "Ito “sā purimā disā”, ",
  "dn32:12.50": "iti naṁ ācikkhatī jano; ",
  "dn32:12.51": "Yaṁ disaṁ abhipāleti, ",
  "dn32:12.52": "mahārājā yasassi so. ",
  "dn32:12.53": "Gandhabbānaṁ adhipati, ",
  "dn32:12.54": "“dhataraṭṭho”ti nāmaso; ",
  "dn32:12.55": "Ramatī naccagītehi, ",
  "dn32:12.56": "gandhabbehi purakkhato. ",
  "dn32:12.57": "Puttāpi tassa bahavo, ",
  "dn32:12.58": "ekanāmāti me sutaṁ; ",
  "dn32:12.59": "Asīti dasa eko ca, ",
  "dn32:12.60": "indanāmā mahabbalā. ",
  "dn32:12.61": "Te cāpi buddhaṁ disvāna, ",
  "dn32:12.62": "buddhaṁ ādiccabandhunaṁ; ",
  "dn32:12.63": "Dūratova namassanti, ",
  "dn32:12.64": "mahantaṁ vītasāradaṁ. ",
  "dn32:12.65": "Namo te purisājañña, ",
  "dn32:12.66": "namo te purisuttama; ",
  "dn32:12.67": "Kusalena samekkhasi, ",
  "dn32:12.68": "amanussāpi taṁ vandanti; ",
  "dn32:12.69": "Sutaṁ netaṁ abhiṇhaso, ",
  "dn32:12.70": "tasmā evaṁ vademase. ",
  "dn32:12.71": "“Jinaṁ vandatha gotamaṁ, ",
  "dn32:12.72": "jinaṁ vandāma gotamaṁ; ",
  "dn32:12.73": "Vijjācaraṇasampannaṁ, ",
  "dn32:12.74": "buddhaṁ vandāma gotamaṁ”. ",
  "dn32:12.75": "Yena petā pavuccanti, ",
  "dn32:12.76": "pisuṇā piṭṭhimaṁsikā; ",
  "dn32:12.77": "Pāṇātipātino luddā, ",
  "dn32:12.78": "corā nekatikā janā. ",
  "dn32:12.79": "Ito “sā dakkhiṇā disā”, ",
  "dn32:12.80": "iti naṁ ācikkhatī jano; ",
  "dn32:12.81": "Yaṁ disaṁ abhipāleti, ",
  "dn32:12.82": "mahārājā yasassi so. ",
  "dn32:12.83": "Kumbhaṇḍānaṁ adhipati, ",
  "dn32:12.84": "“virūḷho” iti nāmaso; ",
  "dn32:12.85": "Ramatī naccagītehi, ",
  "dn32:12.86": "kumbhaṇḍehi purakkhato. ",
  "dn32:12.87": "Puttāpi tassa bahavo, ",
  "dn32:12.88": "ekanāmāti me sutaṁ; ",
  "dn32:12.89": "Asīti dasa eko ca, ",
  "dn32:12.90": "indanāmā mahabbalā. ",
  "dn32:12.91": "Te cāpi buddhaṁ disvāna, ",
  "dn32:12.92": "buddhaṁ ādiccabandhunaṁ; ",
  "dn32:12.93": "Dūratova namassanti, ",
  "dn32:12.94": "mahantaṁ vītasāradaṁ. ",
  "dn32:12.95": "Namo te purisājañña, ",
  "dn32:12.96": "namo te purisuttama; ",
  "dn32:12.97": "Kusalena samekkhasi, ",
  "dn32:12.98": "amanussāpi taṁ vandanti; ",
  "dn32:12.99": "Sutaṁ netaṁ abhiṇhaso, ",
  "dn32:12.100": "tasmā evaṁ vademase. ",
  "dn32:12.101": "“Jinaṁ vandatha gotamaṁ, ",
  "dn32:12.102": "jinaṁ vandāma gotamaṁ; ",
  "dn32:12.103": "Vijjācaraṇasampannaṁ, ",
  "dn32:12.104": "buddhaṁ vandāma gotamaṁ”. ",
  "dn32:12.105": "Yattha coggacchati sūriyo, ",
  "dn32:12.106": "ādicco maṇḍalī mahā; ",
  "dn32:12.107": "Yassa coggacchamānassa, ",
  "dn32:12.108": "divasopi nirujjhati; ",
  "dn32:12.109": "Yassa coggate sūriye, ",
  "dn32:12.110": "“saṁvarī”ti pavuccati. ",
  "dn32:12.111": "Rahadopi tattha gambhīro, ",
  "dn32:12.112": "samuddo saritodako; ",
  "dn32:12.113": "Evaṁ taṁ tattha jānanti, ",
  "dn32:12.114": "samuddo saritodako. ",
  "dn32:12.115": "Ito “sā pacchimā disā”, ",
  "dn32:12.116": "iti naṁ ācikkhatī jano; ",
  "dn32:12.117": "Yaṁ disaṁ abhipāleti, ",
  "dn32:12.118": "mahārājā yasassi so. ",
  "dn32:12.119": "Nāgānañca adhipati, ",
  "dn32:12.120": "“virūpakkho”ti nāmaso; ",
  "dn32:12.121": "Ramatī naccagītehi, ",
  "dn32:12.122": "nāgeheva purakkhato. ",
  "dn32:12.123": "Puttāpi tassa bahavo, ",
  "dn32:12.124": "ekanāmāti me sutaṁ; ",
  "dn32:12.125": "Asīti dasa eko ca, ",
  "dn32:12.126": "indanāmā mahabbalā. ",
  "dn32:12.127": "Te cāpi buddhaṁ disvāna, ",
  "dn32:12.128": "buddhaṁ ādiccabandhunaṁ; ",
  "dn32:12.129": "Dūratova namassanti, ",
  "dn32:12.130": "mahantaṁ vītasāradaṁ. ",
  "dn32:12.131": "Namo te purisājañña, ",
  "dn32:12.132": "namo te purisuttama; ",
  "dn32:12.133": "Kusalena samekkhasi, ",
  "dn32:12.134": "amanussāpi taṁ vandanti; ",
  "dn32:12.135": "Sutaṁ netaṁ abhiṇhaso, ",
  "dn32:12.136": "tasmā evaṁ vademase. ",
  "dn32:12.137": "“Jinaṁ vandatha gotamaṁ, ",
  "dn32:12.138": "jinaṁ vandāma gotamaṁ; ",
  "dn32:12.139": "Vijjācaraṇasampannaṁ, ",
  "dn32:12.140": "buddhaṁ vandāma gotamaṁ”. ",
  "dn32:12.141": "Yena uttarakuruvho, ",
  "dn32:12.142": "mahāneru sudassano; ",
  "dn32:12.143": "Manussā tattha jāyanti, ",
  "dn32:12.144": "amamā apariggahā. ",
  "dn32:12.145": "Na te bījaṁ pavapanti, ",
  "dn32:12.146": "nāpi nīyanti naṅgalā; ",
  "dn32:12.147": "Akaṭṭhapākimaṁ sāliṁ, ",
  "dn32:12.148": "paribhuñjanti mānusā. ",
  "dn32:12.149": "Akaṇaṁ athusaṁ suddhaṁ, ",
  "dn32:12.150": "sugandhaṁ taṇḍulapphalaṁ; ",
  "dn32:12.151": "Tuṇḍikīre pacitvāna, ",
  "dn32:12.152": "tato bhuñjanti bhojanaṁ. ",
  "dn32:12.153": "Gāviṁ ekakhuraṁ katvā, ",
  "dn32:12.154": "anuyanti disodisaṁ; ",
  "dn32:12.155": "Pasuṁ ekakhuraṁ katvā, ",
  "dn32:12.156": "anuyanti disodisaṁ. ",
  "dn32:12.157": "Itthiṁ vā vāhanaṁ katvā, ",
  "dn32:12.158": "anuyanti disodisaṁ; ",
  "dn32:12.159": "Purisaṁ vāhanaṁ katvā, ",
  "dn32:12.160": "anuyanti disodisaṁ. ",
  "dn32:12.161": "Kumāriṁ vāhanaṁ katvā, ",
  "dn32:12.162": "anuyanti disodisaṁ; ",
  "dn32:12.163": "Kumāraṁ vāhanaṁ katvā, ",
  "dn32:12.164": "anuyanti disodisaṁ. ",
  "dn32:12.165": "Te yāne abhiruhitvā, ",
  "dn32:12.166": "Sabbā disā anupariyāyanti; ",
  "dn32:12.167": "Pacārā tassa rājino. ",
  "dn32:12.168": "Hatthiyānaṁ assayānaṁ, ",
  "dn32:12.169": "dibbaṁ yānaṁ upaṭṭhitaṁ; ",
  "dn32:12.170": "Pāsādā sivikā ceva, ",
  "dn32:12.171": "mahārājassa yasassino. ",
  "dn32:12.172": "Tassa ca nagarā ahu, ",
  "dn32:12.173": "Antalikkhe sumāpitā; ",
  "dn32:12.174": "Āṭānāṭā kusināṭā parakusināṭā, ",
  "dn32:12.175": "Nāṭasuriyā parakusiṭanāṭā. ",
  "dn32:12.176": "Uttarena kasivanto, ",
  "dn32:12.177": "Janoghamaparena ca; ",
  "dn32:12.178": "Navanavutiyo ambaraambaravatiyo, ",
  "dn32:12.179": "Āḷakamandā nāma rājadhānī. ",
  "dn32:12.180": "Kuverassa kho pana mārisa, ",
  "dn32:12.181": "Mahārājassa visāṇā nāma rājadhānī; ",
  "dn32:12.182": "Tasmā kuvero mahārājā, ",
  "dn32:12.183": "“Vessavaṇo”ti pavuccati. ",
  "dn32:12.184": "Paccesanto pakāsenti, ",
  "dn32:12.185": "Tatolā tattalā tatotalā; ",
  "dn32:12.186": "Ojasi tejasi tatojasī, ",
  "dn32:12.187": "Sūro rājā ariṭṭho nemi. ",
  "dn32:12.188": "Rahadopi tattha dharaṇī nāma, ",
  "dn32:12.189": "Yato meghā pavassanti; ",
  "dn32:12.190": "Vassā yato patāyanti, ",
  "dn32:12.191": "Sabhāpi tattha sālavatī nāma. ",
  "dn32:12.192": "Yattha yakkhā payirupāsanti, ",
  "dn32:12.193": "Tattha niccaphalā rukkhā; ",
  "dn32:12.194": "Nānā dijagaṇā yutā, ",
  "dn32:12.195": "Mayūrakoñcābhirudā; ",
  "dn32:12.196": "Kokilādīhi vagguhi. ",
  "dn32:12.197": "Jīvañjīvakasaddettha, ",
  "dn32:12.198": "atho oṭṭhavacittakā; ",
  "dn32:12.199": "Kukkuṭakā kuḷīrakā, ",
  "dn32:12.200": "vane pokkharasātakā. ",
  "dn32:12.201": "Sukasāḷika saddettha, ",
  "dn32:12.202": "daṇḍamāṇavakāni ca; ",
  "dn32:12.203": "Sobhati sabbakālaṁ sā, ",
  "dn32:12.204": "kuveranaḷinī sadā. ",
  "dn32:12.205": "Ito “sā uttarā disā”, ",
  "dn32:12.206": "iti naṁ ācikkhatī jano; ",
  "dn32:12.207": "Yaṁ disaṁ abhipāleti, ",
  "dn32:12.208": "mahārājā yasassi so. ",
  "dn32:12.209": "Yakkhānañca adhipati, ",
  "dn32:12.210": "“kuvero” iti nāmaso; ",
  "dn32:12.211": "Ramatī naccagītehi, ",
  "dn32:12.212": "yakkheheva purakkhato. ",
  "dn32:12.213": "Puttāpi tassa bahavo, ",
  "dn32:12.214": "ekanāmāti me sutaṁ; ",
  "dn32:12.215": "Asīti dasa eko ca, ",
  "dn32:12.216": "indanāmā mahabbalā. ",
  "dn32:12.217": "Te cāpi buddhaṁ disvāna, ",
  "dn32:12.218": "buddhaṁ ādiccabandhunaṁ; ",
  "dn32:12.219": "Dūratova namassanti, ",
  "dn32:12.220": "mahantaṁ vītasāradaṁ. ",
  "dn32:12.221": "Namo te purisājañña, ",
  "dn32:12.222": "namo te purisuttama; ",
  "dn32:12.223": "Kusalena samekkhasi, ",
  "dn32:12.224": "amanussāpi taṁ vandanti; ",
  "dn32:12.225": "Sutaṁ netaṁ abhiṇhaso, ",
  "dn32:12.226": "tasmā evaṁ vademase. ",
  "dn32:12.227": "“Jinaṁ vandatha gotamaṁ, ",
  "dn32:12.228": "jinaṁ vandāma gotamaṁ; ",
  "dn32:12.229": "Vijjācaraṇasampannaṁ, ",
  "dn32:12.230": "buddhaṁ vandāma gotaman”ti. ",
  "dn32:12.231": "Ayaṁ kho sā, mārisa, āṭānāṭiyā rakkhā bhikkhūnaṁ bhikkhunīnaṁ upāsakānaṁ upāsikānaṁ guttiyā rakkhāya avihiṁsāya phāsuvihārāya. ",
  "dn32:12.232": "Yassa kassaci, mārisa, bhikkhussa vā bhikkhuniyā vā upāsakassa vā upāsikāya vā ayaṁ āṭānāṭiyā rakkhā suggahitā bhavissati samattā pariyāputā tañce amanusso yakkho vā yakkhinī vā …pe… gandhabbo vā gandhabbī vā …pe… kumbhaṇḍo vā kumbhaṇḍī vā …pe… nāgo vā nāgī vā nāgapotako vā nāgapotikā vā nāgamahāmatto vā nāgapārisajjo vā nāgapacāro vā, paduṭṭhacitto bhikkhuṁ vā bhikkhuniṁ vā upāsakaṁ vā upāsikaṁ vā gacchantaṁ vā anugaccheyya, ṭhitaṁ vā upatiṭṭheyya, nisinnaṁ vā upanisīdeyya, nipannaṁ vā upanipajjeyya. ",
  "dn32:12.233": "Na me so, mārisa, amanusso labheyya gāmesu vā nigamesu vā sakkāraṁ vā garukāraṁ vā. ",
  "dn32:12.234": "Na me so, mārisa, amanusso labheyya āḷakamandāya nāma rājadhāniyā vatthuṁ vā vāsaṁ vā. ",
  "dn32:12.235": "Na me so, mārisa, amanusso labheyya yakkhānaṁ samitiṁ gantuṁ. ",
  "dn32:12.236": "Apissu naṁ, mārisa, amanussā anāvayhampi naṁ kareyyuṁ avivayhaṁ. ",
  "dn32:12.237": "Apissu naṁ, mārisa, amanussā attāhi paripuṇṇāhi paribhāsāhi paribhāseyyuṁ. ",
  "dn32:12.238": "Apissu naṁ, mārisa, amanussā rittampissa pattaṁ sīse nikkujjeyyuṁ. ",
  "dn32:12.239": "Apissu naṁ, mārisa, amanussā sattadhāpissa muddhaṁ phāleyyuṁ. ",
  "dn32:12.240": "Santi hi, mārisa, amanussā caṇḍā ruddhā rabhasā, te neva mahārājānaṁ ādiyanti, na mahārājānaṁ purisakānaṁ ādiyanti, na mahārājānaṁ purisakānaṁ purisakānaṁ ādiyanti. ",
  "dn32:12.241": "Te kho te, mārisa, amanussā mahārājānaṁ avaruddhā nāma vuccanti. ",
  "dn32:12.242": "Seyyathāpi, mārisa, rañño māgadhassa vijite mahācorā. ",
  "dn32:12.243": "Te neva rañño māgadhassa ādiyanti, na rañño māgadhassa purisakānaṁ ādiyanti, na rañño māgadhassa purisakānaṁ purisakānaṁ ādiyanti. ",
  "dn32:12.244": "Te kho te, mārisa, mahācorā rañño māgadhassa avaruddhā nāma vuccanti. ",
  "dn32:12.245": "Evameva kho, mārisa, santi amanussā caṇḍā ruddhā rabhasā, te neva mahārājānaṁ ādiyanti, na mahārājānaṁ purisakānaṁ ādiyanti, na mahārājānaṁ purisakānaṁ purisakānaṁ ādiyanti. ",
  "dn32:12.246": "Te kho te, mārisa, amanussā mahārājānaṁ avaruddhā nāma vuccanti. ",
  "dn32:12.247": "Yo hi koci, mārisa, amanusso yakkho vā yakkhinī vā …pe… gandhabbo vā gandhabbī vā …pe… kumbhaṇḍo vā kumbhaṇḍī vā …pe… nāgo vā nāgī vā …pe… paduṭṭhacitto bhikkhuṁ vā bhikkhuniṁ vā upāsakaṁ vā upāsikaṁ vā gacchantaṁ vā upagaccheyya, ṭhitaṁ vā upatiṭṭheyya, nisinnaṁ vā upanisīdeyya, nipannaṁ vā upanipajjeyya. ",
  "dn32:12.248": "Imesaṁ yakkhānaṁ mahāyakkhānaṁ senāpatīnaṁ mahāsenāpatīnaṁ ujjhāpetabbaṁ vikkanditabbaṁ viravitabbaṁ: ",
  "dn32:12.249": "“ayaṁ yakkho gaṇhāti, ayaṁ yakkho āvisati, ayaṁ yakkho heṭheti, ayaṁ yakkho viheṭheti, ayaṁ yakkho hiṁsati, ayaṁ yakkho vihiṁsati, ayaṁ yakkho na muñcatī”ti. ",
  "dn32:12.250": "Katamesaṁ yakkhānaṁ mahāyakkhānaṁ senāpatīnaṁ mahāsenāpatīnaṁ? ",
  "dn32:12.251": "Indo somo varuṇo ca, ",
  "dn32:12.252": "bhāradvājo pajāpati; ",
  "dn32:12.253": "Candano kāmaseṭṭho ca, ",
  "dn32:12.254": "kinnughaṇḍu nighaṇḍu ca. ",
  "dn32:12.255": "Panādo opamañño ca, ",
  "dn32:12.256": "devasūto ca mātali; ",
  "dn32:12.257": "Cittaseno ca gandhabbo, ",
  "dn32:12.258": "naḷo rājā janesabho. ",
  "dn32:12.259": "Sātāgiro hemavato, ",
  "dn32:12.260": "puṇṇako karatiyo guḷo; ",
  "dn32:12.261": "Sivako mucalindo ca, ",
  "dn32:12.262": "vessāmitto yugandharo. ",
  "dn32:12.263": "Gopālo supparodho ca, ",
  "dn32:12.264": "Hiri netti ca mandiyo; ",
  "dn32:12.265": "Pañcālacaṇḍo āḷavako, ",
  "dn32:12.266": "Pajjunno sumano sumukho; ",
  "dn32:12.267": "Dadhimukho maṇi māṇivaro dīgho, ",
  "dn32:12.268": "Atho serīsako saha. ",
  "dn32:12.269": "Imesaṁ yakkhānaṁ mahāyakkhānaṁ senāpatīnaṁ mahāsenāpatīnaṁ ujjhāpetabbaṁ vikkanditabbaṁ viravitabbaṁ: ",
  "dn32:12.270": "“ayaṁ yakkho gaṇhāti, ayaṁ yakkho āvisati, ayaṁ yakkho heṭheti, ayaṁ yakkho viheṭheti, ayaṁ yakkho hiṁsati, ayaṁ yakkho vihiṁsati, ayaṁ yakkho na muñcatī”ti. ",
  "dn32:12.271": "Ayaṁ kho, mārisa, āṭānāṭiyā rakkhā bhikkhūnaṁ bhikkhunīnaṁ upāsakānaṁ upāsikānaṁ guttiyā rakkhāya avihiṁsāya phāsuvihārāya. ",
  "dn32:12.272": "Handa ca dāni mayaṁ, mārisa, gacchāma, bahukiccā mayaṁ bahukaraṇīyā’ti. ",
  "dn32:12.273": "‘Yassadāni tumhe, mahārājāno, kālaṁ maññathā’ti. ",
  "dn32:12.274": "Atha kho, bhikkhave, cattāro mahārājā uṭṭhāyāsanā maṁ abhivādetvā padakkhiṇaṁ katvā tatthevantaradhāyiṁsu. ",
  "dn32:12.275": "Tepi kho, bhikkhave, yakkhā uṭṭhāyāsanā appekacce maṁ abhivādetvā padakkhiṇaṁ katvā tatthevantaradhāyiṁsu. ",
  "dn32:12.276": "Appekacce mayā saddhiṁ sammodiṁsu, sammodanīyaṁ kathaṁ sāraṇīyaṁ vītisāretvā tatthevantaradhāyiṁsu. ",
  "dn32:12.277": "Appekacce yenāhaṁ tenañjaliṁ paṇāmetvā tatthevantaradhāyiṁsu. ",
  "dn32:12.278": "Appekacce nāmagottaṁ sāvetvā tatthevantaradhāyiṁsu. ",
  "dn32:12.279": "Appekacce tuṇhībhūtā tatthevantaradhāyiṁsu. ",
  "dn32:13.1": "Uggaṇhātha, bhikkhave, āṭānāṭiyaṁ rakkhaṁ. ",
  "dn32:13.2": "Pariyāpuṇātha, bhikkhave, āṭānāṭiyaṁ rakkhaṁ. ",
  "dn32:13.3": "Dhāretha, bhikkhave, āṭānāṭiyaṁ rakkhaṁ. ",
  "dn32:13.4": "Atthasaṁhitā, bhikkhave, āṭānāṭiyā rakkhā bhikkhūnaṁ bhikkhunīnaṁ upāsakānaṁ upāsikānaṁ guttiyā rakkhāya avihiṁsāya phāsuvihārāyā”ti. ",
  "dn32:13.5": "Idamavoca bhagavā. ",
  "dn32:13.6": "Attamanā te bhikkhū bhagavato bhāsitaṁ abhinandunti. ",
  "dn32:13.7": "Āṭānāṭiyasuttaṁ niṭṭhitaṁ navamaṁ. "
}