{
  "dn7:0.1": "Dīgha Nikāya 7 ",
  "dn7:0.2": "Jāliyasutta ",
  "dn7:1.1": "Evaṁ me sutaṁ—",
  "dn7:1.2": "ekaṁ samayaṁ bhagavā kosambiyaṁ viharati ghositārāme. ",
  "dn7:1.3": "Tena kho pana samayena dve pabbajitā—",
  "dn7:1.4": "muṇḍiyo ca paribbājako jāliyo ca dārupattikantevāsī yena bhagavā tenupasaṅkamiṁsu; upasaṅkamitvā bhagavatā saddhiṁ sammodiṁsu. ",
  "dn7:1.5": "Sammodanīyaṁ kathaṁ sāraṇīyaṁ vītisāretvā ekamantaṁ aṭṭhaṁsu. Ekamantaṁ ṭhitā kho te dve pabbajitā bhagavantaṁ etadavocuṁ: ",
  "dn7:1.6": "“kiṁ nu kho, āvuso gotama, taṁ jīvaṁ taṁ sarīraṁ, udāhu aññaṁ jīvaṁ aññaṁ sarīran”ti? ",
  "dn7:1.7": "“Tena hāvuso, suṇātha sādhukaṁ manasi karotha, bhāsissāmī”ti. ",
  "dn7:1.8": "“Evamāvuso”ti kho te dve pabbajitā bhagavato paccassosuṁ. ",
  "dn7:1.9": "Bhagavā etadavoca: ",
  "dn7:2.1": "“idhāvuso, tathāgato loke uppajjati arahaṁ, sammāsambuddho …pe… ",
  "dn7:2.2": "Evaṁ kho, āvuso, bhikkhu sīlasampanno hoti. ",
  "dn7:2.3": "…pe… ",
  "dn7:2.4": "Paṭhamaṁ jhānaṁ upasampajja viharati. ",
  "dn7:2.5": "Yo kho, āvuso, bhikkhu evaṁ jānāti evaṁ passati, kallaṁ nu kho tassetaṁ vacanāya: ",
  "dn7:2.6": "‘taṁ jīvaṁ taṁ sarīran’ti vā ‘aññaṁ jīvaṁ aññaṁ sarīran’ti vāti. ",
  "dn7:2.7": "Yo so, āvuso, bhikkhu evaṁ jānāti evaṁ passati, kallaṁ tassetaṁ vacanāya: ",
  "dn7:2.8": "‘taṁ jīvaṁ taṁ sarīran’ti vā ‘aññaṁ jīvaṁ aññaṁ sarīran’ti vāti. ",
  "dn7:2.9": "Ahaṁ kho panetaṁ, āvuso, evaṁ jānāmi evaṁ passāmi. ",
  "dn7:2.10": "Atha ca panāhaṁ na vadāmi: ",
  "dn7:2.11": "‘taṁ jīvaṁ taṁ sarīran’ti vā ‘aññaṁ jīvaṁ aññaṁ sarīran’ti vā …pe… ",
  "dn7:3.1": "dutiyaṁ jhānaṁ … ",
  "dn7:3.2": "tatiyaṁ jhānaṁ … ",
  "dn7:3.3": "catutthaṁ jhānaṁ upasampajja viharati. ",
  "dn7:3.4": "Yo kho, āvuso, bhikkhu evaṁ jānāti evaṁ passati, kallaṁ nu kho tassetaṁ vacanāya: ",
  "dn7:3.5": "‘taṁ jīvaṁ taṁ sarīran’ti vā ‘aññaṁ jīvaṁ aññaṁ sarīran’ti vāti? ",
  "dn7:3.6": "Yo so, āvuso, bhikkhu evaṁ jānāti evaṁ passati kallaṁ, tassetaṁ vacanāya: ",
  "dn7:3.7": "‘taṁ jīvaṁ taṁ sarīran’ti vā ‘aññaṁ jīvaṁ aññaṁ sarīran’ti vāti. ",
  "dn7:3.8": "Ahaṁ kho panetaṁ, āvuso, evaṁ jānāmi evaṁ passāmi. ",
  "dn7:3.9": "Atha ca panāhaṁ na vadāmi: ",
  "dn7:3.10": "‘taṁ jīvaṁ taṁ sarīran’ti vā ‘aññaṁ jīvaṁ aññaṁ sarīran’ti vā …pe… ",
  "dn7:4.1": "ñāṇadassanāya cittaṁ abhinīharati abhininnāmeti … ",
  "dn7:4.2": "yo kho, āvuso, bhikkhu evaṁ jānāti evaṁ passati, kallaṁ nu kho tassetaṁ vacanāya: ",
  "dn7:4.3": "‘taṁ jīvaṁ taṁ sarīran’ti vā ‘aññaṁ jīvaṁ aññaṁ sarīran’ti vāti. ",
  "dn7:4.4": "Yo so, āvuso, bhikkhu evaṁ jānāti evaṁ passati kallaṁ tassetaṁ vacanāya: ",
  "dn7:4.5": "‘taṁ jīvaṁ taṁ sarīran’ti vā ‘aññaṁ jīvaṁ aññaṁ sarīran’ti vāti. ",
  "dn7:4.6": "Ahaṁ kho panetaṁ, āvuso, evaṁ jānāmi evaṁ passāmi. ",
  "dn7:4.7": "Atha ca panāhaṁ na vadāmi: ",
  "dn7:4.8": "‘taṁ jīvaṁ taṁ sarīran’ti vā ‘aññaṁ jīvaṁ aññaṁ sarīran’ti vā …pe…. ",
  "dn7:5.1": "…pe… Nāparaṁ itthattāyāti pajānāti. ",
  "dn7:5.2": "Yo kho, āvuso, bhikkhu evaṁ jānāti evaṁ passati, kallaṁ nu kho tassetaṁ vacanāya: ",
  "dn7:5.3": "‘taṁ jīvaṁ taṁ sarīran’ti vā ‘aññaṁ jīvaṁ aññaṁ sarīran’ti vāti? ",
  "dn7:5.4": "Yo so, āvuso, bhikkhu evaṁ jānāti evaṁ passati, na kallaṁ tassetaṁ vacanāya: ",
  "dn7:5.5": "‘taṁ jīvaṁ taṁ sarīran’ti vā ‘aññaṁ jīvaṁ aññaṁ sarīran’ti vāti. ",
  "dn7:5.6": "Ahaṁ kho panetaṁ, āvuso, evaṁ jānāmi evaṁ passāmi. ",
  "dn7:5.7": "Atha ca panāhaṁ na vadāmi: ",
  "dn7:5.8": "‘taṁ jīvaṁ taṁ sarīran’ti vā ‘aññaṁ jīvaṁ aññaṁ sarīran’ti vā”ti. ",
  "dn7:5.9": "Idamavoca bhagavā. ",
  "dn7:5.10": "Attamanā te dve pabbajitā bhagavato bhāsitaṁ abhinandunti. ",
  "dn7:5.11": "Jāliyasuttaṁ niṭṭhitaṁ sattamaṁ. "
}