{
  "sn14.35:0.1": "Связанные Наставления 14.35",
  "sn14.35:0.2": "Глава Четвертая",
  "sn14.35:0.3": "Сутта Только Болезненный",
  "sn14.35:1.1": "В Саваттхи. ",
  "sn14.35:1.2": "«Монахи, тот, кто ищет наслаждение в элементе земли, также ищет наслаждение в боли. ",
  "sn14.35:1.3": "Тот, кто ищет наслаждение в боли, тот, я говорю вам, не освобождён от боли. ",
  "sn14.35:1.4": "Тот, кто ищет наслаждение в элементе воды… ",
  "sn14.35:1.5": "огня… ",
  "sn14.35:1.6": "воздуха, тот ищет наслаждение в боли. ",
  "sn14.35:1.7": "Тот, кто ищет наслаждение в боли, тот, я говорю вам, не освобождён от боли.",
  "sn14.35:2.1": "Тот, кто не ищет наслаждения в элементе земли… ",
  "sn14.35:2.2": "",
  "sn14.35:2.3": "в элементе воды… ",
  "sn14.35:2.4": "в элементе огня… ",
  "sn14.35:2.5": "в элементе воздуха, тот не ищет наслаждения в боли. ",
  "sn14.35:2.6": "Тот, кто не ищет наслаждения в боли, тот, я говорю вам, освобождён от боли».",
  "sn14.35:2.7": "Шестая."
}