{
  "sn14.17:0.1": "Связанные Наставления 14.17",
  "sn14.17:0.2": "Глава Вторая",
  "sn14.17:0.3": "Сутта Недоверие",
  "sn14.17:1.1": "В Саваттхи. ",
  "sn14.17:1.2": "«Монахи, именно из-за элементов эти существа сходятся вместе и объединяются. ",
  "sn14.17:1.3": "Те, у кого нет достаточной веры, сходятся вместе и объединяются с теми, у кого нет достаточной веры; ",
  "sn14.17:1.4": "бесстыдные – с бесстыдными; ",
  "sn14.17:1.5": "не боящиеся проступков – с теми, кто не боится проступков; ",
  "sn14.17:1.6": "необученные – с необученными; ",
  "sn14.17:1.7": "ленивые – с ленивыми; ",
  "sn14.17:1.8": "те, у кого замутнён ум – с теми, у кого замутнён ум; ",
  "sn14.17:1.9": "немудрые – с немудрыми. ",
  "sn14.17:2.1": "В прошлом, монахи, именно из-за элементов эти существа сходились вместе и объединялись. ",
  "sn14.17:2.2": "Те, у кого нет достаточной веры, сходились вместе и объединялись с теми, у кого нет достаточной веры; ",
  "sn14.17:2.3": "бесстыдные – с бесстыдными; ",
  "sn14.17:2.4": "не боящиеся проступков – с теми, кто не боится проступков; ",
  "sn14.17:2.5": "необученные – с необученными; ",
  "sn14.17:2.6": "ленивые – с ленивыми; ",
  "sn14.17:2.7": "те, у кого замутнён ум – с теми, у кого замутнён ум; ",
  "sn14.17:2.8": "немудрые – с немудрыми. ",
  "sn14.17:3.1": "В будущем монахи, именно из-за элементов существа буду сходиться вместе и объединяться. ",
  "sn14.17:3.2": "Те, у кого нет достаточной веры, будут сходиться вместе и объединяться с теми, у кого нет достаточной веры; ",
  "sn14.17:3.3": "бесстыдные – с бесстыдными; ",
  "sn14.17:3.4": "не боящиеся проступков – с теми, кто не боится проступков; ",
  "sn14.17:3.5": "необученные – с необученными; ",
  "sn14.17:3.6": "ленивые – с ленивыми; ",
  "sn14.17:3.7": "те, у кого замутнён ум – с теми, у кого замутнён ум; ",
  "sn14.17:3.8": "немудрые – с немудрыми. ",
  "sn14.17:4.1": "И сейчас, монахи, именно из-за элементов эти существа сходятся вместе и объединяются. ",
  "sn14.17:4.2": "Те, у кого нет достаточной веры, сходятся вместе и объединяются с теми, у кого нет достаточной веры; ",
  "sn14.17:4.3": "бесстыдные – с бесстыдными; ",
  "sn14.17:4.4": "не боящиеся проступков – с теми, кто не боится проступков; ",
  "sn14.17:4.5": "необученные – с необученными; ",
  "sn14.17:4.6": "ленивые – с ленивыми; ",
  "sn14.17:4.7": "те, у кого замутнён ум – с теми, у кого замутнён ум; ",
  "sn14.17:4.8": "немудрые – с немудрыми. ",
  "sn14.17:5.1": "Монахи, именно из-за элементов эти существа сходятся вместе и объединяются. ",
  "sn14.17:5.2": "Те, у кого есть вера, сходятся вместе и объединяются с теми, у кого есть вера; ",
  "sn14.17:5.3": "те, у кого есть чувство стыда – с теми, у кого есть чувство стыда; ",
  "sn14.17:5.4": "те, кто боятся совершить проступок – с теми, кто боится совершить проступок; ",
  "sn14.17:5.5": "учёные – с учёными; ",
  "sn14.17:5.6": "усердные – с усердными; ",
  "sn14.17:5.7": "осознанные – с осознанными; ",
  "sn14.17:5.8": "мудрые – с мудрыми. ",
  "sn14.17:5.9": "В прошлом, монахи…",
  "sn14.17:5.10": "В будущем монахи… ",
  "sn14.17:5.11": "И сейчас, монахи, именно из-за элементов эти существа сходятся вместе и объединяются. ",
  "sn14.17:5.12": "Те, у кого есть вера, сходятся вместе и объединяются с теми, у кого есть вера; ",
  "sn14.17:5.13": "мудрые – с мудрыми. ",
  "sn14.17:5.14": "Седьмая."
}