{
  "sn14.29:0.1": "Связанные Наставления 14.29",
  "sn14.29:0.2": "Глава Каммапатха",
  "sn14.29:0.3": "Сутта Десятиспектный",
  "sn14.29:1.1": "В Саваттхи. ",
  "sn14.29:1.2": "«Монахи, именно из-за элементов эти существа сходятся вместе и объединяются. ",
  "sn14.29:1.3": "Те, кто имеет ошибочный взгляд, сходятся вместе и объединяются с теми, кто имеет ошибочный взгляд.",
  "sn14.29:1.4": "Те, кто имеет ошибочное устремление…",
  "sn14.29:1.5": "Те, кто имеет ошибочную речь…",
  "sn14.29:1.6": "Те, кто имеет ошибочные действия…",
  "sn14.29:1.7": "Те, кто имеет ошибочные средства к жизни…",
  "sn14.29:1.8": "Те, кто имеет ошибочное усердие…",
  "sn14.29:1.9": "Те, кто имеет ошибочную осознанность…",
  "sn14.29:1.10": "Те, кто имеет ошибочное сосредоточение…",
  "sn14.29:1.11": "Те, кто имеет ошибочное знание…",
  "sn14.29:1.12": "Те, кто имеет ошибочное освобождение, сходятся вместе и объединяются с теми, кто имеет ошибочное освобождение.",
  "sn14.29:2.1": "Те, кто имеет правильный взгляд… ",
  "sn14.29:2.2": "устремление… ",
  "sn14.29:2.3": "речь… ",
  "sn14.29:2.4": "действия… ",
  "sn14.29:2.5": "средства к жизни… ",
  "sn14.29:2.6": "усердие… ",
  "sn14.29:2.7": "осознанность… ",
  "sn14.29:2.8": "сосредоточение… ",
  "sn14.29:2.9": "знание… ",
  "sn14.29:2.10": "освобождение, сходятся вместе и объединяются с теми, кто имеет правильное освобождение».",
  "sn14.29:2.11": "Седьмая.",
  "sn14.29:2.12": "(Все должны быть развернуты на прошлое будущее и текущее.)",
  "sn14.29:3.0": "Семи Сутт Оглавление",
  "sn14.29:3.1": "",
  "sn14.29:3.2": "",
  "sn14.29:3.3": "",
  "sn14.29:3.4": "",
  "sn14.29:3.5": "",
  "sn14.29:3.6": "",
  "sn14.29:3.7": ""
}