{
  "sn14.1:0.1": "Связанные Наставления 14.1",
  "sn14.1:0.2": "Глава Нанатта",
  "sn14.1:0.3": "Сутта Дхатунанатта",
  "sn14.1:1.1": "В Саваттхи. ",
  "sn14.1:1.2": "«Монахи, я научу вас разнообразию элементов. ",
  "sn14.1:1.3": "Слушайте внимательно, я буду говорить».",
  "sn14.1:1.4": "«Да, Учитель» – ответили монахи. ",
  "sn14.1:1.5": "Благословенный сказал:",
  "sn14.1:2.1": "«И что такое, монахи, разнообразие элементов?",
  "sn14.1:2.2": "Элемент глаза, элемент формы, элемент сознания глаза, Элемент уха, элемент звука, элемент сознания уха, Элемент носа, элемент запаха, элемент сознания носа, Элемент языка, элемент вкуса, элемент сознания языка, Элемент тела, элемент тактильного ощущения, элемент сознания тела, Элемент ума, элемент ментального феномена, элемент сознания ума. ",
  "sn14.1:2.3": "Это, монахи, называется разнообразием элементов».",
  "sn14.1:2.4": "Первая."
}