{
  "sn14.36:0.1": "Связанные Наставления 14.36",
  "sn14.36:0.2": "Глава Четвертая",
  "sn14.36:0.3": "Сутта Появление",
  "sn14.36:1.1": "В Саваттхи. ",
  "sn14.36:1.2": "«Монахи, возникновение, продолжительность, образование, и проявление элемента земли является также возникновением боли, продолжительностью болезни, и проявлением старения и смерти.",
  "sn14.36:1.3": "Возникновение, продолжительность, образование, и проявление элемента воды… ",
  "sn14.36:1.4": "огня… ",
  "sn14.36:1.5": "воздуха является также возникновением боли, продолжительностью болезни, и проявлением старения и смерти.",
  "sn14.36:2.1": "Прекращение, угасание, исчезновение элемента земли… ",
  "sn14.36:2.2": "воды… ",
  "sn14.36:2.3": "огня… ",
  "sn14.36:2.4": "воздуха является также прекращением боли, угасанием болезни, исчезновением старения и смерти».",
  "sn14.36:2.5": "Седьмая."
}