{
  "an3.118:0.1": "Восходящие Наставления 3.118",
  "an3.118:0.2": "Глава Апаика",
  "an3.118:0.3": "Сутта Апаннака",
  "an3.118:1.1": "“Монахи, есть эти три неудачи. ",
  "an3.118:1.2": "Какие три?",
  "an3.118:1.3": "Неудача в нравственном поведении, неудача в уме, неудача в воззрении.",
  "an3.118:2.1": "И что такое неудача в нравственном поведении? ",
  "an3.118:2.2": "Вот некий человек уничтожает жизнь, берёт то, что не дано, пускается в неблагое сексуальное поведение, лжёт, своими речами сеет распри, грубит, пускается в пустую болтовню. ",
  "an3.118:2.3": "Это называется неудачей в нравственном поведении.",
  "an3.118:3.1": "И что такое неудача в уме? ",
  "an3.118:3.2": "Вот некий человек полон жажды и имеет недоброжелательный ум. ",
  "an3.118:3.3": "Это называется неудачей в уме.",
  "an3.118:4.1": "И что такое неудача в воззрении? ",
  "an3.118:4.2": "Вот некий человек придерживается неправильного воззрения и имеет неправильную точку зрения: ",
  "an3.118:4.3": "“Нет ничего, что дано; нет ничего, что предложено; нет ничего, что пожертвовано. Нет плода или результата хороших или плохих поступков. Нет этого мира, нет следующего мира; нет отца, нет матери, нет спонтанно рождающихся существ. Нет жрецов и отшельников, которые посредством правильной жизни и правильной практики [истинно] провозглашали бы, что познали и засвидетельствовали самостоятельно этот мир и следующий”. ",
  "an3.118:4.4": "Это называется неудачей в воззрении.",
  "an3.118:4.5": "Из-за неудачи в нравственном поведении… Из-за неудачи в воззрении с распадом тела, после смерти, существа перерождаются в состоянии лишений, в плохом уделе, в нижних мирах, в аду.",
  "an3.118:4.6": "Подобно брошенным кубикам из игры в кости, которые прочно будут стоять там, куда упадут, ",
  "an3.118:4.7": "точно также, из-за неудачи в нравственном поведении… неудачи в уме… неудачи в воззрении с распадом тела, после смерти, существа перерождаются в состоянии лишений, в плохом уделе, в нижних мирах, в аду. Таковы, монахи, три неудачи.",
  "an3.118:4.8": "Таковы, монахи, три неудачи. ",
  "an3.118:5.1": "Монахи, есть эти три совершенства. ",
  "an3.118:5.2": "Какие три?",
  "an3.118:5.3": "совершенство в нравственном поведении, совершенство в уме, совершенство в воззрении.",
  "an3.118:6.1": "И что такое совершенство в нравственном поведении? ",
  "an3.118:6.2": "Вот некий человек воздерживается от уничтожения жизни… от пустой болтовни. ",
  "an3.118:6.3": "Это называется совершенством в нравственном поведении.",
  "an3.118:7.1": "И что такое совершенство в уме? ",
  "an3.118:7.2": "Вот некий человек не имеет жажды и имеет ум, свободный от недоброжелательности. ",
  "an3.118:7.3": "Это называется совершенством в уме.",
  "an3.118:8.1": "И что такое совершенство в воззрении? ",
  "an3.118:8.2": "Вот некий человек придерживается правильного воззрения и имеет правильную точку зрения: ",
  "an3.118:8.3": "“Есть то, что дано; есть то, что предложено; есть то, что пожертвовано. Есть плод и результат хороших или плохих поступков. Есть этот мир, есть следующий мир; есть отец, есть мать, есть спонтанно рождающиеся существа. Есть жрецы и отшельники, которые посредством правильной жизни и правильной практики [истинно] провозглашают, что познали и засвидетельствовали самостоятельно этот мир и следующий”. ",
  "an3.118:8.4": "Это называется совершенством в воззрении.",
  "an3.118:8.5": "Из-за совершенства в нравственном поведении… Из-за совершенства в воззрении с распадом тела, после смерти, существа перерождаются в благом уделе, в небесном мире.",
  "an3.118:8.6": "Подобно брошенным кубикам из игры в кости, которые прочно будут стоять там, куда упадут, ",
  "an3.118:8.7": "точно также, из-за совершенства в нравственном поведении… в воззрении с распадом тела, после смерти, существа перерождаются в благом уделе, в небесном мире. Таковы, монахи, три совершенства”.",
  "an3.118:8.8": "Таковы, монахи, три совершенства”.",
  "an3.118:8.9": "Шестая."
}