{
  "an3.90:0.1": "Восходящие Наставления 3.90",
  "an3.90:0.2": "Глава Шаман",
  "an3.90:0.3": "Сутта Три Тренировки Вторая",
  "an3.90:1.1": "“Монахи, есть эти три тренировки. ",
  "an3.90:1.2": "Какие три? ",
  "an3.90:1.3": "Тренировка в высшей нравственности, тренировка в высшем уме, и тренировка в высшей мудрости.",
  "an3.90:2.1": "И что такое, монахи, тренировка в высшей нравственности? ",
  "an3.90:2.2": "Вот монах нравственен… Возложив на себя правила тренировки, он тренируется в них. ",
  "an3.90:2.3": "Это называется тренировкой в высшей нравственности.",
  "an3.90:3.1": "И что такое, монахи, тренировка в высшем уме? ",
  "an3.90:3.2": "Вот, будучи отстранённым от чувственных удовольствий, отстранённым от неблагих состояний [ума], монах входит и пребывает в первой джхане… четвёртой джхане, которая ни-болезненна-ни-приятна, характерна чистейшей осознанностью из-за невозмутимости. ",
  "an3.90:3.3": "Это называется тренировкой в высшем уме.",
  "an3.90:4.1": "И что такое, монахи, тренировка в высшей мудрости? ",
  "an3.90:4.2": "Вот монах понимает в соответствии с действительностью: “Это – боль”… “Это – к истечению боли ведущая практика”. ",
  "an3.90:4.3": "Это называется тренировкой в высшей мудрости.",
  "an3.90:4.4": "Таковы, монахи, три тренировки”.",
  "an3.90:5.1": "Так практикует он высшую нравственность,",
  "an3.90:5.2": "Высшую мудрость, как и высший ум.",
  "an3.90:5.3": "“Усердный, сильный и решительный, Он медитирует, осознан, ",
  "an3.90:5.4": "И охраняет двери чувств.",
  "an3.90:6.1": "Как прежде, так и после,",
  "an3.90:6.2": "Как после, так и прежде.",
  "an3.90:6.3": "Вверху, как и внизу,",
  "an3.90:6.4": "Внизу, как и вверху.",
  "an3.90:7.1": "Как ночью, так и днём,",
  "an3.90:7.2": "Как днём, и ночью так,",
  "an3.90:7.3": "Стороны света все преодолев",
  "an3.90:7.4": "Безмерным сосредоточением своим.",
  "an3.90:8.1": "Зовётся он учеником, идущим по пути,",
  "an3.90:8.2": "И поведение тщательно очищено его.",
  "an3.90:8.3": "Зовётся в мире просветлённым он,",
  "an3.90:8.4": "И мудрецом, который тренировку завершил.",
  "an3.90:9.1": "Когда сознание прекратится",
  "an3.90:9.2": "Того, кто стал свободным с разрушением цепляния,",
  "an3.90:9.3": "Подобно будет лампы угасанию",
  "an3.90:9.4": "Освобождение его ума”.",
  "an3.90:9.5": "Десятая."
}