{
  "an3.84:0.1": "Восходящие Наставления 3.84",
  "an3.84:0.2": "Глава Шаман",
  "an3.84:0.3": "Сутта Сын Вадджей ",
  "an3.84:1.1": "Однажды Благословенный пребывал в Весали в зале с остроконечной крышей в Великом Лесу. ",
  "an3.84:1.2": "И тогда некий вадджийский монах подошёл к Благословенному, поклонился ему и сказал ему:",
  "an3.84:1.3": "“Почтенный, каждые полмесяца декламируются более ста пятидесяти правил [монашеской] тренировки. ",
  "an3.84:1.4": "Я не могу тренироваться в них”.",
  "an3.84:1.5": "“Но можешь ли ты тренировать [себя] в трёх тренировках, монах: ",
  "an3.84:1.6": "в тренировке высшей нравственности, тренировке высшего ума, и тренировке высшей мудрости?”",
  "an3.84:1.7": "“Могу, почтенный”.",
  "an3.84:1.8": "",
  "an3.84:1.9": "“Тогда, монах, тренируй [себя] в трёх тренировках: ",
  "an3.84:1.10": "в тренировке высшей нравственности, тренировке высшего ума, и тренировке высшей мудрости. ",
  "an3.84:2.1": "Если будешь тренироваться в них, ты отбросишь страсть, злобу, заблуждение, не будешь совершать ничего неблагого ",
  "an3.84:2.2": "или же склоняться к чему-либо плохому”.",
  "an3.84:3.1": "И тогда, спустя какое-то время, тот монах тренировался в высшей нравственности, высшем уме, и высшей мудрости. ",
  "an3.84:3.2": "И когда он тренировался в них, он отбросил страсть, злобу, и заблуждение. ",
  "an3.84:3.3": "С оставлением страсти, злобы, и заблуждения, он не совершал ничего неблагого и не склонялся ни к чему плохому”.",
  "an3.84:3.4": "Четвёртая."
}