{
  "an3.124:0.1": "Восходящие Наставления 3.124",
  "an3.124:0.2": "Глава Кусинара",
  "an3.124:0.3": "Сутта Споры",
  "an3.124:1.1": "“Монахи, когда монахи спорят и ссорятся, затевают диспуты, пронзая друг друга острыми словами, то мне трудно даже направить своё внимание на это [место, где спорят], не говоря уже о том, чтобы пойти туда. ",
  "an3.124:1.2": "Я делаю такой вывод в отношении них: ",
  "an3.124:1.3": "“Вне сомнений, эти достопочтенные отбросили три вещи и взрастили три вещи”.",
  "an3.124:1.4": "И какие три вещи они отбросили? ",
  "an3.124:1.5": "Мысли об отречении, доброжелательные мысли, мысли о непричинении вреда. ",
  "an3.124:1.6": "Таковы три вещи, которые они отбросили.",
  "an3.124:1.7": "И какие три вещи они взрастили? ",
  "an3.124:1.8": "Чувственные мысли, недоброжелательные мысли, мысли о причинении вреда. ",
  "an3.124:1.9": "Таковы три вещи, которые они взрастили.",
  "an3.124:1.10": "Монахи, когда монахи спорят и ссорятся, затевают диспуты, пронзая друг друга острыми словами, то мне трудно даже направить своё внимание на это [место, где спорят], не говоря уже о том, чтобы пойти туда. ",
  "an3.124:1.11": "Я делаю такой вывод в отношении их: ",
  "an3.124:1.12": "“Вне сомнений, эти достопочтенные отбросили эти три вещи и взрастили эти три вещи”.",
  "an3.124:2.1": "Монахи, когда монахи живут в согласии, в гармонии, не ссорятся, подобны смешанному с водой молоку, смотрят друг на друга дружескими взорами, то мне легко пойти туда, не говоря уже о том, чтобы направить туда внимание. ",
  "an3.124:2.2": "Я делаю такой вывод в отношении них: ",
  "an3.124:2.3": "“Вне сомнений, эти достопочтенные отбросили три вещи и взрастили три вещи”.",
  "an3.124:2.4": "И какие три вещи они отбросили? ",
  "an3.124:2.5": "Чувственные мысли, недоброжелательные мысли, мысли о причинении вреда. ",
  "an3.124:2.6": "Таковы три вещи, которые они отбросили.",
  "an3.124:2.7": "И какие три вещи они взрастили? ",
  "an3.124:2.8": "Мысли об отречении, доброжелательные мысли, мысли о непричинении вреда. ",
  "an3.124:2.9": "Таковы три вещи, которые они взрастили.",
  "an3.124:2.10": "Монахи, когда монахи живут в согласии… ",
  "an3.124:2.11": "Я делаю такой вывод в отношении них: ",
  "an3.124:2.12": "“Вне сомнений, эти достопочтенные отбросили эти три вещи и взрастили эти три вещи”.",
  "an3.124:2.13": "Вторая."
}