{
  "an3.106:0.1": "Восходящие Наставления 3.106",
  "an3.106:0.2": "Глава Самбодха",
  "an3.106:0.3": "Сутта Шаман-Брахман",
  "an3.106:1.1": "“Монахи, те жрецы и отшельники, которые не понимают в соответствии с действительностью привлекательности мира как привлекательности, опасности как опасности, спасения от него как спасения – ",
  "an3.106:1.2": "таких я не считаю жрецами среди жрецов и отшельниками среди отшельников, и эти почтенные не входят, познав это для себя самостоятельно посредством прямого знания в этой самой жизни, и не пребывают в цели отшельничества или в цели жречества.",
  "an3.106:1.3": "Но, монахи, те жрецы и отшельники, которые понимают в соответствии с действительностью привлекательность мира как привлекательность, опасность как опасность, спасение от него как спасение – ",
  "an3.106:1.4": "тех я считаю жрецами среди жрецов и отшельниками среди отшельников, и эти почтенные входят, познав это для себя самостоятельно посредством прямого знания в этой самой жизни, и пребывают в цели отшельничества или в цели жречества”.",
  "an3.106:1.5": "Четвёртая."
}