{
  "an3.110:0.1": "Восходящие Наставления 3.110",
  "an3.110:0.2": "Глава Самбодха",
  "an3.110:0.3": "Сутта Остроконечная Крыша Вторая",
  "an3.110:1.1": "И тогда Благословенный сказал домохозяину Анатхапиндике: ",
  "an3.110:1.2": "“Домохозяин, когда ум потерпел неудачу, то телесные, словесные, умственные действия [также] терпят неудачу. ",
  "an3.110:1.3": "У того, чьи телесные, словесные, умственные поступки потерпели неудачу, не будет хорошей смерти.",
  "an3.110:1.4": "Представь, как если бы дом с остроконечной крышей был бы плохо покрыт соломой. В этом случае остроконечная крыша, стропила, стены провалились бы. ",
  "an3.110:1.5": "Точно также, когда ум потерпел неудачу… ",
  "an3.110:1.6": "не будет хорошей смерти.",
  "an3.110:2.1": "Домохозяин, когда ум не потерпел неудачи, то телесные, словесные, умственные действия [также] не терпят неудачи. ",
  "an3.110:2.2": "У того, чьи телесные, словесные, умственные поступки не потерпели неудачи, будет хорошая смерть.",
  "an3.110:2.3": "Представь, как если бы дом с остроконечной крышей был бы хорошо покрыт соломой. В этом случае остроконечная крыша, стропила, стены не провалились бы. ",
  "an3.110:2.4": "Точно также, когда ум не потерпел неудачи… ",
  "an3.110:2.5": "будет хорошая смерть”.",
  "an3.110:2.6": "Восьмая."
}