{
  "an3.140:0.1": "Восходящие Наставления 3.140",
  "an3.140:0.2": "Глава Йодхаджива",
  "an3.140:0.3": "Сутта Дикие Жеребята",
  "an3.140:1.1": "“Монахи, я научу вас трём видам диких жеребят и трём видам личностей, которые подобны диким жеребятам.",
  "an3.140:1.2": "Слушайте внимательно, я буду говорить”.",
  "an3.140:1.3": "“Да, почтенный” – ответили монахи.",
  "an3.140:1.4": "Благословенный сказал:",
  "an3.140:2.1": "“И каковы, монахи, три вида диких жеребят?",
  "an3.140:2.2": "Вот один вид дикого жеребёнка обладает скоростью, но не красотой или правильными пропорциями.",
  "an3.140:2.3": "Другой вид дикого жеребёнка обладает скоростью и красотой, но не правильными пропорциями.",
  "an3.140:2.4": "И ещё иной вид дикого жеребёнка обладает скоростью, красотой, и правильными пропорциями.",
  "an3.140:2.5": "Таковы три вида диких жеребят.",
  "an3.140:3.1": "И каковы, монахи, три вида личностей, которые подобны диким жеребятам?",
  "an3.140:3.2": "Вот один вид личности подобен дикому жеребёнку, который обладает скоростью, но не красотой или правильными пропорциями.",
  "an3.140:3.3": "Другой вид личности подобен дикому жеребёнку, который обладает скоростью и красотой, но не правильными пропорциями.",
  "an3.140:3.4": "И ещё иной вид личности подобен дикому жеребёнку, который обладает скоростью, красотой, и правильными пропорциями.",
  "an3.140:4.1": "И каким образом, монахи, этот вид личности подобен дикому жеребёнку, который обладает скоростью, но не красотой или правильными пропорциями?",
  "an3.140:4.2": "Вот монах понимает в соответствии с действительностью: “Это – боль”, “Это – скапливание боли”, “Это – истечение боли”, “Это – к истечению боли ведущая практика”.",
  "an3.140:4.3": "Такова, я говорю вам, его скорость.",
  "an3.140:4.4": "Но когда ему задают вопрос, имеющий отношение к Дхамме или Винае, он колеблется и не отвечает.",
  "an3.140:4.5": "Таково, я говорю вам, его отсутствие красоты.",
  "an3.140:4.6": "И он не обретает одеяний, еды, жилищ, лекарств и обеспечения для больных [монахов].",
  "an3.140:4.7": "Таково, я говорю вам, его отсутствие правильных пропорций.",
  "an3.140:4.8": "Таким образом этот вид личности подобен дикому жеребёнку, который обладает скоростью, но не красотой или правильными пропорциями.",
  "an3.140:5.1": "И каким образом, монахи, этот вид личности подобен дикому жеребёнку, который обладает скоростью, красотой, но не правильными пропорциями?",
  "an3.140:5.2": "Вот монах понимает в соответствии с действительностью: “Это – боль”, “Это – скапливание боли”, “Это – истечение боли”, “Это – к истечению боли ведущая практика”.",
  "an3.140:5.3": "Такова, я говорю вам, его скорость.",
  "an3.140:5.4": "Когда ему задают вопрос, имеющий отношение к Дхамме или Винае, он отвечает и не колеблется.",
  "an3.140:5.5": "Такова, я говорю вам, его красота.",
  "an3.140:5.6": "Но он не обретает одеяний, еды, жилищ, лекарств и обеспечения для больных [монахов].",
  "an3.140:5.7": "Таково, я говорю вам, его отсутствие правильных пропорций.",
  "an3.140:5.8": "Таким образом этот вид личности подобен дикому жеребёнку, который обладает скоростью, красотой, но не правильными пропорциями.",
  "an3.140:6.1": "И каким образом, монахи, этот вид личности подобен дикому жеребёнку, который обладает скоростью, красотой, и правильными пропорциями?",
  "an3.140:6.2": "Вот монах понимает в соответствии с действительностью: “Это – боль”, “Это – скапливание боли”, “Это – истечение боли”, “Это – к истечению боли ведущая практика”.",
  "an3.140:6.3": "Такова, я говорю вам, его скорость.",
  "an3.140:6.4": "Когда ему задают вопрос, имеющий отношение к Дхамме или Винае, он отвечает и не колеблется.",
  "an3.140:6.5": "Такова, я говорю вам, его красота.",
  "an3.140:6.6": "И он обретает одеяния, еду, жилища, лекарства и обеспечение для больных [монахов].",
  "an3.140:6.7": "Таковы, я говорю вам, его правильные пропорции.",
  "an3.140:6.8": "Таким образом, монахи, этот вид личности подобен дикому жеребёнку, который обладает скоростью, красотой, и правильными пропорциями.",
  "an3.140:6.9": "Таковы, монахи, три вида личностей, которые подобны диким жеребятам.",
  "an3.140:6.10": "Восьмая."
}