{
  "an3.144:0.1": "Восходящие Наставления 3.144",
  "an3.144:0.2": "Глава Йодхаджива",
  "an3.144:0.3": "Сутта Павлиний Заповедник Вторая",
  "an3.144:1.1": "Монахи, обладая тремя качествами, монах является лучшим среди богов и людей… обрёл окончательное осуществление.",
  "an3.144:1.2": "Какими тремя?",
  "an3.144:1.3": "чудом сверхъестественных сил; чудом чтения умов других; чудом наставления.",
  "an3.144:1.4": "Обладая этими тремя качествами, монах является лучшим среди богов и людей… обрёл окончательное осуществление.",
  "an3.144:1.5": "Двенадцатая."
}