{
  "an3.147:0.1": "Восходящие Наставления 3.147",
  "an3.147:0.2": "Глава Мангала",
  "an3.147:0.3": "Сутта Укоризненный",
  "an3.147:1.1": "“Монахи, тот, кто обладает тремя качествами, оказывается в аду, как если бы его туда затянули силой.",
  "an3.147:1.2": "Какими тремя?",
  "an3.147:1.3": "Достойным порицания телесным действием… словесным… умственным действием.",
  "an3.147:1.4": "Тот, кто обладает этими тремя качествами, оказывается в аду, как если бы его туда затянули силой.",
  "an3.147:2.1": "Монахи, тот, кто обладает тремя качествами, оказывается в небесном мире, как если бы его туда затянули силой.",
  "an3.147:2.2": "Какими тремя?",
  "an3.147:2.3": "Безукоризненным телесным… словесным… умственным действием.",
  "an3.147:2.4": "Монахи, тот, кто обладает этими тремя качествами, оказывается в небесном мире, как если бы его туда затянули силой.",
  "an3.147:2.5": "Вторая."
}