{
  "an3.125:0.1": "Восходящие Наставления 3.125",
  "an3.125:0.2": "Глава Кусинара",
  "an3.125:0.3": "Сутта Святилище Готамаки",
  "an3.125:1.1": "Однажды Благословенный пребывал в Весали в Святилище Готамаки. ",
  "an3.125:1.2": "Там Благословенный обратился к монахам: ",
  "an3.125:1.3": "“Монахи!”",
  "an3.125:1.4": "“Да, достопочтенный” – отвечали те монахи. ",
  "an3.125:1.5": "Благословенный сказал:",
  "an3.125:2.1": "“Монахи, я учу Дхамме посредством прямого знания, а не без прямого знания. ",
  "an3.125:2.2": "Я учу Дхамме с основанием, а не без основания. ",
  "an3.125:2.3": "Я учу Дхамме с противоядиями, а не без противоядий.",
  "an3.125:2.4": "Поскольку я учу Дхамме посредством прямого знания… с противоядиями, а не без противоядий, то мои наставления следует претворять в жизнь, мои предписания следует претворять в жизнь. ",
  "an3.125:2.5": "Их достаточно для того, чтобы вы возрадовались, достаточно для того, чтобы вы восхитились, достаточно для того, чтобы вы были радостными: ",
  "an3.125:2.6": "“Благословенный – полностью просветлённый! Дхамма хорошо разъяснена Благословенным! Сангха практикует хороший путь!”",
  "an3.125:3.1": "Так сказал Благословенный. ",
  "an3.125:3.2": "Обрадованные, те монахи восхитились словам Благословенного. ",
  "an3.125:3.3": "И во время этой беседы система тысячи миров содрогнулась.",
  "an3.125:3.4": "Третья."
}