{
  "an3.149:0.1": "Восходящие Наставления 3.149",
  "an3.149:0.2": "Глава Мангала",
  "an3.149:0.3": "Сутта Неуравновешнный",
  "an3.149:1.1": "“Монахи, тот, кто обладает тремя качествами…",
  "an3.149:1.2": "Нечистым телесным действием… словесным… умственным действием.",
  "an3.149:1.3": "Тот, кто обладает этими тремя качествами, оказывается в аду, как если бы его туда затянули силой.",
  "an3.149:2.1": "Монахи, тот, кто обладает тремя качествами…",
  "an3.149:2.2": "Чистым телесным действием… словесным… умственным действием.",
  "an3.149:2.3": "Этими… в раю.",
  "an3.149:2.4": "Четвёртая."
}