{
  "an3.27:0.1": "Восходящие Наставления 3.27",
  "an3.27:0.2": "Глава Личность",
  "an3.27:0.3": "Сутта Стоит Должно Отвергнуть",
  "an3.27:1.1": "“Монахи, есть три типа личностей в мире. ",
  "an3.27:1.2": "Какие три?",
  "an3.27:1.3": "Есть человек, на которого нужно смотреть с отвращением, с ним не стоит общаться, не стоит следовать за ним, не стоит служить ему. ",
  "an3.27:1.4": "Есть человек, на которого нужно смотреть с невозмутимостью, с ним не стоит общаться, не стоит следовать за ним, не стоит служить ему. ",
  "an3.27:1.5": "Есть человек, с которым стоит общаться, стоит следовать за ним, стоит служить ему.",
  "an3.27:1.6": "И каков, монахи, человек, на которого нужно смотреть с отвращением, с которым не стоит общаться, следовать за ним или же служить ему? ",
  "an3.27:1.7": "Вот некий человек безнравственный, с плохим характером, нечист и подозрителен в поведении, скрытен в своих делах, не отшельник, хотя и заявляет о себе как о таковом, не соблюдает целомудрия, хотя заявляет о себе как о таковом – внутренне прогнивший, порочный, развращённый. ",
  "an3.27:1.8": "На такого человека нужно смотреть с отвращением, с ним не стоит общаться, следовать за ним или же служить ему. ",
  "an3.27:1.9": "И почему? ",
  "an3.27:1.10": "Даже если не следовать примеру такого человека, всё равно о вас пойдёт плохая молва: ",
  "an3.27:1.11": "“У него плохие друзья, плохие спутники, плохие товарищи”. ",
  "an3.27:1.12": "Подобно змее, проползшей по фекалиям: даже если она никого не покусает, она всё равно кого-нибудь да запачкает. ",
  "an3.27:1.13": "Точно также, даже если не следовать примеру такого человека, всё равно о вас пойдёт плохая молва: ",
  "an3.27:1.14": "“У него плохие друзья, плохие спутники, плохие товарищи”. ",
  "an3.27:1.15": "Поэтому на такого человека нужно смотреть с отвращением, с ним не стоит общаться, следовать за ним или же служить ему.",
  "an3.27:2.1": "И каков человек, на которого нужно смотреть с невозмутимостью, с которым не стоит общаться, следовать за ним или же служить ему? ",
  "an3.27:2.2": "Вот некий человек склонен к злобе и легко раздражается. ",
  "an3.27:2.3": "Если его хоть немного покритикуют, он выходит из себя, становится раздражительным, враждебным, упрямым. Он проявляет злость, ненависть, и горечь. ",
  "an3.27:2.4": "Подобно тому, как если гнойную язву задеть палкой или острым обломком, вытечет лишь ещё больше гноя, ",
  "an3.27:2.5": "то точно также, некий человек склонен к злобе… проявляет злость, ненависть, и горечь. ",
  "an3.27:2.6": "Подобно головёшке из дерева тиндуки: если её ударить палкой или острым осколком, она зашипит и затрещит ещё больше, ",
  "an3.27:2.7": "то точно также… ",
  "an3.27:2.8": "Подобно отхожей яме: если её ударить палкой или острым осколком, она станет ещё более зловонной, ",
  "an3.27:2.9": "то точно также некий человек склонен к злобе… ",
  "an3.27:2.10": "проявляет злость, ненависть, и горечь. ",
  "an3.27:2.11": "На такого человека нужно смотреть с невозмутимостью, с ним не стоит общаться, не стоит следовать за ним, не стоит служить ему. ",
  "an3.27:2.12": "И почему? ",
  "an3.27:2.13": "“Он может оскорбить меня, поругать меня, причинить мне вред”. ",
  "an3.27:2.14": "Вот почему на такого человека нужно смотреть с невозмутимостью, с ним не стоит общаться, не стоит следовать за ним, не стоит служить ему.",
  "an3.27:3.1": "И каков человек, с которым стоит общаться, стоит следовать за ним, стоит служить ему? ",
  "an3.27:3.2": "Вот некий человек нравственный, с хорошим характером. ",
  "an3.27:3.3": "С таким человеком стоит общаться, стоит следовать за ним, стоит служить ему. ",
  "an3.27:3.4": "И почему? ",
  "an3.27:3.5": "Даже если не следовать примеру такого человека, всё равно о вас пойдёт благая молва: ",
  "an3.27:3.6": "“У него хорошие друзья, хорошие спутники, хорошие товарищи”. ",
  "an3.27:3.7": "Поэтому с таким человеком стоит общаться, стоит следовать за ним, стоит служить ему.",
  "an3.27:3.8": "Таковы, монахи, три типа личностей, существующих в мире”. ",
  "an3.27:4.1": "“Общается кто с низшими людьми, тот ниспадает.",
  "an3.27:4.2": "Общается кто с равными – к упадку не идёт.",
  "an3.27:4.3": "Коль высшим людям служишь – развиваешься ты быстро,",
  "an3.27:4.4": "Поэтому иди за тем, кто лучше, чем ты сам”.",
  "an3.27:4.5": "Седьмая."
}