{
  "an3.76:0.1": "Восходящие Наставления 3.76",
  "an3.76:0.2": "Глава Ананда",
  "an3.76:0.3": "Сутта Бхава Первая ",
  "an3.76:1.1": "Тогда уважаемый Ананда подошёл к Благословенному, подойдя Благословенного поприветствовав, сел с одной стороны. С одной стороны севший уважаемый Ананда Благословенного так спросил: ",
  "an3.76:1.2": "“бхава, бхава”, почтенный, – так говорят. ",
  "an3.76:1.3": "В каком смысле, почтенный, говорится о бхаве?”",
  "an3.76:2.1": "“Если бы созревание дхату желания, Ананда, и действие не случились (абхависса), разве желание-бхава может быть понята?”",
  "an3.76:2.2": "“Нет, почтенный”.",
  "an3.76:2.3": "“Так, Ананда, действие - поле, внимание - семя, цепляние - влага. ",
  "an3.76:2.4": "Покрытым неведением существам, связанным цеплянием внимание остановившееся в нижнем дхату так в будущем производит новую бхаву.",
  "an3.76:3.1": "“Если бы созревание дхату материи, Ананда, и действие не случились (абхависса), разве материальная-бхава может быть понята?”",
  "an3.76:3.2": "“Нет, почтенный”.",
  "an3.76:3.3": "“Так, Ананда, действие - поле, внимание - семя, цепляние - влага. ",
  "an3.76:3.4": "Покрытым неведением существам, связанным цеплянием внимание остановившееся в среднем дхату так в будущем производит новую бхаву.",
  "an3.76:4.1": "“Если бы созревание дхату нематериального, Ананда, и действие не случились (абхависса), разве нематериальная-бхава может быть понята?”",
  "an3.76:4.2": "“Нет, почтенный”.",
  "an3.76:4.3": "“Так, Ананда, действие - поле, внимание - семя, цепляние - влага. ",
  "an3.76:4.4": "Покрытым неведением существам, связанным цеплянием внимание остановившееся в высшем дхату так в будущем производит новую бхаву.",
  "an3.76:4.5": "Так, Ананда, бхава есть”.",
  "an3.76:4.6": "Шестая."
}