{
  "an3.83:0.1": "Восходящие Наставления 3.83",
  "an3.83:0.2": "Глава Шаман",
  "an3.83:0.3": "Сутта Поле",
  "an3.83:1.1": "“Монахи, у крестьянина есть эти три предварительные задачи. ",
  "an3.83:1.2": "Какие три? ",
  "an3.83:1.3": "Вначале крестьянин тщательно вспахивает и боронит поле. ",
  "an3.83:1.4": "Затем он сеет семена в надлежащее время. ",
  "an3.83:1.5": "И затем он время от времени орошает и осушает поле. ",
  "an3.83:1.6": "Таковы три предварительные задачи у крестьянина.",
  "an3.83:2.1": "Точно также, монахи, есть эти три предварительные задачи у монаха. ",
  "an3.83:2.2": "Какие три? ",
  "an3.83:2.3": "Осуществление тренировки высшего нравственного поведения. Осуществление тренировки высшего ума. Осуществление тренировки высшей мудрости. ",
  "an3.83:2.4": "Таковы три предварительные задачи у монаха.",
  "an3.83:3.1": "Поэтому, монахи, вот как вы должны тренировать себя: ",
  "an3.83:3.2": "“У нас будет острое желание осуществлять тренировку в высшей нравственности… в высшем уме… в высшей мудрости”. ",
  "an3.83:3.3": "Вот как вы должны тренировать себя”.",
  "an3.83:3.4": "Третья."
}