{
  "an3.45:0.1": "Восходящие Наставления 3.45",
  "an3.45:0.2": "Малая Глава ",
  "an3.45:0.3": "Сутта Мудрец",
  "an3.45:1.1": "“Монахи, есть эти три вещи, предписанные мудрыми, предписанные хорошими людьми. ",
  "an3.45:1.2": "Какие три? ",
  "an3.45:1.3": "Даяние предписано мудрыми, предписано хорошими людьми. ",
  "an3.45:1.4": "Уход в бездомную жизнь из жизни домохозяйской предписан мудрыми, предписан хорошими людьми. ",
  "an3.45:1.5": "Услужение собственной матери и отцу предписано мудрыми, предписано хорошими людьми. ",
  "an3.45:1.6": "Эти три вещи предписаны мудрыми, предписаны хорошими людьми”. ",
  "an3.45:2.1": "“Даяние предписано хорошими людьми –",
  "an3.45:2.2": "Безвредными, обузданными, сдержанными –",
  "an3.45:2.3": "А также услужение матери, отцу,",
  "an3.45:2.4": "И тем, кто безмятежен и ведёт святую жизнь.",
  "an3.45:3.1": "Вот каковы хорошие дела,",
  "an3.45:3.2": "К которым мудрый себя должен устремлять.",
  "an3.45:3.3": "Он обладает видением и благороден он,",
  "an3.45:3.4": "В счастливый мир он [после смерти] попадёт”.",
  "an3.45:3.5": "Пятая."
}