{
  "an3.6:0.1": "Восходящие Наставления 3.6",
  "an3.6:0.2": "Глава Бала",
  "an3.6:0.3": "Сутта Неблагое",
  "an3.6:1.1": "“Монахи, того, кто обладает тремя качествами, следует знать глупцом. ",
  "an3.6:1.2": "Какими тремя?",
  "an3.6:1.3": "Телесным неблагим поведением, словесным неблагим поведением, умственным неблагим поведением.",
  "an3.6:1.4": "Того, кто обладает этими тремя качествами, следует знать глупцом. ",
  "an3.6:2.1": "Того, кто обладает [другими] тремя качествами, следует знать мудрецом. ",
  "an3.6:2.2": "Какими тремя? ",
  "an3.6:2.3": "Телесным… словесным… умственным благим поведением. ",
  "an3.6:2.4": "Того, кто обладает этими тремя качествами, следует знать мудрецом.",
  "an3.6:2.5": "Поэтому…",
  "an3.6:2.6": "Шестая."
}