{
  "an3.66:0.1": "Восходящие Наставления 3.66",
  "an3.66:0.2": "Большая Глава",
  "an3.66:0.3": "Сутта Салха",
  "an3.66:1.1": "Так я слышал. ",
  "an3.66:1.2": "Однажды Достопочтенный Нандака пребывал в Саваттхи в особняке Мигараматы в Восточном Парке. ",
  "an3.66:1.3": "И тогда Салха, внук Мигары, а также Рохана, внук Пекхунии, подошли к Достопочтенному Нандаке, поклонились ему и сели рядом. Тогда Достопочтенный Нандака сказал Салхе:",
  "an3.66:2.1": "“Ну же, Салха, не принимайте чего-либо только на основании устной традиции, наследия учения, слухов, собрания [священных] текстов, логических рассуждений, умозаключений, раздумий, согласия с мнением после его обдумывания, кажущейся осведомлённости [говорящего], или же если когда ты думаешь: “[Этот] отшельник – наш гуру”.",
  "an3.66:2.2": "Но когда вы знаете сами: “Эти вещи являются неблагими, эти вещи достойны порицания, эти вещи порицаются мудрыми, эти вещи, если принять и предпринимать их, ведут к вреду и страданию” – то тогда вам следует отбросить их.",
  "an3.66:3.1": "Как ты думаешь, Салха, ",
  "an3.66:3.2": "существует ли алчность?”",
  "an3.66:4.1": "“Да, почтенный”.",
  "an3.66:5.1": "“И я говорю тебе, что это означает влечение. ",
  "an3.66:5.2": "Алчущий человек, полный влечения, уничтожает жизнь, берёт то, что [ему] не было дано, совершает проступок с чужой женой, лжёт; и он побуждает других поступать также. Приведёт ли это к его вреду и боли на долгое время?”",
  "an3.66:6.1": "“Да, почтенный”.",
  "an3.66:7.1": "“Как ты думаешь, Салха, ",
  "an3.66:7.2": "существует ли злоба?”",
  "an3.66:8.1": "“Да, почтенный”.",
  "an3.66:9.1": "“И я говорю тебе, что это означает недоброжелательность. ",
  "an3.66:9.2": "Человек, полный ненависти, с умом, одолеваемым недоброжелательностью, уничтожает жизнь, берёт то, что [ему] не было дано, совершает проступок с чужой женой, лжёт; и он побуждает других поступать также. Приведёт ли это к его вреду и боли на долгое время?”",
  "an3.66:10.1": "“Да, почтенный”.",
  "an3.66:11.1": "“Как ты думаешь, Салха, ",
  "an3.66:11.2": "существует ли заблуждение?”",
  "an3.66:12.1": "“Да, почтенный”.",
  "an3.66:13.1": "“И я говорю тебе, что это означает невежество. ",
  "an3.66:13.2": "Заблуждающийся человек, с умом, погружённым в невежество, уничтожает жизнь, берёт то, что [ему] не было дано, совершает проступок с чужой женой, лжёт; и он побуждает других поступать также. Приведёт ли это к его вреду и боли на долгое время?”",
  "an3.66:14.1": "“Да, почтенный”.",
  "an3.66:15.1": "“Как ты думаешь, Салха? Эти вещи являются благими или неблагими?”",
  "an3.66:16.1": "“Неблагими, почтенный”.",
  "an3.66:17.1": "“Порицаемыми или безукоризненными?”",
  "an3.66:18.1": "“Порицаемыми, почтенный”.",
  "an3.66:19.1": "“Критикуемыми или восхваляемыми мудрыми?”",
  "an3.66:20.1": "“Критикуемыми мудрыми, почтенный”.",
  "an3.66:21.1": "“Если их принять и предпринимать, они ведут к вреду и страданию или же нет, ",
  "an3.66:21.2": "или как вы считаете?”",
  "an3.66:22.1": "“Если их принять и предпринимать, они ведут к вреду и страданию. ",
  "an3.66:22.2": "Вот как мы считаем”.",
  "an3.66:23.1": "“Поэтому, Салха, когда мы сказали: ",
  "an3.66:23.2": "“Ну же, Салха, не принимайте чего-либо только на основании устной традиции… ",
  "an3.66:23.3": "но когда вы знаете сами… ",
  "an3.66:23.4": "эти вещи, если принять и предпринимать их, ведут к вреду и страданию” – то тогда вам следует отбросить их” – ",
  "an3.66:23.5": "то вот почему так было сказано.",
  "an3.66:24.1": "Ну же, Салха, не принимайте чего-либо только на основании устной традиции… “[Этот] отшельник – наш гуру”. ",
  "an3.66:24.2": "Но когда вы знаете сами: ",
  "an3.66:24.3": "“Эти вещи являются благими, эти вещи безукоризненны, эти вещи восхваляются мудрыми, эти вещи, если принять и предпринимать их, ведут к благополучию и счастью” – то тогда вам следует жить в соответствии с ними.",
  "an3.66:25.1": "Как ты думаешь, Салха, существует ли не-алчность?”",
  "an3.66:26.1": "“Да, почтенный”.",
  "an3.66:27.1": "“И я говорю тебе, что это означает отсутствие влечения. ",
  "an3.66:27.2": "Человек, не имеющий алчности, не имеющий влечения, не уничтожает жизнь, не берёт то, что [ему] не было дано, не совершает проступок с чужой женой, не лжёт; и не поощряет других поступать так. Приведёт ли это к его благополучию и приятному на долгое время?”",
  "an3.66:28.1": "“Да, почтенный”.",
  "an3.66:29.1": "“Как ты думаешь, Салха, существует ли не-злоба?”",
  "an3.66:30.1": "“Да, почтенный”.",
  "an3.66:31.1": "“И я говорю тебе, что это означает доброту. ",
  "an3.66:31.2": "Человек, не имеющий ненависти, с умом, полным доброты, не уничтожает жизнь, не берёт то, что [ему] не было дано, не совершает проступок с чужой женой, не лжёт; и не поощряет других поступать так. Приведёт ли это к его благополучию и приятному на долгое время?”",
  "an3.66:32.1": "“Да, почтенный”.",
  "an3.66:33.1": "“Как ты думаешь, Салха, ",
  "an3.66:33.2": "существует ли не-заблуждение?”",
  "an3.66:34.1": "“Да, почтенный”.",
  "an3.66:35.1": "“И я говорю тебе, что это означает истинное знание. ",
  "an3.66:35.2": "Не заблуждающийся человек, который дошёл до истинного знания, не уничтожает жизнь, не берёт то, что [ему] не было дано, не совершает проступок с чужой женой, не лжёт; и не поощряет других поступать так. Приведёт ли это к его благополучию и приятному на долгое время?”",
  "an3.66:36.1": "“Да, почтенный”.",
  "an3.66:37.1": "“Как ты думаешь, Салха? Эти вещи являются благими или неблагими?”",
  "an3.66:38.1": "“Благими, почтенный”.",
  "an3.66:39.1": "“Порицаемыми или безукоризненными?”",
  "an3.66:40.1": "“Безукоризненными, почтенный”.",
  "an3.66:41.1": "“Критикуемыми или восхваляемыми мудрыми?”",
  "an3.66:42.1": "“Восхваляемыми мудрыми, почтенный”.",
  "an3.66:43.1": "“Если их принять и предпринимать, они ведут к благополучию и счастью или же нет, ",
  "an3.66:43.2": "или как вы считаете?”",
  "an3.66:44.1": "“Если их принять и предпринимать, они ведут к благополучию и счастью. ",
  "an3.66:44.2": "Вот как мы считаем”.",
  "an3.66:45.1": "“Поэтому, Салха, когда мы сказали: ",
  "an3.66:45.2": "“Ну же, Салха, не принимайте чего-либо только на основании устной традиции… ",
  "an3.66:45.3": "но когда вы знаете сами… ",
  "an3.66:45.4": "эти вещи, если принять и предпринимать их, ведут к благополучию и счастью” – то тогда вам следует жить в соответствии с ними” – ",
  "an3.66:45.5": "то вот почему так было сказано.",
  "an3.66:46.1": "Затем, Салха, этот ученик Благородных, который подобным образом лишён влечения, лишён недоброжелательности, не сбит с толку, бдителен, всегда осознан, пребывает, наполняя первую сторону света умом, наделённым доброжелательностью… ",
  "an3.66:46.2": "состраданием… ",
  "an3.66:46.3": "сорадованием… ",
  "an3.66:46.4": "невозмутимостью, равно как и вторую сторону, третью сторону, и четвёртую сторону. Так, вверху, внизу, вокруг и всюду, как ко всем как к самому себе, он наполняет весь мир умом, насыщенным невозмутимостью – обильным, обширным, безмерным, не имеющим враждебности и недоброжелательности.",
  "an3.66:46.5": "И тогда он понимает так: ",
  "an3.66:46.6": "“Есть это. Есть низшее. Есть высшее. Есть дальнейшее спасение от всего, во что вовлечено восприятие”. ",
  "an3.66:46.7": "Когда он знает и видит так, его ум освобождается от пятна чувственности, от пятна существования, от пятна невежества. ",
  "an3.66:46.8": "Когда он освобождён, приходит знание: “[Он] освобождён”. ",
  "an3.66:46.9": "Он понимает: “Рождение уничтожено, святая жизнь прожита, сделано то, что следовало сделать, не будет более возвращения в какое-либо состояние существования”.",
  "an3.66:47.1": "Он понимает так: ",
  "an3.66:47.2": "“Прежде была алчность. Это было неблагим. Теперь её нет. Это является благим. ",
  "an3.66:47.3": "Прежде была злоба. Это было неблагим. Теперь её нет. Это является благим. ",
  "an3.66:47.4": "Прежде было заблуждение. Это было неблагим. Теперь его нет. Это является благим”.",
  "an3.66:47.5": "Вот как он в этой самой жизни пребывает без потребности, угасшим и потухшим, переживая блаженство, сам став божественным”.",
  "an3.66:47.6": "Шестая."
}