{
  "an3.91:0.1": "Восходящие Наставления 3.91",
  "an3.91:0.2": "Глава Самана",
  "an3.91:0.3": "Сутта Санкава",
  "an3.91:1.1": "Однажды Благословенный странствовал по стране Косал вместе с большой Сангхой монахов и прибыл в косальский город под названием Панкадха. ",
  "an3.91:1.2": "И тогда он пребывал возле Панкадхи.",
  "an3.91:1.3": "В то время монах Кассапаготта проживал в Панкадхе. ",
  "an3.91:1.4": "И там Благословенный наставлял, воодушевлял, вдохновлял и радовал монахов беседой по Дхамме, связанной с правилами [монашеской] тренировки. ",
  "an3.91:1.5": "И тогда, по мере того как Благословенный наставлял, воодушевлял, вдохновлял и радовал монахов беседой по Дхамме, связанной с правилами тренировки, монах Кассапаготта стал нетерпимым и мучался, [думая]: ",
  "an3.91:1.6": "“Этот отшельник слишком строгий”.",
  "an3.91:1.7": "И затем, пробыв в Панкадхе столько, сколько он считал нужным, Благословенный отправился в странствие по направлению к Раджагахе. ",
  "an3.91:1.8": "По мере странствий Благословенный постепенно дошёл до Раджагахи. ",
  "an3.91:1.9": "Там, в Раджагахе, Благословенный пребывал на горе Пик Грифов.",
  "an3.91:2.1": "И затем, вскоре после того как Благословенный ушёл, монаха Кассапаготту переполнили угрызение совести и сожаление [и он подумал]: ",
  "an3.91:2.2": "“Какое несчастье и потеря, ",
  "an3.91:2.3": "что когда Благословенный наставлял, воодушевлял, вдохновлял и радовал монахов беседой по Дхамме, связанной с правилами [монашеской] тренировки, я стал нетерпимым и мучался, [думая]: ",
  "an3.91:2.4": "“Этот отшельник слишком строгий”. ",
  "an3.91:2.5": "Что если я сейчас отправлюсь к Благословенному и сознаюсь в своём проступке ему?”",
  "an3.91:2.6": "И тогда монах Кассапаготта прибрался в своей хижине, взял чашу и одеяние, и отправился в Раджагаху. ",
  "an3.91:2.7": "Со временем он прибыл в Раджагаху и пошёл к горе Пик Грифов. Он подошёл к Благословенному, поклонился ему, сел рядом и сказал:",
  "an3.91:3.1": "“Почтенный, однажды Благословенный пребывал в косальском городе под названием Панкадха. ",
  "an3.91:3.2": "Там Благословенный наставлял… ",
  "an3.91:3.3": "я стал нетерпимым и мучался, [думая]: ",
  "an3.91:3.4": "“Этот отшельник слишком строгий”. ",
  "an3.91:3.5": "И затем, пробыв в Панкадхе столько, сколько он считал нужным, Благословенный отправился в странствие по направлению к Раджагахе… ",
  "an3.91:3.6": "меня переполнили угрызение совести и сожаление [и я подумал]: ",
  "an3.91:3.7": "“Какое несчастье… ",
  "an3.91:3.8": "Что если я сейчас отправлюсь к Благословенному и сознаюсь в своём проступке ему?”",
  "an3.91:3.9": "",
  "an3.91:3.10": "",
  "an3.91:3.11": "Учитель, я совершил проступок в том, что когда Благословенный наставлял, воодушевлял, вдохновлял и радовал монахов беседой по Дхамме, связанной с правилами [монашеской] тренировки, я был столь глупым, бестолковым, неумелым, что стал нетерпимым и мучался, [думая]: ",
  "an3.91:3.12": "“Этот отшельник слишком строгий”. ",
  "an3.91:3.13": "Учитель, пусть Благословенный простит меня за мой проступок, который я [теперь] увидел как проступок, чтобы впредь [я себя] сдерживал [в этом]”.",
  "an3.91:4.1": "“Вне сомнений, Кассапа, ты совершил проступок в том, что когда я наставлял, воодушевлял, вдохновлял и радовал монахов беседой по Дхамме, связанной с правилами [монашеской] тренировки, ты был столь глупым, бестолковым, неумелым, что стал нетерпимым и мучался, [думая]: ",
  "an3.91:4.2": "“Этот отшельник слишком строгий”. ",
  "an3.91:4.3": "Но поскольку ты увидел свой проступок как проступок и исправил его в соответствии с Дхаммой, мы прощаем тебя за это. ",
  "an3.91:4.4": "Поскольку это является ростом в Учении Благородных – когда кто-либо видит проступок как проступок и исправляет его в соответствии с Дхаммой, предпринимая воздержание [от совершения подобного] в будущем.",
  "an3.91:5.1": "Если, Кассапа, старший [по сроку монашества] монах не желает тренироваться и не восхваляет осуществления тренировки; если он не побуждает к тренировке других монахов, которые не желают тренироваться; и если он не произносит подлинных, действительных, своевременных восхвалений тем монахам, которые желают тренироваться, то тогда я не восхваляю такого старшего монаха. ",
  "an3.91:5.2": "И почему? ",
  "an3.91:5.3": "Потому что другие монахи, [услышав]: “Почтенный хвалит его”, станут общаться с ним, а те, кто станут общаться с ним, могут последовать его примеру. Если они последуют его примеру, это приведёт к их вреду и страданию на долгое время. ",
  "an3.91:5.4": "Поэтому я не восхваляю такого старшего монаха.",
  "an3.91:6.1": "Если, Кассапа, средний [по сроку монашества] монах не желает… Поэтому я не восхваляю такого среднего монаха.",
  "an3.91:6.2": "(3) Если, Кассапа, младший [по сроку монашества] монах не желает… Если они последуют его примеру, это приведёт к их вреду и страданию на долгое время. Поэтому я не восхваляю такого младшего монаха.",
  "an3.91:6.3": "",
  "an3.91:6.4": "",
  "an3.91:6.5": "",
  "an3.91:7.1": "Если, Кассапа, старший… ",
  "an3.91:7.2": "",
  "an3.91:7.3": "",
  "an3.91:7.4": "",
  "an3.91:8.1": "средний… ",
  "an3.91:8.2": "младший монах желает тренироваться и восхваляет осуществление тренировки; если он побуждает к тренировке других монахов, которые не желают тренироваться; и если он произносит подлинные, действительные, своевременные восхваления тем монахам, которые желают тренироваться, то тогда я восхваляю такого младшего монаха. ",
  "an3.91:8.3": "И почему? ",
  "an3.91:8.4": "Потому что другие монахи, [услышав]: “Почтенный хвалит его”, станут общаться с ним, а те, кто станут общаться с ним, могут последовать его примеру. Если они последуют его примеру, это приведёт к их благополучию и счастью на долгое время. ",
  "an3.91:8.5": "Поэтому я восхваляю такого младшего монаха”.",
  "an3.91:8.6": "Одиннадцатая.",
  "an3.91:8.7": "Глава Самана Четвёртая.",
  "an3.91:9.0": "Оглавление",
  "an3.91:9.1": "",
  "an3.91:9.2": "",
  "an3.91:9.3": "",
  "an3.91:9.4": ""
}