{
  "an3.64:0.1": "Восходящие Наставления 3.64",
  "an3.64:0.2": "Большая Глава",
  "an3.64:0.3": "Сутта Сарабха",
  "an3.64:1.1": "Так я слышал.",
  "an3.64:1.2": "Однажды Благословенный пребывал в Раджагахе на горе Пик Грифов. ",
  "an3.64:1.3": "И в то время странник по имени Сарабха недавно покинул эту Дхамму и Винаю. ",
  "an3.64:1.4": "Он поведал собранию в Раджагахе: ",
  "an3.64:1.5": "“Я выучил Дхамму отшельников, следующих за Сыном Сакьев. ",
  "an3.64:1.6": "После того, как я выучил их Дхамму, я оставил их Дхамму и Винаю”.",
  "an3.64:1.7": "И затем, утром, группа монахов оделась, взяла чаши и одеяния, и вошла в Раджагаху за подаяниями. ",
  "an3.64:1.8": "И они услышали, как странник Сарабха делает такое заявление собранию в Раджагахе. ",
  "an3.64:1.9": "",
  "an3.64:1.10": "",
  "an3.64:2.1": "Тогда те монахи, походив по Раджагахе за подаяниями, после принятия пищи, вернувшись с хождения за подаяниями, отправились к Благословенному, поклонились ему, сели рядом и сказали ему:",
  "an3.64:2.2": "“Почтенный, странник Сарабха, который недавно покинул эту Дхамму и Винаю, ",
  "an3.64:2.3": "рассказывал собранию в Раджагахе: ",
  "an3.64:2.4": "“Я выучил Дхамму отшельников, следующих за Сыном Сакьев. ",
  "an3.64:2.5": "После того как я выучил их Дхамму, я оставил их Дхамму и Винаю”. ",
  "an3.64:2.6": "Было бы хорошо, почтенный, если бы Благословенный отправился бы в парк странников, что на берегу [реки] Саппиники, и из сострадания подошёл бы к страннику Сарабхе”. ",
  "an3.64:2.7": "Благословенный молча согласился.",
  "an3.64:3.1": "И тогда, вечером, Благословенный вышел из затворничества и отправился в парк странников, что на берегу [реки] Саппиники. Он подошёл к страннику Сарабхе, сел на подготовленное для него сиденье и сказал ему: ",
  "an3.64:3.2": "“Правда ли, Сарабха, что ты говорил: ",
  "an3.64:3.3": "“Я выучил Дхамму отшельников, следующих за Сыном Сакьев. ",
  "an3.64:3.4": "После того как я выучил их Дхамму, я оставил их Дхамму и Винаю”? ",
  "an3.64:3.5": "Когда так было сказано, странник Сарабха молчал.",
  "an3.64:4.1": "И во второй раз Благословенный сказал страннику Сарабхе: ",
  "an3.64:4.2": "“Скажи мне, Сарабха, как ты выучил Дхамму отшельников, которые следуют за Сыном Сакьев? ",
  "an3.64:4.3": "Если ты не полностью её выучил, я восполню [для тебя этот пробел]. ",
  "an3.64:4.4": "Но если ты выучил её полностью, то я порадуюсь”. ",
  "an3.64:4.5": "Но и во второй раз странник Сарабха молчал.",
  "an3.64:5.1": "В третий раз Благословенный сказал страннику Сарабхе: ",
  "an3.64:5.2": "“Скажи мне, Сарабха, как ты выучил Дхамму отшельников, которые следуют за Сыном Сакьев? ",
  "an3.64:5.3": "Если ты не полностью её выучил, я восполню [для тебя этот пробел]. ",
  "an3.64:5.4": "Но если ты выучил её полностью, то я порадуюсь”. ",
  "an3.64:5.5": "Но и в третий раз странник Сарабха молчал.",
  "an3.64:6.1": "И тогда те странники сказали страннику Сарабхе: ",
  "an3.64:6.2": "“Отшельник Готама предложил тебе взять то, о чём ты мог бы просить его, друг Сарабха. ",
  "an3.64:6.3": "Говори, друг Сарабха! Как ты выучил Дхамму отшельников, которые следуют за Сыном Сакьев? ",
  "an3.64:6.4": "Если ты не полностью её выучил, отшельник Готама восполнит [для тебя этот пробел]. ",
  "an3.64:6.5": "Но если ты выучил её полностью, то он порадуется”. ",
  "an3.64:6.6": "Когда так было сказано, странник Сарабха пришёл в смущение и замолк, поник, [сидел] с потупленным взором угрюмый и безмолвный.",
  "an3.64:7.1": "И тогда Благословенный, увидев, что странник Сарабха пришёл в смущение и замолк, поник, [сидит] с потупленным взором угрюмый и безмолвный, сказал тем странникам:",
  "an3.64:8.1": "“Странники, если кто-либо скажет обо мне: ",
  "an3.64:8.2": "“Хоть ты и заявляешь, что ты полностью просветлённый, всё же, ты не полностью просветлён в отношении этих вещей” – то я могу задать ему вопрос точности по этой самой теме, спрошу его, допрошу разными путями. ",
  "an3.64:8.3": "Когда я задал ему вопрос, спросил, допросил разными путями, то не может быть такого, немыслимо, чтобы он не оказался бы в одном из этих трёх последствий: он либо станет отвечать уклончиво и переводить беседу на не относящуюся к делу тему; либо проявит злобу, ненависть, и горечь; либо придёт в смущение и замолкнет, поникнет, [будет сидеть] с потупленным взором угрюмым и безмолвным, точно как странник Сарабха.",
  "an3.64:9.1": "Странники, если кто-либо скажет обо мне: ",
  "an3.64:9.2": "“Хоть ты и заявляешь, что твои пятна [умственных загрязнений] уничтожены, всё же, ты не полностью уничтожил эти пятна” – ",
  "an3.64:9.3": "то я могу задать ему вопрос… [будет сидеть] с потупленным взором угрюмым и безмолвным, точно как странник Сарабха.",
  "an3.64:10.1": "Странники, если кто-либо скажет обо мне: ",
  "an3.64:10.2": "“Дхамма не ведёт того, кто её практикует, к полному уничтожению страданий, [т.е.] к цели, ради которой ты обучаешь ей” – ",
  "an3.64:10.3": "то я могу задать ему вопрос… [будет сидеть] с потупленным взором угрюмым и безмолвным, точно как странник Сарабха”.",
  "an3.64:10.4": "И затем Благословенный, прорычав свой львиный три раза в парке странников, что на берегу [реки] Саппиники, взмыл в воздух и отбыл.",
  "an3.64:11.1": "И затем, вскоре после того как Благословенный ушёл, те странники задали страннику Сарабхе основательную словесную порку, [сказав]: ",
  "an3.64:11.2": "“Точно старый шакал, который в огромном лесу мог бы подумать: “Я прорычу львиным рыком”, но, всё же, вместо этого, просто лишь взвыл бы и завизжал, ",
  "an3.64:11.3": "так и ты, друг Сарабха, заявляя в отсутствии отшельника Готамы: “Я прорычу львиным рыком”, только лишь взвыл и завизжал как шакал. ",
  "an3.64:11.4": "Друг Сарабха, точно курица, которая могла бы подумать: “Я запою как петух”, но, всё же, вместо этого, просто лишь запела бы как курица, ",
  "an3.64:11.5": "так и ты, друг Сарабха, заявляя в отсутствии отшельника Готамы: “Я спою как петух”, только лишь спел как курица. ",
  "an3.64:11.6": "Друг Сарабха, точно бык, который задумал бы глубоко промычать в пустом коровьем сарае, ",
  "an3.64:11.7": "так и ты, друг Сарабха, думал, что можешь глубоко промычать в отсутствии отшельника Готамы”. ",
  "an3.64:11.8": "[Вот как] те странники задали страннику Сарабхе основательную словесную порку.",
  "an3.64:11.9": "Четвёртая."
}