{
  "an3.26:0.1": "Восходящие Наставления 3.26",
  "an3.26:0.2": "Глава Личность",
  "an3.26:0.3": "Сутта Стоит Общаться",
  "an3.26:1.1": " “Монахи, есть три типа личностей в мире. ",
  "an3.26:1.2": "Какие три?",
  "an3.26:1.3": "Есть человек, с которым не стоит общаться, за ним не стоит следовать, и ему не стоит служить. ",
  "an3.26:1.4": "Есть человек, с которым стоит общаться, за ним стоит следовать, и ему стоит служить. ",
  "an3.26:1.5": "Есть человек, с которым стоит общаться, за ним стоит следовать, и ему стоит служить с уважением и почтением.",
  "an3.26:1.6": "И с каким человеком не стоит общаться, не стоит следовать за ним, и не стоит служить ему? ",
  "an3.26:1.7": "Вот некий человек является низшим [по сравнению с вами] в нравственном поведении, сосредоточении, и мудрости. ",
  "an3.26:1.8": "С таким человеком не стоит общаться… служить ему.",
  "an3.26:2.1": "И с каким человеком стоит общаться, стоит следовать за ним, и стоит служить ему? ",
  "an3.26:2.2": "Вот некий человек является таким же [по сравнению с вами] в нравственном поведении, сосредоточении, и мудрости. ",
  "an3.26:2.3": "С таким человеком стоит общаться… служить ему. ",
  "an3.26:2.4": "И почему? ",
  "an3.26:2.5": "“Поскольку мы схожи в нравственном поведении, у нас случится беседа о нравственном поведении, и она будет протекать между нами плавно, мы будем чувствовать себя легко. ",
  "an3.26:2.6": "Поскольку мы схожи в сосредоточении, у нас случится беседа о сосредоточении, и она будет протекать между нами плавно, мы будем чувствовать себя легко. ",
  "an3.26:2.7": "Поскольку мы схожи в мудрости, у нас случится беседа о мудрости, и она будет протекать между нами плавно, мы будем чувствовать себя легко”. ",
  "an3.26:2.8": "Поэтому с таким человеком стоит общаться, стоит следовать за ним, и стоит служить ему.",
  "an3.26:3.1": "И с каким человеком стоит общаться, стоит следовать за ним, и стоит служить ему с уважением и почтением? ",
  "an3.26:3.2": "Вот некий человек является высшим [по сравнению с вами] в нравственном поведении, сосредоточении, и мудрости. ",
  "an3.26:3.3": "С таким человеком стоит общаться… служить ему с уважением и почтением. ",
  "an3.26:3.4": "И почему? ",
  "an3.26:3.5": "“Вот таким образом я исполню совокупность нравственного поведения, которую я ещё не исполнил, или же различными отношениями посодействую мудростью совокупности нравственного поведения, которую я уже исполнил. ",
  "an3.26:3.6": "Я исполню совокупность сосредоточения… ",
  "an3.26:3.7": "Я исполню совокупность мудрости, которую я уже исполнил, или же различными отношениями посодействую мудростью совокупности мудрости, которую я уже исполнил”. ",
  "an3.26:3.8": "Поэтому с таким человеком стоит общаться, стоит следовать за ним, и стоит служить ему с уважением и почтением.",
  "an3.26:3.9": "Таковы, монахи, три типа личностей, существующих в мире”. ",
  "an3.26:4.1": "“Общается кто с низшими людьми, тот ниспадает.",
  "an3.26:4.2": "Общается кто с равными – к упадку не идёт.",
  "an3.26:4.3": "Коль высшим людям служишь – развиваешься ты быстро,",
  "an3.26:4.4": "Поэтому иди за тем, кто лучше, чем ты сам”.",
  "an3.26:4.5": "Шестая."
}