{
  "an3.32:0.1": "Восходящие Наставления 3.32",
  "an3.32:0.2": "Глава Посланник Божеств",
  "an3.32:0.3": "Сутта Ананда",
  "an3.32:1.1": "И тогда Достопочтенный Ананда подошёл к Благословенному, поклонился ему, сел рядом и сказал ему: ",
  "an3.32:2.1": "“Почтенный, может ли монах обрести такое состояние сосредоточения, так что у него не будет сотворения “я” и сотворения “моего”, а также скрытой склонности к самомнению в отношении этого тела с его сознанием; у него не будет сотворения “я” и сотворения “моего”, а также скрытой склонности к самомнению в отношении всех внешних объектов; ",
  "an3.32:2.2": "он войдёт и будет пребывать в таком освобождении ума, освобождении мудростью, посредством которых более не происходит сотворения “я” и сотворения “моего”, а также скрытой склонности к самомнению для того, кто входит и пребывает в этом?”",
  "an3.32:2.3": "“Может, Ананда”.",
  "an3.32:2.4": "",
  "an3.32:3.1": "“Но как, почтенный, он может обрести такое состояние сосредоточения?”",
  "an3.32:3.2": "",
  "an3.32:4.1": "Вот монах думает так: ",
  "an3.32:4.2": "“Это покой, это наивысшее: прекращение всех формаций, оставление всех обретений, исчерпание цепляния, бесстрастие, прекращение, ниббана”. ",
  "an3.32:4.3": "Вот каким образом, Ананда, монах может обрести такое состояние сосредоточения… ",
  "an3.32:4.4": "скрытой склонности к самомнению для того, кто входит и пребывает в этом. ",
  "an3.32:5.1": "И именно в отношении этого я сказал в Параяне, в “Вопросах Пуннаки”:",
  "an3.32:6.1": "“Познав вершины и низины мира,",
  "an3.32:6.2": "Ничем он в мире этом не взволнован.",
  "an3.32:6.3": "Спокойный и нераздражённый, Без всяческих проблем, желаний,",
  "an3.32:6.4": "Он пересёк рождение и старость”.",
  "an3.32:6.5": "Вторая."
}