{
  "an3.46:0.1": "Восходящие Наставления 3.46",
  "an3.46:0.2": "Малая Глава ",
  "an3.46:0.3": "Сутта Нравственный",
  "an3.46:1.1": "“Монахи, когда нравственные люди, ушедшие в бездомную жизнь, пребывают в зависимости от [некоего] города или деревни, ",
  "an3.46:1.2": "то тамошние люди порождают множество благих заслуг тремя путями. ",
  "an3.46:1.3": "Какими тремя? ",
  "an3.46:1.4": "Телом, речью, умом. ",
  "an3.46:1.5": "Когда нравственные люди, ушедшие в бездомную жизнь, пребывают в зависимости от [некоего] города или деревни, ",
  "an3.46:1.6": "то тамошние люди порождают множество благих заслуг этими тремя путями”.",
  "an3.46:1.7": "Шестая."
}