{
  "an3.155:0.1": "Восходящие Наставления 3.155",
  "an3.155:0.2": "Глава Мангала",
  "an3.155:0.3": "Сутта Утро",
  "an3.155:1.1": "“Монахи, у тех существ, которые пускаются в хорошее поведение телом, речью, и умом утром, утро является добрым.",
  "an3.155:2.1": "У тех существ, которые пускаются в хорошее поведение… днём, день является добрым…",
  "an3.155:3.1": "вечером, вечер является добрым”.",
  "an3.155:4.1": "“Воистину благоприятен и удачлив",
  "an3.155:4.2": "Рассвет счастливый, радостный подъём:",
  "an3.155:4.3": "Ценный момент, как и блаженный час",
  "an3.155:4.4": "Придёт для тех, даёт кто подаяния Всем тем, ведёт кто жизнь святую.",
  "an3.155:5.1": "Поступки верные телом,",
  "an3.155:5.2": "а также речью,",
  "an3.155:5.3": "Верные мысли,",
  "an3.155:5.4": "как и устремления:",
  "an3.155:5.5": "Когда ты делаешь всё то, что подобает,",
  "an3.155:5.6": "То получаешь подобающую пользу.",
  "an3.155:6.1": "И счастлив тот, кто получил такую пользу.",
  "an3.155:6.2": "В учении Будды таковые возрастают.",
  "an3.155:6.3": "И пусть и Здоровыми, счастливыми пребудут",
  "an3.155:6.4": "вы, и все ваши родные ”.",
  "an3.155:6.5": "Деcятая.",
  "an3.155:6.6": "Мангалавагго Пятая.",
  "an3.155:7.0": "Оглавление",
  "an3.155:7.1": "",
  "an3.155:7.2": "",
  "an3.155:7.3": "",
  "an3.155:7.4": "",
  "an3.155:7.5": ""
}