{
  "an3.148:0.1": "Восходящие Наставления 3.148",
  "an3.148:0.2": "Глава Мангала",
  "an3.148:0.3": "Сутта Неуравновешнный",
  "an3.148:1.1": "“Монахи, тот, кто обладает тремя качествами…",
  "an3.148:1.2": "Неуравновешнным телесным действием… словесным… умственным действием.",
  "an3.148:1.3": "Тот, кто обладает этими тремя качествами, оказывается в аду, как если бы его туда затянули силой.",
  "an3.148:2.1": "Монахи, тот, кто обладает тремя качествами…",
  "an3.148:2.2": "Уравновешнным телесным действием… словесным… умственным действием.",
  "an3.148:2.3": "Этими… в раю.",
  "an3.148:2.4": "Третья."
}