{
  "an3.51:0.1": "Восходящие Наставления 3.51",
  "an3.51:0.2": "Глава Брахман",
  "an3.51:0.3": "Первая Сутта Два Брахмана ",
  "an3.51:1.1": "И тогда два брахмана, которые были старыми, отягощёнными годами, много прожившими, чьи дни подходили к концу, которым шёл сто двадцатый год, подошли к Благословенному и обменялись с ним приветствиями. ",
  "an3.51:1.2": "После обмена приветствиями и любезностями, они сели рядом и сказали Благословенному:",
  "an3.51:1.3": "“Мы брахманы, Мастер Готама, старые, отягощены годами… идёт нам сто двадцатый год. ",
  "an3.51:1.4": "Но мы не сделали ничего хорошего и благого, как и не создали для себя убежища. ",
  "an3.51:1.5": "Пусть Мастер Готама посоветует нам, наставит нас так, чтобы это привело бы к нашему благополучию и счастью на долгое время!”",
  "an3.51:2.1": "“Воистину, брахманы, вы стары, отягощены годами… идёт вам сто двадцатый год, ",
  "an3.51:2.2": "но вы не сделали ничего хорошего и благого, как и не создали для себя убежища. ",
  "an3.51:2.3": "Воистину, этот мир сметается старостью, болезнями и смертью. ",
  "an3.51:2.4": "Но хотя мир сметается старостью, болезнями и смертью, когда кто-либо умирает, телесный, словесный, и умственный самоконтроль обеспечит [ему] убежище, пристанище, остров, прибежище и поддержку”. ",
  "an3.51:3.1": "“Жизнь протекла, жизни короток срок.",
  "an3.51:3.2": "Старым коль стал, то убежища нет.",
  "an3.51:3.3": "В смерти угрозу вот эту узрев,",
  "an3.51:3.4": "Свершай заслуги, что счастье несут.",
  "an3.51:4.1": "И когда в мир ты иной отойдёшь,",
  "an3.51:4.2": "Сдержанность в теле, и речи, уме,",
  "an3.51:4.3": "Как и заслуги, что в жизни свершил,",
  "an3.51:4.4": "К счастью тебя приведут твоему”.",
  "an3.51:4.5": "Первая."
}