{
  "an3.95:0.1": "Восходящие Наставления 3.95",
  "an3.95:0.2": "Глава Лонакапалла",
  "an3.95:0.3": "Сутта Собрания",
  "an3.95:1.1": "“Монахи, есть три вида собраний. ",
  "an3.95:1.2": "Какие три?",
  "an3.95:1.3": "Собрание высочайших, разделённое собрание, единодушное собрание.",
  "an3.95:2.1": "И что такое, монахи, собрание высочайших? ",
  "an3.95:2.2": "В этом виде собрания старшие монахи не являются теми, кто проживают в роскоши, апатичными, превосходящими других в своём падении, уклоняющимися от ведения [жизни] в затворничестве. Они прилагают усилия к достижению ещё-не-достигнутого, к обретению ещё-не-обретённого, к осуществлению ещё-не-осуществлённого. Они станут образцом для будущих поколений [монахов], которые также не станут проживать в роскоши, не будут апатичными, но отбросят своё падение и будут [жить] в затворничестве. ",
  "an3.95:2.3": "И они тоже будут прилагать усилия к достижению ещё-не-достигнутого, к обретению ещё-не-обретённого, к осуществлению ещё-не-осуществлённого. ",
  "an3.95:2.4": "Это называется собранием высочайших.",
  "an3.95:3.1": "И что такое разделённое собрание? ",
  "an3.95:3.2": "Собрание, в котором монахи спорят и ссорятся, затевают диспуты, пронзая друг друга острыми словами, называется разделённым собранием.",
  "an3.95:4.1": "И что такое единодушное собрание? ",
  "an3.95:4.2": "Собрание, в котором монахи живут в согласии, в гармонии, не ссорятся, подобны смешанному с водой молоку, смотрят друг на друга дружескими взорами, называется единодушным собранием.",
  "an3.95:5.1": "Когда монахи живут в согласии, в гармонии, не ссорятся, подобны смешанному с водой молоку, смотрят друг на друга дружескими взорами, то в этом случае они порождают множество заслуг. ",
  "an3.95:5.2": "В этом случае монахи пребывают в божественной обители, то есть, в освобождении ума посредством сорадования. ",
  "an3.95:5.3": "Когда кто-либо рад, возникает восторг. У того, у кого ум насыщен восторгом, тело становится безмятежным. Тот, у кого тело безмятежно, ощущает удовольствие. Ум того, кто ощущает удовольствие, становится сосредоточенным.",
  "an3.95:6.1": "Подобно тому, как ливень проливается тяжёлыми каплями на вершину горы, и водяные потоки устремляются вниз по склону, заполняя расселины, канавки и протоки; а по заполнении этих – заполняют пруды; а по заполнении этих – заполняют озёра; а по заполнении этих – заполняют ручьи; а по заполнении этих – заполняют реки; а по заполнении этих – заполняют великий океан; ",
  "an3.95:7.1": "то точно также, когда монахи живут в согласии, в гармонии, не ссорятся, подобны смешанному с водой молоку, смотрят друг на друга дружескими взорами, то в этом случае они порождают множество заслуг. ",
  "an3.95:7.2": "В этом случае монахи пребывают в божественной обители, то есть, в освобождении ума посредством сорадования. ",
  "an3.95:7.3": "Когда кто-либо рад, возникает восторг. У того, у кого ум насыщен восторгом, тело становится безмятежным. Тот, у кого тело безмятежно, ощущает удовольствие. Ум того, кто ощущает удовольствие, становится сосредоточенным.",
  "an3.95:7.4": "Таковы, монахи, три вида собраний”.",
  "an3.95:7.5": "Четвёртая."
}