{
  "an3.96:0.1": "Восходящие Наставления 3.96",
  "an3.96:0.2": "Глава Лонакапалла",
  "an3.96:0.3": "Сутта Чистокровный Скакун Первая",
  "an3.96:1.1": "«Монахи, обладая тремя факторами, царский превосходный чистокровный скакун достоин царя, является принадлежностью царя, считается одним из факторов царствования. ",
  "an3.96:1.2": "Какими тремя?",
  "an3.96:1.3": "Красотой, силой, скоростью.",
  "an3.96:1.4": "Обладая этими тремя факторами, царский превосходный чистокровный скакун достоин царя, является принадлежностью царя, считается одним из факторов царствования.",
  "an3.96:1.5": "Точно также, обладая тремя качествами, монах достоин даров, достоин гостеприимства, достоин подношений, достоин почтительного приветствия – непревзойдённое поле заслуг для мира. ",
  "an3.96:1.6": "Какими тремя? ",
  "an3.96:1.7": "Красотой, силой, скоростью. ",
  "an3.96:2.1": "И каким образом монах обладает красотой? ",
  "an3.96:2.2": "Вот монах нравственен. Он пребывает, обуздывая себя Патимоккхой, обладая хорошим поведением и [подобающими] средствами, видя опасность в мельчайших проступках. Возложив на себя правила тренировки, он тренируется в них. ",
  "an3.96:2.3": "Вот каким образом монах обладает красотой.",
  "an3.96:3.1": "И каким образом монах обладает силой? ",
  "an3.96:3.2": "Вот монах зародил усердие к оставлению неблагих качеств и к обретению благих качеств. [В этом] он силён, упорен в старании, не отложил [своей] обязанности развивать благие качества. ",
  "an3.96:3.3": "Вот каким образом монах обладает силой.",
  "an3.96:4.1": "И каким образом монах обладает скоростью? ",
  "an3.96:4.2": "Вот монах понимает в соответствии с действительностью: «Это – боль»",
  "an3.96:4.3": "«Это – скапливание боли»",
  "an3.96:4.4": "«Это – истечение боли»",
  "an3.96:4.5": "«Это – к истечению боли ведущая практика»",
  "an3.96:4.6": "Вот каким образом монах обладает скоростью.",
  "an3.96:4.7": "Обладая этими тремя качествами, монах достоин даров, достоин гостеприимства, достоин подношений, достоин почтительного приветствия – непревзойдённое поле заслуг для мира».",
  "an3.96:4.8": "Пятая."
}