{
  "an3.109:0.1": "Восходящие Наставления 3.109",
  "an3.109:0.2": "Глава Самбодха",
  "an3.109:0.3": "Сутта Остроконечная крыша Первая",
  "an3.109:1.1": "И тогда домохозяин Анатхапиндика отправился к Благословенному, поклонился ему и сел рядом. Тогда Благословенный сказал ему:",
  "an3.109:1.2": "«Домохозяин, когда ум не защищён, то телесные, словесные, умственные действия также не защищены. ",
  "an3.109:1.3": "У того, чьи телесные, словесные, умственные поступки не защищены, телесные, словесные, умственные действия становятся запятнанными. ",
  "an3.109:1.4": "У того, чьи телесные, словесные, умственные поступки стали запятнанными, телесные, словесные, умственные действия становятся прогнившими. ",
  "an3.109:1.5": "У того, чьи телесные, словесные, умственные поступки стали прогнившими, не будет хорошей смерти.",
  "an3.109:2.1": "Представь, как если бы дом с остроконечной крышей был бы плохо покрыт соломой. ",
  "an3.109:2.2": "В этом случае остроконечная крыша, стропила, стены были бы не защищены. ",
  "an3.109:2.3": "Остроконечная крыша, стропила, стены стали бы запятнанными. ",
  "an3.109:3.1": "Остроконечная крыша, стропила, стены стали бы прогнившими.",
  "an3.109:3.2": "Точно также, домохозяин, когда ум не защищён… ",
  "an3.109:3.3": "",
  "an3.109:3.4": "не будет хорошей смерти.",
  "an3.109:4.1": "Когда, домохозяин, ум защищён, то телесные, словесные, умственные действия также защищены. ",
  "an3.109:4.2": "У того, чьи телесные, словесные, умственные поступки защищены, телесные, словесные, умственные действия не становятся запятнанными. ",
  "an3.109:4.3": "У того, чьи телесные, словесные, умственные поступки не стали запятнанными, телесные, словесные, умственные действия не становятся прогнившими. ",
  "an3.109:4.4": "У того, чьи телесные, словесные, умственные поступки не стали прогнившими, будет хорошая смерть.",
  "an3.109:5.1": "Представь, как если бы дом с остроконечной крышей был бы хорошо покрыт соломой. ",
  "an3.109:5.2": "В этом случае остроконечная крыша, стропила, стены были бы защищены. ",
  "an3.109:5.3": "Остроконечная крыша, стропила, стены не стали бы запятнанными. Остроконечная крыша, стропила, стены не стали бы прогнившими.",
  "an3.109:6.1": "Точно также, домохозяин, когда ум защищён… ",
  "an3.109:6.2": "",
  "an3.109:6.3": "",
  "an3.109:6.4": "будет хорошая смерть».",
  "an3.109:6.5": "Седьмая."
}