{
  "an3.44:0.1": "Восходящие Наставления 3.44",
  "an3.44:0.2": "Малая Глава ",
  "an3.44:0.3": "Сутта Плавное Течение",
  "an3.44:1.1": "«Монахи, разговор протекает плавно в трёх случаях. ",
  "an3.44:1.2": "В какие трёх? ",
  "an3.44:1.3": "Когда тот, кто обучает Дхамме, переживает смысл и Дхамму. ",
  "an3.44:1.4": "Когда тот, кто слушает Дхамму, переживает смысл и Дхамму. ",
  "an3.44:1.5": "Когда и тот, кто обучает Дхамме, и тот, кто слушает Дхамму, переживают смысл и Дхамму. ",
  "an3.44:1.6": "В этих трёх случаях разговор протекает плавно».",
  "an3.44:1.7": "Четвёртая."
}