{
  "an3.62:0.1": "Восходящие Наставления 3.62",
  "an3.62:0.2": "Большая Глава",
  "an3.62:0.3": "Сутта Опасность",
  "an3.62:1.1": "«Монахи, необученный заурядный человек говорит об этих трёх опасностях, которые разлучают мать c сыном. ",
  "an3.62:1.2": "Каких трёх?",
  "an3.62:1.3": "Приходит время, когда возникает великий пожар. ",
  "an3.62:1.4": "Когда возник великий пожар, он сжигает деревни, города и столицы. ",
  "an3.62:1.5": "Когда деревни, города и столицы полыхают, мать не находит своего сына, а сын не находит свою мать. ",
  "an3.62:1.6": "Такова первая опасность, которая разлучает мать c сыном, о которой говорит необученный заурядный человек.",
  "an3.62:2.1": "Далее, приходит время, когда возникает великое дождевое облако. ",
  "an3.62:2.2": "Когда возникло великое дождевое облако, происходит великое наводнение. ",
  "an3.62:2.3": "Когда происходит великое наводнение, деревни, города и столицы смываются. ",
  "an3.62:2.4": "Когда деревни, города и столицы смываются, мать не находит своего сына, а сын не находит свою мать. ",
  "an3.62:2.5": "Такова вторая опасность, которая разлучает мать c сыном, о которой говорит необученный заурядный человек.",
  "an3.62:3.1": "Далее, приходит время, когда возникают опасность и смута в безлюдных местах, и люди повсеместно взбираются на свои средства передвижения и бегут отовсюду. ",
  "an3.62:3.2": "Когда происходят опасность и смута в безлюдных местах, и люди повсеместно взбираются на свои средства передвижения и бегут отовсюду, мать не находит своего сына, а сын не находит свою мать. ",
  "an3.62:3.3": "Такова третья опасность, которая разлучает мать c сыном, о которой говорит необученный заурядный человек.",
  "an3.62:3.4": "Таковы три опасности, которые разлучают мать c сыном, о которых говорит необученный заурядный человек.",
  "an3.62:4.1": "Монахи, есть эти три опасности, когда мыть и сын воссоединяются, но необученный заурядный человек говорит о них как об опасностях, которые разлучают мать c сыном. ",
  "an3.62:4.2": "Какие три?",
  "an3.62:4.3": "Приходит время, когда возникает великий пожар. ",
  "an3.62:4.4": "Когда возник великий пожар, он сжигает деревни, города и столицы. ",
  "an3.62:4.5": "Когда деревни, города и столицы полыхают, то иногда случается так, что мать находит своего сына, а сын находит свою мать. ",
  "an3.62:4.6": "Такова первая опасность, когда мать и сын воссоединяются, но необученный заурядный человек говорит о ней как об опасности, которая разлучает мать c сыном.",
  "an3.62:5.1": "Далее, приходит время, когда возникает великое дождевое облако… ",
  "an3.62:5.2": "случается так, что мать находит своего сына, а сын находит свою мать…",
  "an3.62:5.3": "",
  "an3.62:5.4": "",
  "an3.62:5.5": "",
  "an3.62:6.1": "Далее, приходит время, когда возникают опасность и смута в безлюдных местах… ",
  "an3.62:6.2": "случается так, что мать находит своего сына, а сын находит свою мать…",
  "an3.62:6.3": "",
  "an3.62:6.4": "Таковы три опасности, когда мыть и сын воссоединяются, но необученный заурядный человек говорит о них как об опасностях, которые разлучают мать c сыном.",
  "an3.62:7.1": "Монахи, есть три опасности, которые разлучают мать c сыном. ",
  "an3.62:7.2": "Какие три? ",
  "an3.62:7.3": "Опасность старости, опасность болезни, опасность смерти.",
  "an3.62:7.4": "Когда сын стареет, мать не может исполнить [подобного] своего пожелания: ",
  "an3.62:7.5": "«Пусть я буду стареть, но пусть мой сын не стареет!» ",
  "an3.62:7.6": "И когда стареет мать, сын не может исполнить [подобного] своего пожелания: ",
  "an3.62:7.7": "«Пусть я буду стареть, но пусть моя мать не стареет!»",
  "an3.62:8.1": "Когда сын заболевает, мать не может исполнить [подобного] своего пожелания: ",
  "an3.62:8.2": "«Пусть я заболею, но пусть мой сын не заболевает!» ",
  "an3.62:8.3": "И когда заболевает мать, сын не может исполнить [подобного] своего пожелания: ",
  "an3.62:8.4": "«Пусть я заболею, но пусть моя мать не заболевает!»",
  "an3.62:9.1": "Когда сын умирает, мать не может исполнить [подобного] своего пожелания: ",
  "an3.62:9.2": "«Пусть я умру, но пусть мой сын не умирает!» ",
  "an3.62:9.3": "И когда умирает мать, сын не может исполнить [подобного] своего пожелания: ",
  "an3.62:9.4": "«Пусть я умру, но пусть моя мать не умирает!»",
  "an3.62:9.5": "Таковы три опасности, которые разлучают мать c сыном.",
  "an3.62:10.1": "Монахи, есть путь, есть метод, который ведёт к оставлению и преодолению этих трёх опасностей, когда мать и сын воссоединяются, и этих трёх опасностей, которые разлучают мать c сыном. ",
  "an3.62:10.2": "И что эта за путь и метод? ",
  "an3.62:10.3": "Это этот самый Благородный Восьмеричный Путь, в частности:",
  "an3.62:10.4": "Правильный взгляд, правильное намерение-заготовка, правильная речь, правильные действия, правильные быт, правильное старание, правильное памятование, правильное объединение опыта.",
  "an3.62:10.5": "Вот каков путь и метод, который ведёт к оставлению и преодолению этих трёх опасностей, когда мать и сын воссоединяются, и этих трёх опасностей, которые разлучают мать c сыном».",
  "an3.62:10.6": "Вторая."
}