{
  "an3.77:0.1": "Восходящие Наставления 3.77",
  "an3.77:0.2": "Глава Ананда",
  "an3.77:0.3": "Сутта Бхава Вторая ",
  "an3.77:1.1": "И тогда Достопочтенный Ананда подошёл к Благословенному, поклонился ему, сел рядом, и сказал ему: ",
  "an3.77:1.2": "«Учитель, «существование, существование» – так говорят. ",
  "an3.77:1.3": "В каком смысле, Учитель, говорится о существовании?»",
  "an3.77:2.1": "«Если бы, Ананда, не было бы каммы, созревающей в Мире Чувств, то разве можно было бы распознать существование в Мире Чувств?»",
  "an3.77:2.2": "«Нет, Учитель».",
  "an3.77:2.3": "«Поэтому, Ананда, у существ, скованных невежеством и опутанных жаждой, камма является полем, сознание – семенем, а жажда – влагой для того, чтобы их волевое намерение и стремление утвердилось в нижнем мире [из трёх миров]. ",
  "an3.77:2.4": "Вот каким образом происходит продуцирование нового существования в будущем.",
  "an3.77:3.1": "Если бы, Ананда, не было бы каммы, созревающей в Мире Форм, то разве можно было бы распознать существование в Мире Форм?»",
  "an3.77:3.2": "«Нет, Учитель».",
  "an3.77:3.3": "«Поэтому, Ананда, у существ, скованных невежеством и опутанных жаждой, камма является полем, сознание – семенем, а жажда – влагой для того, чтобы их волевое намерение и стремление утвердилось в среднем мире [из трёх миров]. ",
  "an3.77:3.4": "Вот каким образом происходит продуцирование нового существования в будущем.",
  "an3.77:4.1": "Если бы, Ананда, не было бы каммы, созревающей в Мире Без Форм, то разве можно было бы распознать существование в Мире Без Форм?»",
  "an3.77:4.2": "«Нет, Учитель».",
  "an3.77:4.3": "«Поэтому, Ананда, у существ, скованных невежеством и опутанных жаждой, камма является полем, сознание – семенем, а жажда – влагой для того, чтобы их волевое намерение и стремление утвердилось в высшем мире [из трёх миров]. ",
  "an3.77:4.4": "Вот каким образом происходит продуцирование нового существования в будущем.",
  "an3.77:4.5": "Вот каким образом, Ананда, имеет место существование».",
  "an3.77:4.6": "Седьмая."
}