{
  "an3.82:0.1": "Восходящие Наставления 3.82",
  "an3.82:0.2": "Глава Шаман",
  "an3.82:0.3": "Сутта Осёл",
  "an3.82:1.1": "«Монахи, представьте, как если бы осёл шёл за коровьим стадом, [думая]: ",
  "an3.82:1.2": "«Я тоже корова, я тоже корова». ",
  "an3.82:1.3": "Но его внешность была бы не такой, как у коров, его голос был бы не таким, как у коров, его следы были бы не такими, как у коров. ",
  "an3.82:1.4": "И всё же он бы шёл за коровьим стадом, [думая]: ",
  "an3.82:1.5": "«Я тоже корова, я тоже корова».",
  "an3.82:2.1": "Точно также, монах может следовать прямо за Сангхой монахов, [думая]: ",
  "an3.82:2.2": "«Я тоже монах, я тоже монах». ",
  "an3.82:2.3": "Но его желание осуществлять тренировку высшего нравственного поведения не такое, как у других монахов. Его желание осуществлять тренировку высшего ума не такое, как у других монахов. Его желание осуществлять тренировку высшей мудрости не такое, как у других монахов. ",
  "an3.82:2.4": "И всё же он следует прямо за Сангхой монахов, [думая]: ",
  "an3.82:2.5": "«Я тоже монах, я тоже монах».",
  "an3.82:3.1": "Поэтому, монахи, вот как вы должны тренировать себя: ",
  "an3.82:3.2": "«У нас будет острое желание осуществлять тренировку в высшей нравственности… в высшем уме… в высшей мудрости». ",
  "an3.82:3.3": "Вот как вы должны тренировать себя».",
  "an3.82:3.4": "Вторая."
}