{
  "an3.131:0.1": "Восходящие Наставления 3.131",
  "an3.131:0.2": "Глава Бхаранду",
  "an3.131:0.3": "Сутта Скрытое",
  "an3.131:1.1": "«Монахи, есть эти три вещи, которые расцветают, если сокрыты, а не выставлены напоказ. ",
  "an3.131:1.2": "Какие три? ",
  "an3.131:1.3": "Женщины расцветают, если сокрыты, а не выставлены напоказ. ",
  "an3.131:1.4": "Гимны брахманов расцветают, если сокрыты, а не выставлены напоказ. ",
  "an3.131:1.5": "Неправильные воззрения расцветают, если сокрыты, а не выставлены напоказ. ",
  "an3.131:1.6": "Таковы три вещи, которые расцветают, если сокрыты, а не выставлены напоказ.",
  "an3.131:2.1": "Монахи, есть эти три вещи, которые сияют, если выставлены напоказ, а не сокрыты. ",
  "an3.131:2.2": "Какие три? ",
  "an3.131:2.3": "Луна сияет, если выставлена на показ, а не сокрыта. ",
  "an3.131:2.4": "Солнце сияет, если выставлено напоказ, а не сокрыто. ",
  "an3.131:2.5": "Дхамма и Виная, которые провозглашены Татхагатой, сияют, если выставлены напоказ, а не сокрыты. ",
  "an3.131:2.6": "Таковы три вещи, которые сияют, если выставлены на показ, а не сокрыты».",
  "an3.131:2.7": "Девятая."
}