{
  "an3.29:0.1": "Восходящие Наставления 3.29",
  "an3.29:0.2": "Глава Личность",
  "an3.29:0.3": "Сутта Слепой",
  "an3.29:1.1": " «Монахи, есть три типа личностей в мире. ",
  "an3.29:1.2": "Какие три?",
  "an3.29:1.3": "Слепой человек, одноглазый человек, двуглазый человек.",
  "an3.29:1.4": "И каков, монахи, слепой человек? ",
  "an3.29:1.5": "Вот у некоего человека нет того вида глаза, благодаря которому можно обрести ещё не обретённое богатство или же увеличить уже обретённое, ",
  "an3.29:1.6": "а также у него нет того вида глаза, благодаря которому можно знать благие качества и неблагие качества, достойные порицания и безукоризненные, низшие и высшие качества, тёмные и яркие качества и их противоположности. ",
  "an3.29:1.7": "Такой зовётся слепым человеком.",
  "an3.29:2.1": "И каков одноглазый человек? ",
  "an3.29:2.2": "Вот некий человек имеет тот вид глаза, благодаря которому можно обрести ещё не обретённое богатство или же увеличить уже обретённое, ",
  "an3.29:2.3": "но у него нет того вида глаза, благодаря которому можно знать благие качества и неблагие качества, достойные порицания и безукоризненные, низшие и высшие качества, тёмные и яркие качества и их противоположности. ",
  "an3.29:2.4": "Такой зовётся одноглазым человеком.",
  "an3.29:3.1": "И каков двуглазый человек? ",
  "an3.29:3.2": "Вот некий человек имеет тот вид глаза, благодаря которому можно обрести ещё не обретённое богатство или же увеличить уже обретённое, ",
  "an3.29:3.3": "а также имеет и тот вид глаза, благодаря которому можно знать благие качества и неблагие качества, ",
  "an3.29:3.4": "достойные порицания и безукоризненные, низшие и высшие качества, тёмные и яркие качества и их противоположности. ",
  "an3.29:3.5": "Такой зовётся двуглазым человеком.",
  "an3.29:3.6": "Таковы, монахи, три типа личностей, существующих в мире». ",
  "an3.29:4.1": "«Нет ни богатства у него,",
  "an3.29:4.2": "И не свершает он заслуг.",
  "an3.29:4.3": "Слепец обоих глаз лишён,",
  "an3.29:4.4": "Тем неудачен он вдвойне.",
  "an3.29:5.1": "Тот, кто один имеет глаз –",
  "an3.29:5.2": "Богатство ищущий ханжа –",
  "an3.29:5.3": "[К богатству] праведно идёт,",
  "an3.29:5.4": "Или неправедно [подчас].",
  "an3.29:6.1": "Обманом, как и воровством,",
  "an3.29:6.2": "А также лживым словом",
  "an3.29:6.3": "Имущество накопит он.",
  "an3.29:6.4": "В усладах чувств он вязнет.",
  "an3.29:6.5": "Из этой жизни в ад идёт,",
  "an3.29:6.6": "Где мучиться он будет.",
  "an3.29:7.1": "Но о двуглазом говорят,",
  "an3.29:7.2": "Что лучше остальных он.",
  "an3.29:7.3": "Средствами праведными смог",
  "an3.29:7.4": "Добыть себе богатство.",
  "an3.29:8.1": "С намерением он лучшим затем дары подарит –",
  "an3.29:8.2": "Умом единодушным та личность обладает.",
  "an3.29:8.3": "Потом переродится он в высшем состоянии,",
  "an3.29:8.4": "Уйдя туда, где нет [какой-либо] печали.",
  "an3.29:9.1": "И поодаль держитесь",
  "an3.29:9.2": "Слепых и одноглазых.",
  "an3.29:9.3": "С двуглазыми дружите,",
  "an3.29:9.4": "Которые всех лучше».",
  "an3.29:9.5": "Девятая."
}