{
  "an3.87:0.1": "Восходящие Наставления 3.87",
  "an3.87:0.2": "Глава Шаман",
  "an3.87:0.3": "Сутта Тренировка Вторая",
  "an3.87:1.1": "«Монахи, каждые полмесяца декламируются более ста пятидесяти правил [монашеской] тренировки. Представитель клана, желающий собственного благополучия, должен тренироваться в них. ",
  "an3.87:1.2": "Все они включены в эти три тренировки. ",
  "an3.87:1.3": "В какие три? ",
  "an3.87:1.4": "В тренировку высшей нравственности, в тренировку высшего ума, и в тренировку высшей мудрости. ",
  "an3.87:1.5": "Таковы три тренировки, в которые всё это включено.",
  "an3.87:2.1": "Монахи, вот монах исполняет нравственное поведение, но взращивает сосредоточение и мудрость только до некоторой степени. ",
  "an3.87:2.2": "Он совершает нарушения [правил тренировки] в отношении незначительных и меньших правил и исправляется. ",
  "an3.87:2.3": "И почему? ",
  "an3.87:2.4": "Потому что я не сказал, что он неспособен на это. ",
  "an3.87:2.5": "Но в отношении тех правил тренировки, которые являются основополагающими для святой жизни, которые соответствуют святой жизни, его поведение является постоянным и устойчивым. Предприняв правила тренировки, он тренируется в них.",
  "an3.87:2.6": "С полным уничтожением трёх нижних оков он является достигающим-за-семь-жизней-максимум – ",
  "an3.87:2.7": "тем, кто после максимум семи странствий и скитаний среди дэвов и людей положит конец страданиям.",
  "an3.87:2.8": "С полным уничтожением трёх нижних оков он является идущим-из-семьи-в-семью – тем, кто, после двух или трёх странствий и скитаний по хорошим семьям положит конец страданиям.",
  "an3.87:2.9": "С полным уничтожением трёх нижних оков он является восходящим-лишь-один-раз – тем, кто, переродившись ещё один раз человеком, положит конец страданиям.",
  "an3.87:2.10": "С полным уничтожением трёх [нижних] оков, а также с уменьшением жажды, злобы, и заблуждения, он является однажды-возвращающимся – тем, кто, вернувшись назад в этот мир лишь ещё один раз, положит конец страданиям.",
  "an3.87:3.1": "Другой монах исполняет нравственное поведение и сосредоточение, но взращивает мудрость только до некоторой степени. ",
  "an3.87:3.2": "Он совершает нарушения [правил тренировки] в отношении незначительных и меньших правил и исправляется. ",
  "an3.87:3.3": "И почему? ",
  "an3.87:3.4": "Потому что я не сказал, что он неспособен на это. ",
  "an3.87:3.5": "Но в отношении тех правил тренировки, которые являются основополагающими для святой жизни, которые соответствуют святой жизни, его поведение является постоянным и устойчивым. Предприняв правила тренировки, он тренируется в них.",
  "an3.87:3.6": "С полным уничтожением пяти нижних оков этот человек достигает ниббаны в промежутке… ",
  "an3.87:3.7": "по приземлении… ",
  "an3.87:3.8": "без приложения усилий… ",
  "an3.87:3.9": "с приложением усилий… ",
  "an3.87:3.10": "устремляется вверх, направляясь к [высшему] миру [Чистых Обителей] Аканиттха.",
  "an3.87:4.1": "Другой монах исполняет нравственное поведение, сосредоточение, и мудрость. ",
  "an3.87:4.2": "Он совершает нарушения [правил тренировки] в отношении незначительных и меньших правил и исправляется. ",
  "an3.87:4.3": "И почему? ",
  "an3.87:4.4": "Потому что я не сказал, что он неспособен на это. ",
  "an3.87:4.5": "Но в отношении тех правил тренировки, которые являются основополагающими для святой жизни, которые соответствуют святой жизни, его поведение является постоянным и устойчивым. Предприняв правила тренировки, он тренируется в них. ",
  "an3.87:4.6": "За счёт уничтожения пятен [умственных загрязнений] в этой самой жизни он входит и пребывает в незапятнанном освобождении ума, освобождении мудростью, зная и проявляя эти состояния для себя самостоятельно посредством прямого знания.",
  "an3.87:5.1": "Так, монахи, тот, кто развивается частично, частично и преуспевает. Тот, кто развивается полностью, достигает совершенства. Эти правила тренировки не бесплодны, я говорю вам».",
  "an3.87:5.2": "Седьмая."
}