{
  "an3.122:0.1": "Восходящие Наставления 3.122",
  "an3.122:0.2": "Глава Апаика ",
  "an3.122:0.3": "Сутта Сообразительность",
  "an3.122:1.1": "«Монахи, есть эти три чистоты. ",
  "an3.122:1.2": "Какие три? ",
  "an3.122:1.3": "Телесная сообразительность, словесная сообразительность, умственная сообразительность.",
  "an3.122:1.4": "И что такое телесная сообразительность? ",
  "an3.122:1.5": "Вот некий человек воздерживается от уничтожения жизни, от взятия того, что не дано, от неблагого сексуального поведения. ",
  "an3.122:1.6": "Это называется телесной сообразительностью.",
  "an3.122:2.1": "И что такое словесная сообразительность? ",
  "an3.122:2.2": "Вот некий человек воздерживается от лжи, от сеющей распри речи, от грубой речи, от пустой болтовни. ",
  "an3.122:2.3": "Это называется словесной сообразительностью.",
  "an3.122:3.1": "И что такое умственная сообразительность? ",
  "an3.122:3.2": "Вот за счёт уничтожения пятен [умственных загрязнений], прямо [здесь и сейчас] в этой самой жизни монах входит и пребывает в незапятнанном освобождении ума, освобождении мудростью, напрямую зная и проявляя это для себя самостоятельно. ",
  "an3.122:3.3": "Это называется умственной сообразительностью». ",
  "an3.122:3.4": "Монахи, эти три чистоты.",
  "an3.122:4.1": "«Мудрый он в теле, мудрый в речи он,",
  "an3.122:4.2": "Мудрый в уме и не имеет пятен.",
  "an3.122:4.3": "Кто совершенства в прозорливости достиг",
  "an3.122:4.4": "Зовётся «тем, кто [в этом мире] всё оставил».",
  "an3.122:4.5": "Десятая.",
  "an3.122:4.6": "Глава Апаика Вторая.",
  "an3.122:5.0": "Оглавление",
  "an3.122:5.1": "",
  "an3.122:5.2": "",
  "an3.122:5.3": "",
  "an3.122:5.4": ""
}