{
  "an3.183-352:0.1": "Восходящие Наставления 3.183-352",
  "an3.183-352:0.2": "Сокращение Страсть",
  "an3.183-352:0.3": "",
  "an3.183-352:1.1": "«Монахи, ради прямого знания страсти следует развивать три вещи.",
  "an3.183-352:1.2": "Какие три?",
  "an3.183-352:1.3": "Пустотное освобождение, беспредметное освобождение, безжеланное освобождение.",
  "an3.183-352:1.4": "Ради прямого знания страсти следует развивать эти три вещи».",
  "an3.183-352:2.1": "ради полного понимания страсти…",
  "an3.183-352:2.2": "ради полного уничтожения страсти…",
  "an3.183-352:2.3": "ради оставления страсти…",
  "an3.183-352:2.4": "ради исчерпания страсти…",
  "an3.183-352:2.5": "ради преодоления страсти…",
  "an3.183-352:2.6": "ради разочарования страсти…",
  "an3.183-352:2.7": "ради истечения страсти…",
  "an3.183-352:2.8": "ради отказа от страсти…",
  "an3.183-352:2.9": "ради покидания страсти эти три явления должны быть развиты.",
  "an3.183-352:3.1": "злобы…",
  "an3.183-352:3.2": "заблуждения…",
  "an3.183-352:3.3": "злости…",
  "an3.183-352:3.4": "враждебности…",
  "an3.183-352:3.5": "клеветы…",
  "an3.183-352:3.6": "презрения…",
  "an3.183-352:3.7": "зависти…",
  "an3.183-352:3.8": "скупости…",
  "an3.183-352:3.9": "неискренности…",
  "an3.183-352:3.10": "лукавства…",
  "an3.183-352:3.11": "упрямства…",
  "an3.183-352:3.12": "горячности…",
  "an3.183-352:3.13": "самомнения…",
  "an3.183-352:3.14": "надменности…",
  "an3.183-352:3.15": "опьянения…",
  "an3.183-352:3.16": "беспечности…",
  "an3.183-352:3.17": "Ради прямого знания … следует развивать эти три вещи».",
  "an3.183-352:3.18": "ради полного понимания…",
  "an3.183-352:3.19": "ради полного уничтожения…",
  "an3.183-352:3.20": "ради оставления…",
  "an3.183-352:3.21": "ради исчерпания…",
  "an3.183-352:3.22": "ради преодоления…",
  "an3.183-352:3.23": "ради разочарования…",
  "an3.183-352:3.24": "ради истечения…",
  "an3.183-352:3.25": "ради отказа от…",
  "an3.183-352:3.26": "ради покидания … эти три явления должны быть развиты.",
  "an3.183-352:4.1": "Так сказал Благословенный.",
  "an3.183-352:4.2": "Удовлетворенные те монахи порадовались речи Благословенного.",
  "an3.183-352:4.3": "Сокращение Страсть закончено.",
  "an3.183-352:5.0": "Оглавление",
  "an3.183-352:5.1": "",
  "an3.183-352:5.2": "",
  "an3.183-352:5.3": "",
  "an3.183-352:5.4": "",
  "an3.183-352:6.1": "",
  "an3.183-352:6.2": "",
  "an3.183-352:6.3": "",
  "an3.183-352:6.4": "",
  "an3.183-352:7.1": "",
  "an3.183-352:7.2": "",
  "an3.183-352:7.3": "",
  "an3.183-352:7.4": "",
  "an3.183-352:7.5": "",
  "an3.183-352:7.6": "",
  "an3.183-352:8.1": "",
  "an3.183-352:8.2": "",
  "an3.183-352:8.3": "",
  "an3.183-352:8.4": "",
  "an3.183-352:8.5": "Третья Пятидесятка Закончена.",
  "an3.183-352:8.6": "Собрание Троек Закончено."
}