{
  "an3.48:0.1": "Восходящие Наставления 3.48",
  "an3.48:0.2": "Малая Глава ",
  "an3.48:0.3": "Сутта Царь-Гора",
  "an3.48:1.1": "«Монахи, основываясь на Гималаях, царе всех гор, великие саловые деревья разрастаются тремя путями. ",
  "an3.48:1.2": "Какими тремя? ",
  "an3.48:1.3": "Они разрастаются в ветвях, листьях, листве; они разрастаются в коре и побегах; они разрастаются в заболони и сердцевине. ",
  "an3.48:1.4": "Основываясь на Гималаях, царе всех гор, великие саловые деревья разрастаются этими тремя путями.",
  "an3.48:2.1": "Точно также, когда глава семьи обладает верой, то люди в семье, которые зависят от него, возрастают тремя путями. ",
  "an3.48:2.2": "Какими тремя? ",
  "an3.48:2.3": "Они возрастают в вере; они возрастают в нравственности; они возрастают в мудрости. ",
  "an3.48:2.4": "Когда глава семьи обладает верой, то люди в семье, которые зависят от него, возрастают этими тремя путями». ",
  "an3.48:3.1": "«Как если бы деревья разрастались",
  "an3.48:3.2": "В зависимости от горы скалистой,",
  "an3.48:3.3": "[Находится которая] в глубокой дикой чаще,",
  "an3.48:3.4": "И стали бы потом «владыками лесными» –",
  "an3.48:4.1": "То точно также, коль глава семейства",
  "an3.48:4.2": "Сам нравственный и обладает верой –",
  "an3.48:4.3": "Его жена и дети и родня,",
  "an3.48:4.4": "Все возрастают, от него завися –",
  "an3.48:4.5": "Как и его друзья, семейный круг,",
  "an3.48:4.6": "И все, кто от него зависят.",
  "an3.48:5.1": "Все те, кто обладают различением,",
  "an3.48:5.2": "Увидев нравственного человека поведение,",
  "an3.48:5.3": "Щедрость его, как и различные дела благие,",
  "an3.48:5.4": "Поступят также, следуя его примеру.",
  "an3.48:6.1": "Коли жизнь прожита в согласии с Дхаммой,",
  "an3.48:6.2": "С путём, приводит что в удел хороший,",
  "an3.48:6.3": "Все те, кто наслаждений чувств желают,",
  "an3.48:6.4": "Возрадуются в мире небожителей потом».",
  "an3.48:6.5": "Девятая."
}