{
  "an3.115:0.1": "Восходящие Наставления 3.115",
  "an3.115:0.2": "Глава Апаика",
  "an3.115:0.3": "Сутта Безмерный",
  "an3.115:1.1": "«Монахи, есть эти три типа личностей в мире. ",
  "an3.115:1.2": "Какие три?",
  "an3.115:1.3": "Тот, кого легко измерить, тот, кого трудно измерить и безмерный.",
  "an3.115:1.4": "И каков, монахи, человек, которого легко измерить? ",
  "an3.115:1.5": "Вот некий человек неугомонный, напыщенный, самовлюблённый, болтливый, бессвязный в своих разговорах, с замутнённым умом, без бдительности, несосредоточенный, с блуждающим умом и распущенными органами чувств. ",
  "an3.115:1.6": "Такой зовётся тем, кого легко измерить.",
  "an3.115:2.1": "И каков тот, кого трудно измерить? ",
  "an3.115:2.2": "Вот некий человек не является неугомонным, не напыщен и не самовлюблён, не болтлив и не бессвязный в своих разговорах, с утверждённой осознанностью, бдительный, сосредоточенный, с однонаправленным умом, сдержанный в органах чувств. ",
  "an3.115:2.3": "Такой зовётся тем, кого трудно измерить.",
  "an3.115:3.1": "И каков тот, кто является безмерным? ",
  "an3.115:3.2": "Вот монах – арахант, чьи пятна [умственных загрязнений] уничтожены. ",
  "an3.115:3.3": "Такой зовётся тем, кто является безмерным.",
  "an3.115:3.4": "Таковы три типа личностей, существующих в мире».",
  "an3.115:3.5": "Третья."
}