{
  "an3.22:0.1": "Восходящие Наставления 3.22",
  "an3.22:0.2": "Глава Личность",
  "an3.22:0.3": "Сутта Болен",
  "an3.22:1.1": "«Монахи, есть три вида больных в мире. ",
  "an3.22:1.2": "Какие три? ",
  "an3.22:1.3": "Бывает так, что некий больной не выздоравливает от своей болезни вне зависимости от того, получает ли он подходящую еду, подходящее лекарство, и сведущего прислужника. ",
  "an3.22:2.1": "Другой больной выздоравливает от своей болезни вне зависимости от того, получает ли он подходящую еду, подходящее лекарство, и сведущего прислужника. ",
  "an3.22:3.1": "И ещё другой больной выздоравливает от своей болезни только если получает подходящую еду и не [выздоравливает], если не может получить; получает подходящее лекарство и не [выздоравливает], если не может получить; получает сведущего прислужника и не [выздоравливает], если не может получить.",
  "an3.22:4.1": "Еда, лекарство, и сведущий прислужник предписаны именно тому больному, который выздоравливает от своей болезни только если получает… и не [выздоравливает], если не может получить. ",
  "an3.22:4.2": "Но, несмотря на [наличие] такого больного, за другими больными также следует ухаживать. ",
  "an3.22:4.3": "Таковы три вида больных в мире.",
  "an3.22:5.1": "Точно также, монахи, есть три типа личностей в мире, похожих на больных. ",
  "an3.22:5.2": "Какие три? ",
  "an3.22:5.3": "Бывает так, что некий человек не вступает на твёрдый путь правильности в благих качествах вне зависимости от того, удаётся ли ему увидеть Татхагату или нет; удаётся ли ему услышать Дхамму и Винаю, что были провозглашены Татхагатой, или же нет. ",
  "an3.22:6.1": "Другой человек вступает на твёрдый путь правильности в благих качествах вне зависимости от того, удаётся ли ему увидеть Татхагату или нет; удаётся ли ему услышать Дхамму и Винаю, что были провозглашены Татхагатой, или же нет. ",
  "an3.22:7.1": "И ещё другой человек вступает на твёрдый путь правильности в благих качествах только если увидит Татхагату, [и не вступает], если не увидит его; только если слышит Дхамму и Винаю, что были провозглашены Татхагатой, [и не вступает], если не слышит их.",
  "an3.22:8.1": "Учение Дхаммы предписано именно той личности, которая вступает на твёрдый путь правильности в благих качествах только если увидит Татхагату, [и не вступает], если не увидит его; только если слышит Дхамму и Винаю, что были провозглашены Татхагатой, [и не вступает], если не слышит их. ",
  "an3.22:8.2": "Но, несмотря на [наличие] такой личности, Дхамме также следует обучать и других. ",
  "an3.22:8.3": "Таковы три типа личностей в мире, похожих на больных».",
  "an3.22:8.4": "Вторая."
}