{
  "an3.101:0.1": "Восходящие Наставления 3.101",
  "an3.101:0.2": "Глава Лонакаллапа",
  "an3.101:0.3": "Сутта Старатель",
  "an3.101:1.1": "«[Монахи], в золоте есть такие грубые загрязнения: земля, песок и гравий. ",
  "an3.101:1.2": "Старатель или его ученик, положив золото в чан, раз за разом вымывает его до тех пор, пока не избавится от грубых примесей.",
  "an3.101:1.3": "Когда он избавился от них, в золоте остаются средние загрязнения: грубый песок и мелкий гравий. ",
  "an3.101:1.4": "Он раз за разом вымывает золото до тех пор, пока не избавится от средних загрязнений.",
  "an3.101:1.5": "Когда он избавился от них, в золоте остаются незначительные загрязнения: мелкий песок и чёрная пыль. ",
  "an3.101:1.6": "Старатель или его ученик раз за разом вымывает золото до тех пор, пока не избавится от незначительных загрязнений.",
  "an3.101:1.7": "Когда он избавился от них, то остаётся только золотая пыль. ",
  "an3.101:1.8": "Золотых дел мастер или его ученик, положив пыль в тигель, раз за разом обдувает его снова и снова, чтобы сдуть окалину. ",
  "an3.101:1.9": "Золото, покуда его раз за разом не обдули вплоть до того момента, когда загрязнения исчезли, покуда оно не очистилось от окалины, не было податливым, мягким или сияющим. Оно было хрупким и с ним ещё нельзя было работать. ",
  "an3.101:1.10": "Но когда золотых дел мастер или его ученик раз за разом обдувает золото, то наступает момент, когда вся окалина сходит. ",
  "an3.101:1.11": "Золото, которое раз за разом обдували вплоть до того момента, когда загрязнения исчезли, стало чистым, очищенным от окалины, мягким, податливым и сияющим. Оно не хрупкое и с ним можно работать. ",
  "an3.101:1.12": "И тогда какое бы украшение ни задумал сделать мастер – пояс, серьгу, ожерелье или золотую цепь – золото может послужить этой цели.",
  "an3.101:2.1": "Точно также, есть грубые загрязнения у монаха, который настроен на высший ум: неблагое поведение телом, речью, и умом. Сознательный и способный монах отбрасывает [эти грубые загрязнения], рассеивает, уничтожает.",
  "an3.101:2.2": "Когда он избавился от них, в нём продолжают наличествовать средние загрязнения: чувственные мысли, недоброжелательные мысли, мысли о причинении вреда. Он отбрасывает их, рассеивает, уничтожает.",
  "an3.101:2.3": "Когда он избавился от них, в нём остаются незначительные загрязнения: мысли о [своей] варне, мысли о родной земле, мысли о том, чтобы [другие] к нему плохо не относились. Он отбрасывает их, рассеивает, уничтожает.",
  "an3.101:2.4": "И когда он избавился от них, то остаются только мысли о Дхамме. ",
  "an3.101:2.5": "Его сосредоточение [пока ещё] ни спокойное, ни утончённое. Оно ещё не достигло безмятежности и единства и удерживается приложением усилий. ",
  "an3.101:2.6": "Но приходит время, когда его ум обретает внутреннюю устойчивость, успокаивается, объединяется, сосредотачивается. ",
  "an3.101:2.7": "[И тогда] его сосредоточение умиротворённое и утончённое, достигло безмятежности и единства и более не удерживается приложением усилий.",
  "an3.101:2.8": "И тогда к каким бы из высших знаний он ни направил свой ум для познания и реализации, он может познать их для себя самостоятельно, поскольку есть для этого подходящая основа.",
  "an3.101:3.1": "Если он пожелает: «Пусть я овладею различными видами сверхъестественных сил: будучи одним…» – ",
  "an3.101:3.2": "он может познать это для себя самостоятельно, поскольку есть для этого подходящая основа.",
  "an3.101:4.1": "Если он пожелает: «Пусть я услышу за счёт божественного уха…» –",
  "an3.101:4.2": "он способен реализовать это, есть для этого подходящая основа.",
  "an3.101:5.1": "Если он пожелает: «Пусть я познаю умы других существ…» –",
  "an3.101:5.2": "",
  "an3.101:5.3": "",
  "an3.101:5.4": "",
  "an3.101:5.5": "",
  "an3.101:5.6": "",
  "an3.101:5.7": "",
  "an3.101:5.8": "",
  "an3.101:5.9": "",
  "an3.101:5.10": "",
  "an3.101:5.11": "",
  "an3.101:5.12": "",
  "an3.101:5.13": "",
  "an3.101:5.14": "",
  "an3.101:5.15": "",
  "an3.101:5.16": "",
  "an3.101:5.17": "",
  "an3.101:5.18": "он способен реализовать это, есть для этого подходящая основа.",
  "an3.101:6.1": "Если он пожелает: «Пусть я вспомню многочисленные прошлые обители…» – ",
  "an3.101:6.2": "он способен реализовать это, есть для этого подходящая основа.",
  "an3.101:7.1": "Если он пожелает: «Пусть я увижу за счёт божественного глаза…» – ",
  "an3.101:7.2": "он способен реализовать это, есть для этого подходящая основа.",
  "an3.101:8.1": "Если он пожелает: «Пусть я, за счёт уничтожения умственных загрязнений, в этой самой жизни войду и буду пребывать в незапятнанном освобождении ума, освобождении мудростью, зная и проявляя эти состояния для себя самостоятельно посредством прямого знания» – ",
  "an3.101:8.2": "он может познать это для себя самостоятельно, поскольку есть для этого подходящая основа».",
  "an3.101:8.3": "Десятая."
}