{
  "an3.94:0.1": "Восходящие Наставления 3.94",
  "an3.94:0.2": "Глава Лонакапалла",
  "an3.94:0.3": "Сутта Осень",
  "an3.94:1.1": "«Монахи, осенью, когда небо чистое и безоблачное, восходящее солнце рассеивает всю темноту пространства по мере того, как оно лучится, сверкает, и сияет. ",
  "an3.94:2.1": "Точно также, когда в ученике Благородных возникает незапылённое, незапятнанное око Дхаммы, то тогда с возникновением видения ученик Благородных отбрасывает три оковы:",
  "an3.94:2.2": "воззрения о «я», сомнения, цепляние за правила и предписания.",
  "an3.94:3.1": "После, когда он отрекается от двух состояний, [а именно] жажды и недоброжелательности, ",
  "an3.94:3.2": "то тогда, будучи отстранённым от чувственных удовольствий, отстранённым от неблагих состояний [ума], он входит и пребывает в первой джхане, которая сопровождается направлением и удержанием [ума на объекте медитации], с восторгом и удовольствием, которые возникли из-за [этой] отстранённости.",
  "an3.94:3.3": "Если, монахи, ученик Благородных умирает в это время, то [в его случае] нет каких-либо оков, из-за которых он мог бы вернуться в этот мир».",
  "an3.94:3.4": "Третья."
}