{
  "an3.31:0.1": "Восходящие Наставления 3.31",
  "an3.31:0.2": "Глава Посланник Божеств",
  "an3.31:0.3": "Сутта С Брахмой",
  "an3.31:1.1": "«Монахи, с Брахмой проживают [только] те семьи, в которых дома дети чтят своих отца и мать. ",
  "an3.31:1.2": "С первыми учителями проживают [только] те семьи, в которых дома дети чтят своих отца и мать. ",
  "an3.31:1.3": "С достойными даров проживают [только] те семьи, в которых дома дети чтят своих отца и мать.",
  "an3.31:1.4": "«Брахма», монахи, это обозначение отца и матери. ",
  "an3.31:1.5": "«Первые учителя»… ",
  "an3.31:1.6": "«Достойные даров» – это обозначение отца и матери. ",
  "an3.31:1.7": "И почему? ",
  "an3.31:1.8": "[Потому что] отец и мать очень полезны своим детям. Они растят их, кормят их, открывают для них мир». ",
  "an3.31:2.1": "«Отец и мать зовутся «Брахмой»,",
  "an3.31:2.2": "А также «Первыми учителями».",
  "an3.31:2.3": "Они даров достойны от своих детей,",
  "an3.31:2.4": "Ведь проявляют к детям сострадание.",
  "an3.31:3.1": "Поэтому мудрец их должен чтить,",
  "an3.31:3.2": "А также относиться с уважением.",
  "an3.31:3.3": "Еду, питьё им должен подносить,",
  "an3.31:3.4": "Дарить одежду должен и постели,",
  "an3.31:3.5": "Купать их должен, делать им массаж,",
  "an3.31:3.6": "А также ноги омывать им должен.",
  "an3.31:4.1": "И из-за праведного поведения к отцу,",
  "an3.31:4.2": "А также к матери и собственной своей",
  "an3.31:4.3": "Тебя мудрейший будет восхвалять",
  "an3.31:4.4": "А после смерти ты окажешься в раю».",
  "an3.31:4.5": "Первая."
}