{
  "an3.53:0.1": "Восходящие Наставления 3.53",
  "an3.53:0.2": "Глава Брахман",
  "an3.53:0.3": "Сутта Некий Брахман",
  "an3.53:1.1": "И тогда некий брахман подошёл к Благословенному и обменялся с ним вежливыми приветствиями. После обмена вежливыми приветствиями и любезностями он сел рядом и сказал ему: ",
  "an3.53:1.2": "«Мастер Готама, «напрямую видимая Дхамма, напрямую видимая Дхамма» – так говорят. ",
  "an3.53:1.3": "В каком смысле Дхамма видна напрямую, не зависит от времени, приглашает пойти и увидеть, ведёт к цели, познаётся мудрыми самостоятельно?»",
  "an3.53:2.1": "«Брахман, [вот] некий человек возбуждён страстью, одолеваем страстью, с умом, охваченным ей, планирует [совершить что-либо, что принесёт] несчастье самому себе, несчастье другим, несчастье обоим, и он переживает умственное страдание и уныние. ",
  "an3.53:2.2": "Но когда страсть отброшена, то он не планирует [совершить что-либо, что принесёт] несчастье самому себе, несчастье другим, несчастье обоим, и он не переживает умственного страдания и уныния. ",
  "an3.53:2.3": "Вот… плохое поведение телом, плохое поведение речью, плохое поведение умом.",
  "an3.53:2.4": "Когда страсть отброшена нет плохого поведения телом, нет плохого поведения речью, плохого поведения умом.",
  "an3.53:2.5": "Вот… не понимает собственное благо согласно действительности, не понимает благо другого согласно действительности, не понимает благо обоих согласно действительности.",
  "an3.53:2.6": "Когда страсть отброшена понимает собственное благо согласно действительности, понимает благо другого согласно действительности, понимает благо обоих согласно действительности.",
  "an3.53:2.7": "Вот каким образом Дхамма видна напрямую…",
  "an3.53:3.1": "[Вот] некий человек полон ненависти, одолеваем ненавистью, с умом, охваченным ей, планирует [совершить что-либо, что принесёт] несчастье… переживает умственное страдание и уныние… ",
  "an3.53:3.2": "Но когда ненависть отброшена, то он не планирует… не переживает умственного страдания и уныния. ",
  "an3.53:3.3": "И таким образом также Дхамма видна напрямую… познаётся мудрыми самостоятельно.",
  "an3.53:4.1": "[Вот] некий человек полон заблуждения, одолеваем заблуждением, с умом, охваченным им, планирует [совершить что-либо, что принесёт] несчастье… переживает умственное страдание и уныние… ",
  "an3.53:4.2": "Но когда заблуждение отброшено, то он не планирует… не переживает умственного страдания и уныния. ",
  "an3.53:4.3": "И таким образом также Дхамма видна напрямую… познаётся мудрыми самостоятельно».",
  "an3.53:5.1": "«Великолепно, Мастер Готама! Великолепно, Мастер Готама! ",
  "an3.53:5.2": "Как если бы он поставил на место то, что было перевёрнуто, раскрыл бы спрятанное, показал путь тому, кто потерялся, внёс бы лампу во тьму, чтобы зрячий да мог увидеть, точно также Мастер Готама различными способами прояснил Дхамму. ",
  "an3.53:5.3": "Я принимаю прибежище в Мастере Готаме, прибежище в Дхамме, и прибежище в Сангхе монахов. ",
  "an3.53:5.4": "Пусть Мастер Готама помнит меня как мирского последователя, принявшего прибежище с этого дня и на всю жизнь».",
  "an3.53:5.5": "Третья."
}