{
  "an3.19:0.1": "Восходящие Наставления 3.19",
  "an3.19:0.2": "Глава Ратхакара",
  "an3.19:0.3": "Сутта Владелец Лавки Первая",
  "an3.19:1.1": "«Монахи, обладая тремя факторами, владелец лавки не способен обрести ещё не обретённое богатство или же увеличить уже обретённое богатство. ",
  "an3.19:1.2": "Какими тремя? ",
  "an3.19:1.3": "Вот владелец лавки не берётся с прилежанием за свою работу утром, днём, или вечером. ",
  "an3.19:1.4": "Обладая этими тремя факторами, владелец лавки не способен обрести ещё не обретённое богатство или же увеличить уже обретённое богатство.",
  "an3.19:2.1": "Точно также, обладая тремя факторами, монах не способен достичь ещё не достигнутого благого состояния или же увеличить уже достигнутое благое состояние. ",
  "an3.19:2.2": "Какими тремя? ",
  "an3.19:2.3": "Вот монах не берётся с прилежанием за объект сосредоточения утром, днём, или вечером. ",
  "an3.19:2.4": "Обладая этими тремя факторами, монах не способен достичь ещё не достигнутого благого состояния или же увеличить уже достигнутое благое состояние.",
  "an3.19:3.1": "Монахи, обладая тремя факторами, владелец лавки способен обрести ещё не обретённое богатство… ",
  "an3.19:3.2": "Какими тремя? ",
  "an3.19:3.3": "Вот владелец лавки берётся с прилежанием за свою работу утром, днём, или вечером. ",
  "an3.19:3.4": "Обладая этими тремя… увеличить уже обретённое богатство.",
  "an3.19:4.1": "Точно также, обладая тремя факторами, монах способен достичь ещё не достигнутого благого состояния… ",
  "an3.19:4.2": "Какими тремя? ",
  "an3.19:4.3": "Вот монах берётся с прилежанием за объект сосредоточения утром, днём, или вечером. ",
  "an3.19:4.4": "Обладая этими тремя… увеличить уже достигнутое благое состояние».",
  "an3.19:4.5": "Девятая."
}