{
  "an3.43:0.1": "Восходящие Наставления 3.43",
  "an3.43:0.2": "Малая Глава ",
  "an3.43:0.3": "Сутта Преимущество",
  "an3.43:1.1": "«Монахи, когда человек видит три преимущества, то этого достаточно для обучения других Дхамме. ",
  "an3.43:1.2": "Какие три? ",
  "an3.43:1.3": "Тот, кто учит Дхамме, переживает смысл и Дхамму. ",
  "an3.43:1.4": "Тот, кто слышит Дхамму, переживает смысл и Дхамму. ",
  "an3.43:1.5": "И тот, кто учит Дхамме, и тот, кто слышит Дхамму, переживают смысл и Дхамму. ",
  "an3.43:1.6": "Видение этих трёх преимуществ является достаточным для того, чтобы обучать Дхамме».",
  "an3.43:1.7": "Третья."
}