{
  "an3.129:0.1": "Восходящие Наставления 3.129",
  "an3.129:0.2": "Глава Кусинара",
  "an3.129:0.3": "Первая Сутта Ануруддха",
  "an3.129:1.1": "И тогда Достопочтенный Ануруддха подошёл к Благословенному, поклонился ему, сел рядом и сказал: ",
  "an3.129:1.2": "«Учитель, божественным глазом, очищенным и превосходящим человеческий, я вижу как женщина с распадом тела, после смерти, в основном перерождается в состоянии лишений, в неблагих уделах, в нижних мирах, в аду. ",
  "an3.129:1.3": "Какими такими качествами обладает женщина, из-за которых с распадом тела, после смерти, она перерождается в состоянии лишений, в неблагих уделах, в нижних мирах, в аду?»",
  "an3.129:2.1": "«Когда она обладает тремя качествами, Ануруддха, женщина с распадом тела, после смерти, перерождается в состоянии лишений, в неблагих уделах, в нижних мирах, в аду. ",
  "an3.129:2.2": "Какими тремя?",
  "an3.129:2.3": "Вот, Ануруддха утром женщина пребывает дома с умом, охваченным пятном скупости. В полдень она пребывает дома с умом, охваченным завистью. И вечером она пребывает дома с умом, охваченным чувственной жаждой.",
  "an3.129:2.4": "Когда она обладает этими тремя качествами, с распадом тела, после смерти, женщина перерождается в состоянии лишений, в неблагих уделах, в нижних мирах, в аду».",
  "an3.129:2.5": "Седьмая."
}