{
  "an3.63:0.1": "Восходящие Наставления 3.63",
  "an3.63:0.2": "Большая Глава",
  "an3.63:0.3": "Сутта Венагапура",
  "an3.63:1.1": "Однажды Благословенный странствовал по стране Косал вместе с большой Сангхой монахов, когда прибыл в брахманскую косальскую деревню под названием Венагапура. ",
  "an3.63:1.2": "И тогда брахманы-домохозяева Венагапуры услышали: ",
  "an3.63:1.3": "«Говорят, отшельник Готама, сын Сакьев, ушедший из клана Сакьев в бездомную жизнь, прибыл в Венагапуру. ",
  "an3.63:1.4": "И об этом Мастере Готаме распространилась славная молва: ",
  "an3.63:1.5": "«В самом деле Благословенный – арахант, полностью просветлённый, совершенный в знании и поведении, достигший блага, знаток мира, непревзойдённый учитель тех, кто готов обучаться, учитель богов и людей, пробуждённый, благословенный. ",
  "an3.63:1.6": "Напрямую увидев [своей мудростью], он познал мир с его дэвами, Марой, Брахмой, с его поколениями отшельников и жрецов, богов и людей, и он раскрыл [это знание] остальным. ",
  "an3.63:1.7": "Он учит Дхамме, прекрасной в начале, прекрасной в середине, и прекрасной в конце, правильной и в духе и в букве. Он раскрывает святую жизнь – в совершенстве полную и чистую». ",
  "an3.63:1.8": "Хорошо было бы увидеть таких арахантов».",
  "an3.63:2.1": "И тогда брахманы-домохозяева Венагапуры отправились к Благословенному. Некоторые, поклонившись ему, сели рядом. Некоторые обменялись с ним вежливыми приветствиями и после обмена вежливыми приветствиями и любезностями сели рядом. Некоторые из них сели рядом, поприветствовав его [в почтении] сложенными у груди ладонями. Некоторые из них сели рядом, объявив своё имя и имя клана. Некоторые из них сели рядом [просто] молча. И тогда брахман Ваччхаготта из Венагапуры сказал Благословенному:",
  "an3.63:3.1": "«Удивительно и поразительно, Мастер Готама, ",
  "an3.63:3.2": "как умиротворены черты лица Мастера Готамы, как чист и ярок цвет его кожи. ",
  "an3.63:3.3": "Подобно жёлтому плоду ююбы, который чистый и яркий осенью,",
  "an3.63:3.4": "точно также, черты лица Мастера Готамы умиротворены, цвет его кожи чист и ярок. ",
  "an3.63:3.5": "Подобно тому, как чист и ярок фрукт пальмы, который отломили от стебля,",
  "an3.63:3.6": "точно также, черты лица Мастера Готамы умиротворены, цвет его кожи чист и ярок. ",
  "an3.63:3.7": "Подобно украшению из чистейшего золота, которое хорошо подготовил золотых дел мастер, весьма умело обработав его в печи, положив на красную парчу, [где оно] лучится, сверкает и сияет, ",
  "an3.63:3.8": "то точно также, черты лица Мастера Готамы умиротворены, цвет его кожи чист и ярок.",
  "an3.63:3.9": "Вне сомнений, Мастер Готама обретает без сложностей и проблем любые высокие и роскошные постели, какие только бывают: ",
  "an3.63:3.10": "софу, диван, покрывало с длинным ворсом, разноцветное покрывало, белое покрывало, шерстяное покрывало с узорами в виде цветов, стёганое одеяло из хлопка-сырца, шерстяное одеяло с узорами в виде животных, шерстяное одеяло с двойными каймами, шерстяное одеяло с единственной каймой, мягкое полотно, усеянное самоцветами, полотно с шёлковыми нитями, усеянное самоцветами, накидку танцовщика, накидку слона, накидку лошади, накидку колесницы, накидку из шкуры антилопы, покрывало из шкуры оленя-кадали, [постель] с навесом и красными подушечками по краям».",
  "an3.63:4.1": "«Брахман, эти высокие и роскошные постели ",
  "an3.63:4.2": "",
  "an3.63:4.3": "редко обретают те, кто ушли в бездомную жизнь, и [даже] если они их обретают, то это не позволительно [им]. ",
  "an3.63:5.1": "Но, брахман, есть три вида высоких и роскошных постелей, которые я обретаю в настоящем без сложностей и проблем. ",
  "an3.63:5.2": "Какие три? ",
  "an3.63:5.3": "Небесную высокую и роскошную постель, высокую и роскошную постель брахмы, и благородную высокую и роскошную постель. ",
  "an3.63:5.4": "Таковы три вида высоких и роскошных постелей, которые я обретаю в настоящем без сложностей и проблем».",
  "an3.63:6.1": "«Но, Мастер Готама, что такое небесная высокая и роскошная постель, которую вы обретаете в настоящем без сложностей и проблем?»",
  "an3.63:6.2": "«Брахман, когда я пребываю в зависимости от города или деревни [в добывании средств к жизни], утром я встаю, одеваюсь, беру свою чашу и одеяние, и вхожу в этот город или деревню. ",
  "an3.63:6.3": "После приёма пищи, вернувшись с хождения за подаяниями, я вхожу в рощу. ",
  "an3.63:6.4": "Я собираю в кучу траву или листья, которые я там найду, а затем сажусь. Скрестив свои ноги и выпрямив спину, я устанавливаю осознанность впереди.",
  "an3.63:6.5": "И тогда, будучи отстранённым от чувственных удовольствий, отстранённым от неблагих состояний [ума], я вхожу и пребываю в первой джхане, которая сопровождается направлением и удержанием [ума на объекте медитации], с восторгом и удовольствием, которые возникли из-за [этой] отстранённости.",
  "an3.63:6.6": "С угасанием направления и удержания [ума на объекте], я вхожу и пребываю во второй джхане, в которой наличествуют внутренняя уверенность и единение ума, в которой нет направления и удержания, но есть восторг и удовольствие, которые возникли посредством сосредоточения.",
  "an3.63:6.7": "С угасанием восторга я пребываю невозмутимым, осознанным, бдительным и ощущаю приятное телом. Я вхожу и пребываю в третьей джхане, о которой Благородные говорят так: «Он невозмутим, осознан, пребывает в удовольствии».",
  "an3.63:6.8": "С оставлением удовольствия и боли, равно как и с предыдущим угасанием радости и недовольства, я вхожу и пребываю в четвёртой джхане, которая ни-болезненна-ни-приятна, характерна чистейшей осознанностью из-за невозмутимости.",
  "an3.63:6.9": "И тогда, брахман, когда я нахожусь в таком состоянии, если я хожу вперёд и назад, то в этом случае моё хождение вперёд и назад небесно. ",
  "an3.63:6.10": "Если я стою, то в этом случае моё стояние небесно. ",
  "an3.63:6.11": "Если я сижу, то моё сидение небесно. ",
  "an3.63:6.12": "Если я лежу, то в этом случае это является моей небесной высокой и роскошной постелью. ",
  "an3.63:6.13": "Именно эту небесную высокую и роскошную постель я обретаю в настоящем без сложностей и проблем».",
  "an3.63:7.1": "«Удивительно и поразительно, Мастер Готама! ",
  "an3.63:7.2": "Кто ещё помимо Мастера Готамы мог бы обрести без сложностей и проблем такую небесную высокую и роскошную постель? ",
  "an3.63:8.1": "Но, Мастер Готама, что такое высокая и роскошная постель брахмы, которую вы обретаете в настоящем без сложностей и проблем?»",
  "an3.63:8.2": "«Брахман, когда я пребываю в зависимости от города или деревни [в добывании средств к жизни], утром я встаю, одеваюсь, беру свою чашу и одеяние, и вхожу в этот город или деревню. ",
  "an3.63:8.3": "После приёма пищи, вернувшись с хождения за подаяниями, я вхожу в рощу. ",
  "an3.63:8.4": "Я собираю в кучу траву или листья, которые я там найду, а затем сажусь. Скрестив свои ноги и выпрямив спину, я устанавливаю осознанность впереди.",
  "an3.63:8.5": "И тогда я пребываю, наполняя первую сторону света умом, насыщенным доброжелательностью, равно как и вторую сторону, третью сторону, и четвёртую сторону. Так, вверху, внизу, вокруг и всюду, как ко всем как к самому себе, я наполняю весь мир умом, насыщенным доброжелательностью – обильным, обширным, безмерным, не имеющим враждебности и недоброжелательности. ",
  "an3.63:8.6": "Я пребываю, наполняя первую сторону света умом, насыщенным состраданием… ",
  "an3.63:8.7": "сорадованием… ",
  "an3.63:8.8": "невозмутимостью… обильным, обширным, безмерным, не имеющим враждебности и недоброжелательности.",
  "an3.63:8.9": "И тогда, брахман, когда я нахожусь в таком состоянии, если я хожу вперёд и назад, то в этом случае моё хождение вперёд и назад, как брахмы. ",
  "an3.63:8.10": "Если я стою, то в этом случае моё стояние, как брахмы. ",
  "an3.63:8.11": "Если я сижу, то моё сидение, как брахмы. ",
  "an3.63:8.12": "Если я лежу, то в этом случае это является моей высокой и роскошной постелью брахмы. ",
  "an3.63:8.13": "Именно эту божественную высокую и роскошную постель я обретаю в настоящем без сложностей и проблем».",
  "an3.63:9.1": "«Удивительно и поразительно, Мастер Готама! ",
  "an3.63:9.2": "Кто ещё помимо Мастера Готамы мог бы обрести без сложностей и проблем такую божественную высокую и роскошную постель? ",
  "an3.63:10.1": "Но, Мастер Готама, что такое благородная высокая и роскошная постель, которую вы обретаете в настоящем без сложностей и проблем?»",
  "an3.63:10.2": "«Брахман, когда я пребываю в зависимости от города или деревни [в добывании средств к жизни], утром я встаю, одеваюсь, беру свою чашу и одеяние, и вхожу в этот город или деревню. ",
  "an3.63:10.3": "После приёма пищи, вернувшись с хождения за подаяниями, я вхожу в рощу. ",
  "an3.63:10.4": "Я собираю в кучу траву или листья, которые я там найду, а затем сажусь. Скрестив свои ноги и выпрямив спину, я устанавливаю осознанность впереди.",
  "an3.63:10.5": "И тогда я понимаю так: ",
  "an3.63:10.6": "«Я отбросил страсть, срезал её под корень, сделал подобной обрубку пальмы, уничтожил так, что она более не сможет возникнуть в будущем. ",
  "an3.63:10.7": "Я отбросил злобу… ",
  "an3.63:10.8": "я отбросил заблуждение… более не сможет возникнуть в будущем».",
  "an3.63:10.9": "И тогда, брахман, когда я нахожусь в таком состоянии, если я хожу вперёд и назад, то в этом случае моё хождение вперёд и назад благородно. ",
  "an3.63:10.10": "Если я стою, то в этом случае моё стояние благородно. ",
  "an3.63:10.11": "Если я сижу, то моё сидение благородно. ",
  "an3.63:10.12": "Если я лежу, то в этом случае это является моей благородной высокой и роскошной постелью. ",
  "an3.63:10.13": "Именно эту благородную высокую и роскошную постель я обретаю в настоящем без сложностей и проблем».",
  "an3.63:11.1": "«Удивительно и поразительно, Мастер Готама! ",
  "an3.63:11.2": "Кто ещё помимо Мастера Готамы мог бы обрести без сложностей и проблем такую божественную высокую и роскошную постель?",
  "an3.63:12.1": "Великолепно, Мастер Готама! Великолепно, Мастер Готама! ",
  "an3.63:12.2": "Как если бы он поставил на место то, что было перевёрнуто, раскрыл бы спрятанное, показал путь тому, кто потерялся, внёс бы лампу во тьму, чтобы зрячий да мог увидеть, точно также Мастер Готама различными способами прояснил Дхамму. ",
  "an3.63:12.3": "Мы принимаем прибежище в Мастере Готаме, прибежище в Дхамме, и прибежище в Сангхе монахов. ",
  "an3.63:12.4": "Пусть Мастер Готама помнит нас как мирских последователей, принявших прибежище с этого дня и на всю жизнь».",
  "an3.63:12.5": "Третья."
}