{
  "an3.33:0.1": "Восходящие Наставления 3.33",
  "an3.33:0.2": "Глава Посланник Божеств",
  "an3.33:0.3": "Сутта Сарипутта",
  "an3.33:1.1": "И тогда Достопочтенный Сарипутта подошёл к Благословенному, поклонился ему и сел рядом. Затем Благословенный сказал ему: ",
  "an3.33:1.2": "«Сарипутта, я могу обучать Дхамме кратко. ",
  "an3.33:1.3": "Я могу обучать Дхамме подробно. ",
  "an3.33:1.4": "Я могу обучать Дхамме и кратко и подробно. ",
  "an3.33:1.5": "Но мало тех, кто может понять».",
  "an3.33:1.6": "«Сейчас подходящий момент, Благословенный. Сейчас подходящий момент, Счастливый. ",
  "an3.33:1.7": "Благословенному следует научить Дхамме кратко. Ему следует научить Дхамме подробно. Ему следует научить Дхамме и кратко и подробно. ",
  "an3.33:1.8": "Будут те, кто смогут понять Дхамму».",
  "an3.33:2.1": "«В таком случае, Сарипутта, вот как вы должны тренировать себя: ",
  "an3.33:2.2": "«[У нас] не будет сотворения «я» и сотворения «моего», а также скрытой склонности к самомнению в отношении этого тела с его сознанием; не будет «сотворения «я» и сотворения «моего», а также скрытой склонности к самомнению в отношении всех внешних объектов; мы войдём и будем пребывать в таком освобождении ума, освобождении мудростью, посредством которых более не происходит сотворения «я» и сотворения «моего», а также скрытой склонности к самомнению для того, кто входит и пребывает в этом». ",
  "an3.33:2.3": "Вот как вы должны тренировать себя.",
  "an3.33:3.1": "Когда, Сарипутта, монах, у которого нет сотворения «я» и сотворения «моего», а также скрытой склонности к самомнению в отношении этого тела с его сознанием… входит и пребывает в этом – ",
  "an3.33:3.2": "то тогда он зовётся ",
  "an3.33:3.3": "монахом, который отрезал жажду, сбросил путы и, полностью пробившись сквозь самомнение, положил конец страданиям. ",
  "an3.33:3.4": "И именно в отношении этого я сказал в Параяне, в «Вопросах Удайи»:",
  "an3.33:4.1": "«Отбросив обе эти вещи –",
  "an3.33:4.2": "Уныние и чувственные восприятия;",
  "an3.33:4.3": "Апатию развеяв,",
  "an3.33:4.4": "Сожаление отвратив,",
  "an3.33:5.1": "С невозмутимостью, осознанностью чистой,",
  "an3.33:5.2": "Предтечей коих было рассмотрение Дхаммы:",
  "an3.33:5.3": "Вот что и есть освобождение знанием конечным,",
  "an3.33:5.4": "[Вот что и есть] невежества распад».",
  "an3.33:5.5": "Третья."
}