{
  "an3.116:0.1": "Восходящие Наставления 3.116",
  "an3.116:0.2": "Глава Апаика",
  "an3.116:0.3": "Сутта Непоколебимый",
  "an3.116:1.1": "«Монахи, есть эти три типа личностей в мире. ",
  "an3.116:1.2": "Какие три?",
  "an3.116:1.3": "Монахи, вот с полным преодолением восприятий форм, с угасанием восприятий, вызываемых органами чувств, не обращающий внимания на восприятие множественности, [воспринимая]: «безграничное пространство», некий человек входит и пребывает в сфере безграничного пространства.",
  "an3.116:1.4": "Он лелеет это [состояние], желает его, находит в нём удовлетворение. Если он стоек в нём, сфокусирован на нём, часто пребывает в нём и не теряет его, когда умирает, то он перерождается среди дэвов сферы безграничного пространства. ",
  "an3.116:1.5": "Срок жизни дэвов сферы безграничного пространства составляет двадцать тысяч циклов существования мира.",
  "an3.116:1.6": "Обычный заурядный человек остаётся там всю свою жизнь, а когда он исчерпывает весь жизненный срок тех дэвов, он отправляется в ад, в мир животных, или в мир страдающих духов. ",
  "an3.116:1.7": "Но ученик Благословенного остаётся там всю свою жизнь, а когда он исчерпывает весь жизненный срок тех дэвов, он достигает окончательной ниббаны в этом самом состоянии существования. ",
  "an3.116:1.8": "Вот в чём различие, разница, несоответствие между обученным учеником Благородных и обычным заурядным человеком, то есть, в будущем уделе и перерождении.",
  "an3.116:2.1": "Далее, с полным преодолением сферы безграничного пространства, [воспринимая]: «сознание безгранично», некий человек входит и пребывает в сфере безграничного сознания.",
  "an3.116:2.2": "Он лелеет это [состояние], желает его, находит в нём удовлетворение. Если он стоек в нём, сфокусирован на нём, часто пребывает в нём и не теряет его, когда умирает, то он перерождается среди дэвов сферы безграничного сознания. ",
  "an3.116:2.3": "Срок жизни дэвов сферы безграничного сознания составляет сорок тысяч циклов существования мира.",
  "an3.116:2.4": "Обычный заурядный человек остаётся там всю свою жизнь, а когда он исчерпывает… ",
  "an3.116:2.5": "",
  "an3.116:2.6": "…то есть, в будущем уделе и перерождении.",
  "an3.116:3.1": "Далее, с полным преодолением сферы безграничного сознания, [воспринимая]: «здесь ничего нет», некий человек входит и пребывает в сфере отсутствия всего.",
  "an3.116:3.2": "Он лелеет это [состояние], желает его, находит в нём удовлетворение. Если он стоек в нём, сфокусирован на нём, часто пребывает в нём и не теряет его, когда умирает, то он перерождается среди дэвов сферы отсутствия всего. ",
  "an3.116:3.3": "Срок жизни дэвов сферы отсутствия всего составляет шестьдесят тысяч циклов существования мира.",
  "an3.116:3.4": "Обычный заурядный человек остаётся там всю свою жизнь, а когда он исчерпывает… ",
  "an3.116:3.5": "",
  "an3.116:3.6": "…то есть, в будущем уделе и перерождении.",
  "an3.116:3.7": "Таковы, монахи, три типа личностей, существующих в мире».",
  "an3.116:3.8": "Четвёртая."
}