{
  "sn35.229:0.1": "Saṁyutta Nikāya 35.229 ",
  "sn35.229:0.2": "18. Samuddavagga ",
  "sn35.229:0.3": "Dutiyasamuddasutta ",
  "sn35.229:1.1": "“‘Samuddo, samuddo’ti, bhikkhave, assutavā puthujjano bhāsati. ",
  "sn35.229:1.2": "Neso, bhikkhave, ariyassa vinaye samuddo. ",
  "sn35.229:1.3": "Mahā eso, bhikkhave, udakarāsi mahāudakaṇṇavo. ",
  "sn35.229:1.4": "Santi, bhikkhave, cakkhuviññeyyā rūpā iṭṭhā kantā manāpā piyarūpā kāmūpasaṁhitā rajanīyā. ",
  "sn35.229:1.5": "Ayaṁ vuccati, bhikkhave, ariyassa vinaye samuddo. ",
  "sn35.229:1.6": "Etthāyaṁ sadevako loko samārako sabrahmako sassamaṇabrāhmaṇī pajā sadevamanussā yebhuyyena samunnā tantākulakajātā kulagaṇṭhikajātā muñjapabbajabhūtā, apāyaṁ duggatiṁ vinipātaṁ saṁsāraṁ nātivattati …pe…. ",
  "sn35.229:2.1": "Santi, bhikkhave, jivhāviññeyyā rasā …pe… santi, bhikkhave, manoviññeyyā dhammā iṭṭhā kantā manāpā piyarūpā kāmūpasaṁhitā rajanīyā. ",
  "sn35.229:2.2": "Ayaṁ vuccati, bhikkhave, ariyassa vinaye samuddo. ",
  "sn35.229:2.3": "Etthāyaṁ sadevako loko samārako sabrahmako sassamaṇabrāhmaṇī pajā sadevamanussā yebhuyyena samunnā tantākulakajātā kulagaṇṭhikajātā muñjapabbajabhūtā apāyaṁ duggatiṁ vinipātaṁ saṁsāraṁ nātivattatīti. ",
  "sn35.229:3.1": "Yassa rāgo ca doso ca, ",
  "sn35.229:3.2": "Avijjā ca virājitā; ",
  "sn35.229:3.3": "So imaṁ samuddaṁ sagāhaṁ sarakkhasaṁ, ",
  "sn35.229:3.4": "Saūmibhayaṁ duttaraṁ accatari. ",
  "sn35.229:4.1": "Saṅgātigo maccujaho nirupadhi, ",
  "sn35.229:4.2": "Pahāsi dukkhaṁ apunabbhavāya; ",
  "sn35.229:4.3": "Atthaṅgato so na puneti, ",
  "sn35.229:4.4": "Amohayī maccurājanti brūmī”ti. ",
  "sn35.229:4.5": "Dutiyaṁ. "
}