{
  "sn35.242:0.1": "Saṁyutta Nikāya 35.242 ",
  "sn35.242:0.2": "19. Āsīvisavagga ",
  "sn35.242:0.3": "Dutiyadārukkhandhopamasutta ",
  "sn35.242:1.1": "Ekaṁ samayaṁ bhagavā kimilāyaṁ viharati gaṅgāya nadiyā tīre. ",
  "sn35.242:1.2": "Addasā kho bhagavā mahantaṁ dārukkhandhaṁ gaṅgāya nadiyā sotena vuyhamānaṁ. ",
  "sn35.242:1.3": "Disvāna bhikkhū āmantesi: ",
  "sn35.242:1.4": "“passatha no tumhe, bhikkhave, amuṁ mahantaṁ dārukkhandhaṁ gaṅgāya nadiyā sotena vuyhamānan”ti? ",
  "sn35.242:1.5": "“Evaṁ, bhante” …pe… ",
  "sn35.242:1.6": "evaṁ vutte, āyasmā kimilo bhagavantaṁ etadavoca: ",
  "sn35.242:1.7": "“kiṁ nu kho, bhante, orimaṁ tīraṁ …pe… ",
  "sn35.242:1.8": "“katamo ca, kimila, antopūtibhāvo. ",
  "sn35.242:1.9": "Idha, kimila, bhikkhu aññataraṁ saṅkiliṭṭhaṁ āpattiṁ āpanno hoti yathārūpāya āpattiyā na vuṭṭhānaṁ paññāyati. ",
  "sn35.242:1.10": "Ayaṁ vuccati, kimila, antopūtibhāvo”ti. ",
  "sn35.242:1.11": "Pañcamaṁ. "
}