{
  "sn35.231:0.1": "Saṁyutta Nikāya 35.231 ",
  "sn35.231:0.2": "18. Samuddavagga ",
  "sn35.231:0.3": "Khīrarukkhopamasutta ",
  "sn35.231:1.1": "“Yassa kassaci, bhikkhave, bhikkhussa vā bhikkhuniyā vā cakkhuviññeyyesu rūpesu yo rāgo so atthi, yo doso so atthi, yo moho so atthi, yo rāgo so appahīno, yo doso so appahīno, yo moho so appahīno tassa parittā cepi cakkhuviññeyyā rūpā cakkhussa āpāthaṁ āgacchanti pariyādiyantevassa cittaṁ; ko pana vādo adhimattānaṁ. ",
  "sn35.231:1.2": "Taṁ kissa hetu? ",
  "sn35.231:1.3": "Yo, bhikkhave, rāgo, so atthi, yo doso so atthi, yo moho so atthi, yo rāgo so appahīno, yo doso so appahīno, yo moho so appahīno …pe…. ",
  "sn35.231:2.1": "Yassa kassaci, bhikkhave, bhikkhussa vā bhikkhuniyā vā jivhāviññeyyesu rasesu yo rāgo so atthi …pe…. ",
  "sn35.231:3.1": "Yassa kassaci, bhikkhave, bhikkhussa vā bhikkhuniyā vā manoviññeyyesu dhammesu yo rāgo so atthi, yo doso so atthi, yo moho so atthi, yo rāgo so appahīno, yo doso so appahīno, yo moho so appahīno, tassa parittā cepi manoviññeyyā dhammā manassa āpāthaṁ āgacchanti pariyādiyantevassa cittaṁ; ko pana vādo adhimattānaṁ. ",
  "sn35.231:3.2": "Taṁ kissa hetu? ",
  "sn35.231:3.3": "Yo, bhikkhave, rāgo, so atthi, yo doso so atthi, yo moho so atthi, yo rāgo so appahīno, yo doso so appahīno, yo moho so appahīno. ",
  "sn35.231:4.1": "Seyyathāpi, bhikkhave, khīrarukkho assattho vā nigrodho vā pilakkho vā udumbaro vā daharo taruṇo komārako. ",
  "sn35.231:4.2": "Tamenaṁ puriso tiṇhāya kuṭhāriyā yato yato ābhindeyya āgaccheyya khīran”ti? ",
  "sn35.231:4.3": "“Evaṁ, bhante”. ",
  "sn35.231:4.4": "“Taṁ kissa hetu”? ",
  "sn35.231:4.5": "“Yañhi, bhante, khīraṁ taṁ atthī”ti. ",
  "sn35.231:5.1": "“Evameva kho, bhikkhave, yassa kassaci bhikkhussa vā bhikkhuniyā vā cakkhuviññeyyesu rūpesu yo rāgo so atthi, yo doso so atthi, yo moho so atthi, yo rāgo so appahīno, yo doso so appahīno, yo moho so appahīno, tassa parittā cepi cakkhuviññeyyā rūpā cakkhussa āpāthaṁ āgacchanti pariyādiyantevassa cittaṁ; ko pana vādo adhimattānaṁ. ",
  "sn35.231:5.2": "Taṁ kissa hetu? ",
  "sn35.231:5.3": "Yo, bhikkhave, rāgo so atthi, yo doso so atthi, yo moho so atthi, yo rāgo so appahīno, yo doso so appahīno, yo moho so appahīno …pe…. ",
  "sn35.231:6.1": "Yassa kassaci, bhikkhave, bhikkhussa vā bhikkhuniyā vā jivhāviññeyyesu rasesu yo rāgo so atthi …pe…. ",
  "sn35.231:7.1": "Yassa kassaci, bhikkhave, bhikkhussa vā bhikkhuniyā vā manoviññeyyesu dhammesu yo rāgo so atthi, yo doso so atthi, yo moho so atthi, yo rāgo so appahīno, yo doso so appahīno, yo moho so appahīno, tassa parittā cepi manoviññeyyā dhammā manassa āpāthaṁ āgacchanti pariyādiyantevassa cittaṁ; ko pana vādo adhimattānaṁ. ",
  "sn35.231:7.2": "Taṁ kissa hetu? ",
  "sn35.231:7.3": "Yo, bhikkhave, rāgo so atthi, yo doso so atthi, yo moho so atthi, yo rāgo so appahīno, yo doso so appahīno, yo moho so appahīno. ",
  "sn35.231:8.1": "Yassa kassaci, bhikkhave, bhikkhussa vā bhikkhuniyā vā cakkhuviññeyyesu rūpesu yo rāgo so natthi, yo doso so natthi, yo moho so natthi, yo rāgo so pahīno, yo doso so pahīno, yo moho so pahīno, tassa adhimattā cepi cakkhuviññeyyā rūpā cakkhussa āpāthaṁ āgacchanti nevassa cittaṁ pariyādiyanti; ko pana vādo parittānaṁ. ",
  "sn35.231:8.2": "Taṁ kissa hetu? ",
  "sn35.231:8.3": "Yo, bhikkhave, rāgo so natthi, yo doso so natthi, yo moho so natthi, yo rāgo so pahīno, yo doso so pahīno, yo moho so pahīno …pe…. ",
  "sn35.231:9.1": "Yassa kassaci, bhikkhave, bhikkhussa vā bhikkhuniyā vā jivhāviññeyyesu rasesu …pe… manoviññeyyesu dhammesu yo rāgo so natthi, yo doso so natthi, yo moho so natthi, yo rāgo so pahīno, yo doso so pahīno, yo moho so pahīno, tassa adhimattā cepi manoviññeyyā dhammā manassa āpāthaṁ āgacchanti nevassa cittaṁ pariyādiyanti; ko pana vādo parittānaṁ. ",
  "sn35.231:9.2": "Taṁ kissa hetu? ",
  "sn35.231:9.3": "Yo, bhikkhave, rāgo so natthi, yo doso so natthi, yo moho so natthi, yo rāgo so pahīno, yo doso so pahīno, yo moho so pahīno. ",
  "sn35.231:9.4": "Seyyathāpi, bhikkhave, khīrarukkho assattho vā nigrodho vā pilakkho vā udumbaro vā sukkho kolāpo terovassiko. ",
  "sn35.231:9.5": "Tamenaṁ puriso tiṇhāya kuṭhāriyā yato yato ābhindeyya āgaccheyya khīran”ti? ",
  "sn35.231:9.6": "“No hetaṁ, bhante”. ",
  "sn35.231:9.7": "“Taṁ kissa hetu”? ",
  "sn35.231:9.8": "“Yañhi, bhante, khīraṁ taṁ natthī”ti. ",
  "sn35.231:10.1": "“Evameva kho, bhikkhave, yassa kassaci bhikkhussa vā bhikkhuniyā vā cakkhuviññeyyesu rūpesu yo rāgo so natthi, yo doso so natthi, yo moho so natthi, yo rāgo so pahīno, yo doso so pahīno, yo moho so pahīno, tassa adhimattā cepi cakkhuviññeyyā rūpā cakkhussa āpāthaṁ āgacchanti nevassa cittaṁ pariyādiyanti; ko pana vādo parittānaṁ. ",
  "sn35.231:10.2": "Taṁ kissa hetu? ",
  "sn35.231:10.3": "Yo, bhikkhave, rāgo so natthi, yo doso so natthi, yo moho so natthi, yo rāgo so pahīno, yo doso so pahīno, yo moho so pahīno …pe…. ",
  "sn35.231:11.1": "Yassa kassaci, bhikkhave, bhikkhussa vā bhikkhuniyā vā jivhāviññeyyesu rasesu …pe…. ",
  "sn35.231:12.1": "Yassa kassaci, bhikkhave, bhikkhussa vā bhikkhuniyā vā manoviññeyyesu dhammesu yo rāgo so natthi, yo doso so natthi, yo moho so natthi, yo rāgo so pahīno, yo doso so pahīno, yo moho so pahīno, tassa adhimattā cepi manoviññeyyā dhammā manassa āpāthaṁ āgacchanti, nevassa cittaṁ pariyādiyanti; ko pana vādo parittānaṁ. ",
  "sn35.231:12.2": "Taṁ kissa hetu? ",
  "sn35.231:12.3": "Yo, bhikkhave, rāgo so natthi, yo doso so natthi, yo moho so natthi, yo rāgo so pahīno, yo doso so pahīno, yo moho so pahīno”ti. ",
  "sn35.231:12.4": "Catutthaṁ. "
}