{
  "sn35.237:0.1": "Saṁyutta Nikāya 35.237 ",
  "sn35.237:0.2": "18. Samuddavagga ",
  "sn35.237:0.3": "Dutiyahatthapādopamasutta ",
  "sn35.237:1.1": "“Hatthesu, bhikkhave, sati ādānanikkhepanaṁ hoti; ",
  "sn35.237:1.2": "pādesu sati abhikkamapaṭikkamo hoti; ",
  "sn35.237:1.3": "pabbesu sati samiñjanapasāraṇaṁ hoti; ",
  "sn35.237:1.4": "kucchismiṁ sati jighacchā pipāsā hoti. ",
  "sn35.237:1.5": "Evameva kho, bhikkhave, cakkhusmiṁ sati cakkhusamphassapaccayā uppajjati ajjhattaṁ sukhaṁ dukkhaṁ …pe… ",
  "sn35.237:1.6": "jivhāya sati …pe… ",
  "sn35.237:1.7": "manasmiṁ sati manosamphassapaccayā uppajjati ajjhattaṁ sukhaṁ dukkhaṁ …pe…. ",
  "sn35.237:2.1": "Hatthesu, bhikkhave, asati ādānanikkhepanaṁ na hoti; ",
  "sn35.237:2.2": "pādesu asati abhikkamapaṭikkamo na hoti; ",
  "sn35.237:2.3": "pabbesu asati samiñjanapasāraṇaṁ na hoti; ",
  "sn35.237:2.4": "kucchismiṁ asati jighacchā pipāsā na hoti. ",
  "sn35.237:2.5": "Evameva kho, bhikkhave, cakkhusmiṁ asati cakkhusamphassapaccayā nuppajjati ajjhattaṁ sukhaṁ dukkhaṁ …pe… ",
  "sn35.237:2.6": "jivhāya asati jivhāsamphassapaccayā nuppajjati …pe… ",
  "sn35.237:2.7": "manasmiṁ asati manosamphassapaccayā nuppajjati ajjhattaṁ sukhaṁ dukkhan”ti. ",
  "sn35.237:2.8": "Dasamaṁ. ",
  "sn35.237:2.9": "Samuddavaggo tatiyo. ",
  "sn35.237:3.0": "Tassuddānaṁ ",
  "sn35.237:3.1": "Dve samuddā bāḷisiko, ",
  "sn35.237:3.2": "khīrarukkhena koṭṭhiko; ",
  "sn35.237:3.3": "Kāmabhū udāyī ceva, ",
  "sn35.237:3.4": "ādittena ca aṭṭhamaṁ; ",
  "sn35.237:3.5": "Hatthapādūpamā dveti, ",
  "sn35.237:3.6": "vaggo tena pavuccatīti. "
}