{
  "sn35.236:0.1": "Saṁyutta Nikāya 35.236 ",
  "sn35.236:0.2": "18. Samuddavagga ",
  "sn35.236:0.3": "Paṭhamahatthapādopamasutta ",
  "sn35.236:1.1": "“Hatthesu, bhikkhave, sati ādānanikkhepanaṁ paññāyati; ",
  "sn35.236:1.2": "pādesu sati abhikkamapaṭikkamo paññāyati; ",
  "sn35.236:1.3": "pabbesu sati samiñjanapasāraṇaṁ paññāyati; ",
  "sn35.236:1.4": "kucchismiṁ sati jighacchā pipāsā paññāyati. ",
  "sn35.236:1.5": "Evameva kho, bhikkhave, cakkhusmiṁ sati cakkhusamphassapaccayā uppajjati ajjhattaṁ sukhaṁ dukkhaṁ …pe… ",
  "sn35.236:1.6": "jivhāya sati jivhāsamphassapaccayā uppajjati ajjhattaṁ sukhaṁ dukkhaṁ …pe… ",
  "sn35.236:1.7": "manasmiṁ sati manosamphassapaccayā uppajjati ajjhattaṁ sukhaṁ dukkhaṁ …pe…. ",
  "sn35.236:2.1": "Hatthesu, bhikkhave, asati ādānanikkhepanaṁ na paññāyati; ",
  "sn35.236:2.2": "pādesu asati abhikkamapaṭikkamo na paññāyati; ",
  "sn35.236:2.3": "pabbesu asati samiñjanapasāraṇaṁ na paññāyati; ",
  "sn35.236:2.4": "kucchismiṁ asati jighacchā pipāsā na paññāyati. ",
  "sn35.236:2.5": "Evameva kho, bhikkhave, cakkhusmiṁ asati cakkhusamphassapaccayā nuppajjati ajjhattaṁ sukhaṁ dukkhaṁ …pe… ",
  "sn35.236:2.6": "jivhāya asati jivhāsamphassapaccayā nuppajjati …pe… ",
  "sn35.236:2.7": "manasmiṁ asati manosamphassapaccayā nuppajjati ajjhattaṁ sukhaṁ dukkhan”ti. ",
  "sn35.236:2.8": "Navamaṁ. "
}