{
  "an6.67:0.1": "Восходящие Наставления 6.67",
  "an6.67:0.2": "Глава Девата",
  "an6.67:0.3": "Сутта Друг",
  "an6.67:1.1": "«Монахи, когда у монаха плохие друзья, плохие спутники, плохие товарищи; когда он идёт [за ними], навещает [их], прислуживает плохим друзьям, и следует их примеру, то не может быть такого, чтобы он исполнил [свою] обязанность подобающего поведения. ",
  "an6.67:1.2": "Не исполнив обязанность подобающего поведения, не может быть такого, чтобы он исполнил обязанность ученика. ",
  "an6.67:1.3": "Не исполнив обязанности ученика, не может быть такого, чтобы он исполнил нравственность. ",
  "an6.67:1.4": "Не исполнив нравственности, не может быть такого, чтобы он отбросил чувственную жажду, жажду к формам, и жажду к бесформенному.",
  "an6.67:2.1": "Монахи, когда у монаха хорошие друзья, хорошие спутники, хорошие товарищи; когда он идёт [за ними], навещает [их], прислуживает хорошим друзьям, и следует их примеру, то есть возможность, что он исполнит [свою] обязанность подобающего поведения. ",
  "an6.67:2.2": "Исполнив обязанность подобающего поведения, есть возможность, что он исполнит обязанность ученика. ",
  "an6.67:2.3": "Исполнив обязанность ученика, есть возможность, что он исполнит нравственность. ",
  "an6.67:2.4": "Исполнив нравственность, есть возможность, что он отбросит чувственную жажду, жажду к формам, и жажду к бесформенному».",
  "an6.67:2.5": "Третья."
}