{
  "an6.4:0.1": "Восходящие Наставления 6.4",
  "an6.4:0.2": "Глава Ахунейя ",
  "an6.4:0.3": "Сутта Сила ",
  "an6.4:1.1": "«Монахи, обладая шестью силами, монах достоин даров, достоин гостеприимства, достоин подношений, достоин почтительного приветствия – непревзойдённое поле заслуг для мира. ",
  "an6.4:1.2": "Какими шестью? ",
  "an6.4:1.3": "Силой веры, силой усердия, силой осознанности, силой сосредоточения, силой мудрости и за счёт уничтожения умственных загрязнений в этой самой жизни он входит и пребывает в незапятнанном освобождении ума, освобождении мудростью, зная и проявляя эти состояния для себя самостоятельно посредством прямого знания. ",
  "an6.4:1.4": "Обладая этими шестью силами, монах достоин даров, достоин гостеприимства, достоин подношений, достоин почтительного приветствия – непревзойдённое поле заслуг для мира».",
  "an6.4:1.5": "Четвёртая."
}