{
  "an6.114:0.1": "Восходящие Наставления 6.114",
  "an6.114:0.2": "Глава Тика ",
  "an6.114:0.3": "Сутта Довольствование ",
  "an6.114:1.1": "«Монахи, есть эти три вещи. ",
  "an6.114:1.2": "Какие три? ",
  "an6.114:1.3": "Не-довольствование, отсутствие бдительности, сильные желания. ",
  "an6.114:1.4": "Таковы три вещи. ",
  "an6.114:1.5": "Три [иные] вещи следует развить ради отбрасывания этих трёх вещей. ",
  "an6.114:1.6": "Какие три? ",
  "an6.114:1.7": "Довольствование следует развить для отбрасывания не-довольствования. Бдительность следует развить для отбрасывания отсутствия бдительности. Немногочисленность желаний следует развить для отбрасывания сильных желаний. ",
  "an6.114:1.8": "Эти три вещи следует развить ради отбрасывания первых трёх вещей».",
  "an6.114:1.9": "Восьмая."
}