{
  "an6.20:0.1": "Восходящие Наставления 6.20",
  "an6.20:0.2": "Глава Сарания",
  "an6.20:0.3": "Сутта Памятование о Смерти Вторая",
  "an6.20:1.1": "Однажды Благословенный пребывал в Надике в кирпичной зале.",
  "an6.20:1.2": "Там Благословенный обратился к монахам:",
  "an6.20:1.3": "«Монахи, осознанность к смерти, будучи развитой и взращенной, приносит великий плод и пользу, завершается в бессмертном, имеет бессмертное своим окончанием.",
  "an6.20:1.4": "И каким образом?",
  "an6.20:2.1": "Вот, монахи, когда день подошёл к концу, и наступила ночь, монах рассуждает так:",
  "an6.20:2.2": "«[Этой ночью] я могу умереть из-за различных причин:",
  "an6.20:2.3": "Змея может укусить меня, или скорпион, или многоножка могут ужалить меня,",
  "an6.20:2.4": "и из-за этого я могу умереть. Это будет помехой для меня.",
  "an6.20:2.5": "Я могу споткнуться и упасть, или моя еда не переварится во мне, или желчь станет спровоцированной, или слизь станет спровоцированной, или острые ветры во мне станут спровоцированными;",
  "an6.20:2.6": "и я могу умереть. Это будет помехой для меня».",
  "an6.20:2.7": "Этому монаху нужно рассуждать так:",
  "an6.20:2.8": "«Есть ли во мне какие-либо плохие, неблагие качества, которые не были отброшены, и которые могут стать помехой для меня, если я сегодня ночью умру?»",
  "an6.20:3.1": "Если, рассмотрев [это], монах знает:",
  "an6.20:3.2": "«Во мне есть плохие, неблагие качества, которые не были отброшены, и которые могут стать помехой для меня, если я сегодня ночью умру» – то тогда ему следует приложить дополнительное желание, усилие, старание, воодушевление, неутомимость, осознанность, и бдительность ради отбрасывания этих плохих, неблагих качеств.",
  "an6.20:3.3": "Подобно тому, как тот, у кого загорелась бы одежда или [волосы] на голове, приложил бы дополнительное желание, усилие, старание, воодушевление, неутомимость, осознанность, и бдительность для того, чтобы потушить [пламя] на его одежде или голове –",
  "an6.20:3.4": "точно также этот монах должен приложить дополнительное желание, усилие, старание, воодушевление, неутомимость, осознанность, и бдительность ради отбрасывания этих плохих, неблагих качеств.",
  "an6.20:4.1": "Но если, рассмотрев [это], монах знает:",
  "an6.20:4.2": "«Во мне нет каких-либо плохих, неблагих качеств, которые не были бы отброшены, и которые могли бы стать помехой для меня, если я сегодня ночью умру» – то тогда ему следует пребывать в этом самом восторге и радости, тренируясь днём и ночью в [развитии] благих качеств.",
  "an6.20:5.1": "Но, когда ночь подошла к концу, и наступил день, монах [тоже] рассуждает так:",
  "an6.20:5.2": "«[Этим днём] я могу умереть из-за различных причин:",
  "an6.20:5.3": "Змея может укусить меня, или скорпион, или многоножка могут ужалить меня,",
  "an6.20:5.4": "и из-за этого я могу умереть. Это будет помехой для меня.",
  "an6.20:5.5": "Я могу споткнуться и упасть, или моя еда не переварится во мне, или желчь станет спровоцированной, или слизь станет спровоцированной, или острые ветры во мне станут спровоцированными;",
  "an6.20:5.6": "и из-за этого я могу умереть. Это будет помехой для меня».",
  "an6.20:5.7": "Этому монаху нужно рассуждать так:",
  "an6.20:5.8": "«Есть ли во мне какие-либо плохие, неблагие качества, которые не были отброшены, и которые могут стать помехой для меня, если я сегодня днём умру?»",
  "an6.20:6.1": "Если, рассмотрев [это], монах знает:",
  "an6.20:6.2": "«Во мне есть плохие, неблагие качества, которые не были отброшены, и которые могут стать помехой для меня, если я сегодня днём умру» – то тогда ему следует приложить дополнительное желание, усилие, старание, воодушевление, неутомимость, осознанность, и бдительность ради отбрасывания этих плохих, неблагих качеств.",
  "an6.20:6.3": "Подобно тому, как тот, у кого загорелась бы одежда или [волосы] на голове, приложил бы дополнительное желание, усилие, старание, воодушевление, неутомимость, осознанность, и бдительность для того, чтобы потушить [пламя] на его одежде или голове –",
  "an6.20:6.4": "точно также этот монах должен приложить дополнительное желание, усилие, старание, воодушевление, неутомимость, осознанность, и бдительность ради отбрасывания этих плохих, неблагих качеств.",
  "an6.20:7.1": "Но, если, рассмотрев [это], монах знает:",
  "an6.20:7.2": "«Во мне нет каких-либо плохих, неблагих качеств, которые не были бы отброшены, и которые могли бы стать помехой для меня, если я сегодня днём умру» – то тогда ему следует пребывать в этом самом восторге и радости, тренируясь днём и ночью в [развитии] благих качеств.",
  "an6.20:8.1": "Когда, монахи, осознанность к смерти развита и взращена таким образом, она приносит великий плод и пользу, завершается в бессмертном, имеет бессмертное своим окончанием».",
  "an6.20:8.2": "Десятая.",
  "an6.20:8.3": "Глава Сарания Вторая.",
  "an6.20:9.0": "Оглавление",
  "an6.20:9.1": "",
  "an6.20:9.2": "",
  "an6.20:9.3": "",
  "an6.20:9.4": ""
}