{
  "an6.26:0.1": "Восходящие Наставления 6.26",
  "an6.26:0.2": "Большая Ануттария",
  "an6.26:0.3": "Сутта Махакаччана",
  "an6.26:1.1": "Там Достопочтенный Махакаччана обратился к монахам:",
  "an6.26:1.2": "«Друзья, монахи!»",
  "an6.26:1.3": "«Друг!» – отвечали те монахи.",
  "an6.26:1.4": "Достопочтенный Махакаччана сказал:",
  "an6.26:1.5": "«Удивительно и",
  "an6.26:1.6": "поразительно, друзья,",
  "an6.26:1.7": "что Благословенный, Арахант, Полностью Просветлённый, который знает и видит, обнаружил брешь среди ограничений – ради очищения существ, ради одоления печали и стенания, ради угасания боли и уныния, ради обретения метода, ради осуществления ниббаны, то есть, [эти] шесть тем для памятования.",
  "an6.26:2.1": "Какие шесть?",
  "an6.26:2.2": "Вот, друзья, ученик Благородных памятует о Татхагате:",
  "an6.26:2.3": "«Благословенный – арахант, полностью просветлённый, совершенный в истинном знании и поведении, достигший блага, знаток мира, непревзойдённый учитель тех, кто готов обучаться, учитель богов и людей, пробуждённый, благословенный».",
  "an6.26:2.4": "Когда ученик Благородных памятует о Татхагате, то в этом случае его ум не охвачен жаждой, злобой, или заблуждением.",
  "an6.26:2.5": "В этом случае его ум выпрямлен. Он отошёл от жажды, освободил себя от неё, вышел из неё.",
  "an6.26:2.6": "«Жажда», монахи, это обозначение пяти нитей чувственных удовольствий.",
  "an6.26:2.7": "Этот ученик Благородных пребывает с умом, всецело подобным пространству: обильным, обширным, безмерным, не имеющим враждебности и недоброжелательности.",
  "an6.26:2.8": "Установив подобное основание, некоторые существа становятся чистыми таким образом.",
  "an6.26:3.1": "Далее, ученик Благородных памятует о Дхамме:",
  "an6.26:3.2": "«Дхамма превосходно разъяснена Благословенным, видимая здесь и сейчас, не зависящая от времени, приглашающая пойти и увидеть, ведущая к цели, познаваемая мудрыми самостоятельно».",
  "an6.26:3.3": "Когда ученик Благородных памятует о Дхамме, то в этом случае его ум не охвачен жаждой, злобой, или заблуждением…",
  "an6.26:3.4": "",
  "an6.26:3.5": "",
  "an6.26:3.6": "",
  "an6.26:3.7": "становятся чистыми таким образом.",
  "an6.26:4.1": "Далее, ученик Благородных памятует о Сангхе:",
  "an6.26:4.2": "«Сангха учеников Благословенного, идущих по хорошему пути, идущих по прямому пути, идущих по верному пути, идущих по правильному пути – другими словами, четыре пары или восемь типов личностей – это Сангха учеников Благословенного: достойная даров, достойная гостеприимства, достойная подношений, достойная уважения – несравненное поле заслуг для мира».",
  "an6.26:4.3": "Когда ученик Благородных памятует о Сангхе, то в этом случае его ум не охвачен жаждой, злобой, или заблуждением…",
  "an6.26:4.4": "",
  "an6.26:4.5": "",
  "an6.26:4.6": "",
  "an6.26:4.7": "становятся чистыми таким образом.",
  "an6.26:5.1": "Далее, ученик Благородных памятует о своём собственном нравственном поведении: цельном, безупречном, не имеющем изъянов, незапятнанном, освобождающем, восхваляемом мудрецами, ярком, ведущем к сосредоточению.",
  "an6.26:5.2": "Когда ученик Благородных памятует о своём нравственном поведении, то в этом случае его ум не охвачен жаждой, злобой, или заблуждением…",
  "an6.26:5.3": "",
  "an6.26:5.4": "",
  "an6.26:5.5": "",
  "an6.26:5.6": "становятся чистыми таким образом.",
  "an6.26:6.1": "Далее, ученик Благородных памятует о своей щедрости:",
  "an6.26:6.2": "«Воистину, велика моя удача и благо, что среди людей, охваченных загрязнением скупости, я пребываю дома с умом, лишённым скупости, щедрым, открытым, радуюсь оставлению, предан благотворительности, радуюсь дарению и разделению».",
  "an6.26:6.3": "Когда ученик Благородных памятует о своей щедрости, то в этом случае его ум не охвачен жаждой, злобой, или заблуждением…",
  "an6.26:6.4": "",
  "an6.26:6.5": "",
  "an6.26:6.6": "",
  "an6.26:6.7": "",
  "an6.26:6.8": "становятся чистыми таким образом.",
  "an6.26:7.1": "Далее, ученик Благородных памятует о божествах:",
  "an6.26:7.2": "«Существуют дэвы [мира] Четырёх Великих Царей, дэвы Таватимсы, дэвы Ямы, дэвы Туситы, дэвы, наслаждающиеся творениями, дэвы, которые имеют власть над творениями других, дэвы свиты Брахмы и дэвы, что превыше этих.",
  "an6.26:7.3": "Наделённые таким-то [уровнем] веры, они, умерев здесь [в этой жизни], переродились там. Точно такая же вера есть и у меня тоже.",
  "an6.26:7.4": "Наделённые таким-то [уровнем] нравственного поведения…",
  "an6.26:7.5": "учёности…",
  "an6.26:7.6": "щедрости…",
  "an6.26:7.7": "мудрости, они, умерев в этой жизни, переродились там. Точно такая же мудрость есть и у меня тоже».",
  "an6.26:7.8": "Когда ученик Благородных памятует о вере, о нравственном поведении, об учёности [в Дхамме], о щедрости, и мудрости в самом себе и в тех божествах, то в этом случае его ум не охвачен жаждой, злобой, или заблуждением.",
  "an6.26:7.9": "В этом случае его ум выпрямлен. Он отошёл от жажды, освободил себя от неё, вышел из неё.",
  "an6.26:7.10": "«Жажда», монахи, это обозначение пяти нитей чувственных удовольствий.",
  "an6.26:7.11": "Этот ученик Благородных пребывает с умом, всецело подобным пространству: обильным, обширным, безмерным, не имеющим враждебности и недоброжелательности.",
  "an6.26:7.12": "Установив и это подобное основание тоже, некоторые существа становятся чистыми таким образом.",
  "an6.26:8.1": "Удивительно и поразительно, друзья,",
  "an6.26:8.2": "что Благословенный, Арахант, Полностью Просветлённый, который знает и видит, обнаружил брешь среди ограничений – ради очищения существ, ради одоления печали и стенания, ради угасания боли и уныния, ради обретения метода, ради осуществления ниббаны, то есть, [эти] шесть тем для памятования».",
  "an6.26:8.3": "Шестая."
}