{
  "an6.25:0.1": "Восходящие Наставления 6.25",
  "an6.25:0.2": "Большая Ануттария",
  "an6.25:0.3": "Сутта Темы для памятования",
  "an6.25:1.1": "«Монахи, есть эти шесть тем для памятования.",
  "an6.25:1.2": "Какие шесть?",
  "an6.25:1.3": "Вот, монахи, ученик Благородных памятует о Татхагате:",
  "an6.25:1.4": "«Благословенный – арахант, полностью просветлённый, совершенный в истинном знании и поведении, достигший блага, знаток мира, непревзойдённый учитель тех, кто готов обучаться, учитель богов и людей, пробуждённый, благословенный».",
  "an6.25:1.5": "Когда ученик Благородных памятует о Татхагате, то в этом случае его ум не охвачен жаждой, злобой, или заблуждением.",
  "an6.25:1.6": "В этом случае его ум выпрямлен. Он отошёл от жажды, освободил себя от неё, вышел из неё.",
  "an6.25:1.7": "«Жажда», монахи, это обозначение пяти нитей чувственных удовольствий.",
  "an6.25:1.8": "Установив такое основание, некоторые существа очищаются таким образом.",
  "an6.25:2.1": "Далее, ученик Благородных памятует о Дхамме:",
  "an6.25:2.2": "«Дхамма превосходно разъяснена Благословенным, видимая здесь и сейчас, не зависящая от времени, приглашающая пойти и увидеть, ведущая к цели, познаваемая мудрыми самостоятельно».",
  "an6.25:2.3": "Когда ученик Благородных памятует о Дхамме, то в этом случае его ум не охвачен жаждой, злобой, или заблуждением…",
  "an6.25:2.4": "",
  "an6.25:2.5": "",
  "an6.25:2.6": "очищаются таким образом.",
  "an6.25:3.1": "Далее, ученик Благородных памятует о Сангхе:",
  "an6.25:3.2": "«Сангха учеников Благословенного, идущих по хорошему пути, идущих по прямому пути, идущих по верному пути, идущих по правильному пути – другими словами, четыре пары или восемь типов личностей – это Сангха учеников Благословенного:",
  "an6.25:3.3": "достойная даров, достойная гостеприимства, достойная подношений, достойная уважения – несравненное поле заслуг для мира».",
  "an6.25:3.4": "Когда ученик Благородных памятует о Сангхе, то в этом случае его ум не охвачен жаждой, злобой, или заблуждением…",
  "an6.25:3.5": "",
  "an6.25:3.6": "очищаются таким образом.",
  "an6.25:4.1": "Далее, ученик Благородных памятует о своём собственном нравственном поведении:",
  "an6.25:4.2": "цельном, безупречном, не имеющем изъянов, незапятнанном, освобождающем, восхваляемом мудрецами, ярком, ведущем к сосредоточению.",
  "an6.25:4.3": "Когда ученик Благородных памятует о своём нравственном поведении, то в этом случае его ум не охвачен жаждой, злобой, или заблуждением…",
  "an6.25:4.4": "",
  "an6.25:4.5": "очищаются таким образом.",
  "an6.25:5.1": "Далее, ученик Благородных памятует о своей щедрости:",
  "an6.25:5.2": "«Воистину, велика моя удача и благо, что среди людей, охваченных загрязнением скупости, я пребываю дома с умом, лишённым скупости, щедрым, открытым, радуюсь оставлению, предан благотворительности, радуюсь дарению и разделению».",
  "an6.25:5.3": "Когда ученик Благородных памятует о своей щедрости, то в этом случае его ум не охвачен жаждой, злобой, или заблуждением…",
  "an6.25:5.4": "",
  "an6.25:5.5": "очищаются таким образом.",
  "an6.25:6.1": "Далее, ученик Благородных памятует о божествах:",
  "an6.25:6.2": "«Существуют дэвы [мира] Четырёх Великих Царей, дэвы Таватимсы, дэвы Ямы, дэвы Туситы, дэвы, наслаждающиеся творениями, дэвы, которые имеют власть над творениями других, дэвы свиты Брахмы и дэвы, что превыше этих.",
  "an6.25:6.3": "Наделённые таким-то [уровнем] веры, они, умерев здесь [в этой жизни], переродились там. Точно такая же вера есть и у меня тоже.",
  "an6.25:6.4": "Наделённые таким-то [уровнем] нравственного поведения…",
  "an6.25:6.5": "учёности…",
  "an6.25:6.6": "щедрости…",
  "an6.25:6.7": "мудрости, они, умерев в этой жизни, переродились там. Точно такая же мудрость есть и у меня тоже».",
  "an6.25:7.1": "Когда ученик Благородных памятует о вере, о нравственном поведении, об учёности [в Дхамме], о щедрости, и мудрости в самом себе и в тех божествах, то в этом случае его ум не охвачен жаждой, злобой, или заблуждением.",
  "an6.25:7.2": "В этом случае его ум выпрямлен. Он отошёл от жажды, освободил себя от неё, вышел из неё.",
  "an6.25:7.3": "«Жажда», монахи, это обозначение пяти нитей чувственных удовольствий.",
  "an6.25:7.4": "Установив также и это основание, некоторые существа очищаются таким образом.",
  "an6.25:8.1": "Таковы, монахи, шесть тем для памятования».",
  "an6.25:8.2": "Пятая."
}