{
  "an6.141:0.1": "Восходящие Наставления 6.141",
  "an6.141:0.2": "Сокращение Страсть ",
  "an6.141:0.3": "",
  "an6.141:1.1": "Для познания страсти, монахи, шесть явлений должны быть развиты. ",
  "an6.141:1.2": "Какие шесть? ",
  "an6.141:1.3": "Памятование о Будде, памятование о Дхамме, памятование о Сангхе, памятование о нравственности, памятование об отказе, памятование о божествах. ",
  "an6.141:1.4": "Для познания страсти, монахи, шесть явлений должны быть развиты."
}