{
  "an6.74:0.1": "Восходящие Наставления 6.74",
  "an6.74:0.2": "Глава Девата",
  "an6.74:0.3": "Сутта Первая джхана Вторая",
  "an6.74:1.1": "«Монахи, не отбросив шесть вещей, человек не способен войти и пребывать в первой джхане.",
  "an6.74:1.2": "Какие шесть?",
  "an6.74:1.3": "Чувственную мысль, недоброжелательную мысль, мысль о причинении вреда, чувственное восприятие, недоброжелательное восприятие, восприятие причинения вреда.",
  "an6.74:1.4": "Не отбросив этих шести вещей, человек не способен войти и пребывать в первой джхане.",
  "an6.74:2.1": "Монахи, отбросив шесть вещей, человек способен войти и пребывать в первой джхане.",
  "an6.74:2.2": "Какие шесть?",
  "an6.74:2.3": "Чувственную мысль… восприятие причинения вреда.",
  "an6.74:2.4": "Отбросив эти шесть вещей, человек способен войти и пребывать в первой джхане».",
  "an6.74:2.5": "Десятая.",
  "an6.74:2.6": "Глава Девата Седьмая.",
  "an6.74:3.0": "Оглавление",
  "an6.74:3.1": "",
  "an6.74:3.2": "",
  "an6.74:3.3": "",
  "an6.74:3.4": ""
}