{
  "an6.89:0.1": "Восходящие Наставления 6.89",
  "an6.89:0.2": "Глава Сити ",
  "an6.89:0.3": "Сутта Не отбросив ",
  "an6.89:1.1": "«Монахи, не отбросив шесть вещей, человек не способен реализовать совершенство в воззрениях. ",
  "an6.89:1.2": "Каких шести? ",
  "an6.89:1.3": "Воззрения о существовании «я», сомнения, цепляния за правила и предписания, жажды, ведущей в состояние лишений, злобы, ведущей в состояние лишений, заблуждения, ведущего в состояние лишений. ",
  "an6.89:1.4": "Не отбросив этих шести вещей, человек не способен реализовать совершенство в воззрениях. ",
  "an6.89:2.1": "Монахи, отбросив шесть вещей, человек способен реализовать совершенство в воззрениях. ",
  "an6.89:2.2": "Какие шесть? ",
  "an6.89:2.3": "Воззрения… заблуждение, ведущее в состояние лишений. ",
  "an6.89:2.4": "Отбросив эти шесть вещей, человек способен реализовать совершенство в воззрениях».",
  "an6.89:2.5": "Пятая."
}