{
  "an6.116:0.1": "Восходящие Наставления 6.116",
  "an6.116:0.2": "Глава Тика",
  "an6.116:0.3": "Сутта Неугомонность",
  "an6.116:1.1": "«Монахи, есть эти три вещи.",
  "an6.116:1.2": "Какие три?",
  "an6.116:1.3": "Неугомонность, не-сдержанность, беспечность.",
  "an6.116:1.4": "Таковы три вещи.",
  "an6.116:1.5": "Три [иные] вещи следует развить ради отбрасывания этих трёх вещей.",
  "an6.116:1.6": "Какие три?",
  "an6.116:1.7": "Безмятежность следует развить для отбрасывания неугомонности. Сдержанность следует развить для отбрасывания не-сдержанности. Прилежание следует развить для отбрасывания беспечности.",
  "an6.116:1.8": "Эти три вещи следует развить ради отбрасывания первых трёх вещей».",
  "an6.116:1.9": "Десятая.",
  "an6.116:1.10": "Глава Тика Одиннадцатая.",
  "an6.116:2.0": "Оглавление",
  "an6.116:2.1": "",
  "an6.116:2.2": "",
  "an6.116:2.3": "",
  "an6.116:2.4": ""
}