{
  "an6.78:0.1": "Восходящие Наставления 6.78",
  "an6.78:0.2": "Глава Аранатство ",
  "an6.78:0.3": "Сутта Приятное-удовлетворяющее ",
  "an6.78:1.1": "«Монахи, обладая шестью качествами, монах пребывает в счастье и радости в этой самой жизни, и он заложил основание для уничтожения пятен [умственных загрязнений]. ",
  "an6.78:1.2": "Какими шестью? ",
  "an6.78:1.3": "Вот монах радуется Дхамме, радуется [медитативному умственному] развитию, радуется отбрасыванию, радуется одиночеству, радуется не-болезненности, радуется не-разрастанию. ",
  "an6.78:1.4": "Обладая этими шестью качествами, монах пребывает в счастье и радости в этой самой жизни, и он заложил основание для уничтожения пятен [умственных загрязнений]».",
  "an6.78:1.5": "Четвёртая."
}