{
  "an6.97:0.1": "Восходящие Наставления 6.97",
  "an6.97:0.2": "Глава Анисамса ",
  "an6.97:0.3": "Сутта Полезность ",
  "an6.97:1.1": "«Монахи, есть эти шесть полезностей реализации плода вступления в поток. ",
  "an6.97:1.2": "Какие шесть? ",
  "an6.97:1.3": "Человек утверждён в благой Дхамме; неспособен к упадку; его страдание определено в границах; он обладает знанием, которого нет у других; он чётко увидел причинность; он чётко увидел причинно возникшие феномены. ",
  "an6.97:1.4": "Таковы шесть полезностей реализации плода вступления в поток».",
  "an6.97:1.5": "Вторая."
}