{
  "an6.87:0.1": "Восходящие Наставления 6.87",
  "an6.87:0.2": "Глава Сити ",
  "an6.87:0.3": "Сутта Убийца ",
  "an6.87:1.1": "«Монахи, обладая шестью качествами, даже во время слушания благой Дхаммы человек не способен вступить на твёрдый путь правильности [в отношении] благих качеств. ",
  "an6.87:1.2": "Какими шестью? ",
  "an6.87:1.3": "Он лишил жизни свою мать, он лишил жизни своего отца, он лишил жизни араханта, со злобным умом он пролил кровь Татхагаты, он создал раскол в Сангхе. он немудрый, глупый, и тупой. ",
  "an6.87:1.4": "Обладая этими шестью качествами, даже во время слушания благой Дхаммы человек не способен вступить на твёрдый путь правильности [в отношении] благих качеств. ",
  "an6.87:2.1": "Обладая шестью качествами, во время слушания благой Дхаммы человек способен вступить на твёрдый путь правильности [в отношении] благих качеств. ",
  "an6.87:2.2": "Какими шестью? ",
  "an6.87:2.3": "Он не лишил жизни свою мать, он не лишил жизни своего отца, он не лишил жизни араханта, он не пролил крови Татхагаты со злым умом, он не создал раскол в Сангхе. он мудрый, умный, и проницательный. ",
  "an6.87:2.4": "Обладая этими шестью качествами, во время слушания благой Дхаммы человек способен вступить на твёрдый путь правильности [в отношении] благих качеств».",
  "an6.87:2.5": "Третья."
}