{
  "sn44.1:0.1": "Связанные Наставления 4.10.1.1",
  "sn44.1:0.2": "Глава Абьяката",
  "sn44.1:0.3": "Сутта Кхема",
  "sn44.1:1.1": "Однажды Благословенный пребывал в Саваттхи в роще Джеты в монастыре Анатхапиндики. ",
  "sn44.1:1.2": "И тогда монахиня Кхема во время своих странствий по стране Косал остановилась в Торанаваттху, что между Саваттхи и Сакетой. ",
  "sn44.1:1.3": "В то время и косальский царь Пасенади по пути из Сакеты в Саваттхи остановился на ночлег в Торанаваттху, что между Сакетой и Саваттхи. ",
  "sn44.1:1.4": "И тогда косальский царь Пасенади обратился к одному человеку так: ",
  "sn44.1:1.5": "«Иди же, почтенный, и выясни, есть ли в Торанаваттху какой-либо жрец или отшельник, кого я мог бы посетить сегодня».",
  "sn44.1:2.1": "«Да, Господин» – ответил тот человек, но, обойдя весь Торанаваттху, он так и не увидел жреца или отшельника, которого мог бы посетить царь Пасенади. ",
  "sn44.1:2.2": "Однако, он повстречал монахиню Кхему, остановившуюся в Торанаваттху, ",
  "sn44.1:2.3": "а посему отправился к царю Пасенади и сказал ему: ",
  "sn44.1:3.1": "«Господин, в Торанаваттху нет жреца или отшельника, которого Ваше Величество могло бы посетить. ",
  "sn44.1:3.2": "Но всё же, Господин, там есть монахиня по имени Кхема, ученица Благословенного, Араханта, Полностью Просветлённого. ",
  "sn44.1:3.3": "И в отношении этой достопочтенной ходит такая благая молва: ",
  "sn44.1:3.4": "«Она мудрая, сведущая, умная, учёная, великолепный оратор, находчивая». ",
  "sn44.1:3.5": "Пусть Ваше Величество посетит её».",
  "sn44.1:4.1": "И тогда косальский царь Пасенади отправился к монахине Кхеме, поклонился ей, сел рядом и сказал: ",
  "sn44.1:4.2": "«Так как же, достопочтенная, существует ли Татхагата после смерти?»",
  "sn44.1:4.3": "«Великий царь, Благословенный не утверждал, что ",
  "sn44.1:4.4": "«Татхагата существует после смерти».",
  "sn44.1:4.5": "«В таком случае, достопочтенная, Татхагата не существует после смерти?»",
  "sn44.1:4.6": "«Великий царь, Благословенный не утверждал, что ",
  "sn44.1:4.7": "«Татхагата не существует после смерти».",
  "sn44.1:4.8": "«Так выходит ли, достопочтенная, что Татхагата и существует и не существует после смерти?»",
  "sn44.1:4.9": "«Великий царь, Благословенный не утверждал, что ",
  "sn44.1:4.10": "«Татхагата и существует и не существует после смерти».",
  "sn44.1:4.11": "«Значит, достопочтенная, Татхагата ни существует, ни не существует после смерти?»",
  "sn44.1:4.12": "«Великий царь, Благословенный не утверждал и такого, что ",
  "sn44.1:4.13": "«Татхагата ни существует, ни не существует после смерти».",
  "sn44.1:5.1": "«Как такое может быть, достопочтенная? Будучи спрошенной: ",
  "sn44.1:5.2": "«Так как же, достопочтенная, существует ли Татхагата после смерти?… ",
  "sn44.1:5.3": "не существует после смерти?… ",
  "sn44.1:5.4": "и существует и не существует после смерти?… ",
  "sn44.1:5.5": "ни существует, ни не существует после смерти?» каждый раз вы отвечали: ",
  "sn44.1:5.6": "«Великий царь, Благословенный не утверждал, что это так». ",
  "sn44.1:5.7": "Так в чём же условие и причина, достопочтенная, что Благословенный не утверждал, что это так?»",
  "sn44.1:5.8": "«Великий царь, Благословенный не утверждал, что это так».",
  "sn44.1:5.9": "«Татхагата и существует и не существует после смерти».",
  "sn44.1:5.10": "Так в чём же условие и причина, достопочтенная, что Благословенный не утверждал, что это так?»",
  "sn44.1:5.11": "ни существует, ни не существует после смерти?» каждый раз вы отвечали:",
  "sn44.1:5.12": "«Татхагата ни существует, ни не существует после смерти».",
  "sn44.1:5.13": "Так в чём же условие и причина, достопочтенная, что Благословенный не утверждал, что это так?»",
  "sn44.1:6.1": "«Что же, Великий царь, я задам тебе вопрос на эту же самую тему. Отвечай так, как посчитаешь нужным. ",
  "sn44.1:6.2": "Как ты думаешь, великий царь, ",
  "sn44.1:6.3": "есть ли у тебя счетовод или математик, который мог бы сосчитать песчинки в реке Ганг таким образом: ",
  "sn44.1:6.4": "«Здесь столько-то крупиц песка» или «Здесь столько-то сотен крупиц песка» или «Здесь столько-то тысяч крупиц песка» или «Здесь столько-то сотен тысяч крупиц песка»?",
  "sn44.1:6.5": "«Нет, достопочтенная».",
  "sn44.1:6.6": "«В таком случае, Великий царь, есть ли у тебя счетовод или математик, который мог бы сосчитать воду в великом океане так: ",
  "sn44.1:6.7": "«Здесь столько-то литров воды» или «Здесь столько-то сотен литров воды» или «Здесь столько-то тысяч литров воды» или «Здесь столько-то сотен тысяч литров воды»?",
  "sn44.1:6.8": "«Нет, достопочтенная. ",
  "sn44.1:6.9": "И почему? ",
  "sn44.1:6.10": "Потому что великий океан глубокий, безмерный, неизмеримый».",
  "sn44.1:6.11": "«Точно также, Великий царь, та форма, посредством которой кто-либо, описывая Татхагату, мог бы описать его, – была отброшена Татхагатой, срублена под корень, сделана подобной обрубку пальмы, уничтожена, так что более не может возникнуть в будущем. ",
  "sn44.1:6.12": "Татхагата, Великий царь, освобождён от определения в рамках формы. Он глубок, безмерен, неизмерим, ",
  "sn44.1:6.13": "как океан». ",
  "sn44.1:6.14": "[Утверждение] «Татхагата существует после смерти» неуместно; «Татхагата не существует после смерти» неуместно; «Татхагата и существует и не существует после смерти» неуместно; «Татхагата ни существует, ни не существует после смерти» неуместно.",
  "sn44.1:7.1": "То чувство, посредством которого кто-либо…",
  "sn44.1:7.2": "",
  "sn44.1:7.3": "как океан». ",
  "sn44.1:7.4": "[Утверждение] «Татхагата существует после смерти» неуместно; «Татхагата не существует после смерти» неуместно; «Татхагата и существует и не существует после смерти» неуместно; «Татхагата ни существует, ни не существует после смерти» неуместно.",
  "sn44.1:8.1": "То восприятие, посредством которого кто-либо…",
  "sn44.1:8.2": "Те формации [ума], посредством которых кто-либо…",
  "sn44.1:8.3": "",
  "sn44.1:8.4": "как океан». ",
  "sn44.1:8.5": "[Утверждение] «Татхагата существует после смерти» неуместно; «Татхагата не существует после смерти» неуместно; «Татхагата и существует и не существует после смерти» неуместно; «Татхагата ни существует, ни не существует после смерти» неуместно.",
  "sn44.1:9.1": "То сознание, посредством которого кто-либо, описывая Татхагату, мог бы описать его – было отброшено Татхагатой, срублено под корень, сделано подобным обрубку пальмы, уничтожено, так что более не может возникнуть в будущем. ",
  "sn44.1:9.2": "Татхагата, Великий царь, освобождён от определения в рамках сознания. Он глубок, безмерен, неизмерим, ",
  "sn44.1:9.3": "как океан. ",
  "sn44.1:9.4": "[Утверждение] «Татхагата существует после смерти» неуместно; «Татхагата не существует после смерти» неуместно; «Татхагата и существует и не существует после смерти» неуместно; «Татхагата ни существует, ни не существует после смерти» неуместно».",
  "sn44.1:9.5": "И тогда косальский царь Пасенади, восхитившись и возрадовавшись утверждению монахини Кхемы, поднялся со своего сиденья, поклонился ей и ушёл, обойдя её с правой стороны.",
  "sn44.1:10.1": "И затем, при случае, косальский царь Пасенади подошёл к Благословенному, поклонился ему, сел рядом и сказал: ",
  "sn44.1:10.2": "«Так как же, Господин, существует ли Татхагата после смерти?»",
  "sn44.1:10.3": "«Великий царь, я не утверждал, что ",
  "sn44.1:10.4": "«Татхагата существует после смерти»… ",
  "sn44.1:10.5": "…[Утверждение] «Татхагата существует после смерти» неуместно; «Татхагата не существует после смерти» неуместно; «Татхагата и существует и не существует после смерти» неуместно; «Татхагата ни существует, ни не существует после смерти» неуместно».",
  "sn44.1:10.6": "«Великий царь, я не утверждал, что",
  "sn44.1:10.7": "«Татхагата не существует после смерти»",
  "sn44.1:10.8": "«Так выходит ли, почтенный, что Татхагата и существует и не существует после смерти?»",
  "sn44.1:10.9": "«Великий царь, я не утверждал, что",
  "sn44.1:10.10": "«Татхагата и существует и не существует после смерти».",
  "sn44.1:10.11": "«Значит, почтенный, Татхагата ни существует, ни не существует после смерти?»",
  "sn44.1:10.12": "«Великий царь, я не утверждал, что",
  "sn44.1:10.13": "«Татхагата ни существует, ни не существует после смерти».",
  "sn44.1:10.14": "«Как такое может быть, почтенный? Будучи спрошенн: «Татхагата существует после смерти»",
  "sn44.1:10.15": "",
  "sn44.1:10.16": "«Как такое может быть, почтенный? Будучи спрошенн: «Татхагата ни существует, ни не существует после смерти»",
  "sn44.1:10.17": "«Великий царь, я не утверждал, что",
  "sn44.1:10.18": "«Татхагата ни существует, ни не существует после смерти»",
  "sn44.1:10.19": "Так в чём же условие и причина, почтенный, что Благословенный не утверждал, что это так?»",
  "sn44.1:11.1": "«Что же, Великий царь, я задам тебе вопрос на эту же самую тему. Отвечай так, как посчитаешь нужным. ",
  "sn44.1:11.2": "есть ли у тебя счетовод или математик, который мог бы сосчитать песчинки в реке Ганг таким образом:",
  "sn44.1:11.3": "«Здесь столько-то крупиц песка» или «Здесь столько-то сотен крупиц песка» или «Здесь столько-то тысяч крупиц песка» или «Здесь столько-то сотен тысяч крупиц песка»?",
  "sn44.1:11.4": "«Нет, почтенный.",
  "sn44.1:11.5": "«В таком случае, Великий царь, есть ли у тебя счетовод или математик, который мог бы сосчитать воду в великом океане так:",
  "sn44.1:11.6": "«Здесь столько-то литров воды» или «Здесь столько-то сотен литров воды» или «Здесь столько-то тысяч литров воды» или «Здесь столько-то сотен тысяч литров воды»?",
  "sn44.1:11.7": "«Нет, почтенный.",
  "sn44.1:11.8": "И почему?",
  "sn44.1:11.9": "Потому что великий океан глубокий, безмерный, неизмеримый».",
  "sn44.1:11.10": "«Точно также, Великий царь, та форма, посредством которой кто-либо, описывая Татхагату, мог бы описать его, – была отброшена Татхагатой, срублена под корень, сделана подобной обрубку пальмы, уничтожена, так что более не может возникнуть в будущем.",
  "sn44.1:11.11": "Татхагата, Великий царь, освобождён от определения в рамках формы. Он глубок, безмерен, неизмерим, ",
  "sn44.1:11.12": "как океан».",
  "sn44.1:11.13": "[Утверждение] «Татхагата существует после смерти» неуместно…",
  "sn44.1:11.14": "«Татхагата ни существует, ни не существует после смерти» неуместно.",
  "sn44.1:11.15": "То чувство, посредством которого кто-либо…",
  "sn44.1:11.16": "То восприятие, посредством которого кто-либо… То восприятие, посредством которого кто-либо…",
  "sn44.1:12.1": "То сознание, посредством которого кто-либо, описывая Татхагату, мог бы описать его – было отброшено Татхагатой, срублено под корень, сделано подобным обрубку пальмы, уничтожено, так что более не может возникнуть в будущем.",
  "sn44.1:12.2": "Татхагата, Великий царь, освобождён от определения в рамках сознания. Он глубок, безмерен, неизмерим,",
  "sn44.1:12.3": "как океан.",
  "sn44.1:12.4": "[Утверждение] «Татхагата существует после смерти» неуместно; «Татхагата не существует после смерти» неуместно; «Татхагата и существует и не существует после смерти» неуместно; «Татхагата ни существует, ни не существует после смерти» неуместно».",
  "sn44.1:13.1": "«Удивительно, Господин! ",
  "sn44.1:13.2": "Поразительно, Господин, как [объяснение] смысла и [используемые] фразы и учителя и ученика совпадают и согласуются друг с другом, не расходятся в отношении главного вопроса. ",
  "sn44.1:13.3": "Как-то раз, Господин, я отправился к монахине Кхеме и расспросил её о том же самом. ",
  "sn44.1:13.4": "Достопочтенная объяснила мне суть точно также, в тех же терминах и фразах, что и Благословенный. ",
  "sn44.1:13.5": "Удивительно, Господин! ",
  "sn44.1:13.6": "Поразительно, Господин, как [объяснение] смысла и [используемые] фразы и учителя и ученика совпадают и согласуются друг с другом, не расходятся в отношении главного вопроса. ",
  "sn44.1:13.7": "А теперь, Господин, нам нужно идти. ",
  "sn44.1:13.8": "Мы очень заняты и у нас много дел».",
  "sn44.1:13.9": "«В таком случае, Великий царь, можешь идти, когда сочтёшь нужным».",
  "sn44.1:13.10": "И тогда косальский царь Пасенади, восхитившись и возрадовавшись утверждению Благословенного, встал со своего сиденья и ушёл, обойдя его с правой стороны.",
  "sn44.1:13.11": "Первая."
}