{
  "an3.143:0.1": "Восходящие Наставления 3.143",
  "an3.143:0.2": "Глава Йодхаджива",
  "an3.143:0.3": "Сутта Павлиний Заповедник",
  "an3.143:1.1": "Однажды Благословенный пребывал в Раджагахе в Парке Странников в Павлиньем Святилище. ",
  "an3.143:1.2": "Там Благословенный обратился к монахам так: ",
  "an3.143:1.3": "«Монахи!»",
  "an3.143:1.4": "«Учитель!» – ответили те монахи. ",
  "an3.143:1.5": "Благословенный сказал:",
  "an3.143:2.1": "«Монахи, обладая тремя качествами, монах является лучшим среди богов и людей: тем, кто достиг окончательного завершения, получил окончательную защиту от подневольности, прожил окончательную святую жизнь, обрёл окончательное осуществление. ",
  "an3.143:2.2": "Какими тремя?",
  "an3.143:2.3": "совокупностью нравственности того, кто окончил тренировку; совокупностью сосредоточения того, кто окончил тренировку; совокупностью мудрости того, кто окончил тренировку.",
  "an3.143:2.4": "Обладая этими тремя качествами, монах является лучшим среди богов и людей… обрёл окончательное осуществление.",
  "an3.143:2.5": "Одиннадцатая."
}