{
  "an3.56:0.1": "Восходящие Наставления 3.56",
  "an3.56:0.2": "Глава Брахман",
  "an3.56:0.3": "Сутта Сокращение населения",
  "an3.56:1.1": "И тогда некий брахман подошёл к Благословенному и обменялся с ним вежливыми приветствиями. После обмена вежливыми приветствиями и любезностями он сел рядом и сказал ему: ",
  "an3.56:1.2": "«Мастер Готама, я слышал, как старшие брахманы, которые старые, отягощённые годами, учителя учителей, говорят так: ",
  "an3.56:1.3": "«В прошлом этот мир был настолько плотно населён, что, казалось, нет места даже между людьми. Деревни, города, столицы были так близко [друг к другу], что петухи могли бы перелетать между ними». ",
  "an3.56:1.4": "Почему, Мастер Готама, в настоящее время количество людей сократилось, можно увидеть сокращение численности населения, а деревни, города, и округи исчезли?»",
  "an3.56:2.1": "«В наше время, брахман, люди возбуждены недозволенной страстью, одолеваемы неправедной жаждой, подавлены неправильной Дхаммой. ",
  "an3.56:2.2": "В результате они берут оружие и убивают друг друга. Поэтому многие люди умирают. ",
  "an3.56:2.3": "Вот в чём причина того, что в наше время количество людей сократилось, можно увидеть сокращение численности населения, а деревни, города, и округи исчезли.",
  "an3.56:3.1": "Далее, в наше время люди возбуждены недозволенной страстью, одолеваемы неправедной жаждой, подавлены неправильной Дхаммой. ",
  "an3.56:3.2": "Когда так происходит, то не выпадает достаточного количества дождя. ",
  "an3.56:3.3": "В результате наступает голод и зерна мало. Урожай гибнет и превращается в солому. ",
  "an3.56:3.4": "Поэтому многие люди умирают. ",
  "an3.56:3.5": "Такова ещё одна причина того, что в наше время количество людей сократилось, можно увидеть сокращение численности населения, а деревни, города, и округи исчезли.",
  "an3.56:4.1": "Далее, в наше время люди возбуждены недозволенной страстью, одолеваемы неправедной жаждой, подавлены неправильной Дхаммой. ",
  "an3.56:4.2": "Когда так происходит, то яккхи выпускают диких духов. Поэтому многие люди умирают. ",
  "an3.56:4.3": "Такова ещё одна причина того, что в наше время количество людей сократилось, можно увидеть сокращение численности населения, а деревни, города, и округи исчезли».",
  "an3.56:5.1": "«Великолепно, Мастер Готама! Великолепно, Мастер Готама!…",
  "an3.56:5.2": "Пусть Мастер Готама помнит меня как мирского последователя, принявшего прибежище с этого дня и на всю жизнь».",
  "an3.56:5.3": "Шестая."
}