{
  "an3.24:0.1": "Восходящие Наставления 3.24",
  "an3.24:0.2": "Глава Личность",
  "an3.24:0.3": "Сутта Полезен",
  "an3.24:1.1": "«Монахи, эти три личности полезны другому. ",
  "an3.24:1.2": "Какие три?",
  "an3.24:1.3": "[Бывает такой] человек, с помощью которого другой [человек] принял прибежище в Будде, Дхамме, и Сангхе. ",
  "an3.24:1.4": "Этот человек полезен другому человеку.",
  "an3.24:2.1": "Далее, [бывает такой] человек, с помощью которого другой [человек] пришёл к пониманию в соответствии с действительностью: «Это – боль», и «Это – скапливание боли», и «Это – истечение боли», и «Это – к истечению боли, ведущая практика». ",
  "an3.24:2.2": "Этот человек полезен другому человеку.",
  "an3.24:3.1": "Далее, [бывает такой] человек, с помощью которого другой [человек] за счёт уничтожения пятен [умственных загрязнений], прямо [здесь и сейчас] в этой самой жизни входит и пребывает в незапятнанном освобождении ума, освобождении мудростью, напрямую зная и проявляя это для себя самостоятельно. ",
  "an3.24:3.2": "Этот человек полезен другому человеку.",
  "an3.24:3.3": "Таковы три личности, которые полезны другому. ",
  "an3.24:4.1": "Я говорю вам, монахи, что для другого человека нет кого-либо более полезного, чем эти три личности. ",
  "an3.24:4.2": "И также я говорю, что непросто отплатить этим трём личностям поклонами, вставанием перед ними, почтительным приветствием, подобающим обхождением, дарением им одеяний, еды, жилищ, лекарств и обеспечения для больных».",
  "an3.24:4.3": "Четвёртая."
}