{
  "an3.121:0.1": "Восходящие Наставления 3.121",
  "an3.121:0.2": "Глава Апаика ",
  "an3.121:0.3": "Сутта Чистота Вторая",
  "an3.121:1.1": "«Монахи, есть эти три чистоты. ",
  "an3.121:1.2": "Какие три? ",
  "an3.121:1.3": "Телесная чистота, словесная чистота, умственная чистота.",
  "an3.121:1.4": "И что такое телесная чистота? ",
  "an3.121:1.5": "Вот некий человек воздерживается от уничтожения жизни, от взятия того, что не дано, от неблагого сексуального поведения. ",
  "an3.121:1.6": "Это называется телесной чистотой.",
  "an3.121:2.1": "И что такое словесная чистота? ",
  "an3.121:2.2": "Вот некий человек воздерживается от лжи, от сеющей распри речи, от грубой речи, от пустой болтовни. ",
  "an3.121:2.3": "Это называется словесной чистотой.",
  "an3.121:3.1": "И что такое умственная чистота? ",
  "an3.121:3.2": "Вот, когда в нём есть чувственное желание, монах понимает: «Во мне есть чувственное желание». Когда в нём нет чувственного желания, он понимает: «Во мне нет чувственного желания». И он также понимает то, как невозникшее чувственное желание возникает, как возникшее чувственное желание отбрасывается, и как отброшенное чувственное желание более не возникает в будущем.",
  "an3.121:3.3": "Когда в нём есть недоброжелательность…",
  "an3.121:3.4": "Когда в нём есть лень и апатия…",
  "an3.121:3.5": "Когда в нём есть неугомонность и сожаление…",
  "an3.121:3.6": "Когда в нём есть сомнение, он понимает: «Во мне есть сомнение». Когда в нём нет сомнения, он понимает: «Во мне нет сомнения». И он также понимает то, как невозникшее сомнение возникает, как возникшее сомнение отбрасывается, и как отброшенное сомнение более не возникает в будущем.",
  "an3.121:3.7": "Это называется умственной чистотой. ",
  "an3.121:3.8": "Таковы, монахи, три чистоты». ",
  "an3.121:4.1": "«Он в теле чист и в речи чист,",
  "an3.121:4.2": "Он чист в уме и не имеет пятен.",
  "an3.121:4.3": "Кто совершенства в чистоте достиг",
  "an3.121:4.4": "Зовётся «тем, кто смыл всё зло».",
  "an3.121:4.5": "Девятая."
}