{
  "an3.77:0.1": "Восходящие Наставления 3.77",
  "an3.77:0.2": "Глава Ананда",
  "an3.77:0.3": "Сутта Бхава Вторая ",
  "an3.77:1.1": "Тогда уважаемый Ананда подошёл к Благословенному… уважаемый Ананда Благословенного так спросил: ",
  "an3.77:1.2": "«бхава, бхава», почтенный, – так говорят. ",
  "an3.77:1.3": "В каком смысле, почтенный, говорится о бхаве?»",
  "an3.77:2.1": "«Если бы созревание дхату желания, Ананда, и действие не случились (абхависса), разве желание-бхава может быть понята?»",
  "an3.77:2.2": "«Нет, почтенный».",
  "an3.77:2.3": "«Так, Ананда, действие - поле, внимание - семя, цепляние - влага. ",
  "an3.77:2.4": "Покрытым неведением существам, связанным цеплянием в нижнем дхату намерение-замысел остановившийся, намерение-вектор остановившийся так в будущем производит новую бхаву.",
  "an3.77:3.1": "«Если бы созревание дхату материи, Ананда, и действие не случились (абхависса), разве материальная-бхава может быть понята?»",
  "an3.77:3.2": "«Нет, почтенный».",
  "an3.77:3.3": "«Так, Ананда, действие - поле, внимание - семя, цепляние - влага. ",
  "an3.77:3.4": "Покрытым неведением существам, связанным цеплянием в среднем дхату намерение-замысел остановившийся, намерение-вектор остановившийся так в будущем производит новую бхаву.",
  "an3.77:4.1": "«Если бы созревание дхату нематериального, Ананда, и действие не случились (абхависса), разве нематериальная-бхава может быть понята?»",
  "an3.77:4.2": "«Нет, почтенный».",
  "an3.77:4.3": "«Так, Ананда, действие - поле, внимание - семя, цепляние - влага. ",
  "an3.77:4.4": "Покрытым неведением существам, связанным цеплянием в высшем дхату намерение-замысел остановившийся, намерение-вектор остановившийся так в будущем производит новую бхаву.",
  "an3.77:4.5": "Так, Ананда, бхава есть».",
  "an3.77:4.6": "Седьмая."
}