{
  "an3.49:0.1": "Восходящие Наставления 3.49",
  "an3.49:0.2": "Малая Глава ",
  "an3.49:0.3": "Сутта Рвение",
  "an3.49:1.1": "«Монахи, рвение следует прилагать в трёх случаях. ",
  "an3.49:1.2": "Каких трёх? ",
  "an3.49:1.3": "Рвение следует прилагать ради не-возникновения невозникших плохих, неблагих качеств. Рвение следует прилагать ради возникновения невозникших благих качеств. Рвение следует прилагать ради терпения возникших телесных чувств – болезненных, мучительных, острых, пронзающих, раздирающих и неприятных, высасывающих жизненную силу. ",
  "an3.49:1.4": "В этих трёх случаях следует прилагать рвение.",
  "an3.49:2.1": "Когда монах прилагает рвение ради не-возникновения невозникших плохих, неблагих качеств, ради возникновения невозникших благих качеств, и ради терпения возникших телесных чувств – болезненных… высасывающих жизненную силу – ",
  "an3.49:2.2": "то тогда он зовётся монахом, который решителен, бдителен и осознан ради осуществления полного окончания страданий».",
  "an3.49:2.3": "Десятая."
}