{
  "an3.20:0.1": "Восходящие Наставления 3.20",
  "an3.20:0.2": "Глава Ратхакара",
  "an3.20:0.3": "Сутта Владелец Лавки Вторая",
  "an3.20:1.1": "«Монахи, обладая тремя факторами, владелец лавки вскоре обретает обширное и обильное богатство. ",
  "an3.20:1.2": "Какими тремя? ",
  "an3.20:1.3": "Вот у владельца лавки острый глаз, он ответственный, у него есть покровители.",
  "an3.20:1.4": "И каким образом, монахи, у владельца лавки острый глаз? ",
  "an3.20:1.5": "Вот владелец лавки знает о товаре: ",
  "an3.20:1.6": "«Если этот товар будет куплен по такой-то цене и продан по такой-то, то понадобится столько-то вложений, и это принесёт столько-то выручки». ",
  "an3.20:1.7": "Вот каким образом у владельца лавки острый глаз.",
  "an3.20:2.1": "И каким образом владелец лавки ответственный? ",
  "an3.20:2.2": "Вот владелец лавки умелый в покупке и продаже товаров. ",
  "an3.20:2.3": "Вот каким образом владелец лавки ответственный.",
  "an3.20:3.1": "И каким образом у владельца лавки есть покровители? ",
  "an3.20:3.2": "Вот богатые, состоятельные, зажиточные домохозяева и сыновья домохозяев знают о нём: ",
  "an3.20:3.3": "«У этого владельца лавки острый глаз и он ответственный. Он способен содержать свою жену и детей и время от времени выплачивать нам». ",
  "an3.20:3.4": "Поэтому они вкладывают в его [торговлю своё] богатство, говоря: ",
  "an3.20:3.5": "«Заработав этим [нашим богатством] себе богатство, дорогой владелец лавки, содержи свою жену и детей и выплачивай нам [часть своего дохода] время от времени». ",
  "an3.20:3.6": "Вот каким образом у владельца лавки есть покровители.",
  "an3.20:3.7": "Обладая этими тремя факторами, владелец лавки вскоре обретает обширное и обильное богатство. ",
  "an3.20:4.1": "Точно также, монахи, обладая тремя качествами, монах вскоре обретает обширные и обильные благие качества. ",
  "an3.20:4.2": "Какими тремя? ",
  "an3.20:4.3": "Вот у монаха острый глаз, он ответственный, у него есть покровители.",
  "an3.20:4.4": "И каким образом, монахи, у монаха острый глаз? ",
  "an3.20:4.5": "Вот монах понимает в соответствии с действительностью: «Это – боль»… «Это – скапливание боли»… «Это – истечение боли»… «Это – к истечению боли ведущая практика». ",
  "an3.20:4.6": "Вот каким образом у монаха острый глаз.",
  "an3.20:5.1": "И каким образом монах ответственный? ",
  "an3.20:5.2": "Вот монах зародил усердие к оставлению неблагих качеств и к обретению благих качеств. [В этом] он силён, упорен в старании, не отложил [своей] обязанности развивать благие качества.",
  "an3.20:5.3": "",
  "an3.20:6.1": "И каким образом у монаха есть покровители? ",
  "an3.20:6.2": "Вот время от времени монах подходит к тем монахам, которые учёные, наследники наследия, эксперты в Дхамме, эксперты в Винае, эксперты в основных положениях [Дхаммы], и интересуется у них: ",
  "an3.20:6.3": "«Достопочтенные, как это [понять]? Каково значение этого?» ",
  "an3.20:6.4": "И те достопочтенные раскрывают ему то, что [для него] не было раскрыто, проясняют неясное, рассеивают его замешательства в отношении многочисленных трудных моментов. ",
  "an3.20:6.5": "Вот каким образом у монаха есть покровители.",
  "an3.20:6.6": "Обладая этими тремя качествами, монах вскоре обретает обширные и обильные благие качества».",
  "an3.20:6.7": "Десятая.",
  "an3.20:6.8": "Первый цикл чтения окончен.",
  "an3.20:6.9": "Глава Ратхакара Вторая.",
  "an3.20:7.0": "Оглавление",
  "an3.20:7.1": "",
  "an3.20:7.2": "",
  "an3.20:7.3": "",
  "an3.20:7.4": ""
}