{
  "an3.133:0.1": "Восходящие Наставления 3.133",
  "an3.133:0.2": "Глава Йодхаджива",
  "an3.133:0.3": "Сутта Воин",
  "an3.133:1.1": "«Монахи, обладая тремя факторами, воин достоин царя, является принадлежностью царя, считается одним из факторов царствования.",
  "an3.133:1.2": "Какими тремя?",
  "an3.133:1.3": "Вот воин стрелок на дальние расстояния, меткий стрелок, и он тот, кто раскалывает большое тело.",
  "an3.133:1.4": "Обладая этими тремя факторами, воин достоин царя, является принадлежностью царя, считается одним из факторов царствования.",
  "an3.133:1.5": "Точно также, обладая тремя качествами, монах достоин даров, достоин гостеприимства, достоин подношений, достоин почтительного приветствия – непревзойдённое поле заслуг для мира.",
  "an3.133:1.6": "Какими тремя?",
  "an3.133:1.7": "Вот монах стрелок на дальние расстояния… раскалывает большое тело.",
  "an3.133:2.1": "И каким образом монах является стрелком на дальние расстояния?",
  "an3.133:2.2": "Любой вид формы – прошлой, настоящей, будущей, внутренней или внешней, грубой или утончённой, низшей или возвышенной, далёкой или близкой – всякую форму монах видит в соответствии с действительностью правильной мудростью: «Это не моё, я не таков, это не моё «я».",
  "an3.133:2.3": "Любой вид чувства…",
  "an3.133:2.4": "любой вид восприятия…",
  "an3.133:2.5": "любой вид формаций…",
  "an3.133:2.6": "любой вид сознания – прошлого, настоящего, будущего, внутреннего или внешнего, грубого или утончённого, низшего или возвышенного, далёкого или близкого – всякое сознание монах видит в соответствии с действительностью правильной мудростью: «Это не моё, я не таков, это не моё «я».",
  "an3.133:2.7": "Вот каким образом монах является стрелком на дальние расстояния.",
  "an3.133:3.1": "И каким образом монах является метким стрелком?",
  "an3.133:3.2": "Вот монах понимает это в соответствии с действительностью: «Это – боль», и «Это – скапливание боли», и «Это – истечение боли», и «Это – к истечению боли ведущая практика».",
  "an3.133:3.3": "Вот каким образом монах является метким стрелком.",
  "an3.133:4.1": "И каким образом монах является тем, кто раскалывает большое тело?",
  "an3.133:4.2": "Вот монах раскалывает огромную груду невежества.",
  "an3.133:4.3": "Вот каким образом монах является тем, кто раскалывает большое тело.",
  "an3.133:4.4": "Обладая этими тремя качествами, монах достоин даров, достоин гостеприимства, достоин подношений, достоин почтительного приветствия – непревзойдённое поле заслуг для мира».",
  "an3.133:4.5": "Первая."
}