{
  "an3.52:0.1": "Восходящие Наставления 3.52",
  "an3.52:0.2": "Глава Брахман",
  "an3.52:0.3": "Вторая Сутта Два Брахмана ",
  "an3.52:1.1": "И тогда два брахмана, которые были старыми, отягощёнными годами, много прожившими, чьи дни подходили к концу, которым шёл сто двадцатый год, подошли к Благословенному и обменялись с ним приветствиями. После обмена приветствиями и любезностями, они сели рядом и сказали Благословенному:",
  "an3.52:1.2": "«Мы брахманы, Мастер Готама, старые, отягощены годами… идёт нам сто двадцатый год. ",
  "an3.52:1.3": "Но мы не сделали ничего хорошего и благого, как и не создали для себя убежища. ",
  "an3.52:1.4": "Пусть Мастер Готама посоветует нам, наставит нас так, чтобы это привело бы к нашему благополучию и счастью на долгое время!»",
  "an3.52:2.1": "«Воистину, брахманы, вы стары, отягощены годами… идёт вам сто двадцатый год, ",
  "an3.52:2.2": "но вы не сделали ничего хорошего и благого, как и не создали для себя убежища. ",
  "an3.52:2.3": "Воистину, этот мир горит старостью, болезнями, и смертью. ",
  "an3.52:2.4": "Но хотя мир горит старостью, болезнями, и смертью, когда кто-либо умирает – телесный, словесный и умственный самоконтроль обеспечит [ему] убежище, пристанище, остров, прибежище и поддержку». ",
  "an3.52:3.1": "«Когда твой дом в огне,",
  "an3.52:3.2": "То выставлен сосуд.",
  "an3.52:3.3": "Но этот ли полезен,",
  "an3.52:3.4": "Иль тот, горит в огне который?",
  "an3.52:4.1": "Когда мир полыхает",
  "an3.52:4.2": "Старением и смертью,",
  "an3.52:4.3": "То выставлять, [спасая], нужно [своё] даяние:",
  "an3.52:4.4": "Ведь сделанный подарок – есть лучшее спасение.",
  "an3.52:5.1": "И когда в мир ты иной отойдёшь,",
  "an3.52:5.2": "Сдержанность в теле, и речи, уме,",
  "an3.52:5.3": "Как и заслуги, что в жизни свершил,",
  "an3.52:5.4": "К счастью тебя приведут твоему».",
  "an3.52:5.5": "Вторая."
}