{
  "an3.73:0.1": "Восходящие Наставления 3.73",
  "an3.73:0.2": "Глава Ананда",
  "an3.73:0.3": "Сутта Маханама",
  "an3.73:1.1": "Так я слышал.",
  "an3.73:1.2": "Однажды Благословенный пребывал в стране Сакьев в Капилаваттху в Баньяновом Парке. ",
  "an3.73:1.3": "И в то время Благословенный только что выздоровел от болезни. ",
  "an3.73:1.4": "И тогда Маханама из клана Сакьев отправился к Благословенному, поклонился ему, сел рядом и сказал ему:",
  "an3.73:1.5": "«Долгое время, Господин, я понимал Дхамму, которой научил Благословенный, так: ",
  "an3.73:1.6": "«Знание приходит к тому, кто сосредоточен, а не к тому, кто не имеет сосредоточения». ",
  "an3.73:1.7": "Так ли оно, что сосредоточение предшествует знанию, Господин, ",
  "an3.73:1.8": "или же знание предшествует сосредоточению?»",
  "an3.73:1.9": "И тогда мысль пришла к Достопочтенному Ананде: ",
  "an3.73:1.10": "«Благословенный только что выздоровел от болезни, ",
  "an3.73:1.11": "и, тем не менее, этот Маханама из клана Сакьев задаёт ему очень глубокий вопрос. ",
  "an3.73:1.12": "Что если я отведу в сторону Маханаму из клана Сакьев и научу его Дхамме?»",
  "an3.73:2.1": "И тогда Достопочтенный Ананда взял Маханаму из клана Сакьев за руку, отвёл в сторону и сказал ему: ",
  "an3.73:2.2": "«Благословенный говорил о нравственности ученика и о нравственности того, кто окончил тренировку; о сосредоточении ученика и о сосредоточении того, кто окончил тренировку; о мудрости ученика и о мудрости того, кто окончил тренировку.",
  "an3.73:2.3": "И какова, Маханама, нравственность ученика? ",
  "an3.73:2.4": "Вот монах нравственен. Он пребывает, обуздывая себя Патимоккхой… Возложив на себя правила тренировки, он тренируется в них. ",
  "an3.73:2.5": "Это называется нравственностью ученика.",
  "an3.73:3.1": "И каково сосредоточение ученика? ",
  "an3.73:3.2": "Вот, будучи отстранённым от чувственных удовольствий, отстранённым от неблагих состояний [ума], монах входит и пребывает в первой джхане… четвёртой джхане, которая ни-приятна-ни-болезненна, характерна чистейшей осознанностью из-за невозмутимости. ",
  "an3.73:3.3": "Это называется сосредоточением ученика.",
  "an3.73:4.1": "И какова мудрость ученика? ",
  "an3.73:4.2": "Вот монах понимает в соответствии с действительностью: «Это – боль»… «Это – к истечению боли ведущая практика».",
  "an3.73:4.3": "Это называется мудростью ученика.",
  "an3.73:5.1": "Когда ученик Благородных подобным образом совершенен в нравственном поведении, сосредоточении, и мудрости, [то тогда] за счёт уничтожения пятен [умственных загрязнений], прямо [здесь и сейчас] в этой самой жизни входит и пребывает в незапятнанном освобождении ума, освобождении мудростью, напрямую зная и проявляя это для себя самостоятельно.",
  "an3.73:5.2": "Вот каким образом, Маханама, Благословенный говорил о нравственности ученика и о нравственности того, кто окончил тренировку; о сосредоточении ученика и о сосредоточении того, кто окончил тренировку; о мудрости ученика и о мудрости того, кто окончил тренировку».",
  "an3.73:5.3": "Третья."
}