{
  "an3.60:0.1": "Восходящие Наставления 3.60",
  "an3.60:0.2": "Глава Брахман",
  "an3.60:0.3": "Сутта Сангарава",
  "an3.60:1.1": "И тогда брахман Сангарава подошёл к Благословенному и обменялся с ним вежливыми приветствиями. После обмена вежливыми приветствиями и любезностями он сел рядом. ",
  "an3.60:1.2": "Затем, сидя рядом, брахман Сангарава сказал Благословенному: ",
  "an3.60:1.3": "«Мастер Готама, мы, брахманы, ",
  "an3.60:1.4": "совершаем жертвования и предписываем другим совершать жертвования. ",
  "an3.60:1.5": "И тот, кто жертвует сам, и тот, кто предписывает другим совершать жертвования, пускается в практику, приносящую заслуги, которая охватывает многих людей, то есть ту [практику], которая основывается на жертвовании. ",
  "an3.60:1.6": "Но тот, кто оставляет свою семью и оставляет жизнь домохозяйскую ради жизни бездомной, укрощает только лишь самого себя, умиротворяет только лишь самого себя, ведёт к ниббане только лишь самого себя. В этом случае он пускается в практику, приносящую заслуги, которая охватывает только одного человека, то есть [ту практику], которая основывается на уходе в бездомную жизнь».",
  "an3.60:2.1": "«Что ж, брахман, я задам тебе вопрос на эту тему. Отвечай так, как сочтёшь нужным. ",
  "an3.60:2.2": "Как ты думаешь, брахман? ",
  "an3.60:2.3": "Вот Татхагата появляется в мире – арахант, полностью просветлённый, совершенный в истинном знании и поведении, счастливый, знаток мира, непревзойдённый учитель тех, кто готов обучаться, учитель богов и людей, просветлённый, благословенный. ",
  "an3.60:2.4": "Он говорит так: ",
  "an3.60:2.5": "«Ну же, вот – путь, это – путь. ",
  "an3.60:2.6": "Практикуя в соответствии с ним, я реализовал для себя самостоятельно прямым знанием непревзойдённую вершину святой жизни и раскрыл [знание об этом] остальным. ",
  "an3.60:2.7": "Ну же, практикуйте также. Практикуя в соответствии с этим, вы тоже реализуете для себя самостоятельно прямым знанием непревзойдённую вершину святой жизни и будете пребывать в ней». Вот так учитель учит этой Дхамме, и другие практикуют соответственно. Многие сотни, многие тысячи, многие сотни тысяч делают так. ",
  "an3.60:3.1": "Как ты думаешь? ",
  "an3.60:3.2": "Если такова ситуация, то является ли уход в бездомную жизнь приносящей заслуги практикой, которая охватывает одного человека или же многих людей?»",
  "an3.60:3.3": "«В этой ситуации, Мастер Готама, это приносящая заслуги практика, которая охватывает многих людей, то есть [та практика], которая основывается на уходе в бездомную жизнь».",
  "an3.60:4.1": "Когда так было сказано, Достопочтенный Ананда обратился к брахману Сангараве: ",
  "an3.60:4.2": "«Из этих двух практик, брахман, какая представляется тебе более простой и наименее вредной, а также более плодотворной и полезной?»",
  "an3.60:4.3": "И тогда брахман Сангарава сказал Достопочтенному Ананде: ",
  "an3.60:4.4": "«Я считаю, что Мастер Готама и Мастер Ананда ",
  "an3.60:4.5": "достойны уважения и похвалы».",
  "an3.60:5.1": "И во второй раз Достопочтенный Ананда обратился к брахману: ",
  "an3.60:5.2": "«Брахман, я не спрашиваю тебя о том, ",
  "an3.60:5.3": "кого ты считаешь достойным уважения и похвалы. ",
  "an3.60:5.4": "Я спрашиваю тебя о том, ",
  "an3.60:5.5": "какая из этих двух практик представляется тебе более простой и наименее вредной, а также более плодотворной и полезной».",
  "an3.60:5.6": "Но и во второй раз брахман Сангарава ответил: ",
  "an3.60:5.7": "«Я считаю, что Мастер Готама и Мастер Ананда ",
  "an3.60:5.8": "достойны уважения и похвалы».",
  "an3.60:6.1": "И в третий раз Достопочтенный Ананда обратился к брахману: ",
  "an3.60:6.2": "«Брахман, я не спрашиваю тебя о том, ",
  "an3.60:6.3": "кого ты считаешь достойным уважения и похвалы. ",
  "an3.60:6.4": "Я спрашиваю тебя о том, ",
  "an3.60:6.5": "какая из этих двух практик представляется тебе более простой и наименее вредной, а также более плодотворной и полезной».",
  "an3.60:6.6": "Но и в третий раз брахман Сангарава ответил: ",
  "an3.60:6.7": "«Я считаю, что Мастер Готама и Мастер Ананда ",
  "an3.60:6.8": "достойны уважения и похвалы».",
  "an3.60:7.1": "Тогда Благословенный подумал: ",
  "an3.60:7.2": "«Даже в третий раз брахман Сангарава мямлит и не отвечает, хотя Ананда задаёт ему справедливый вопрос. ",
  "an3.60:7.3": "Почему бы мне не освободить его [от надобности отвечать]?» ",
  "an3.60:7.4": "И тогда Благословенный сказал брахману Сангараве: ",
  "an3.60:7.5": "«Брахман, какая беседа случилась сегодня среди царской свиты, когда они собрались вместе и сидели в царском дворце?»",
  "an3.60:7.6": "«Вот какая, Мастер Готама: ",
  "an3.60:7.7": "«Прежде было меньше монахов, но больше тех, кто демонстрировал сверхчеловеческие чудеса посредством сверхъестественных сил. ",
  "an3.60:7.8": "Но теперь монахов больше, но меньше тех, кто демонстрирует сверхчеловеческие чудеса посредством сверхъестественных сил». ",
  "an3.60:7.9": "Вот какая беседа случилась сегодня среди царской свиты, когда они собрались вместе и сидели в царском дворце».",
  "an3.60:8.1": "«Брахман, есть три вида чудес. ",
  "an3.60:8.2": "Какие три?",
  "an3.60:8.3": "Чудо сверхъестественной силы, чудо чтения ума, чудо наставления.",
  "an3.60:8.4": "И что такое, брахман, чудо сверхъестественной силы? ",
  "an3.60:8.5": "Вот монах владеет различными видами сверхъестественных сил: будучи одним, он становится многими; будучи многими, он становится одним. Он появляется. Он исчезает. Он беспрепятственно проходит сквозь стены, бастионы, горы, как если бы шёл сквозь пустое пространство. Он ныряет и выныривает из земли, как если бы она была водой. Он ходит по воде и не тонет, как если бы вода была сушей. Сидя со скрещенными ногами, он летит по воздуху, как крылатая птица. Своей рукой он касается и ударяет даже солнце и луну, настолько он силён и могущественен. Он так влияет на тело, что достигает даже мира Брахмы. ",
  "an3.60:8.6": "Это называется чудом сверхъестественной силы.",
  "an3.60:9.1": "И что такое, брахман, чудо чтения ума? ",
  "an3.60:9.2": "Бывает такой человек, который посредством некоторых подсказок заявляет: ",
  "an3.60:9.3": "«Твои мысли таковы, вот о чём ты думаешь, твой ум в таком-то и таком-то состоянии». ",
  "an3.60:9.4": "И даже если он делает много таких заявлений, они [раскрывают всё] именно так, [как и есть на самом деле], а не иначе.",
  "an3.60:10.1": "Далее, некий человек не заявляет [о состоянии ума другого] на основании подсказок, но он слышит звуки людей, духов, или божеств, [которые говорят о состоянии ума этого человека], и заявляет: ",
  "an3.60:10.2": "«Твои мысли таковы, вот о чём ты думаешь, твой ум в таком-то и таком-то состоянии». ",
  "an3.60:10.3": "И даже если он делает много таких заявлений, они [раскрывают всё] именно так, [как и есть на самом деле], а не иначе.",
  "an3.60:11.1": "Далее, некий человек не заявляет [о состоянии ума другого] на основании подсказок, или же из-за слышания звуков людей, духов, или божеств, [которые говорят о состоянии ума этого человека], но слышит звук отражённой мысли [другого человека] по мере того, как тот направляет и удерживает [на некой идее свой ум], и тогда заявляет: ",
  "an3.60:11.2": "«Твои мысли таковы, вот о чём ты думаешь, твой ум в таком-то и таком-то состоянии». ",
  "an3.60:11.3": "И даже если он делает много таких заявлений, они [раскрывают всё] именно так, [как и есть на самом деле], а не иначе.",
  "an3.60:12.1": "Далее, некий человек не заявляет на основании подсказок… или же из-за слышания звуков… или же из-за слышания звука отражённой мысли… но своим собственным умом он охватывает ум того, кто достиг сосредоточения без направления и удержания, и понимает: ",
  "an3.60:12.2": "«Судя по тому, как расположены формации ума этого человека, он прямо сейчас подумает вот эту мысль». ",
  "an3.60:12.3": "И даже если он делает много таких заявлений, они [раскрывают всё] именно так, [как и есть на самом деле], а не иначе.",
  "an3.60:12.4": "Это называется чудом чтения ума.",
  "an3.60:13.1": "И что такое, брахман, чудо наставления? ",
  "an3.60:13.2": "Вот некий человек наставляет [других] так: ",
  "an3.60:13.3": "«Думай вот так, а не так! Уделяй этому внимание так, а не так! Отбрось это и войди и пребывай в том!» ",
  "an3.60:13.4": "Вот что называется чудом наставления.",
  "an3.60:13.5": "Таковы, брахман, три вида чудес. ",
  "an3.60:13.6": "Какое из этих чудес кажется тебе наиболее превосходным и возвышенным?»",
  "an3.60:14.1": "«Что касается этих [чудес], Мастер Готама, то когда кто-либо совершает это чудо, посредством которого он владеет различными видами сверхъестественных сил… ",
  "an3.60:14.2": "достигает даже мира Брахмы – ",
  "an3.60:14.3": "это переживает только тот, кто совершает это, и это происходит только с ним. ",
  "an3.60:14.4": "Это чудо кажется похожим мне на магический трюк.",
  "an3.60:15.1": "Далее, Мастер Готама, когда кто-либо совершает это чудо, посредством которого он заявляет о состоянии ума [другого] на основании подсказок… ",
  "an3.60:15.2": "",
  "an3.60:15.3": "или же из-за слышания звуков… ",
  "an3.60:15.4": "или же из-за слышания звука отражённой мысли… ",
  "an3.60:15.5": "или же своим собственным умом охватив ум… понимает: ",
  "an3.60:15.6": "«Судя по тому, как расположены формации ума этого человека, он прямо сейчас подумает вот эту мысль», и даже если он делает много таких заявлений, они [раскрывают всё] именно так, [как и есть на самом деле], а не иначе – ",
  "an3.60:15.7": "то, опять-таки, это переживает только тот, кто совершает это, и это происходит только с ним. ",
  "an3.60:15.8": "Это чудо также кажется похожим мне на магический трюк.",
  "an3.60:16.1": "Но, Мастер Готама, когда некий человек совершает это чудо, посредством которого он наставляет [других] так: ",
  "an3.60:16.2": "«Думай вот так, а не так! Уделяй этому внимание так, а не так! Отбрось это и войди и пребывай в том!» – ",
  "an3.60:16.3": "это чудо кажется мне наиболее превосходным и возвышенным среди этих трёх чудес.",
  "an3.60:17.1": "Удивительно и поразительно, Мастер Готама, как хорошо сказал об этом Мастер Готама! ",
  "an3.60:17.2": "И мы считаем Мастера Готаму тем, кто может совершать эти три чуда. ",
  "an3.60:17.3": "Ведь Мастер Готама владеет различными видами сверхъестественных сил… достигает даже мира Брахмы. ",
  "an3.60:17.4": "Мастер Готама своим собственным умом, охватив ум… понимает: ",
  "an3.60:17.5": "«Судя по тому, как расположены формации ума этого человека, он прямо сейчас подумает вот эту мысль». ",
  "an3.60:17.6": "И Мастер Готама наставляет [других] так: ",
  "an3.60:17.7": "«Думай вот так, а не так! Уделяй этому внимание так, а не так! Отбрось это и войди и пребывай в том!»",
  "an3.60:18.1": "«Вне сомнений, брахман, ты нахален и назойлив в своих словах, ",
  "an3.60:18.2": "но, тем не менее, я отвечу тебе. ",
  "an3.60:18.3": "[Действительно], я владею различными видами сверхъестественных сил… достигаю даже мира Брахмы. ",
  "an3.60:18.4": "Своим собственным умом, охватив ум… понимаю: ",
  "an3.60:18.5": "«Судя по тому, как расположены формации ума этого человека, он прямо сейчас подумает вот эту мысль». ",
  "an3.60:18.6": "И я наставляю [других] так: ",
  "an3.60:18.7": "«Думай вот так, а не так! Уделяй этому внимание так, а не так! Отбрось это и войди и пребывай в том!»",
  "an3.60:19.1": "«Но, Мастер Готама, есть кроме Мастера Готамы хотя бы ещё один монах, который может совершать эти три чуда?»",
  "an3.60:19.2": "«Не одна сотня, не две сотни, не три сотни, не четыре сотни, не пять сотен монахов, но куда большее тех [монахов], которые могут совершать эти чудеса».",
  "an3.60:19.3": "«Но где же в настоящее время проживают эти монахи?»",
  "an3.60:19.4": "«Здесь, брахман, в этой Сангхе монахов».",
  "an3.60:20.1": "«Великолепно, Мастер Готама! Великолепно, Мастер Готама! ",
  "an3.60:20.2": "Как если бы он поставил на место то, что было перевёрнуто… ",
  "an3.60:20.3": "",
  "an3.60:20.4": "Пусть Мастер Готама помнит меня как мирского последователя, принявшего прибежище с этого дня и на всю жизнь».",
  "an3.60:20.5": "Десятая.",
  "an3.60:20.6": "Глава Брахман Первая.",
  "an3.60:21.0": "Оглавление",
  "an3.60:21.1": "",
  "an3.60:21.2": "",
  "an3.60:21.3": "",
  "an3.60:21.4": ""
}