{
  "an3.152:0.1": "Восходящие Наставления 3.152",
  "an3.152:0.2": "Глава Мангала",
  "an3.152:0.3": "Сутта Изувеченный Первая",
  "an3.152:1.1": "«Монахи, обладая тремя…",
  "an3.152:1.2": "Неуравновешнным телесным действием… словесным… умственным действием.",
  "an3.152:2.1": "Обладая этими тремя… порождает множество неблагих заслуг.",
  "an3.152:2.2": "Уравновешнным телесным действием… словесным… умственным действием.",
  "an3.152:2.3": "Седьмая."
}