{
  "an3.50:0.1": "Восходящие Наставления 3.50",
  "an3.50:0.2": "Малая Глава ",
  "an3.50:0.3": "Сутта Большой Преступник",
  "an3.50:1.1": "«Монахи, обладая  тремя факторами, умелый вор пробирается в дома, ворует богатство, разбойничает, устраивает засады на дорогах. ",
  "an3.50:1.2": "Какими тремя? ",
  "an3.50:1.3": "Вот умелый вор рассчитывает на пересечённую местность, на чащи, и на влиятельных людей. ",
  "an3.50:1.4": "И каким образом умелый вор рассчитывает на пересечённую местность? ",
  "an3.50:1.5": "Вот умелый вор рассчитывает на реки, которые трудно пересечь, и на труднопроходимые горы. ",
  "an3.50:1.6": "Вот каким образом умелый вор рассчитывает на пересечённую местность.",
  "an3.50:2.1": "И каким образом умелый вор рассчитывает на чащи? ",
  "an3.50:2.2": "Вот умелый вор рассчитывает на заросли тростника, чащи деревьев, подлесок, или на обширные густые джунгли. ",
  "an3.50:2.3": "Вот каким образом умелый вор рассчитывает на чащи.",
  "an3.50:3.1": "И каким образом умелый вор рассчитывает на влиятельных людей? ",
  "an3.50:3.2": "Вот умелый вор рассчитывает на царей или царских министров. ",
  "an3.50:3.3": "Он думает: ",
  "an3.50:3.4": "«Если кто-либо обвинит меня в чём-либо, эти цари или царские министры закроют дело». ",
  "an3.50:3.5": "Если кто-либо обвиняет его в чём-либо, те цари или царские министры закрывают дело. ",
  "an3.50:3.6": "Вот каким образом умелый вор рассчитывает на влиятельных людей.",
  "an3.50:3.7": "Обладая этими тремя факторами, умелый вор пробирается в дома, ворует богатство, разбойничает, устраивает засады на дорогах.",
  "an3.50:4.1": "Точно также, монахи, обладая тремя качествами, порочный монах удерживает себя в искалеченном и травмированном состоянии, достоин порицания и упрёка со стороны мудрых, порождает много неблагих заслуг. ",
  "an3.50:4.2": "Какими тремя?",
  "an3.50:4.3": "Вот порочный монах рассчитывает на пересечённую местность, на чащи, и на влиятельных людей. ",
  "an3.50:5.1": "И каким образом порочный монах рассчитывает на пересечённую местность? ",
  "an3.50:5.2": "Вот порочный монах пускается в неправедное телесное, словесное, и умственное деяние. ",
  "an3.50:5.3": "Вот каким образом порочный монах рассчитывает на пересечённую местность.",
  "an3.50:6.1": "И каким образом порочный монах рассчитывает на чащи? ",
  "an3.50:6.2": "Вот порочный монах придерживается неправильных воззрений. Он сформировал крайнее воззрение. ",
  "an3.50:6.3": "Вот каким образом порочный монах рассчитывает на чащи.",
  "an3.50:7.1": "И каким образом порочный монах рассчитывает на влиятельных людей? ",
  "an3.50:7.2": "Вот порочный монах рассчитывает на царей или царских министров. ",
  "an3.50:7.3": "Он думает: ",
  "an3.50:7.4": "«Если кто-либо обвинит меня в чём-либо, эти цари или царские министры закроют дело». ",
  "an3.50:7.5": "Если кто-либо обвиняет его в чём-либо, те цари или царские министры закрывают дело. ",
  "an3.50:7.6": "Вот каким образом порочный монах рассчитывает на влиятельных людей.",
  "an3.50:7.7": "Обладая этими тремя качествами, этот порочный монах удерживает себя в искалеченном и травмированном состоянии, достоин порицания и упрёка со стороны мудрых, порождает много неблагих заслуг».",
  "an3.50:7.8": "Одиннадцатая.",
  "an3.50:7.9": "Малая Глава Пятая.",
  "an3.50:8.0": "Оглавление",
  "an3.50:8.1": "",
  "an3.50:8.2": "",
  "an3.50:8.3": "",
  "an3.50:8.4": "",
  "an3.50:8.5": ""
}