{
  "an3.97:0.1": "Восходящие Наставления 3.97",
  "an3.97:0.2": "Глава Лонакапалла",
  "an3.97:0.3": "Сутта Чистокровный Скакун Вторая",
  "an3.97:1.1": "«Монахи, обладая тремя факторами, царский превосходный чистокровный скакун достоин царя, является принадлежностью царя, считается одним из факторов царствования. ",
  "an3.97:1.2": "Какими тремя?",
  "an3.97:1.3": "Красотой, силой, скоростью.",
  "an3.97:1.4": "Обладая этими тремя факторами, царский превосходный чистокровный скакун достоин царя, является принадлежностью царя, считается одним из факторов царствования.",
  "an3.97:1.5": "Точно также, обладая тремя качествами, монах достоин даров, достоин гостеприимства, достоин подношений, достоин почтительного приветствия – непревзойдённое поле заслуг для мира. ",
  "an3.97:1.6": "Какими тремя? ",
  "an3.97:1.7": "Красотой, силой, скоростью. ",
  "an3.97:2.1": "И каким образом монах обладает красотой? ",
  "an3.97:2.2": "Вот монах нравственен… Возложив на себя правила тренировки, он тренируется в них. ",
  "an3.97:2.3": "Вот каким образом монах обладает красотой.",
  "an3.97:3.1": "И каким образом монах обладает силой? ",
  "an3.97:3.2": "Вот монах зародил усердие к оставлению неблагих качеств и к обретению благих качеств. [В этом] он силён, упорен в старании, не отложил [своей] обязанности развивать благие качества. ",
  "an3.97:3.3": "Вот каким образом монах обладает силой.",
  "an3.97:4.1": "И каким образом монах обладает скоростью? ",
  "an3.97:4.2": "Вот с полным уничтожением пяти нижних оков монах является тем, кто родится спонтанно [в мире Чистых Обителей] и обретёт там окончательную ниббану, никогда более не возвращаясь обратно из того мира [в этот]. ",
  "an3.97:4.3": "Вот каким образом монах обладает скоростью.",
  "an3.97:4.4": "Обладая этими тремя качествами, монах достоин даров, достоин гостеприимства, достоин подношений, достоин почтительного приветствия – непревзойдённое поле заслуг для мира».",
  "an3.97:4.5": "Шестая."
}