{
  "an3.42:0.1": "Восходящие Наставления 3.42",
  "an3.42:0.2": "Малая Глава ",
  "an3.42:0.3": "Сутта Три Факта",
  "an3.42:1.1": "«Монахи, в трёх случаях о человеке можно понять, что он наделён верой и уверенностью. ",
  "an3.42:1.2": "В каких трёх? ",
  "an3.42:1.3": "Когда он желает увидеть тех, кто обладает нравственным поведением; когда он желает услышать благую Дхамму; и когда он пребывает дома с умом, лишённым пятна скупости, щедрым, открытым, радуется оставлению, предан благотворительности, радуется дарению и разделению. ",
  "an3.42:1.4": "В этих трёх случаях о человеке можно понять, что он наделён верой и уверенностью». ",
  "an3.42:2.1": "«Тот, кто желает нравственных людей увидеть,",
  "an3.42:2.2": "Тот, слушать кто благую Дхамму хочет,",
  "an3.42:2.3": "Тот, устранил кто скаредности пятна,",
  "an3.42:2.4": "Зовётся тем, кто обладает верой».",
  "an3.42:2.5": "Вторая."
}