{
  "an3.47:0.1": "Восходящие Наставления 3.47",
  "an3.47:0.2": "Малая Глава ",
  "an3.47:0.3": "Сутта Характеристика Обусловленного",
  "an3.47:1.1": "«Монахи, есть эти три характеристики, определяющие обусловленное. ",
  "an3.47:1.2": "Какие три? ",
  "an3.47:1.3": "Видно возникновение [обусловленного], видно угасание [обусловленного], видно изменение [обусловленного] по мере того, как оно наличествует. ",
  "an3.47:1.4": "Таковы три характеристики, определяющие обусловленное.",
  "an3.47:1.5": "Седьмая.",
  "an3.47:2.0": "Сутта Характеристика Необусловленного",
  "an3.47:2.1": "Монахи, есть эти три характеристики, определяющие необусловленное. ",
  "an3.47:2.2": "Какие три? ",
  "an3.47:2.3": "Не видно возникновения [необусловленного], не видно угасания [необусловленного], не видно изменения [необусловленного] по мере того, как оно наличествует. ",
  "an3.47:2.4": "Таковы три характеристики, определяющие необусловленноe».",
  "an3.47:2.5": "Восьмая."
}