{
  "an3.8:0.1": "Восходящие Наставления 3.8",
  "an3.8:0.2": "Глава Бала",
  "an3.8:0.3": "Сутта Вредоносный",
  "an3.8:1.1": "«Монахи, того, кто обладает тремя качествами, следует знать глупцом. ",
  "an3.8:1.2": "Какими тремя?",
  "an3.8:1.3": "Вредоносным телесным поведением, вредоносным словесным поведением, вредоносным умственным поведением… не-вредоносным телесным… словесным… умственным поведением. ",
  "an3.8:1.4": "Того, кто обладает этими тремя качествами, следует знать мудрецом.",
  "an3.8:2.1": "Поэтому, монахи, вот как вы должны тренировать себя: ",
  "an3.8:2.2": "«Мы будем избегать трёх качеств, обладая которыми, человек считается глупцом, и мы будем предпринимать и практиковать три качества, обладая которыми, человек считается мудрецом». ",
  "an3.8:2.3": "Вот как вы должны тренировать себя».",
  "an3.8:2.4": "Восьмая."
}