{
  "an3.59:0.1": "Восходящие Наставления 3.59",
  "an3.59:0.2": "Глава Брахман",
  "an3.59:0.3": "Сутта Джануссони",
  "an3.59:1.1": "И тогда брахман Джануссони подошёл к Благословенному и обменялся с ним вежливыми приветствиями. После обмена вежливыми приветствиями и любезностями он сел рядом. Затем, сидя рядом, брахман Джануссони Благословенному это сказал: ",
  "an3.59:1.2": "«Мастер Готама, тот, у кого есть жертвование, памятное кушанье, приготовленная еда для подношения, или же что-либо, что можно подать, должен давать [этот свой] дар брахманам, которые мастера тройственного знания».",
  "an3.59:1.3": "«Но как, брахман, брахманы описывают брахмана, который мастер тройственного знания?»",
  "an3.59:1.4": "«Мастер Готама, вот брахман хорошо рождён с обеих сторон – как с материнской, так и с отцовской. У него чистейшая родословная, неопровержимая и безупречная в отношении происхождения до седьмого колена по отцовской линии. Он декламатор и сохранитель гимнов, знаток трёх Вед с их словарями, ритуалами, фонологией, этимологией и, как пятое, историями. Он умелый в филологии и грамматике, прекрасно сведущ в натурфилософии и знаках великого человека. ",
  "an3.59:1.5": "Вот каким образом брахманы описывают брахмана, который мастер тройственного знания».",
  "an3.59:2.1": "«Брахман, мастер тройственного знания в Учении Благородных довольно-таки отличается от мастера тройственного знания, которого описывают брахманы».",
  "an3.59:2.2": "«Но каким образом, Мастер Готама, кто-либо является мастером тройственного знания в Учении Благородных? ",
  "an3.59:2.3": "Было бы хорошо, если бы Мастер Готама научил бы меня Дхамме так, чтобы прояснить то, каким образом человек является мастером тройственного знания в Учении Благородных».",
  "an3.59:2.4": "«В таком случае, брахман, слушай внимательно. Я буду говорить».",
  "an3.59:2.5": "«Да, почтенный» – ответил брахман Тиканна. ",
  "an3.59:2.6": "Благословенный сказал:",
  "an3.59:3.1": "«Вот, брахман, будучи отстранённым от чувственных удовольствий, отстранённым от неблагих состояний [ума], монах входит и пребывает в первой джхане… ",
  "an3.59:3.2": " …четвёртой джхане, которая ни-приятна-ни-болезненна, характерна чистейшей осознанностью из-за невозмутимости.",
  "an3.59:4.1": "Когда его ум стал таким сосредоточенным, очищенным, ярким, незамутнённым, лишённым загрязнений, податливым, мягким, устойчивым и достигшим непоколебимости, он направляет его к знанию воспоминания прошлых обителей… ",
  "an3.59:4.2": "Так он вспоминает многочисленные прошлые обители в подробностях и деталях.",
  "an3.59:4.3": "Таково первое истинное знание, обретённое им. ",
  "an3.59:4.4": "Невежество развеяно, истинное знание возникло. Тьма развеяна, свет возник. Вот как происходит с тем, кто пребывает прилежным, старательным, решительным.",
  "an3.59:5.1": "Когда его ум стал таким сосредоточенным… он направляет его к знанию смерти и перерождения существ… ",
  "an3.59:5.2": "Так, посредством божественного глаза, очищенного и превосходящего человеческий, он видит смерть и перерождение существ, он различает низших и великих, красивых и уродливых, счастливых и несчастных, в соответствии с их каммой.",
  "an3.59:5.3": "Таково второе истинное знание, обретённое им. ",
  "an3.59:5.4": "Невежество развеяно, истинное знание возникло. Тьма развеяна, свет возник. Вот как происходит с тем, кто пребывает прилежным, старательным, решительным.",
  "an3.59:6.1": "Когда его ум стал таким сосредоточенным… он направляет его к знанию уничтожения пятен [загрязнений ума]… ",
  "an3.59:6.2": "",
  "an3.59:6.3": "",
  "an3.59:6.4": "",
  "an3.59:6.5": "",
  "an3.59:6.6": "Он распознаёт: «Рождение уничтожено, святая жизнь прожита, сделано то, что следовало сделать, не будет более возвращения в какое-либо состояние существования».",
  "an3.59:6.7": "Таково третье истинное знание, обретённое им. ",
  "an3.59:6.8": "Невежество развеяно, истинное знание возникло. Тьма развеяна, свет возник. Вот как происходит с тем, кто пребывает прилежным, старательным, решительным». ",
  "an3.59:7.1": "«Кто в нравственности совершенен, в предписаниях,",
  "an3.59:7.2": "Кто собран и решителен [всегда],",
  "an3.59:7.3": "И кто умом смог овладеть своим,",
  "an3.59:7.4": "Сосредоточенным, однонаправленным,",
  "an3.59:8.1": "Кто знает прошлые свои рожденья,",
  "an3.59:8.2": "Кто видел небеса и нижние миры,",
  "an3.59:8.3": "И кто достиг рождений прекращения –",
  "an3.59:8.4": "Тот напрямую видящий мудрец.",
  "an3.59:9.1": "И из-за тройки этих самых знаний",
  "an3.59:9.2": "Становятся брахманом таковым.",
  "an3.59:9.3": "Его зову я мастером трёх знаний,",
  "an3.59:9.4": "А не того, стихи бормочет кто».",
  "an3.59:10.1": "Вот каким образом, брахман, человек является мастером тройственного знания в Учении Благородных».",
  "an3.59:10.2": "«Мастер Готама, мастер тройственного знания в Учении Благородных довольно-таки отличается от мастера тройственного знания, которого описывают брахманы. ",
  "an3.59:10.3": "И мастер тройственного знания, которого описывают брахманы, не стоит и одной шестнадцатой мастера тройственного знания в Учении Благородных.",
  "an3.59:11.1": "Великолепно, Мастер Готама! Великолепно, Мастер Готама!…",
  "an3.59:11.2": "Пусть Мастер Готама помнит меня как мирского последователя, принявшего прибежище с этого дня и на всю жизнь».",
  "an3.59:11.3": "Девятая."
}