{
  "an3.57:0.1": "Восходящие Наставления 3.57",
  "an3.57:0.2": "Глава Брахман",
  "an3.57:0.3": "Сутта Ваччхаготта ",
  "an3.57:1.1": "И тогда странник Ваччхаготта подошёл к Благословенному и обменялся с ним вежливыми приветствиями. ",
  "an3.57:1.2": "После обмена вежливыми приветствиями и любезностями он сел рядом и сказал ему: ",
  "an3.57:1.3": "«Мастер Готама, вот что я слышал: «Отшельник Готама говорит так: ",
  "an3.57:1.4": "«Подаяния следует давать только мне, а не другим. ",
  "an3.57:1.5": "Подаяния следует давать только моим ученикам, а не ученикам других. ",
  "an3.57:1.6": "Только то, что было подарено мне, приносит большой плод, а не то, что подарено другим. ",
  "an3.57:1.7": "Только то, что подарено моим ученикам, приносит большой плод, а не то, что подарено ученикам других». ",
  "an3.57:1.8": "Те, кто говорят это, ",
  "an3.57:1.9": "",
  "an3.57:1.10": "",
  "an3.57:1.11": "",
  "an3.57:1.12": "",
  "an3.57:1.13": "говорят ли именно так, как это было сказано Благословенным, и не говорят ли того, что было бы противоположным действительности? Объясняют ли они в соответствии с Дхаммой, так что их утверждение не влечёт за собой уместной почвы для критики? ",
  "an3.57:1.14": "Потому что мы не хотели бы искажать сказанное Благословенным».",
  "an3.57:2.1": "«Ваччха, те, кто говорят: ",
  "an3.57:2.2": "«Отшельник Готама говорит так: ",
  "an3.57:2.3": "«Подаяния следует давать только мне…» – ",
  "an3.57:2.4": "",
  "an3.57:2.5": "не говорят того, что было сказано мной, искажают сказанное мной тем, что является неправдой, тем, что противоречит действительности. ",
  "an3.57:2.6": "Тот, кто не даёт другому совершить дарение, создаёт преграду и камень преткновения для трёх людей. ",
  "an3.57:2.7": "Каких трёх?",
  "an3.57:2.8": "Для дающего он создаёт преграду обрести заслугу, для получающего – получить дар, и он себя уже изувечил и искалечил сам. ",
  "an3.57:2.9": "Тот, кто не даёт другому совершить дарение, создаёт преграду и камень преткновения для этих трёх людей.",
  "an3.57:3.1": "Но, Ваччха, я утверждаю, ",
  "an3.57:3.2": "что человек обретает заслугу, даже если после мытья посуды выбросит воду в помойную яму или сточную канаву с мыслью: ",
  "an3.57:3.3": "«Пусть существа, живущие здесь, поддержат себя этим [пропитанием]!» ",
  "an3.57:3.4": "Что уж говорить о том, когда кто-либо даёт [дар] человеческим существам!",
  "an3.57:3.5": "Однако, я утверждаю, что дар тому, кто обладает нравственным поведением, принесёт больший плод, чем [дар] безнравственному человеку. И [самым достойным получателем] является тот, кто отбросил пять факторов и наделён пятью факторами.",
  "an3.57:4.1": "И какие пять факторов он отбросил?",
  "an3.57:4.2": "Чувственное желание, недоброжелательность, лень и апатию, неугомонность и сожаление, сомнение.",
  "an3.57:4.3": "",
  "an3.57:5.1": "И какими пятью факторами он наделён?",
  "an3.57:5.2": "Нравственным поведением, сосредоточением, мудростью, освобождением, знанием и видением освобождения того, кто окончил тренировку.",
  "an3.57:5.3": "Таковы пять факторов, которыми он наделён. ",
  "an3.57:5.4": "Вот каким образом, я говорю тебе, дар тому, кто отбросил пять факторов и наделён пятью факторами, приносит очень хороший результат». ",
  "an3.57:6.1": "«Среди всех копытных, что в мире живут,",
  "an3.57:6.2": "Тех, белый кто, чёрный иль красный на вид,",
  "an3.57:6.3": "Иль сизый, а может быть и золотой,",
  "an3.57:6.4": "Хоть цветом одним или в крапинку весь,",
  "an3.57:7.1": "Рождается бык, что приручен уже.",
  "an3.57:7.2": "Он может тяжёлые грузы тащить,",
  "an3.57:7.3": "Он сильный и быстрым он шагом идёт.",
  "an3.57:7.4": "И груз тогда взвалят они на него,",
  "an3.57:7.5": "И их не волнует окрас у быка.",
  "an3.57:7.6": "И точно ведь также и среди людей",
  "an3.57:8.1": "Различные виды рождения есть:",
  "an3.57:8.2": "Есть кхаттии, вессы и брахманы есть,",
  "an3.57:8.3": "Есть сборщики мусора, судды, чандалы.",
  "an3.57:8.4": "И в группе родиться ведь может в любой",
  "an3.57:9.1": "Прирученный, добрый во всём человек:",
  "an3.57:9.2": "Устойчивый в Дхамме, благой в поведении,",
  "an3.57:9.3": "Правдивый в речах, кто стыда не лишён.",
  "an3.57:9.4": "Он тот, кто оставил рождение и смерть,",
  "an3.57:10.1": "И жизнь он святую довёл до конца.",
  "an3.57:10.2": "Он тяготы сбросил, и он отделён,",
  "an3.57:10.3": "Свободный от пятен задачу свершил.",
  "an3.57:10.4": "Он вышел за грань всяких разных вещей,",
  "an3.57:11.1": "И он не-цеплянием ниббаны достиг.",
  "an3.57:11.2": "Воистину дар величайшее даст,",
  "an3.57:11.3": "Коль будет посажен на поле таком.",
  "an3.57:11.4": "Глупцы понимания же лишены,",
  "an3.57:12.1": "Тупые умом, в них учёности нет.",
  "an3.57:12.2": "Святых навещать не желают они,",
  "an3.57:12.3": "Но людям сторонним подарки дают.",
  "an3.57:12.4": "Но те, кто желают святых навещать,",
  "an3.57:13.1": "Мудрейших, провидцами коих зовут,",
  "an3.57:13.2": "Как те, кто в Счастливого веру [взрастил],",
  "an3.57:13.3": "Упрочил её, хорошо утвердил,",
  "an3.57:13.4": "Отправятся в мир тот, где дэвы живут,",
  "an3.57:14.1": "А может, родятся в хорошей семье.",
  "an3.57:14.2": "И так, шаг за шагом стремясь всё вперёд,",
  "an3.57:14.3": "ниббаны достигнет ",
  "an3.57:14.4": "Мудрейший».",
  "an3.57:14.5": "Седьмая."
}