{
  "an3.89:0.1": "Восходящие Наставления 3.89",
  "an3.89:0.2": "Глава Шаман",
  "an3.89:0.3": "Сутта Три Тренировки Первая",
  "an3.89:1.1": "«Монахи, есть эти три тренировки. ",
  "an3.89:1.2": "Какие три? ",
  "an3.89:1.3": "Тренировка в высшей нравственности, тренировка в высшем уме, и тренировка в высшей мудрости.",
  "an3.89:2.1": "И что такое, монахи, тренировка в высшей нравственности? ",
  "an3.89:2.2": "Вот монах нравственен… Возложив на себя правила тренировки, он тренируется в них. ",
  "an3.89:2.3": "Это называется тренировкой в высшей нравственности.",
  "an3.89:3.1": "И что такое, монахи, тренировка в высшем уме? ",
  "an3.89:3.2": "Вот, будучи отстранённым от чувственных удовольствий, отстранённым от неблагих состояний [ума], монах входит и пребывает в первой джхане… четвёртой джхане, которая ни-приятна-ни-болезненна, характерна чистейшей осознанностью из-за невозмутимости. ",
  "an3.89:3.3": "Это называется тренировкой в высшем уме.",
  "an3.89:4.1": "И что такое, монахи, тренировка в высшей мудрости? ",
  "an3.89:4.2": "Вот монах понимает в соответствии с действительностью: «Это – боль»… «Это – к истечению боли ведущая практика». ",
  "an3.89:4.3": "Это называется тренировкой в высшей мудрости.",
  "an3.89:4.4": "Таковы, монахи, три тренировки».",
  "an3.89:4.5": "Девятая."
}