{
  "an3.113:0.1": "Восходящие Наставления 3.113",
  "an3.113:0.2": "Глава Апаика",
  "an3.113:0.3": "Сутта Направляется в Состояние Страданий",
  "an3.113:1.1": "«Монахи, есть эти трое, которые, если не отбросят [своих пороков], направляются в состояние страданий, направляются в ад. ",
  "an3.113:1.2": "Кто эти трое? ",
  "an3.113:1.3": "Тот, кто не ведёт целомудренной жизни, но заявляет о том, что ведёт целомудренную жизнь. ",
  "an3.113:1.4": "Тот, кто клевещет [на того], кто ведёт чистую целомудренную жизнь, беспочвенно обвиняя его в не-целомудренности. ",
  "an3.113:1.5": "Тот, кто придерживается такой доктрины и такого воззрения как это: «Нет изъяна в чувственных удовольствиях», и затем пускается в потакание чувственным удовольствиям». ",
  "an3.113:1.6": "Таковы эти трое, которые, если не отбросят [своих пороков], направляются в состояние страданий, направляются в ад».",
  "an3.113:1.7": "Первая."
}