{
  "an3.128:0.1": "Восходящие Наставления 3.128",
  "an3.128:0.2": "Глава Бхаранду",
  "an3.128:0.3": "Сутта Испачканность",
  "an3.128:1.1": "Однажды Благословенный пребывал в Варанаси в Оленьем Парке в Исипатане. ",
  "an3.128:1.2": "И тогда, утром, Благословенный оделся, взял чашу и одеяние и вошёл в Варанаси за подаяниями. ",
  "an3.128:1.3": "По мере того как он ходил в поисках подаяний, [проходя] возле фигового дерева, к которому привязывали крупный рогатый скот, Благословенный увидел недовольного [ведением святой жизни] монаха, [ищущего] удовольствия вовне, с замутнённым умом, не бдительного, не сосредоточенного, с блуждающим умом и распущенными органами чувств. ",
  "an3.128:1.4": "Увидев его, он сказал тому монаху:",
  "an3.128:2.1": "«Монах, монах! Не испачкай себя! ",
  "an3.128:2.2": "Ведь, монах, мухи неминуемо будут преследовать и нападать на того, кто испачкал себя, запятнал [себя] вонью».",
  "an3.128:2.3": "Когда Благословенный наставил его так, тот монах обрёл чувство безотлагательности [практики].",
  "an3.128:2.4": "И когда Благословенный походил по Варанаси в поисках подаяний, после принятия пищи, вернувшись с хождения за подаяниями, он обратился к монахам:",
  "an3.128:3.1": "«Монахи, утром я оделся… ",
  "an3.128:3.2": "",
  "an3.128:3.3": "",
  "an3.128:4.1": "",
  "an3.128:4.2": "",
  "an3.128:4.3": "когда я наставил его так, тот монах обрёл чувство безотлагательности [практики]».",
  "an3.128:4.4": "Когда так было сказано, некий монах спросил Благословенного: ",
  "an3.128:4.5": "«Но, Учитель, что означает «испачканность»? ",
  "an3.128:4.6": "Что такое «вонь»? ",
  "an3.128:4.7": "Что такое «мухи»?",
  "an3.128:5.1": "«Жажда, монахи, вот что означает «испачканность». ",
  "an3.128:5.2": "Недоброжелательность является «вонью». ",
  "an3.128:5.3": "Плохие неблагие мысли – это «мухи». ",
  "an3.128:5.4": "Мухи неминуемо будут преследовать и нападать на того, кто испачкал себя, запятнал [себя] вонью». ",
  "an3.128:6.1": "«Мухи – те мысли, что основаны на жажде –",
  "an3.128:6.2": "Будут бежать за ним, преследовать его,",
  "an3.128:6.3": "Того, не контролирует кто двери своих чувств,",
  "an3.128:6.4": "И пребывает без охраны в своём ухе, глазе.",
  "an3.128:7.1": "Монах, испачкался который",
  "an3.128:7.2": "И вонью запятнал себя,",
  "an3.128:7.3": "Далёк весьма он от ниббаны",
  "an3.128:7.4": "И пожинает лишь страдание он.",
  "an3.128:8.1": "Будь он в деревне или в лесной чаще,",
  "an3.128:8.2": "Глупый, немудрый этот человек,",
  "an3.128:8.3": "Покоя для себя не обнаружив,",
  "an3.128:8.4": "Ходит, преследуемый стаей мух.",
  "an3.128:9.1": "Но те, кто в нравственности совершенны,",
  "an3.128:9.2": "И радуются мудрости, покою,",
  "an3.128:9.3": "Те безмятежно, счастливо живут,",
  "an3.128:9.4": "Ведь мух всех уничтожили они».",
  "an3.128:9.5": "Шестая."
}