{
  "an3.78:0.1": "Восходящие Наставления 3.78",
  "an3.78:0.2": "Глава Ананда",
  "an3.78:0.3": "Сутта Правила поведения и предписания",
  "an3.78:1.1": "И тогда Достопочтенный Ананда подошёл к Благословенному, поклонился ему и сел рядом. Затем Благословенный сказал ему: ",
  "an3.78:1.2": "«Ананда, все ли правила поведения и предписания, [все ли виды аскетического] образа жизни, и [все ли виды] святой жизни являются плодотворными, будучи установленными в качестве [наиважнейшей] сути?»",
  "an3.78:1.3": "«Не все, Учитель».",
  "an3.78:1.4": "«В таком случае, Ананда, проведи различие [между ними]».",
  "an3.78:2.1": "«Учитель, представьте, как некий человек взращивает [определённые] правила поведения и предписания, [аскетический] образ жизни и святую жизнь, устанавливая их в качестве [наиважнейшей] сути. ",
  "an3.78:2.2": "Если в этом случае неблагие качества увеличиваются [в нём], а благие качества уменьшаются, то такие правила поведения и предписания, [аскетический] образ жизни и святая жизнь, установленные в качестве [наиважнейшей] сути, являются бесплодными. Но если неблагие качества уменьшаются, а благие качества увеличиваются, то такие правила поведения и предписания, [аскетический] образ жизни и святая жизнь, установленные в качестве [наиважнейшей] сути, являются плодотворными».",
  "an3.78:2.3": "Так сказал Достопочтенный Ананда. ",
  "an3.78:2.4": "Учитель согласился. ",
  "an3.78:3.1": "И тогда Достопочтенный Ананда, подумав: «Учитель согласился», поклонился Благословенному и, обойдя его с правой стороны, ушёл.",
  "an3.78:3.2": "И вскоре после того как Достопочтенный Ананда ушёл, Благословенный обратился к монахам: ",
  "an3.78:3.3": "«Монахи, Ананда является учеником, ",
  "an3.78:3.4": "но не просто найти того, кто мог бы сравниться с ним в мудрости».",
  "an3.78:3.5": "Восьмая."
}