{
  "an3.10:0.1": "Восходящие Наставления 3.10",
  "an3.10:0.2": "Глава Бала",
  "an3.10:0.3": "Сутта Грязь",
  "an3.10:1.1": "«Монахи, обладая тремя качествами и не отбросив трёх пятен, человек оказывается в аду, как если бы его туда затянули силой. ",
  "an3.10:1.2": "Какими тремя? ",
  "an3.10:1.3": "Он безнравственный и не отбросил пятна безнравственности. ",
  "an3.10:1.4": "Он завистливый и не отбросил пятна зависти. ",
  "an3.10:1.5": "Он скупой и не отбросил пятна скупости. ",
  "an3.10:1.6": "Обладая этими тремя качествами и не отбросив этих трёх пятен, человек оказывается в аду, как если бы его туда затянули силой.",
  "an3.10:2.1": "Монахи, обладая тремя качествами, и отбросив три пятна, человек оказывается в небесном мире, как если бы его туда затянули силой. ",
  "an3.10:2.2": "Какими тремя? ",
  "an3.10:2.3": "Он нравственный и отбросил пятно безнравственности. ",
  "an3.10:2.4": "Он не завистливый и отбросил пятно зависти. ",
  "an3.10:2.5": "Он не скупой и отбросил пятно скупости. ",
  "an3.10:2.6": "Обладая этими тремя качествами и отбросив эти три пятна, человек оказывается в небесном мире, как если бы его туда затянули силой».",
  "an3.10:2.7": "Десятая.",
  "an3.10:2.8": "Глава Бала Первая.",
  "an3.10:3.0": "Оглавление",
  "an3.10:3.1": "",
  "an3.10:3.2": "",
  "an3.10:3.3": "",
  "an3.10:3.4": ""
}