{
  "an3.58:0.1": "Восходящие Наставления 3.58",
  "an3.58:0.2": "Глава Брахман",
  "an3.58:0.3": "Сутта Тиканна",
  "an3.58:1.1": "И тогда брахман Тиканна подошёл к Благословенному и обменялся с ним вежливыми приветствиями. После обмена вежливыми приветствиями и любезностями он сел рядом. ",
  "an3.58:1.2": "Затем, сидя рядом, брахман Тиканна в присутствии Благословенного произнёс восхваление брахманам, которые освоили тройственное знание: ",
  "an3.58:1.3": "«Таковы брахманы – мастера тройственного знания. Таковы брахманы – мастера тройственного знания».",
  "an3.58:2.1": "«Но как, брахман, брахманы описывают брахмана, который мастер тройственного знания?»",
  "an3.58:2.2": "«Мастер Готама, вот брахман хорошо рождён с обеих сторон – как с материнской, так и с отцовской. У него чистейшая родословная, неопровержимая и безупречная в отношении происхождения до седьмого колена по отцовской линии. Он декламатор и сохранитель гимнов, знаток трёх Вед с их словарями, ритуалами, фонологией, этимологией и, как пятое, историями. Он умелый в филологии и грамматике, прекрасно сведущ в натурфилософии и знаках великого человека. ",
  "an3.58:2.3": "Вот каким образом брахманы описывают брахмана, который мастер тройственного знания».",
  "an3.58:3.1": "«Брахман, мастер тройственного знания в Учении Благородных довольно-таки отличается от мастера тройственного знания, которого описывают брахманы».",
  "an3.58:3.2": "«Но каким образом, Мастер Готама, кто-либо является мастером тройственного знания в Учении Благородных? ",
  "an3.58:3.3": "Было бы хорошо, если бы Мастер Готама научил бы меня Дхамме так, чтобы прояснить то, каким образом человек является мастером тройственного знания в Учении Благородных».",
  "an3.58:3.4": "«В таком случае, брахман, слушай внимательно. Я буду говорить».",
  "an3.58:3.5": "«Да, почтенный» – ответил брахман Тиканна. ",
  "an3.58:3.6": "Благословенный сказал:",
  "an3.58:4.1": "«Вот, брахман, будучи отстранённым от чувственных удовольствий, отстранённым от неблагих состояний [ума], монах входит и пребывает в первой джхане… ",
  "an3.58:4.2": "",
  "an3.58:4.3": "",
  "an3.58:4.4": " …четвёртой джхане, которая ни-приятна-ни-болезненна, характерна чистейшей осознанностью из-за невозмутимости.",
  "an3.58:5.1": "Когда его ум стал таким сосредоточенным, очищенным, ярким, незамутнённым, лишённым загрязнений, податливым, мягким, устойчивым и достигшим непоколебимости, он направляет его к знанию воспоминания прошлых обителей… ",
  "an3.58:5.2": "Так он вспоминает многочисленные прошлые обители в подробностях и деталях.",
  "an3.58:5.3": "Таково первое истинное знание, обретённое им. ",
  "an3.58:5.4": "Невежество развеяно, истинное знание возникло. Тьма развеяна, свет возник. Вот как происходит с тем, кто пребывает прилежным, старательным, решительным.",
  "an3.58:6.1": "Когда его ум стал таким сосредоточенным… он направляет его к знанию смерти и перерождения существ… ",
  "an3.58:6.2": "Так, посредством божественного глаза, очищенного и превосходящего человеческий, он видит смерть и перерождение существ, он различает низших и великих, красивых и уродливых, счастливых и несчастных, в соответствии с их каммой.",
  "an3.58:6.3": "Таково второе истинное знание, обретённое им. ",
  "an3.58:6.4": "Невежество развеяно, истинное знание возникло. Тьма развеяна, свет возник. Вот как происходит с тем, кто пребывает прилежным, старательным, решительным.",
  "an3.58:7.1": "Когда его ум стал таким сосредоточенным… он направляет его к знанию уничтожения пятен [загрязнений ума]… ",
  "an3.58:7.2": "",
  "an3.58:7.3": "",
  "an3.58:7.4": "",
  "an3.58:7.5": "",
  "an3.58:7.6": "Он распознаёт: «Рождение уничтожено, святая жизнь прожита, сделано то, что следовало сделать, не будет более возвращения в какое-либо состояние существования».",
  "an3.58:7.7": "Таково третье истинное знание, обретённое им. ",
  "an3.58:7.8": "Невежество развеяно, истинное знание возникло. Тьма развеяна, свет возник. Вот как происходит с тем, кто пребывает прилежным, старательным, решительным». ",
  "an3.58:8.1": "«Тот, нравственность чья безупречна,",
  "an3.58:8.2": "Кто бдителен, кто медитирует,",
  "an3.58:8.3": "И кто умом смог овладеть своим,",
  "an3.58:8.4": "Сосредоточенным, однонаправленным –",
  "an3.58:9.1": "Мудрец, который разгоняет тьму,",
  "an3.58:9.2": "Владелец знания троичного и победитель смерти.",
  "an3.58:9.3": "И он зовётся оставителем всего,",
  "an3.58:9.4": "И покровителем людей, богов.",
  "an3.58:10.1": "И обладая тройкой этих знаний,",
  "an3.58:10.2": "Он тот, кто не имеет заблуждений.",
  "an3.58:10.3": "И поклоняются они Готаме Будде,",
  "an3.58:10.4": "Последнее кто тело своё носит.",
  "an3.58:11.1": "Кто знает прошлые свои рожденья,",
  "an3.58:11.2": "Кто видел небеса и нижние миры,",
  "an3.58:11.3": "И кто достиг рождений прекращения,",
  "an3.58:11.4": "Тот напрямую видящий мудрец.",
  "an3.58:12.1": "И из-за тройки этих самых знаний",
  "an3.58:12.2": "Становятся брахманом таковым.",
  "an3.58:12.3": "Его зову я мастером трёх знаний,",
  "an3.58:12.4": "А не того, стихи бормочет кто».",
  "an3.58:13.1": "Вот каким образом, брахман, человек является мастером тройственного знания в Учении Благородных».",
  "an3.58:13.2": "«Мастер Готама, мастер тройственного знания в Учении Благородных довольно-таки отличается от мастера тройственного знания, которого описывают брахманы. ",
  "an3.58:13.3": "И мастер тройственного знания, которого описывают брахманы, не стоит и одной шестнадцатой мастера тройственного знания в Учении Благородных.",
  "an3.58:14.1": "Великолепно, Мастер Готама! Великолепно, Мастер Готама!…",
  "an3.58:14.2": "Пусть Мастер Готама помнит меня как мирского последователя, принявшего прибежище с этого дня и на всю жизнь».",
  "an3.58:14.3": "Восьмая."
}