{
  "an3.163:0.1": "Восходящие Наставления 3.163-182",
  "an3.163:0.2": "Сокращение Вектор Действия",
  "an3.163:0.3": "",
  "an3.163:1.1": "«Монахи, тот, кто обладает тремя качествами, оказывается в аду, как если бы его туда затянули силой.",
  "an3.163:1.2": "Какими тремя?",
  "an3.163:1.3": "Он уничтожает жизнь, поощряет других уничтожать жизнь, одобряет уничтожение жизни.",
  "an3.163:1.4": "Тот, кто обладает этими тремя качествами, оказывается в аду, как если бы его туда затянули силой».",
  "an3.164:1.1": "«Монахи, тот, кто обладает тремя качествами, оказывается в небесном мире, как если бы его туда затянули силой.",
  "an3.164:1.2": "Какими тремя?",
  "an3.164:1.3": "Он воздерживается от уничтожения жизни, поощряет других воздерживаться от уничтожения жизни, одобряет воздержание от уничтожения жизни.",
  "an3.165:1.1": "берёт то, что не дано…",
  "an3.166:1.1": "не берёт то, что не дано…",
  "an3.167:1.1": "пускается в неблагое сексуальное поведение…",
  "an3.168:1.1": "не пускается в неблагое сексуальное поведение…",
  "an3.169:1.1": "лжёт…",
  "an3.170:1.1": "не лжёт…",
  "an3.171:1.1": "речью сеет распри…",
  "an3.172:1.1": "речью не сеет распри…",
  "an3.173:1.1": "грубит…",
  "an3.174:1.1": "не грубит…",
  "an3.175:1.1": "пускается в пустую болтовню…",
  "an3.176:1.1": "не пускается в пустую болтовню…",
  "an3.177:1.1": "полон жажды…",
  "an3.178:1.1": "не полон жажды…",
  "an3.179:1.1": "имеет недоброжелательность…",
  "an3.180:1.1": "не имеет недоброжелательность…",
  "an3.181:1.1": "придерживается ошибочного взгляда…",
  "an3.182:1.1": "придерживается правильного взгляда…",
  "an3.182:1.2": "«Этими, монахи, тремя качествами наделенный, оказывается в небесном мире, как если бы его туда затянули силой.",
  "an3.182:1.3": "Сокращение Вектор Действия Закончено.",
  "an3.182:2.0": "Оглавление",
  "an3.182:2.1": "",
  "an3.182:2.2": "",
  "an3.182:2.3": "",
  "an3.182:2.4": "",
  "an3.182:2.5": "",
  "an3.182:2.6": ""
}