{
  "an3.138:0.1": "Восходящие Наставления 3.138",
  "an3.138:0.2": "Глава Йодхаджива",
  "an3.138:0.3": "Сутта Совершенство",
  "an3.138:1.1": "«Монахи, есть эти три совершенства. ",
  "an3.138:1.2": "Какие три?",
  "an3.138:1.3": "совершенство в вере, совершенство в нравственности, совершенство в мудрости.",
  "an3.138:1.4": "Таковы три совершенства».",
  "an3.138:1.5": "Шестая."
}