{
  "an3.9:0.1": "Восходящие Наставления 3.9",
  "an3.9:0.2": "Глава Бала",
  "an3.9:0.3": "Сутта Изувеченный",
  "an3.9:1.1": "«Монахи, обладая тремя качествами, глупый, несведущий, плохой человек содержит себя в изувеченном и искалеченном состоянии. Он достоин порицания и критики со стороны мудрых. И он порождает множество неблагих заслуг. ",
  "an3.9:1.2": "Какими тремя?",
  "an3.9:1.3": "телесным неблагим поведением, словесным неблагим поведением, умственным неблагим поведением.",
  "an3.9:1.4": "Обладая этими тремя качествами… порождает множество неблагих заслуг. ",
  "an3.9:2.1": "Монахи, обладая [другими] тремя качествами, мудрый, сведущий, хороший человек содержит себя в неизувеченном и неискалеченном состоянии. Он безукоризненный и не критикуется мудрыми. И он порождает множество благих заслуг. ",
  "an3.9:2.2": "Какими тремя? ",
  "an3.9:2.3": "Телесным… словесным… умственным благим поведением. ",
  "an3.9:2.4": "Обладая этими тремя качествами… порождает множество благих заслуг».",
  "an3.9:2.5": "Девятая."
}