{
  "an6.109:0.1": "Восходящие Наставления 6.109",
  "an6.109:0.2": "Глава Тика ",
  "an6.109:0.3": "Сутта Мысли ",
  "an6.109:1.1": "“Монахи, есть эти три вещи. ",
  "an6.109:1.2": "Какие три? ",
  "an6.109:1.3": "Чувственная мысль, недоброжелательная мысль, мысль о причинении вреда. ",
  "an6.109:1.4": "Таковы три вещи. ",
  "an6.109:1.5": "Три [иные] вещи следует развить ради отбрасывания этих трёх вещей. ",
  "an6.109:1.6": "Какие три? ",
  "an6.109:1.7": "Мысль об отречении следует развить для отбрасывания чувственной мысли. Доброжелательную мысль следует развить для отбрасывания недоброжелательной мысли. Мысль о безвредности следует развить для отбрасывания мысли о причинении вреда. ",
  "an6.109:1.8": "Эти три вещи следует развить ради отбрасывания первых трёх вещей”.",
  "an6.109:1.9": "Третья."
}