{
  "an6.1:0.1": "Восходящие Наставления 6.1",
  "an6.1:0.2": "Глава Ахунейя ",
  "an6.1:0.3": "Сутта Достойный даров Первая ",
  "an6.1:1.1": "Так я слышал. ",
  "an6.1:1.2": "Однажды Благословенный пребывал в Саваттхи в роще Джеты в монастыре Анатхапиндики. ",
  "an6.1:1.3": "Там Благословенный обратился к монахам: ",
  "an6.1:1.4": "“Монахи!” ",
  "an6.1:1.5": "“Достопочтенный!” – отвечали те монахи. ",
  "an6.1:1.6": "Благословенный сказал: ",
  "an6.1:2.1": "“Монахи, обладая шестью качествами, монах достоин даров, достоин гостеприимства, достоин подношений, достоин почтительного приветствия – непревзойдённое поле заслуг для мира. ",
  "an6.1:2.2": "Какими шестью? ",
  "an6.1:2.3": "Вот, увидев форму глазом, монах ни обрадован, ни опечален, но пребывает невозмутимым, осознанным и бдительным. ",
  "an6.1:2.4": "Услышав ухом звук… ",
  "an6.1:2.5": "Учуяв носом запах… ",
  "an6.1:2.6": "Ощутив языком вкус… ",
  "an6.1:2.7": "Почувствовав тактильное ощущение телом… ",
  "an6.1:2.8": "Познав ментальный феномен умом, монах ни обрадован, ни опечален, но пребывает невозмутимым, осознанным и бдительным. ",
  "an6.1:2.9": "Обладая этими шестью качествами, монах достоин даров, достоин гостеприимства, достоин подношений, достоин почтительного приветствия – непревзойдённое поле заслуг для мира”. ",
  "an6.1:3.1": "Так сказал Благословенный. ",
  "an6.1:3.2": "Обрадованные, монахи восхитились словами Благословенного.",
  "an6.1:3.3": "Первая."
}