{
  "an6.119:0.1": "Восходящие Наставления 6.119",
  "an6.119:0.2": "Глава Саманнья ",
  "an6.119:0.3": "Сутта Тапусса ",
  "an6.119:1.1": "“Монахи, обладая шестью качествами, домохозяин Тапусса достиг уверенности в отношении Татхагаты, стал видящим бессмертного, тем, кто живёт, реализовав бессмертное. ",
  "an6.119:1.2": "Какими шестью? ",
  "an6.119:1.3": "Непоколебимой уверенностью в Буддe, непоколебимой уверенностью в Дхамме, непоколебимой уверенностью в Сангхе, благородным нравственным поведением, благородным знанием, благородным освобождением. ",
  "an6.119:1.4": "Обладая этими шестью качествами, домохозяин Тапусса достиг уверенности в отношении Татхагаты, стал видящим бессмертного, тем, кто живёт, реализовав бессмертное”.",
  "an6.119:1.5": "Третья."
}