{
  "an6.22:0.1": "Восходящие Наставления 6.22",
  "an6.22:0.2": "Глава Ануттария",
  "an6.22:0.3": "Сутта Не-упадок ",
  "an6.22:1.1": "“Монахи, я научу вас шести качествам, которые ведут к не-упадку. Слушайте внимательно. Я буду говорить”. ",
  "an6.22:1.2": "“И каковы, монахи, шесть качеств, которые ведут к не-упадку? ",
  "an6.22:1.3": "Отсутствие наслаждения работой, отсутствие наслаждения разговорами, отсутствие наслаждения сном, отсутствие наслаждения компанией, лёгкость исправить, дружба с хорошими друзьями. ",
  "an6.22:1.4": "Таковы шесть качеств, которые ведут к не-упадку. ",
  "an6.22:2.1": "Монахи, все те, кто в прошлом не ниспадали в благих качествах, не ниспадали из-за этих шести качеств. ",
  "an6.22:2.2": "Все те, кто в будущем не ниспадут в благих качествах, не ниспадут из-за этих шести качеств. ",
  "an6.22:2.3": "Все те, кто в настоящем не ниспадают в благих качествах, не ниспадают из-за этих шести качеств”.",
  "an6.22:2.4": "Вторая."
}