{
  "an6.65:0.1": "Восходящие Наставления 6.65",
  "an6.65:0.2": "Глава Девата",
  "an6.65:0.3": "Сутта Плод Невозвращения",
  "an6.65:1.1": "“Монахи, не отбросив эти шесть вещей, человек не способен реализовать плод не-возвращения. ",
  "an6.65:1.2": "Какие шесть?",
  "an6.65:1.3": "Отсутствие веры, отсутствие стыда, отсутствие боязни совершить проступок, леность, замутнённость ума, отсутствие мудрости.",
  "an6.65:1.4": "Не отбросив этих шести вещей, человек не способен реализовать плод не-возвращения. ",
  "an6.65:2.1": "Монахи, отбросив эти шесть вещей, человек способен реализовать плод не-возвращения. ",
  "an6.65:2.2": "Какие шесть? ",
  "an6.65:2.3": "Отсутствие веры… отсутствие мудрости. ",
  "an6.65:2.4": "Отбросив эти шесть вещей, человек способен реализовать плод не-возвращения”.",
  "an6.65:2.5": "Первая."
}