{
  "an6.107:0.1": "Восходящие Наставления 6.107",
  "an6.107:0.2": "Глава Тика ",
  "an6.107:0.3": "Сутта Страсть ",
  "an6.107:1.1": "“Монахи, есть эти три вещи. ",
  "an6.107:1.2": "Какие три? ",
  "an6.107:1.3": "Страсть, ненависть, заблуждение. ",
  "an6.107:1.4": "Таковы три вещи. ",
  "an6.107:1.5": "Три [иные] вещи следует развить ради отбрасывания этих трёх вещей. ",
  "an6.107:1.6": "Какие три? ",
  "an6.107:1.7": "Непривлекательность следует развить для отбрасывания жажды. Доброжелательность следует развить для отбрасывания ненависти. Мудрость следует развить для отбрасывания заблуждения. ",
  "an6.107:1.8": "Эти три вещи следует развить ради отбрасывания первых трёх вещей”.",
  "an6.107:1.9": "Первая."
}