{
  "an6.75:0.1": "Восходящие Наставления 6.75",
  "an6.75:0.2": "Глава Арахантство ",
  "an6.75:0.3": "Сутта Боль ",
  "an6.75:1.1": "“Монахи, обладая шестью вещами, монах пребывает в дискомфорте в этой самой жизни – с беспокойством, унынием, взбудораженностью – и после распада тела, после смерти, можно ожидать, что [он попадёт] в плохой удел. ",
  "an6.75:1.2": "Какими шестью? ",
  "an6.75:1.3": "Чувственной мыслью, недоброжелательной мыслью, мыслью о причинении вреда, чувственным восприятием, недоброжелательным восприятием, восприятием причинения вреда. ",
  "an6.75:1.4": "Обладая этими шестью вещами, монах пребывает в дискомфорте… [он попадёт] в плохой удел. ",
  "an6.75:2.1": "Монахи, обладая шестью вещами, монах пребывает в счастье в этой самой жизни – без беспокойства, уныния, взбудораженности – и после распада тела, после смерти, можно ожидать, что [он попадёт] в благой удел. ",
  "an6.75:2.2": "Какими шестью? ",
  "an6.75:2.3": "Мыслью об отречении, доброжелательной мыслью, мыслью о непричинении вреда, восприятием отречения, доброжелательным восприятием, восприятием непричинения вреда. ",
  "an6.75:2.4": "Обладая этими шестью вещами, монах пребывает в приятном чувстве… [он попадёт] в благой удел”.",
  "an6.75:2.5": "Первая."
}