{
  "an6.76:0.1": "Восходящие Наставления 6.76",
  "an6.76:0.2": "Глава Арахатта",
  "an6.76:0.3": "Сутта Арахантство",
  "an6.76:1.1": "“Монахи, не отбросив эти шесть вещей, человек не способен реализовать арахантство. ",
  "an6.76:1.2": "Какие шесть?",
  "an6.76:1.3": "Самомнение, комплекс неполноценности, надменность, завышенную самооценку, упрямство, самоунижение.",
  "an6.76:1.4": "Не отбросив этих шести вещей, человек не способен реализовать арахантство. ",
  "an6.76:2.1": "Монахи, отбросив эти шесть вещей, человек способен реализовать арахантство. ",
  "an6.76:2.2": "Какие шесть? ",
  "an6.76:2.3": "Самомнение… самоунижение. ",
  "an6.76:2.4": "Отбросив эти шесть вещей, человек способен реализовать арахантство”.",
  "an6.76:2.5": "Вторая."
}