{
  "an6.45:0.1": "Восходящие Наставления 6.45",
  "an6.45:0.2": "Глава Дхаммика",
  "an6.45:0.3": "Сутта Займ",
  "an6.45:1.1": "“Монахи, разве не так оно, что нищета – это страдание в мире для того, кто наслаждается чувственными удовольствиями?”",
  "an6.45:1.2": "“Так оно, почтенный”.",
  "an6.45:2.1": "“Если нищий, лишённый, нуждающийся человек залезает в долги, разве не так оно, что его залезание в долги – это также страдание в мире для того, кто наслаждается чувственными удовольствиями?”",
  "an6.45:2.2": "“Так оно, почтенный”.",
  "an6.45:3.1": "“Если нищий, лишённый, нуждающийся человек, который залез в долги, обещает выплатить процент, разве не так оно, что процент – это также страдание в мире для того, кто наслаждается чувственными удовольствиями?”",
  "an6.45:3.2": "“Так оно, почтенный”.",
  "an6.45:4.1": "“Если нищий, лишённый, нуждающийся человек, который пообещал выплатить процент, не может выплатить его, когда пришёл срок выплаты, ему делают выговор. ",
  "an6.45:4.2": "Разве не так оно, что выговор – это также страдание в мире для того, кто наслаждается чувственными удовольствиями?”",
  "an6.45:4.3": "“Так оно, почтенный”.",
  "an6.45:5.1": "“Если нищий, лишённый, нуждающийся человек, которому сделали выговор, не выплачивает, то ему предъявляют иск. ",
  "an6.45:5.2": "Разве не так оно, что предъявление иска – это также страдание в мире для того, кто наслаждается чувственными удовольствиями?”",
  "an6.45:5.3": "“Так оно, почтенный”.",
  "an6.45:6.1": "“Если нищий, лишённый, нуждающийся человек, которому предъявили иск, не выплачивает, то его отправляют в тюрьму. ",
  "an6.45:6.2": "Разве не так оно, что заключение в тюрьму – это также страдание в мире для того, кто наслаждается чувственными удовольствиями?”",
  "an6.45:6.3": "“Так оно, почтенный”.",
  "an6.45:7.1": "“Поэтому, монахи, для того, кто наслаждается чувственными удовольствиями, нищета – это страдание в мире; залезание в долги – это страдание в мире; необходимость выплатить процент – это страдание в мире; получение выговора – это страдание в мире; предъявление иска – это страдание в мире; и заключение в тюрьму – это страдание в мире.",
  "an6.45:7.2": "Точно также, того, у кого нет веры [по мере практики развития] благих качеств; у кого нет чувства стыда [по мере практики развития] благих качеств; у кого нет боязни совершить проступок [по мере практики развития] благих качеств; у кого нет усердия [по мере практики развития] благих качеств; у кого нет мудрости [по мере практики развития] благих качеств – ",
  "an6.45:7.3": "того в учении Благородных называют нищим, лишённым, нуждающимся человеком.",
  "an6.45:8.1": "(2) Не имея ни веры, ни чувства стыда, ни боязни совершить проступок, ни усердия, ни мудрости [по мере практики развития] благих качеств, этот нищий, лишённый, нуждающийся человек пускается в неблагое поведение телом, речью, умом. ",
  "an6.45:8.2": "Это, я говорю вам, его залезание в долги.",
  "an6.45:9.1": "Чтобы скрыть своё телесное неблагое поведение, он взращивает порочные желания. ",
  "an6.45:9.2": "Он желает: “Пусть никто не узнает обо мне”. Он устремляется [к цели]: “Пусть никто не узнает обо мне”. Он произносит утверждения [с целью]: “Пусть никто не узнает обо мне”. Он прилагает усилия телом [с целью]: “Пусть никто не узнает обо мне”. ",
  "an6.45:9.3": "Это, я говорю вам, его процент, который он должен выплатить.",
  "an6.45:10.1": "Хорошо себя ведущие монахи говорят о нём так: ",
  "an6.45:10.2": "“Этот достопочтенный поступает так, ведёт себя так”. ",
  "an6.45:10.3": "Это, я говорю вам, делание ему выговора.",
  "an6.45:11.1": "Когда он ушёл в лес, к подножью дерева, или в пустое жилище, неблагие мысли, сопровождаемые сожалением, нападают на него. ",
  "an6.45:11.2": "Это, я говорю вам, предъявление ему иска.",
  "an6.45:12.1": "Затем, после распада тела, после смерти, этот нищий, лишённый, нуждающийся человек, пускавшийся в неблагое поведение телом, речью, и умом, заключён в тюрьме ада или тюрьме мира животных. ",
  "an6.45:12.2": "Монахи, я не вижу ни одной тюрьмы, настолько кошмарной и жестокой, [и] такой помехи к достижению непревзойдённой защиты от подневольности, как тюрьма ада или тюрьма мира животных”. ",
  "an6.45:13.1": "“Бедность страданием в мире зовут,",
  "an6.45:13.2": "А также влезание в долги.",
  "an6.45:13.3": "И если кто беден, и он задолжал,",
  "an6.45:13.4": "То, даже собой наслаждаясь, Он будет обеспокоен.",
  "an6.45:14.1": "А далее в суд подадут на него,",
  "an6.45:14.2": "И он попадёт в заключение.",
  "an6.45:14.3": "Тюрьма суть большое страдание,",
  "an6.45:14.4": "Коль услады чувств ты желаешь, А также иных обретений.",
  "an6.45:15.1": "И так в благородном учении:",
  "an6.45:15.2": "Коль верой ты не обладаешь,",
  "an6.45:15.3": "И если бесстыден и дерзок,",
  "an6.45:15.4": "То копишь плохие поступки.",
  "an6.45:16.1": "Дурное поведение телом создав,",
  "an6.45:16.2": "и дурное поведение речью;",
  "an6.45:16.3": "Дурное поведение умом,",
  "an6.45:16.4": "Желает: “Меня пусть никто не узнает”.",
  "an6.45:17.1": "Юлит своим телом повсюду,",
  "an6.45:17.2": "речью и умом.",
  "an6.45:17.3": "И копит дела, что порочны –",
  "an6.45:17.4": "То так и то сяк, постоянно.",
  "an6.45:18.1": "И глупый злодей этот знает",
  "an6.45:18.2": "Свои неблагие поступки –",
  "an6.45:18.3": "Он нищий, в долгах утонувший.",
  "an6.45:18.4": "И даже собой наслаждаясь, Он будет обеспокоен.",
  "an6.45:19.1": "И мысли являются иском ему –",
  "an6.45:19.2": "Болезненный ум сожаления.",
  "an6.45:19.3": "В деревне же или в лесу.",
  "an6.45:19.4": "Все это терзанья.",
  "an6.45:20.1": "И глупый злодей этот знает",
  "an6.45:20.2": "Свои неблагие поступки.",
  "an6.45:20.3": "В [животных] он мир попадает",
  "an6.45:20.4": "Иль даже прикован он к аду.",
  "an6.45:21.1": "Суть в привязи это страдание,",
  "an6.45:21.2": "Которого мудрый лишился,",
  "an6.45:21.3": "Даруя честным богатством,",
  "an6.45:21.4": "И в вере свой ум утверждая.",
  "an6.45:22.1": "Тот домохозяин, что верит,",
  "an6.45:22.2": "Подбросил удачно кость дважды:",
  "an6.45:22.3": "Для блага в жизни текущей,",
  "an6.45:22.4": "Для счастья и в будущих жизнях.",
  "an6.45:22.5": "И так, для всех дома живущих,",
  "an6.45:22.6": "Чрез щедрость заслуга пребудет.",
  "an6.45:23.1": "И так в благородном учении:",
  "an6.45:23.2": "Коль в вере своей ты устойчив,",
  "an6.45:23.3": "Стыдлив, неблагого боишься,",
  "an6.45:23.4": "Коль мудрый, благой в поведении,",
  "an6.45:24.1": "Счастливым ты жить тогда будешь",
  "an6.45:24.2": "В учении Благородных.",
  "an6.45:24.3": "Духовного счастья достигнув,",
  "an6.45:24.4": "Настроен на невозмутимость.",
  "an6.45:25.1": "Пятёрку помех он оставил,",
  "an6.45:25.2": "Всегда зарождая усилие,",
  "an6.45:25.3": "Он собранным джхан достигает,",
  "an6.45:25.4": "В осознанности пребывая.",
  "an6.45:26.1": "Увидев все вещи такими, Какие они и взаправду,",
  "an6.45:26.2": "Оковы существования сломив,",
  "an6.45:26.3": "Чрез полное не-цепляние",
  "an6.45:26.4": "Ум правильно освободится.",
  "an6.45:27.1": "У него правильно освобожденного",
  "an6.45:27.2": "Есть [такое вот] знание:",
  "an6.45:27.3": "“Свобода моя непреклонна”.",
  "an6.45:27.4": "Исчерпание связанности бытия",
  "an6.45:28.1": "И знание высшее это;",
  "an6.45:28.2": "Удовольствие, что непревзойдённо.",
  "an6.45:28.3": "Спасение без пыли, печали –",
  "an6.45:28.4": "Свобода от всякого долга”.",
  "an6.45:28.5": "Третья."
}