{
  "an6.99:0.1": "Восходящие Наставления 6.99",
  "an6.99:0.2": "Глава Анисамса ",
  "an6.99:0.3": "Сутта Боль ",
  "an6.99:1.1": "“Не может быть, монахи, такого, чтобы монах, который считает какой-либо обусловленный феномен от удовольствия наблюдающего… ",
  "an6.99:1.2": "…все обусловленные феномены от боли набюдающего… ",
  "an6.99:1.3": "Есть возможность…",
  "an6.99:1.4": "Четвёртая."
}