{
  "an6.36:0.1": "Восходящие Наставления 6.36",
  "an6.36:0.2": "Глава Девата",
  "an6.36:0.3": "Сутта Полемики",
  "an6.36:1.1": "“Монахи, есть эти шесть корней полемик.",
  "an6.36:1.2": "Какие шесть?",
  "an6.36:1.3": "Бывает так, что монах злой и настроен враждебно.",
  "an6.36:1.4": "Когда монах злой и настроен враждебно, он пребывает без уважения и почтения к Учителю, к Дхамме, к Сангхе, и он не исполняет тренировку.",
  "an6.36:1.5": "…Такой монах создаёт полемику в Сангхе, что ведёт к вреду многих, к несчастью многих, к погибели, вреду и страданиям богов и людей.",
  "an6.36:1.6": "",
  "an6.36:1.7": "Если, монахи, вы воспринимаете любой такой корень полемики либо в себе, либо в других, то вам следует практиковать так, чтобы этот порочный корень полемики не возник в будущем.",
  "an6.36:1.8": "Вот так этот порочный корень полемики отбрасывается и не возникает в будущем.",
  "an6.36:2.1": "Далее, [бывает так, что] монах клеветник и нахальный…",
  "an6.36:2.2": "…завистливый и скупой…",
  "an6.36:2.3": "…коварный и лицемерный…",
  "an6.36:2.4": "…тот, у кого порочные желания и неправильные воззрения…",
  "an6.36:2.5": "…тот, кто хватается за свои собственные воззрения, крепко их удерживает, с трудом их оставляет.",
  "an6.36:2.6": "Когда монах хватается за свои собственные воззрения, крепко их удерживает, с трудом их оставляет – он пребывает без уважения и почтения к Учителю, к Дхамме, к Сангхе, и он не исполняет тренировку.",
  "an6.36:2.7": "Такой монах создаёт полемику в Сангхе, что ведёт к вреду многих, к несчастью многих, к погибели, вреду и страданиям богов и людей.",
  "an6.36:2.8": "Если, монахи, вы воспринимаете любой такой корень полемики либо в себе, либо в других, то вам следует практиковать так,",
  "an6.36:2.9": "чтобы этот порочный корень полемики не возник в будущем.",
  "an6.36:2.10": "Вот так этот порочный корень полемики отбрасывается и не возникает в будущем.",
  "an6.36:2.11": "Таковы, монахи, шесть корней полемик”.",
  "an6.36:2.12": "Шестая."
}