{
  "an6.8:0.1": "Восходящие Наставления 6.8",
  "an6.8:0.2": "Глава Ахунеййя ",
  "an6.8:0.3": "Сутта Непревзойдённое ",
  "an6.8:1.1": "“Монахи, есть эти шесть непревзойдённых вещей. ",
  "an6.8:1.2": "Какие шесть? ",
  "an6.8:1.3": "Непревзойдённое видение, непревзойдённый слушание, непревзойдённое обретение, непревзойдённая тренировка, непревзойдённое услужение, непревзойдённое памятование. ",
  "an6.8:1.4": "Таковы шесть непревзойдённых вещей”.",
  "an6.8:1.5": "Восьмая."
}