{
  "an6.40:0.1": "Восходящие Наставления 6.40",
  "an6.40:0.2": "Глава Девата",
  "an6.40:0.3": "Сутта Кимбила",
  "an6.40:1.1": "Так я слышал.",
  "an6.40:1.2": "Однажды Благословенный пребывал в Кимбиле в никуловой роще.",
  "an6.40:1.3": "И тогда Достопочтенный Кимбила подошёл к Благословенному, поклонился ему, сел рядом и сказал:",
  "an6.40:1.4": "“Почтенный, в чём условие и причина того, что благая Дхамма не продлится долго после того, как Татхагата достигнет окончательной ниббаны?”",
  "an6.40:1.5": "“Вот, Кимбила, после того, как Татхагата достиг окончательной ниббаны, монахи, монахини, миряне и мирянки пребывают без уважения и почтения к Учителю;… к Дхамме;… к Сангхе;… к практике;… к прилежанию; они пребывают без уважения и почтения к гостеприимству.",
  "an6.40:1.6": "В этом условие и причина того, что благая Дхамма не продлится долго после того, как Татхагата достигнет окончательной ниббаны”.",
  "an6.40:2.1": "“Почтенный, в чём условие и причина того, что благая Дхамма продлится долго после того, как Татхагата достигнет окончательной ниббаны?”",
  "an6.40:2.2": "“Вот, Кимбила, после того, как Татхагата достиг окончательной ниббаны, монахи, монахини, миряне и мирянки пребывают c уважением и почтением к Учителю… гостеприимству.",
  "an6.40:2.3": "В этом условие и причина того, что благая Дхамма продлится долго после того, как Татхагата достигнет окончательной ниббаны”.",
  "an6.40:2.4": "Десятая."
}