{
  "an6.61:0.1": "Восходящие Наставления 6.61",
  "an6.61:0.2": "Большая Глава ",
  "an6.61:0.3": "Сутта в Середине ",
  "an6.61:1.1": "Так я слышал. ",
  "an6.61:1.2": "Однажды Благословенный пребывал в Варанаси в оленьем парке Исипатаны. ",
  "an6.61:1.3": "И тогда, после принятия пищи, вернувшись с хождения за подаяниями, группа старших монахов собралась вместе, и, по мере того, как они сидели в зале, возник такой разговор: ",
  "an6.61:1.4": "“Так было сказано Благословенным, друзья, в Параяне в “Вопросах Меттейи”: ",
  "an6.61:2.1": "“Оба конца смог понять он, ",
  "an6.61:2.2": "Мудрец в середине не липнет. ",
  "an6.61:2.3": "Его называю великим: ",
  "an6.61:2.4": "Швею превзойти ведь сумел он”. ",
  "an6.61:3.1": "Так что же такое, друзья, первый конец? Что такое второй конец? Что такое середина? Что такое швея?” ",
  "an6.61:3.2": "Когда так было сказано, некий монах сказал старшим монахам: ",
  "an6.61:3.3": "“Контакт, друзья, это один конец. Возникновение контакта – второй конец. Прекращение контакта – середина. А цепляние – это швея. ",
  "an6.61:3.4": "Ведь цепляние пришивает человека к порождению того или иного существования. ",
  "an6.61:3.5": "Вот каким образом монах напрямую знает то, что следует познать напрямую; полностью понимает то, что следует полностью понять. Сделав так в этой самой жизни, он кладёт конец боли”. ",
  "an6.61:4.1": "Когда так было сказано, другой монах сказал старшим монахам: ",
  "an6.61:4.2": "“Прошлое, друзья, это один конец. Будущее – второй конец. Настоящее – середина. А цепляние – это швея. ",
  "an6.61:4.3": "Ведь цепляние пришивает… ",
  "an6.61:4.4": "он кладёт конец боли”. ",
  "an6.61:5.1": "Когда так было сказано, другой монах сказал старшим монахам: ",
  "an6.61:5.2": "“Приятное чувство, друзья, это один конец. Болезненное чувство – второй конец. Ни-болезненное-ни-приятное чувство – середина. А цепляние – это швея. ",
  "an6.61:5.3": "Ведь цепляние пришивает… ",
  "an6.61:5.4": "он кладёт конец боли”. ",
  "an6.61:6.1": "Когда так было сказано, другой монах сказал старшим монахам: ",
  "an6.61:6.2": "“Имя, друзья, это один конец. Форма – второй конец. Сознание – середина. А цепляние – это швея. ",
  "an6.61:6.3": "Ведь цепляние пришивает… ",
  "an6.61:6.4": "он кладёт конец боли”. ",
  "an6.61:7.1": "Когда так было сказано, другой монах сказал старшим монахам: ",
  "an6.61:7.2": "“Шесть внутренних сфер, друзья, это один конец. Шесть внешних сфер – второй конец. Сознание – середина. А цепляние – это швея. ",
  "an6.61:7.3": "Ведь цепляние пришивает… ",
  "an6.61:7.4": "он кладёт конец боли”. ",
  "an6.61:8.1": "Когда так было сказано, другой монах сказал старшим монахам: ",
  "an6.61:8.2": "“Личностное существование, друзья, это один конец. Источник личностного существования – второй конец. Прекращение личностного существования – середина. А цепляние – это швея. ",
  "an6.61:8.3": "Ведь цепляние пришивает человека к порождению того или иного существования. ",
  "an6.61:8.4": "Вот каким образом монах напрямую знает то, что следует познать напрямую; полностью понимает то, что следует полностью понять. Сделав так в этой самой жизни, он кладёт конец боли”. ",
  "an6.61:9.1": "Когда так было сказано, некий монах сказал старшим монахам: ",
  "an6.61:9.2": "“Друзья, каждый объяснил в соответствии со своим вдохновением. ",
  "an6.61:9.3": "Ну же, пойдёмте к Благословенному и расскажем ему об этом. ",
  "an6.61:9.4": "То, как Благословенный объяснит нам, так мы это и запомним”. ",
  "an6.61:10.1": "“Да, друг” – ответили те старшие монахи. ",
  "an6.61:10.2": "И тогда старшие монахи отправились к Благословенному, поклонились ему, сели рядом, ",
  "an6.61:10.3": "и рассказали ему обо всей беседе, что случилась между ними, [спросив]: ",
  "an6.61:10.4": "“Почтенный, кто из нас хорошо высказался?” ",
  "an6.61:10.5": "“Монахи, в некотором отношении все вы высказались хорошо, но слушайте внимательно, я расскажу вам о том, что я имел в виду, когда я сказал в Параяне в “Вопросах Меттейи”: ",
  "an6.61:11.1": "“Оба конца смог понять он, ",
  "an6.61:11.2": "Мудрец в середине не липнет. ",
  "an6.61:11.3": "Его называю великим: ",
  "an6.61:11.4": "Швею превзойти ведь сумел он”. ",
  "an6.61:12.1": "Услыште это, хорошо представьте, я буду говроить. ",
  "an6.61:12.2": "“Да, почтенный” – ответили те монахи. ",
  "an6.61:12.3": "Благословенный сказал: ",
  "an6.61:12.4": "“Контакт, друзья, это один конец. Возникновение контакта – второй. Прекращение контакта – середина. А цепляние – это швея. ",
  "an6.61:12.5": "Ведь цепляние пришивает человека к порождению того или иного существования. ",
  "an6.61:12.6": "Вот каким образом монах напрямую знает то, что следует познать напрямую; полностью понимает то, что следует полностью понять. Сделав так в этой самой жизни, он кладёт конец боли”.",
  "an6.61:12.7": "Седьмая."
}