{
  "an6.82:0.1": "Восходящие Наставления 6.82",
  "an6.82:0.2": "Глава Аранатство ",
  "an6.82:0.3": "Сутта Ад Вторая ",
  "an6.82:1.1": "“Монахи, обладая шестью качествами, человек оказывается в аду, как если бы его туда затянули силой. ",
  "an6.82:1.2": "Какими шестью? ",
  "an6.82:1.3": "Он уничтожает жизнь, берёт то, что не дано, пускается в неблагое сексуальное поведение, говорит ложь, жаден, нахален. ",
  "an6.82:1.4": "Обладая этими шестью качествами, человек оказывается в аду, как если бы его туда затянули силой. ",
  "an6.82:2.1": "Монахи, обладая шестью качествами, человек оказывается в небесном мире, как если бы его туда затянули силой. ",
  "an6.82:2.2": "Какими шестью? ",
  "an6.82:2.3": "Он воздерживается от уничтожения жизни, воздерживается от взятия того, что не дано, воздерживается от неблагого сексуального поведения, воздерживается от лжи, не имеет жадности и не нахален. ",
  "an6.82:2.4": "Обладая этими шестью качествами, человек оказывается в небесном мире, как если бы его туда затянули силой”.",
  "an6.82:2.5": "Восьмая."
}