{
  "an6.10:0.1": "Восходящие Наставления 6.10",
  "an6.10:0.2": "Большая Ахунеййя",
  "an6.10:0.3": "Сутта Маханама",
  "an6.10:1.1": "Однажды Благословенный пребывал в стране Сакьев в Капилаваттху в Баньяновом Парке.",
  "an6.10:1.2": "И тогда Маханама из клана Сакьев отправился к Благословенному, поклонился ему, сел рядом, и сказал:",
  "an6.10:1.3": "“Почтенный, как пребывает ученик Благородных, который достиг плода и понял учение?”",
  "an6.10:2.1": "“Маханама, ученик Благородных, который достиг плода и понял учение, часто пребывает вот как:",
  "an6.10:2.2": "Вот, Маханама, ученик Благородных памятует о Татхагате:",
  "an6.10:2.3": "“Благословенный – арахант, полностью просветлённый, совершенный в истинном знании и поведении, достигший блага, знаток мира, непревзойдённый учитель тех, кто готов обучаться, учитель богов и людей, пробуждённый, благословенный”.",
  "an6.10:2.4": "Когда ученик Благородных памятует о Татхагате, то в этом случае его ум не охвачен жаждой, злобой, или заблуждением.",
  "an6.10:2.5": "В этом случае его ум выпрямлен, опираясь на Татхагату.",
  "an6.10:2.6": "Ученик Благородных с выпрямленным умом черпает вдохновение в значении, черпает вдохновение в Дхамме, обретает радость, связанную с Дхаммой. Когда он рад, возникает восторг.",
  "an6.10:2.7": "У того, чей ум [пропитан] восторгом, тело становится безмятежным. Тот, у кого тело безмятежно, ощущает удовольствие. Ум того, кто ощущает удовольствие, становится сосредоточенным.",
  "an6.10:2.8": "И такой называется учеником",
  "an6.10:2.9": "Благородных, который пребывает устойчивым среди людей неустойчивых, пребывает неугнетённым среди людей угнетённых. Ведь тот, кто вступил в поток Дхаммы, развивает памятование о Будде.",
  "an6.10:3.1": "Далее, Маханама, ученик Благородных памятует о Дхамме:",
  "an6.10:3.2": "“Дхамма превосходно разъяснена Благословенным, видимая здесь и сейчас, не зависящая от времени, приглашающая пойти и увидеть, ведущая к цели, познаваемая мудрыми самостоятельно”.",
  "an6.10:3.3": "Когда ученик Благородных памятует о Дхамме, то в этом случае его ум не охвачен жаждой, злобой, или заблуждением.",
  "an6.10:3.4": "В этом случае его ум выпрямлен, опираясь на Дхамму.",
  "an6.10:3.5": "Ученик Благородных с выпрямленным умом черпает вдохновение в значении, черпает вдохновение в Дхамме, обретает радость, связанную с Дхаммой.",
  "an6.10:3.6": "Когда он рад, возникает восторг. У того, чей ум [пропитан] восторгом, тело становится безмятежным. Тот, у кого тело безмятежно, ощущает удовольствие. Ум того, кто ощущает удовольствие, становится сосредоточенным.",
  "an6.10:3.7": "И такой называется",
  "an6.10:3.8": "учеником Благородных, который пребывает устойчивым среди людей неустойчивых, пребывает неугнетённым среди людей угнетённых. Ведь тот, кто вступил в поток Дхаммы, развивает памятование о Дхамме.",
  "an6.10:4.1": "Далее, Маханама, ученик Благородных памятует о Сангхе:",
  "an6.10:4.2": "“Сангха учеников Благословенного, идущих по хорошему пути, идущих по прямому пути, идущих по верному пути, идущих по правильному пути – другими словами, четыре пары или восемь типов личностей – это Сангха учеников Благословенного: достойная даров, достойная гостеприимства, достойная подношений, достойная уважения; несравненное поле заслуг для мира”.",
  "an6.10:4.3": "Когда ученик Благородных памятует о Сангхе, то в этом случае его ум не охвачен жаждой, злобой, или заблуждением.",
  "an6.10:4.4": "В этом случае его ум выпрямлен, опираясь на Сангху.",
  "an6.10:4.5": "Ученик Благородных с выпрямленным умом черпает вдохновение в значении, черпает вдохновение в Дхамме, обретает радость, связанную с Дхаммой.",
  "an6.10:4.6": "Когда он рад, возникает восторг. У того, чей ум [пропитан] восторгом, тело становится безмятежным. Тот, у кого тело безмятежно, ощущает удовольствие. Ум того, кто ощущает удовольствие, становится сосредоточенным.",
  "an6.10:4.7": "И такой называется",
  "an6.10:4.8": "учеником Благородных, который пребывает устойчивым среди людей неустойчивых, пребывает неугнетённым среди людей угнетённых. Ведь тот, кто вступил в поток Дхаммы, развивает памятование о Сангхе.",
  "an6.10:5.1": "Далее, Маханама, ученик Благородных памятует о своём собственном нравственном поведении: цельном, безупречном, не имеющем изъянов, незапятнанном, освобождающем, восхваляемом мудрецами, ярком, ведущем к сосредоточению.",
  "an6.10:5.2": "Когда ученик Благородных памятует о своём нравственном поведении, то в этом случае его ум не охвачен жаждой, злобой, или заблуждением.",
  "an6.10:5.3": "В этом случае его ум выпрямлен, опираясь на нравственное поведение.",
  "an6.10:5.4": "Ученик Благородных с выпрямленным умом черпает вдохновение в значении, черпает вдохновение в Дхамме, обретает радость, связанную с Дхаммой.",
  "an6.10:5.5": "Когда он рад, возникает восторг. У того, чей ум [пропитан] восторгом, тело становится безмятежным. Тот, у кого тело безмятежно, ощущает удовольствие. Ум того, кто ощущает удовольствие, становится сосредоточенным.",
  "an6.10:5.6": "И такой называется",
  "an6.10:5.7": "учеником Благородных, который пребывает устойчивым среди людей неустойчивых, пребывает неугнетённым среди людей угнетённых. Ведь тот, кто вступил в поток Дхаммы, развивает памятование о нравственном поведении.",
  "an6.10:6.1": "Далее, Маханама, ученик Благородных памятует о своей щедрости:",
  "an6.10:6.2": "“Воистину, велика моя удача и благо,",
  "an6.10:6.3": "что среди людей, охваченных пятном скупости, я пребываю дома с умом, лишённым скупости, щедрым, открытым, радуюсь оставлению, предан благотворительности, радуюсь дарению и разделению”.",
  "an6.10:6.4": "Когда ученик Благородных памятует о своей щедрости, то в этом случае его ум не охвачен жаждой, злобой, или заблуждением.",
  "an6.10:6.5": "В этом случае его ум выпрямлен, опираясь на нравственное поведение.",
  "an6.10:6.6": "Ученик Благородных с выпрямленным умом черпает вдохновение в значении, черпает вдохновение в Дхамме, обретает радость, связанную с Дхаммой.",
  "an6.10:6.7": "Когда он рад, возникает восторг. У того, чей ум [пропитан] восторгом, тело становится безмятежным. Тот, у кого тело безмятежно, ощущает удовольствие. Ум того, кто ощущает удовольствие, становится сосредоточенным.",
  "an6.10:6.8": "И такой называется",
  "an6.10:6.9": "учеником Благородных, который пребывает устойчивым среди людей неустойчивых, пребывает неугнетённым среди людей угнетённых. Ведь тот, кто вступил в поток Дхаммы, развивает памятование о щедрости.",
  "an6.10:7.1": "Далее, Маханама, ученик Благородных памятует о божествах:",
  "an6.10:7.2": "“Существуют дэвы [мира] Четырёх Великих Царей, дэвы Таватимсы, дэвы Ямы, дэвы Туситы, дэвы, наслаждающиеся творениями, дэвы, которые имеют власть над творениями других, дэвы свиты Брахмы, и дэвы, что превыше этих.",
  "an6.10:7.3": "Наделённые таким-то [уровнем] веры, они, умерев здесь [в этой жизни], переродились там. Точно такая же вера есть и у меня тоже.",
  "an6.10:7.4": "Наделённые таким-то [уровнем] нравственного поведения…",
  "an6.10:7.5": "учёности…",
  "an6.10:7.6": "щедрости…",
  "an6.10:7.7": "мудрости, они, умерев в этой жизни, переродились там. Точно такая же мудрость есть и у меня тоже”.",
  "an6.10:7.8": "Когда ученик Благородных памятует о вере, нравственном поведении, учёности, щедрости, мудрости как в себе, так и в тех божествах, то в этом случае его ум не охвачен жаждой, злобой, или заблуждением.",
  "an6.10:7.9": "В этом случае его ум выпрямлен, опираясь на божества.",
  "an6.10:7.10": "Ученик Благородных с выпрямленным умом черпает вдохновение в значении, черпает вдохновение в Дхамме, обретает радость, связанную с Дхаммой.",
  "an6.10:7.11": "Когда он рад, возникает восторг. У того, чей ум [пропитан] восторгом, тело становится безмятежным. Тот, у кого тело безмятежно, ощущает удовольствие. Ум того, кто ощущает удовольствие, становится сосредоточенным.",
  "an6.10:7.12": "И такой называется",
  "an6.10:7.13": "учеником Благородных, который пребывает устойчивым среди людей неустойчивых, пребывает неугнетённым среди людей угнетённых. Ведь тот, кто вступил в поток Дхаммы, развивает памятование о божествах.",
  "an6.10:8.1": "Маханама, вот как часто пребывает ученик Благородных, который достиг плода и понял учение”.",
  "an6.10:8.2": "Десятая.",
  "an6.10:8.3": "Глава Ахунеййя Первая.",
  "an6.10:9.0": "Оглавление",
  "an6.10:9.1": "",
  "an6.10:9.2": "",
  "an6.10:9.3": "",
  "an6.10:9.4": ""
}