{
  "an6.111:0.1": "Восходящие Наставления 6.111",
  "an6.111:0.2": "Глава Тика ",
  "an6.111:0.3": "Сутта Элементы ",
  "an6.111:1.1": "“Монахи, есть эти три вещи. ",
  "an6.111:1.2": "Какие три? ",
  "an6.111:1.3": "Элемент чувственности, элемент недоброжелательности, элемент причинения вреда. ",
  "an6.111:1.4": "Таковы три вещи. ",
  "an6.111:1.5": "Три [иные] вещи следует развить ради отбрасывания этих трёх вещей. ",
  "an6.111:1.6": "Какие три? ",
  "an6.111:1.7": "Элемент отречения следует развить для отбрасывания элемента чувственности. Элемент доброжелательности следует развить для отбрасывания элемента недоброжелательности. Элемент безвредности следует развить для отбрасывания элемента причинения вреда. ",
  "an6.111:1.8": "Эти три вещи следует развить ради отбрасывания первых трёх вещей”.",
  "an6.111:1.9": "Пятая."
}