{
  "sn22.91:0.1": "Saṁyutta Nikāya 22.91 ",
  "sn22.91:0.2": "9. Theravagga ",
  "sn22.91:0.3": "Rāhulasutta ",
  "sn22.91:1.1": "Sāvatthinidānaṁ. ",
  "sn22.91:1.2": "Atha kho āyasmā rāhulo yena bhagavā tenupasaṅkami; upasaṅkamitvā …pe… ekamantaṁ nisinno kho āyasmā rāhulo bhagavantaṁ etadavoca: ",
  "sn22.91:1.3": "“kathaṁ nu kho, bhante, jānato kathaṁ passato imasmiñca saviññāṇake kāye bahiddhā ca sabbanimittesu ahaṅkāramamaṅkāramānānusayā na hontī”ti? ",
  "sn22.91:2.1": "“Yaṁ kiñci, rāhula, rūpaṁ atītānāgatapaccuppannaṁ ajjhattaṁ vā bahiddhā vā oḷārikaṁ vā sukhumaṁ vā hīnaṁ vā paṇītaṁ vā yaṁ dūre santike vā, sabbaṁ rūpaṁ ‘netaṁ mama, nesohamasmi, na meso attā’ti evametaṁ yathābhūtaṁ sammappaññāya passati. ",
  "sn22.91:2.2": "Yā kāci vedanā … ",
  "sn22.91:2.3": "yā kāci saññā … ",
  "sn22.91:2.4": "ye keci saṅkhārā … ",
  "sn22.91:2.5": "yaṁ kiñci viññāṇaṁ atītānāgatapaccuppannaṁ ajjhattaṁ vā bahiddhā vā …pe… ",
  "sn22.91:2.6": "sabbaṁ viññāṇaṁ ‘netaṁ mama, nesohamasmi, na meso attā’ti evametaṁ yathābhūtaṁ sammappaññāya passati. ",
  "sn22.91:2.7": "Evaṁ kho, rāhula, jānato evaṁ passato imasmiñca saviññāṇake kāye bahiddhā ca sabbanimittesu ahaṅkāramamaṅkāramānānusayā na hontī”ti. ",
  "sn22.91:2.8": "Navamaṁ. "
}