{
  "sn22.103:0.1": "Saṁyutta Nikāya 22.103 ",
  "sn22.103:0.2": "11. Antavagga ",
  "sn22.103:0.3": "Antasutta ",
  "sn22.103:1.1": "Sāvatthinidānaṁ. ",
  "sn22.103:1.2": "“Cattārome, bhikkhave, antā. ",
  "sn22.103:1.3": "Katame cattāro? ",
  "sn22.103:1.4": "Sakkāyanto, sakkāyasamudayanto, sakkāyanirodhanto, sakkāyanirodhagāminippaṭipadanto. ",
  "sn22.103:1.5": "Katamo ca, bhikkhave, sakkāyanto? ",
  "sn22.103:1.6": "Pañcupādānakkhandhātissa vacanīyaṁ. ",
  "sn22.103:1.7": "Katame pañca? ",
  "sn22.103:1.8": "Seyyathidaṁ—rūpupādānakkhandho, vedanupādānakkhandho, saññupādānakkhandho, saṅkhārupādānakkhandho, viññāṇupādānakkhandho—",
  "sn22.103:1.9": "ayaṁ vuccati, bhikkhave, sakkāyanto. ",
  "sn22.103:2.1": "Katamo ca, bhikkhave, sakkāyasamudayanto? ",
  "sn22.103:2.2": "Yāyaṁ taṇhā ponobhavikā nandirāgasahagatā tatratatrābhinandinī, seyyathidaṁ—",
  "sn22.103:2.3": "kāmataṇhā, bhavataṇhā, vibhavataṇhā. ",
  "sn22.103:2.4": "Ayaṁ vuccati, bhikkhave, sakkāyasamudayanto. ",
  "sn22.103:3.1": "Katamo ca, bhikkhave, sakkāyanirodhanto? ",
  "sn22.103:3.2": "Yo tassāyeva taṇhāya asesavirāganirodho cāgo paṭinissaggo mutti anālayo—",
  "sn22.103:3.3": "ayaṁ vuccati, bhikkhave, sakkāyanirodhanto. ",
  "sn22.103:4.1": "Katamo ca, bhikkhave, sakkāyanirodhagāminippaṭipadanto? ",
  "sn22.103:4.2": "Ayameva ariyo aṭṭhaṅgiko maggo. ",
  "sn22.103:4.3": "Seyyathidaṁ—sammādiṭṭhi …pe… sammāsamādhi. ",
  "sn22.103:4.4": "Ayaṁ vuccati, bhikkhave, sakkāyanirodhagāminippaṭipadanto. ",
  "sn22.103:4.5": "Ime kho, bhikkhave, cattāro antā”ti. ",
  "sn22.103:4.6": "Paṭhamaṁ. "
}