{
  "sn22.78:0.1": "Saṁyutta Nikāya 22.78 ",
  "sn22.78:0.2": "8. Khajjanīyavagga ",
  "sn22.78:0.3": "Sīhasutta ",
  "sn22.78:1.1": "Sāvatthinidānaṁ. ",
  "sn22.78:1.2": "“Sīho, bhikkhave, migarājā sāyanhasamayaṁ āsayā nikkhamati; āsayā nikkhamitvā vijambhati; vijambhitvā samantā catuddisā anuviloketi; samantā catuddisā anuviloketvā tikkhattuṁ sīhanādaṁ nadati; tikkhattuṁ sīhanādaṁ naditvā gocarāya pakkamati. ",
  "sn22.78:1.3": "Ye hi keci, bhikkhave, tiracchānagatā pāṇā sīhassa migarañño nadato saddaṁ suṇanti; yebhuyyena bhayaṁ saṁvegaṁ santāsaṁ āpajjanti; bilaṁ bilāsayā pavisanti; dakaṁ dakāsayā pavisanti; vanaṁ vanāsayā pavisanti; ākāsaṁ pakkhino bhajanti. ",
  "sn22.78:1.4": "Yepi te, bhikkhave, rañño nāgā gāmanigamarājadhānīsu, daḷhehi varattehi baddhā, tepi tāni bandhanāni sañchinditvā sampadāletvā bhītā muttakarīsaṁ cajamānā, yena vā tena vā palāyanti. ",
  "sn22.78:1.5": "Evaṁ mahiddhiko kho, bhikkhave, sīho migarājā tiracchānagatānaṁ pāṇānaṁ, evaṁ mahesakkho, evaṁ mahānubhāvo. ",
  "sn22.78:2.1": "Evameva kho, bhikkhave, yadā tathāgato loke uppajjati arahaṁ sammāsambuddho vijjācaraṇasampanno sugato lokavidū anuttaro purisadammasārathi satthā devamanussānaṁ buddho bhagavā. So dhammaṁ deseti: ",
  "sn22.78:2.2": "‘iti rūpaṁ, iti rūpassa samudayo, iti rūpassa atthaṅgamo; ",
  "sn22.78:2.3": "iti vedanā … ",
  "sn22.78:2.4": "iti saññā … ",
  "sn22.78:2.5": "iti saṅkhārā … ",
  "sn22.78:2.6": "iti viññāṇaṁ, iti viññāṇassa samudayo, iti viññāṇassa atthaṅgamo’ti. ",
  "sn22.78:2.7": "Yepi te, bhikkhave, devā dīghāyukā vaṇṇavanto sukhabahulā uccesu vimānesu ciraṭṭhitikā tepi tathāgatassa dhammadesanaṁ sutvā yebhuyyena bhayaṁ saṁvegaṁ santāsaṁ āpajjanti: ",
  "sn22.78:2.8": "‘aniccāva kira, bho, mayaṁ samānā niccamhāti amaññimha. ",
  "sn22.78:2.9": "Addhuvāva kira, bho, mayaṁ samānā dhuvamhāti amaññimha. ",
  "sn22.78:2.10": "Asassatāva kira, bho, mayaṁ samānā sassatamhāti amaññimha. ",
  "sn22.78:2.11": "Mayampi kira, bho, aniccā addhuvā asassatā sakkāyapariyāpannā’ti. ",
  "sn22.78:2.12": "Evaṁ mahiddhiko kho, bhikkhave, tathāgato sadevakassa lokassa, evaṁ mahesakkho, evaṁ mahānubhāvo”ti. ",
  "sn22.78:2.13": "Idamavoca bhagavā …pe… ",
  "sn22.78:2.14": "etadavoca satthā: ",
  "sn22.78:3.1": "“Yadā buddho abhiññāya, ",
  "sn22.78:3.2": "dhammacakkaṁ pavattayi; ",
  "sn22.78:3.3": "Sadevakassa lokassa, ",
  "sn22.78:3.4": "satthā appaṭipuggalo. ",
  "sn22.78:4.1": "Sakkāyañca nirodhañca, ",
  "sn22.78:4.2": "sakkāyassa ca sambhavaṁ; ",
  "sn22.78:4.3": "Ariyañcaṭṭhaṅgikaṁ maggaṁ, ",
  "sn22.78:4.4": "dukkhūpasamagāminaṁ. ",
  "sn22.78:5.1": "Yepi dīghāyukā devā, ",
  "sn22.78:5.2": "vaṇṇavanto yasassino; ",
  "sn22.78:5.3": "Bhītā santāsamāpāduṁ, ",
  "sn22.78:5.4": "sīhassevitare migā. ",
  "sn22.78:6.1": "Avītivattā sakkāyaṁ, ",
  "sn22.78:6.2": "aniccā kira bho mayaṁ; ",
  "sn22.78:6.3": "Sutvā arahato vākyaṁ, ",
  "sn22.78:6.4": "vippamuttassa tādino”ti. ",
  "sn22.78:6.5": "Chaṭṭhaṁ. "
}