{
  "sn22.98:0.1": "Saṁyutta Nikāya 22.98 ",
  "sn22.98:0.2": "10. Pupphavagga ",
  "sn22.98:0.3": "Suddhikasutta ",
  "sn22.98:1.1": "Sāvatthinidānaṁ. ",
  "sn22.98:1.2": "Ekamantaṁ nisinno kho so bhikkhu bhagavantaṁ etadavoca: ",
  "sn22.98:1.3": "“atthi nu kho, bhante, kiñci rūpaṁ, yaṁ rūpaṁ niccaṁ dhuvaṁ sassataṁ avipariṇāmadhammaṁ sassatisamaṁ tatheva ṭhassati? ",
  "sn22.98:1.4": "Atthi nu kho, bhante, kāci vedanā …pe… ",
  "sn22.98:1.5": "kāci saññā … ",
  "sn22.98:1.6": "keci saṅkhārā … ",
  "sn22.98:1.7": "kiñci viññāṇaṁ, yaṁ viññāṇaṁ niccaṁ dhuvaṁ sassataṁ avipariṇāmadhammaṁ sassatisamaṁ tatheva ṭhassatī”ti? ",
  "sn22.98:1.8": "“Natthi kho, bhikkhu, kiñci rūpaṁ yaṁ rūpaṁ niccaṁ dhuvaṁ sassataṁ avipariṇāmadhammaṁ sassatisamaṁ tatheva ṭhassati. ",
  "sn22.98:1.9": "Natthi kho, bhikkhu, kāci vedanā … ",
  "sn22.98:1.10": "kāci saññā … ",
  "sn22.98:1.11": "keci saṅkhārā … ",
  "sn22.98:1.12": "kiñci viññāṇaṁ, yaṁ viññāṇaṁ niccaṁ dhuvaṁ sassataṁ avipariṇāmadhammaṁ sassatisamaṁ tatheva ṭhassatī”ti. ",
  "sn22.98:1.13": "Chaṭṭhaṁ. "
}