{
  "sn22.77:0.1": "Saṁyutta Nikāya 22.77 ",
  "sn22.77:0.2": "8. Khajjanīyavagga ",
  "sn22.77:0.3": "Dutiyaarahantasutta ",
  "sn22.77:1.1": "Sāvatthinidānaṁ. ",
  "sn22.77:1.2": "“Rūpaṁ, bhikkhave, aniccaṁ. ",
  "sn22.77:1.3": "Yadaniccaṁ taṁ dukkhaṁ; ",
  "sn22.77:1.4": "yaṁ dukkhaṁ tadanattā; ",
  "sn22.77:1.5": "yadanattā taṁ ‘netaṁ mama, nesohamasmi, na meso attā’ti …pe… evametaṁ yathābhūtaṁ sammappaññāya daṭṭhabbaṁ. ",
  "sn22.77:2.1": "Evaṁ passaṁ, bhikkhave, sutavā ariyasāvako rūpasmimpi nibbindati, vedanāyapi … saññāyapi … saṅkhāresupi … viññāṇasmimpi nibbindati. ",
  "sn22.77:2.2": "Nibbindaṁ virajjati; virāgā vimuccati. Vimuttasmiṁ vimuttamiti ñāṇaṁ hoti. ",
  "sn22.77:2.3": "‘Khīṇā jāti, vusitaṁ brahmacariyaṁ, kataṁ karaṇīyaṁ, nāparaṁ itthattāyā’ti pajānāti. ",
  "sn22.77:2.4": "Yāvatā, bhikkhave, sattāvāsā, yāvatā bhavaggaṁ, ete aggā, ete seṭṭhā lokasmiṁ yadidaṁ arahanto”ti. ",
  "sn22.77:2.5": "Pañcamaṁ. "
}