{
  "sn22.61:0.1": "Saṁyutta Nikāya 22.61 ",
  "sn22.61:0.2": "6. Upayavagga ",
  "sn22.61:0.3": "Ādittasutta ",
  "sn22.61:1.1": "Sāvatthinidānaṁ. ",
  "sn22.61:1.2": "“Rūpaṁ, bhikkhave, ādittaṁ, vedanā ādittā, saññā ādittā, saṅkhārā ādittā, viññāṇaṁ ādittaṁ. ",
  "sn22.61:1.3": "Evaṁ passaṁ, bhikkhave, sutavā ariyasāvako rūpasmimpi nibbindati, vedanāyapi … saññāyapi … saṅkhāresupi … viññāṇasmimpi nibbindati. ",
  "sn22.61:1.4": "Nibbindaṁ virajjati; virāgā vimuccati. Vimuttasmiṁ vimuttamiti ñāṇaṁ hoti. ",
  "sn22.61:1.5": "‘Khīṇā jāti, vusitaṁ brahmacariyaṁ, kataṁ karaṇīyaṁ, nāparaṁ itthattāyā’ti pajānātī”ti. ",
  "sn22.61:1.6": "Navamaṁ. "
}