{
  "sn22.92:0.1": "Saṁyutta Nikāya 22.92 ",
  "sn22.92:0.2": "9. Theravagga ",
  "sn22.92:0.3": "Dutiyarāhulasutta ",
  "sn22.92:1.1": "Sāvatthinidānaṁ. ",
  "sn22.92:1.2": "Ekamantaṁ nisinno kho āyasmā rāhulo bhagavantaṁ etadavoca: ",
  "sn22.92:1.3": "“kathaṁ nu kho, bhante, jānato kathaṁ passato imasmiñca saviññāṇake kāye bahiddhā ca sabbanimittesu ahaṅkāramamaṅkāramānāpagataṁ mānasaṁ hoti vidhāsamatikkantaṁ santaṁ suvimuttan”ti? ",
  "sn22.92:2.1": "“Yaṁ kiñci, rāhula, rūpaṁ atītānāgatapaccuppannaṁ ajjhattaṁ vā bahiddhā vā …pe… yaṁ dūre santike vā, sabbaṁ rūpaṁ ‘netaṁ mama, nesohamasmi, na meso attā’ti evametaṁ yathābhūtaṁ sammappaññāya disvā anupādā vimutto hoti. ",
  "sn22.92:2.2": "Yā kāci vedanā … ",
  "sn22.92:2.3": "yā kāci saññā … ",
  "sn22.92:2.4": "ye keci saṅkhārā … ",
  "sn22.92:2.5": "yaṁ kiñci viññāṇaṁ atītānāgatapaccuppannaṁ ajjhattaṁ vā bahiddhā vā oḷārikaṁ vā sukhumaṁ vā hīnaṁ vā paṇītaṁ vā yaṁ dūre santike vā, sabbaṁ viññāṇaṁ ‘netaṁ mama, nesohamasmi, na meso attā’ti evametaṁ yathābhūtaṁ sammappaññāya disvā anupādā vimutto hoti. ",
  "sn22.92:2.6": "Evaṁ kho, rāhula, jānato evaṁ passato imasmiñca saviññāṇake kāye bahiddhā ca sabbanimittesu ahaṅkāramamaṅkāramānāpagataṁ mānasaṁ hoti vidhāsamatikkantaṁ santaṁ suvimuttan”ti. ",
  "sn22.92:2.7": "Dasamaṁ. ",
  "sn22.92:2.8": "Theravaggo catuttho. ",
  "sn22.92:3.0": "Tassuddānaṁ ",
  "sn22.92:3.1": "Ānando tisso yamako, ",
  "sn22.92:3.2": "anurādho ca vakkali; ",
  "sn22.92:3.3": "Assaji khemako channo, ",
  "sn22.92:3.4": "rāhulā apare duve. "
}