{
  "sn22.71:0.1": "Saṁyutta Nikāya 22.71 ",
  "sn22.71:0.2": "7. Arahantavagga ",
  "sn22.71:0.3": "Rādhasutta ",
  "sn22.71:1.1": "Sāvatthinidānaṁ. ",
  "sn22.71:1.2": "Atha kho āyasmā rādho yena bhagavā tenupasaṅkami; upasaṅkamitvā bhagavantaṁ etadavoca: ",
  "sn22.71:1.3": "“kathaṁ nu kho, bhante, jānato, kathaṁ passato imasmiñca saviññāṇake kāye bahiddhā ca sabbanimittesu ahaṅkāramamaṅkāramānānusayā na hontī”ti? ",
  "sn22.71:1.4": "“Yaṁ kiñci, rādha, rūpaṁ atītānāgatapaccuppannaṁ ajjhattaṁ vā bahiddhā vā oḷārikaṁ vā sukhumaṁ vā hīnaṁ vā paṇītaṁ vā yaṁ dūre santike vā, sabbaṁ rūpaṁ: ‘netaṁ mama, nesohamasmi, na meso attā’ti evametaṁ yathābhūtaṁ sammappaññāya passati. ",
  "sn22.71:1.5": "Yā kāci vedanā … ",
  "sn22.71:1.6": "yā kāci saññā … ",
  "sn22.71:1.7": "ye keci saṅkhārā … ",
  "sn22.71:1.8": "yaṁ kiñci viññāṇaṁ atītānāgatapaccuppannaṁ …pe… yaṁ dūre santike vā, sabbaṁ viññāṇaṁ: ‘netaṁ mama, nesohamasmi, na meso attā’ti evametaṁ yathābhūtaṁ sammappaññāya passati. ",
  "sn22.71:1.9": "Evaṁ kho, rādha, jānato evaṁ passato imasmiñca saviññāṇake kāye bahiddhā ca sabbanimittesu ahaṅkāramamaṅkāramānānusayā na hontī”ti …pe… ",
  "sn22.71:1.10": "aññataro ca panāyasmā rādho arahataṁ ahosīti. ",
  "sn22.71:1.11": "Navamaṁ. "
}