{
  "sn22.73:0.1": "Saṁyutta Nikāya 22.73 ",
  "sn22.73:0.2": "8. Khajjanīyavagga ",
  "sn22.73:0.3": "Assādasutta ",
  "sn22.73:1.1": "Sāvatthinidānaṁ. ",
  "sn22.73:1.2": "“Assutavā, bhikkhave, puthujjano rūpassa assādañca ādīnavañca nissaraṇañca yathābhūtaṁ nappajānāti. ",
  "sn22.73:1.3": "Vedanāya … ",
  "sn22.73:1.4": "saññāya … ",
  "sn22.73:1.5": "saṅkhārānaṁ … ",
  "sn22.73:1.6": "viññāṇassa assādañca ādīnavañca nissaraṇañca yathābhūtaṁ nappajānāti. ",
  "sn22.73:1.7": "Sutavā ca kho, bhikkhave, ariyasāvako rūpassa assādañca ādīnavañca nissaraṇañca yathābhūtaṁ pajānāti. ",
  "sn22.73:1.8": "Vedanāya … ",
  "sn22.73:1.9": "saññāya … ",
  "sn22.73:1.10": "saṅkhārānaṁ … ",
  "sn22.73:1.11": "viññāṇassa assādañca ādīnavañca nissaraṇañca yathābhūtaṁ pajānātī”ti. ",
  "sn22.73:1.12": "Paṭhamaṁ. "
}