{
  "sn22.74:0.1": "Saṁyutta Nikāya 22.74 ",
  "sn22.74:0.2": "8. Khajjanīyavagga ",
  "sn22.74:0.3": "Samudayasutta ",
  "sn22.74:1.1": "Sāvatthinidānaṁ. ",
  "sn22.74:1.2": "“Assutavā, bhikkhave, puthujjano rūpassa samudayañca atthaṅgamañca assādañca ādīnavañca nissaraṇañca yathābhūtaṁ nappajānāti. ",
  "sn22.74:1.3": "Vedanāya … ",
  "sn22.74:1.4": "saññāya … ",
  "sn22.74:1.5": "saṅkhārānaṁ … ",
  "sn22.74:1.6": "viññāṇassa samudayañca atthaṅgamañca assādañca ādīnavañca nissaraṇañca yathābhūtaṁ nappajānāti. ",
  "sn22.74:1.7": "Sutavā ca kho, bhikkhave, ariyasāvako rūpassa samudayañca atthaṅgamañca assādañca ādīnavañca nissaraṇañca yathābhūtaṁ pajānāti. ",
  "sn22.74:1.8": "Vedanāya … ",
  "sn22.74:1.9": "saññāya … ",
  "sn22.74:1.10": "saṅkhārānaṁ … ",
  "sn22.74:1.11": "viññāṇassa samudayañca atthaṅgamañca assādañca ādīnavañca nissaraṇañca yathābhūtaṁ pajānātī”ti. ",
  "sn22.74:1.12": "Dutiyaṁ. "
}