{
  "sn22.72:0.1": "Saṁyutta Nikāya 22.72 ",
  "sn22.72:0.2": "7. Arahantavagga ",
  "sn22.72:0.3": "Surādhasutta ",
  "sn22.72:1.1": "Sāvatthinidānaṁ. ",
  "sn22.72:1.2": "Atha kho āyasmā surādho bhagavantaṁ etadavoca: ",
  "sn22.72:1.3": "“kathaṁ nu kho, bhante, jānato kathaṁ passato imasmiñca saviññāṇake kāye bahiddhā ca sabbanimittesu ahaṅkāramamaṅkāramānāpagataṁ mānasaṁ hoti, vidhā samatikkantaṁ santaṁ suvimuttan”ti? ",
  "sn22.72:1.4": "“Yaṁ kiñci, surādha, rūpaṁ atītānāgatapaccuppannaṁ …pe… yaṁ dūre santike vā, sabbaṁ rūpaṁ: ‘netaṁ mama, nesohamasmi, na meso attā’ti evametaṁ yathābhūtaṁ sammappaññāya disvā anupādāvimutto hoti. ",
  "sn22.72:1.5": "Yā kāci vedanā … ",
  "sn22.72:1.6": "yā kāci saññā … ",
  "sn22.72:1.7": "ye keci saṅkhārā … ",
  "sn22.72:1.8": "yaṁ kiñci viññāṇaṁ atītānāgatapaccuppannaṁ ajjhattaṁ vā bahiddhā vā oḷārikaṁ vā sukhumaṁ vā hīnaṁ vā paṇītaṁ vā yaṁ dūre santike vā, sabbā vedanā …pe… ",
  "sn22.72:1.9": "sabbā saññā … ",
  "sn22.72:1.10": "sabbe saṅkhārā … ",
  "sn22.72:1.11": "sabbaṁ viññāṇaṁ: ‘netaṁ mama, nesohamasmi, na meso attā’ti evametaṁ yathābhūtaṁ sammappaññāya disvā anupādāvimutto hoti. ",
  "sn22.72:1.12": "Evaṁ kho, surādha, jānato evaṁ passato imasmiñca saviññāṇake kāye, bahiddhā ca sabbanimittesu ahaṅkāramamaṅkāramānāpagataṁ mānasaṁ hoti vidhā samatikkantaṁ santaṁ suvimuttan”ti …pe… ",
  "sn22.72:1.13": "aññataro ca panāyasmā surādho arahataṁ ahosīti. ",
  "sn22.72:1.14": "Dasamaṁ. ",
  "sn22.72:1.15": "Arahantavaggo dutiyo. ",
  "sn22.72:2.0": "Tassuddānaṁ ",
  "sn22.72:2.1": "Upādiyamaññamānā, ",
  "sn22.72:2.2": "Athābhinandamāno ca; ",
  "sn22.72:2.3": "Aniccaṁ dukkhaṁ anattā ca, ",
  "sn22.72:2.4": "Anattaniyaṁ rajanīyasaṇṭhitaṁ; ",
  "sn22.72:2.5": "Rādhasurādhena te dasāti. "
}