{
  "sn22.67:0.1": "Saṁyutta Nikāya 22.67 ",
  "sn22.67:0.2": "7. Arahantavagga ",
  "sn22.67:0.3": "Dukkhasutta ",
  "sn22.67:1.1": "Sāvatthinidānaṁ. ",
  "sn22.67:1.2": "Atha kho aññataro bhikkhu …pe… ekamantaṁ nisinno kho so bhikkhu bhagavantaṁ etadavoca: ",
  "sn22.67:1.3": "“sādhu me, bhante, bhagavā saṅkhittena dhammaṁ desetu …pe… ātāpī pahitatto vihareyyan”ti. ",
  "sn22.67:1.4": "“Yaṁ kho, bhikkhu, dukkhaṁ; tatra te chando pahātabbo”ti. ",
  "sn22.67:1.5": "“Aññātaṁ, bhagavā, aññātaṁ, sugatā”ti. ",
  "sn22.67:2.1": "“Yathā kathaṁ pana tvaṁ, bhikkhu, mayā saṅkhittena bhāsitassa vitthārena atthaṁ ājānāsī”ti? ",
  "sn22.67:2.2": "“Rūpaṁ kho, bhante, dukkhaṁ; tatra me chando pahātabbo. ",
  "sn22.67:2.3": "Vedanā … ",
  "sn22.67:2.4": "saññā … ",
  "sn22.67:2.5": "saṅkhārā … ",
  "sn22.67:2.6": "viññāṇaṁ dukkhaṁ; tatra me chando pahātabbo. ",
  "sn22.67:2.7": "Imassa khvāhaṁ, bhante, bhagavatā saṅkhittena bhāsitassa evaṁ vitthārena atthaṁ ājānāmī”ti. ",
  "sn22.67:3.1": "“Sādhu sādhu, bhikkhu. ",
  "sn22.67:3.2": "Sādhu kho tvaṁ, bhikkhu, mayā saṅkhittena bhāsitassa vitthārena atthaṁ ājānāsi. ",
  "sn22.67:3.3": "Rūpaṁ kho, bhikkhu, dukkhaṁ; tatra te chando pahātabbo. ",
  "sn22.67:3.4": "Vedanā … ",
  "sn22.67:3.5": "saññā … ",
  "sn22.67:3.6": "saṅkhārā … ",
  "sn22.67:3.7": "viññāṇaṁ dukkhaṁ; tatra te chando pahātabbo. ",
  "sn22.67:3.8": "Imassa kho, bhikkhu, mayā saṅkhittena bhāsitassa evaṁ vitthārena attho daṭṭhabbo”ti …pe… ",
  "sn22.67:3.9": "aññataro ca pana so bhikkhu arahataṁ ahosīti. ",
  "sn22.67:3.10": "Pañcamaṁ. "
}