{
  "sn22.69:0.1": "Saṁyutta Nikāya 22.69 ",
  "sn22.69:0.2": "7. Arahantavagga ",
  "sn22.69:0.3": "Anattaniyasutta ",
  "sn22.69:1.1": "Sāvatthinidānaṁ. ",
  "sn22.69:1.2": "Atha kho aññataro bhikkhu …pe… ekamantaṁ nisinno kho so bhikkhu bhagavantaṁ etadavoca: ",
  "sn22.69:1.3": "“sādhu me, bhante, bhagavā saṅkhittena dhammaṁ desetu …pe… vihareyyan”ti. ",
  "sn22.69:1.4": "“Yaṁ kho, bhikkhu, anattaniyaṁ; tatra te chando pahātabbo”ti. ",
  "sn22.69:1.5": "“Aññātaṁ, bhagavā, aññātaṁ, sugatā”ti. ",
  "sn22.69:2.1": "“Yathā kathaṁ pana tvaṁ, bhikkhu, mayā saṅkhittena bhāsitassa vitthārena atthaṁ ājānāsī”ti? ",
  "sn22.69:2.2": "“Rūpaṁ kho, bhante, anattaniyaṁ; tatra me chando pahātabbo. ",
  "sn22.69:2.3": "Vedanā … ",
  "sn22.69:2.4": "saññā … ",
  "sn22.69:2.5": "saṅkhārā … ",
  "sn22.69:2.6": "viññāṇaṁ anattaniyaṁ; tatra me chando pahātabbo. ",
  "sn22.69:2.7": "Imassa khvāhaṁ, bhante, bhagavatā saṅkhittena bhāsitassa evaṁ vitthārena atthaṁ ājānāmī”ti. ",
  "sn22.69:3.1": "“Sādhu sādhu, bhikkhu. ",
  "sn22.69:3.2": "Sādhu kho tvaṁ, bhikkhu, mayā saṅkhittena bhāsitassa vitthārena atthaṁ ājānāsi. ",
  "sn22.69:3.3": "Rūpaṁ kho, bhikkhu, anattaniyaṁ; tatra te chando pahātabbo. ",
  "sn22.69:3.4": "Vedanā … ",
  "sn22.69:3.5": "saññā … ",
  "sn22.69:3.6": "saṅkhārā … ",
  "sn22.69:3.7": "viññāṇaṁ anattaniyaṁ; tatra te chando pahātabbo. ",
  "sn22.69:3.8": "Imassa kho, bhikkhu, mayā saṅkhittena bhāsitassa evaṁ vitthārena attho daṭṭhabbo”ti …pe… ",
  "sn22.69:3.9": "aññataro ca pana so bhikkhu arahataṁ ahosīti. ",
  "sn22.69:3.10": "Sattamaṁ. "
}