{
  "sn22.84:0.1": "Saṁyutta Nikāya 22.84 ",
  "sn22.84:0.2": "9. Theravagga ",
  "sn22.84:0.3": "Tissasutta ",
  "sn22.84:1.1": "Sāvatthinidānaṁ. ",
  "sn22.84:1.2": "Tena kho pana samayena āyasmā tisso bhagavato pitucchāputto sambahulānaṁ bhikkhūnaṁ evamāroceti: ",
  "sn22.84:1.3": "“api me, āvuso, madhurakajāto viya kāyo; disāpi me na pakkhāyanti; dhammāpi maṁ na paṭibhanti; thinamiddhañca me cittaṁ pariyādāya tiṭṭhati; anabhirato ca brahmacariyaṁ carāmi; hoti ca me dhammesu vicikicchā”ti. ",
  "sn22.84:2.1": "Atha kho sambahulā bhikkhū yena bhagavā tenupasaṅkamiṁsu; upasaṅkamitvā bhagavantaṁ abhivādetvā ekamantaṁ nisīdiṁsu. Ekamantaṁ nisinnā kho te bhikkhū bhagavantaṁ etadavocuṁ: ",
  "sn22.84:2.2": "“āyasmā, bhante, tisso bhagavato pitucchāputto sambahulānaṁ bhikkhūnaṁ evamāroceti: ",
  "sn22.84:2.3": "‘api me, āvuso, madhurakajāto viya kāyo; disāpi me na pakkhāyanti; dhammāpi maṁ na paṭibhanti; thinamiddhañca me cittaṁ pariyādāya tiṭṭhati; anabhirato ca brahmacariyaṁ carāmi; hoti ca me dhammesu vicikicchā’”ti. ",
  "sn22.84:3.1": "Atha kho bhagavā aññataraṁ bhikkhuṁ āmantesi: ",
  "sn22.84:3.2": "“ehi tvaṁ, bhikkhu, mama vacanena tissaṁ bhikkhuṁ āmantehī”ti. ",
  "sn22.84:3.3": "“Evaṁ, bhante”ti kho so bhikkhu bhagavato paṭissutvā yenāyasmā tisso tenupasaṅkami; upasaṅkamitvā āyasmantaṁ tissaṁ etadavoca: ",
  "sn22.84:3.4": "“satthā taṁ, āvuso tissa, āmantetī”ti. ",
  "sn22.84:3.5": "“Evamāvuso”ti kho āyasmā tisso tassa bhikkhuno paṭissutvā yena bhagavā tenupasaṅkami; upasaṅkamitvā bhagavantaṁ abhivādetvā ekamantaṁ nisīdi. Ekamantaṁ nisinnaṁ kho āyasmantaṁ tissaṁ bhagavā etadavoca: ",
  "sn22.84:3.6": "“saccaṁ kira tvaṁ, tissa, sambahulānaṁ bhikkhūnaṁ evamārocesi: ",
  "sn22.84:3.7": "‘api me, āvuso, madhurakajāto viya kāyo …pe… hoti ca me dhammesu vicikicchā’”ti? ",
  "sn22.84:3.8": "“Evaṁ, bhante”. ",
  "sn22.84:3.9": "“Taṁ kiṁ maññasi, tissa, ",
  "sn22.84:3.10": "rūpe avigatarāgassa avigatacchandassa avigatapemassa avigatapipāsassa avigatapariḷāhassa avigatataṇhassa, tassa rūpassa vipariṇāmaññathābhāvā uppajjanti sokaparidevadukkhadomanassupāyāsā”ti? ",
  "sn22.84:3.11": "“Evaṁ, bhante”. ",
  "sn22.84:4.1": "“Sādhu sādhu, tissa. ",
  "sn22.84:4.2": "Evañhetaṁ, tissa, hoti. ",
  "sn22.84:4.3": "Yathā taṁ rūpe avigatarāgassa … ",
  "sn22.84:4.4": "vedanāya … ",
  "sn22.84:4.5": "saññāya … ",
  "sn22.84:4.6": "saṅkhāresu avigatarāgassa …pe… ",
  "sn22.84:4.7": "tesaṁ saṅkhārānaṁ vipariṇāmaññathābhāvā uppajjanti sokaparidevadukkhadomanassupāyāsā”ti? ",
  "sn22.84:4.8": "“Evaṁ, bhante”. ",
  "sn22.84:5.1": "“Sādhu sādhu, tissa. ",
  "sn22.84:5.2": "Evañhetaṁ, tissa, hoti. ",
  "sn22.84:5.3": "Yathā taṁ saṅkhāresu anigatarāgassa, viññāṇe avigatarāgassa avigatacchandassa avigatapemassa avigatapipāsassa avigatapariḷāhassa avigatataṇhassa, tassa viññāṇassa vipariṇāmaññathābhāvā uppajjanti sokaparidevadukkhadomanassupāyāsā”ti? ",
  "sn22.84:5.4": "“Evaṁ, bhante”. ",
  "sn22.84:6.1": "“Sādhu sādhu, tissa. ",
  "sn22.84:6.2": "Evañhetaṁ, tissa, hoti. ",
  "sn22.84:6.3": "Yathā taṁ viññāṇe avigatarāgassa. ",
  "sn22.84:6.4": "Taṁ kiṁ maññasi, tissa, ",
  "sn22.84:6.5": "rūpe vigatarāgassa vigatacchandassa vigatapemassa vigatapipāsassa vigatapariḷāhassa vigatataṇhassa, tassa rūpassa vipariṇāmaññathābhāvā uppajjanti sokaparidevadukkhadomanassupāyāsā”ti? ",
  "sn22.84:6.6": "“No hetaṁ, bhante”. ",
  "sn22.84:7.1": "“Sādhu sādhu, tissa. ",
  "sn22.84:7.2": "Evañhetaṁ, tissa, hoti. ",
  "sn22.84:7.3": "Yathā taṁ rūpe vigatarāgassa … ",
  "sn22.84:7.4": "vedanāya … ",
  "sn22.84:7.5": "saññāya … ",
  "sn22.84:7.6": "saṅkhāresu vigatarāgassa … ",
  "sn22.84:7.7": "viññāṇe vigatarāgassa vigatacchandassa vigatapemassa vigatapipāsassa vigatapariḷāhassa vigatataṇhassa tassa viññāṇassa vipariṇāmaññathābhāvā uppajjanti sokaparidevadukkhadomanassupāyāsā”ti? ",
  "sn22.84:7.8": "“No hetaṁ, bhante”. ",
  "sn22.84:8.1": "“Sādhu sādhu, tissa. ",
  "sn22.84:8.2": "Evañhetaṁ, tissa, hoti. ",
  "sn22.84:8.3": "Yathā taṁ viññāṇe vigatarāgassa. ",
  "sn22.84:8.4": "Taṁ kiṁ maññasi, tissa, ",
  "sn22.84:8.5": "rūpaṁ niccaṁ vā aniccaṁ vā”ti? ",
  "sn22.84:8.6": "“Aniccaṁ, bhante”. ",
  "sn22.84:8.7": "“Vedanā … ",
  "sn22.84:8.8": "saññā … ",
  "sn22.84:8.9": "saṅkhārā … ",
  "sn22.84:8.10": "viññāṇaṁ niccaṁ vā aniccaṁ vā”ti? ",
  "sn22.84:8.11": "“Aniccaṁ, bhante”. ",
  "sn22.84:8.12": "“Tasmātiha …pe… ",
  "sn22.84:8.13": "evaṁ passaṁ …pe… ",
  "sn22.84:8.14": "nāparaṁ itthattāyāti pajānāti. ",
  "sn22.84:9.1": "Seyyathāpi, tissa, dve purisā—",
  "sn22.84:9.2": "eko puriso amaggakusalo, eko puriso maggakusalo. ",
  "sn22.84:9.3": "Tamenaṁ so amaggakusalo puriso amuṁ maggakusalaṁ purisaṁ maggaṁ puccheyya. ",
  "sn22.84:9.4": "So evaṁ vadeyya: ",
  "sn22.84:9.5": "‘ehi, bho purisa, ayaṁ maggo. ",
  "sn22.84:9.6": "Tena muhuttaṁ gaccha. ",
  "sn22.84:9.7": "Tena muhuttaṁ gantvā dakkhissasi dvedhāpathaṁ, tattha vāmaṁ muñcitvā dakkhiṇaṁ gaṇhāhi. ",
  "sn22.84:9.8": "Tena muhuttaṁ gaccha. ",
  "sn22.84:9.9": "Tena muhuttaṁ gantvā dakkhissasi tibbaṁ vanasaṇḍaṁ. ",
  "sn22.84:9.10": "Tena muhuttaṁ gaccha. ",
  "sn22.84:9.11": "Tena muhuttaṁ gantvā dakkhissasi mahantaṁ ninnaṁ pallalaṁ. ",
  "sn22.84:9.12": "Tena muhuttaṁ gaccha. ",
  "sn22.84:9.13": "Tena muhuttaṁ gantvā dakkhissasi sobbhaṁ papātaṁ. ",
  "sn22.84:9.14": "Tena muhuttaṁ gaccha. ",
  "sn22.84:9.15": "Tena muhuttaṁ gantvā dakkhissasi samaṁ bhūmibhāgaṁ ramaṇīyan’ti. ",
  "sn22.84:10.1": "Upamā kho myāyaṁ, tissa, katā atthassa viññāpanāya. ",
  "sn22.84:10.2": "Ayaṁ cevettha attho: ",
  "sn22.84:10.3": "‘puriso amaggakusalo’ti kho, tissa, puthujjanassetaṁ adhivacanaṁ. ",
  "sn22.84:10.4": "‘Puriso maggakusalo’ti kho, tissa, tathāgatassetaṁ adhivacanaṁ arahato sammāsambuddhassa. ",
  "sn22.84:10.5": "‘Dvedhāpatho’ti kho, tissa, vicikicchāyetaṁ adhivacanaṁ. ",
  "sn22.84:10.6": "‘Vāmo maggo’ti kho, tissa, aṭṭhaṅgikassetaṁ micchāmaggassa adhivacanaṁ, seyyathidaṁ—",
  "sn22.84:10.7": "micchādiṭṭhiyā …pe… micchāsamādhissa. ",
  "sn22.84:10.8": "‘Dakkhiṇo maggo’ti kho, tissa, ariyassetaṁ aṭṭhaṅgikassa maggassa adhivacanaṁ, seyyathidaṁ—",
  "sn22.84:10.9": "sammādiṭṭhiyā …pe… sammāsamādhissa. ",
  "sn22.84:10.10": "‘Tibbo vanasaṇḍo’ti kho, tissa, avijjāyetaṁ adhivacanaṁ. ",
  "sn22.84:10.11": "‘Mahantaṁ ninnaṁ pallalan’ti kho, tissa, kāmānametaṁ adhivacanaṁ. ",
  "sn22.84:10.12": "‘Sobbho papāto’ti kho, tissa, kodhūpāyāsassetaṁ adhivacanaṁ. ",
  "sn22.84:10.13": "‘Samo bhūmibhāgo ramaṇīyo’ti kho, tissa, nibbānassetaṁ adhivacanaṁ. ",
  "sn22.84:10.14": "Abhirama, tissa, abhirama, tissa. ",
  "sn22.84:10.15": "Ahamovādena ahamanuggahena ahamanusāsaniyā”ti. ",
  "sn22.84:11.1": "Idamavoca bhagavā. ",
  "sn22.84:11.2": "Attamano āyasmā tisso bhagavato bhāsitaṁ abhinandīti. ",
  "sn22.84:11.3": "Dutiyaṁ. "
}