{
  "sn22.104:0.1": "Saṁyutta Nikāya 22.104 ",
  "sn22.104:0.2": "11. Antavagga ",
  "sn22.104:0.3": "Dukkhasutta ",
  "sn22.104:1.1": "Sāvatthinidānaṁ. ",
  "sn22.104:1.2": "“Dukkhañca vo, bhikkhave, desessāmi dukkhasamudayañca dukkhanirodhañca dukkhanirodhagāminiñca paṭipadaṁ. ",
  "sn22.104:1.3": "Taṁ suṇātha. ",
  "sn22.104:1.4": "Katamañca, bhikkhave, dukkhaṁ? ",
  "sn22.104:1.5": "Pañcupādānakkhandhātissa vacanīyaṁ. ",
  "sn22.104:1.6": "Katame pañca? ",
  "sn22.104:1.7": "Seyyathidaṁ—rūpupādānakkhandho …pe… viññāṇupādānakkhandho. ",
  "sn22.104:1.8": "Idaṁ vuccati, bhikkhave, dukkhaṁ. ",
  "sn22.104:1.9": "Katamo ca, bhikkhave, dukkhasamudayo? ",
  "sn22.104:1.10": "Yāyaṁ taṇhā ponobhavikā …pe… vibhavataṇhā—",
  "sn22.104:1.11": "ayaṁ vuccati, bhikkhave, dukkhasamudayo. ",
  "sn22.104:1.12": "Katamo ca, bhikkhave, dukkhanirodho? ",
  "sn22.104:1.13": "Yo tassāyeva taṇhāya asesavirāganirodho cāgo paṭinissaggo mutti anālayo—",
  "sn22.104:1.14": "ayaṁ vuccati, bhikkhave, dukkhanirodho. ",
  "sn22.104:1.15": "Katamā ca, bhikkhave, dukkhanirodhagāminī paṭipadā? ",
  "sn22.104:1.16": "Ayameva ariyo aṭṭhaṅgiko maggo. ",
  "sn22.104:1.17": "Seyyathidaṁ—sammādiṭṭhi …pe… sammāsamādhi. ",
  "sn22.104:1.18": "Ayaṁ vuccati, bhikkhave, dukkhanirodhagāminī paṭipadā”ti. ",
  "sn22.104:1.19": "Dutiyaṁ. "
}