{
  "sn22.93:0.1": "Saṁyutta Nikāya 22.93 ",
  "sn22.93:0.2": "10. Pupphavagga ",
  "sn22.93:0.3": "Nadīsutta ",
  "sn22.93:1.1": "Sāvatthinidānaṁ. ",
  "sn22.93:1.2": "“Seyyathāpi, bhikkhave, nadī pabbateyyā ohārinī dūraṅgamā sīghasotā. Tassā ubhosu tīresu kāsā cepi jātā assu, te naṁ ajjholambeyyuṁ; kusā cepi jātā assu, te naṁ ajjholambeyyuṁ; pabbajā cepi jātā assu, te naṁ ajjholambeyyuṁ; bīraṇā cepi jātā assu, te naṁ ajjholambeyyuṁ; rukkhā cepi jātā assu, te naṁ ajjholambeyyuṁ. Tassā puriso sotena vuyhamāno kāse cepi gaṇheyya, te palujjeyyuṁ. So tatonidānaṁ anayabyasanaṁ āpajjeyya. Kuse cepi gaṇheyya, pabbaje cepi gaṇheyya, bīraṇe cepi gaṇheyya, rukkhe cepi gaṇheyya, te palujjeyyuṁ. So tatonidānaṁ anayabyasanaṁ āpajjeyya. ",
  "sn22.93:1.3": "Evameva kho, bhikkhave, assutavā puthujjano ariyānaṁ adassāvī ariyadhammassa akovido ariyadhamme avinīto, sappurisānaṁ adassāvī sappurisadhammassa akovido sappurisadhamme avinīto ",
  "sn22.93:1.4": "rūpaṁ attato samanupassati, rūpavantaṁ vā attānaṁ; attani vā rūpaṁ, rūpasmiṁ vā attānaṁ. ",
  "sn22.93:1.5": "Tassa taṁ rūpaṁ palujjati. ",
  "sn22.93:1.6": "So tatonidānaṁ anayabyasanaṁ āpajjati. ",
  "sn22.93:1.7": "Vedanaṁ … ",
  "sn22.93:1.8": "saññaṁ … ",
  "sn22.93:1.9": "saṅkhāre … ",
  "sn22.93:1.10": "viññāṇaṁ attato samanupassati, viññāṇavantaṁ vā attānaṁ; attani vā viññāṇaṁ, viññāṇasmiṁ vā attānaṁ. ",
  "sn22.93:1.11": "Tassa taṁ viññāṇaṁ palujjati. ",
  "sn22.93:1.12": "So tatonidānaṁ anayabyasanaṁ āpajjati. ",
  "sn22.93:1.13": "Taṁ kiṁ maññatha, bhikkhave, ",
  "sn22.93:1.14": "rūpaṁ niccaṁ vā aniccaṁ vā”ti? ",
  "sn22.93:1.15": "“Aniccaṁ, bhante”. ",
  "sn22.93:1.16": "…pe… ",
  "sn22.93:1.17": "“Vedanā … ",
  "sn22.93:1.18": "saññā … ",
  "sn22.93:1.19": "saṅkhārā … ",
  "sn22.93:1.20": "viññāṇaṁ niccaṁ vā aniccaṁ vā”ti? ",
  "sn22.93:1.21": "“Aniccaṁ, bhante”. ",
  "sn22.93:1.22": "“Tasmātiha …pe… ",
  "sn22.93:1.23": "evaṁ passaṁ …pe… ",
  "sn22.93:1.24": "nāparaṁ itthattāyāti pajānātī”ti. ",
  "sn22.93:1.25": "Paṭhamaṁ. "
}