{
  "sn22.68:0.1": "Saṁyutta Nikāya 22.68 ",
  "sn22.68:0.2": "7. Arahantavagga ",
  "sn22.68:0.3": "Anattasutta ",
  "sn22.68:1.1": "Sāvatthinidānaṁ. ",
  "sn22.68:1.2": "Atha kho aññataro bhikkhu …pe… ekamantaṁ nisinno kho so bhikkhu bhagavantaṁ etadavoca: ",
  "sn22.68:1.3": "“sādhu me, bhante, bhagavā saṅkhittena dhammaṁ desetu …pe… ātāpī pahitatto vihareyyan”ti. ",
  "sn22.68:1.4": "“Yo kho, bhikkhu, anattā; tatra te chando pahātabbo”ti. ",
  "sn22.68:1.5": "“Aññātaṁ, bhagavā, aññātaṁ, sugatā”ti. ",
  "sn22.68:2.1": "“Yathā kathaṁ pana tvaṁ, bhikkhu, mayā saṅkhittena bhāsitassa vitthārena atthaṁ ājānāsī”ti? ",
  "sn22.68:2.2": "“Rūpaṁ kho, bhante, anattā; tatra me chando pahātabbo. ",
  "sn22.68:2.3": "Vedanā … ",
  "sn22.68:2.4": "saññā … ",
  "sn22.68:2.5": "saṅkhārā … ",
  "sn22.68:2.6": "viññāṇaṁ anattā; tatra me chando pahātabbo. ",
  "sn22.68:2.7": "Imassa khvāhaṁ, bhante, bhagavatā saṅkhittena bhāsitassa evaṁ vitthārena atthaṁ ājānāmī”ti. ",
  "sn22.68:3.1": "“Sādhu sādhu, bhikkhu. ",
  "sn22.68:3.2": "Sādhu kho tvaṁ, bhikkhu, mayā saṅkhittena bhāsitassa vitthārena atthaṁ ājānāsi. ",
  "sn22.68:3.3": "Rūpaṁ kho, bhikkhu, anattā; tatra te chando pahātabbo. ",
  "sn22.68:3.4": "Vedanā … ",
  "sn22.68:3.5": "saññā … ",
  "sn22.68:3.6": "saṅkhārā … ",
  "sn22.68:3.7": "viññāṇaṁ anattā; tatra te chando pahātabbo. ",
  "sn22.68:3.8": "Imassa kho, bhikkhu, mayā saṅkhittena bhāsitassa evaṁ vitthārena attho daṭṭhabbo”ti …pe… ",
  "sn22.68:3.9": "aññataro ca pana so bhikkhu arahataṁ ahosīti. ",
  "sn22.68:3.10": "Chaṭṭhaṁ. "
}