{
  "mn103:0.1": "Мадджхима Никая 103 ",
  "mn103:0.2": "Что вы думаете обо мне? ",
  "mn103:1.1": "Так я слышал. ",
  "mn103:1.2": "Однажды Благословенный проживал в Кусинаре в Роще Подношений.  ",
  "mn103:1.3": "Там он обратился к монахам так: ",
  "mn103:1.4": "«Монахи!» ",
  "mn103:1.5": "«Да, уважаемый», – отвечали монахи. ",
  "mn103:1.6": "Благословенный сказал следующее: ",
  "mn103:2.1": "«Что вы думаете обо мне, монахи?  ",
  "mn103:2.2": "Этот отшельник Готама учит Дхамме ради одеяний? Или что этот отшельник Готама учит Дхамме ради еды с подаяний? Или что этот отшельник Готама учит Дхамме ради жилища? Или что этот отшельник Готама учит Дхамме ради некоего лучшего состояния существования?»  ",
  "mn103:2.3": "«Мы не думаем о Благословенном так: «Отшельник Готама учит Дхамме ради одеяний… состояния существования». ",
  "mn103:2.4": "",
  "mn103:2.5": "«Итак, монахи, вы не думаете обо мне так: «Отшельник Готама учит Дхамме ради одеяний… состояния существования».  ",
  "mn103:2.6": "",
  "mn103:2.7": "",
  "mn103:2.8": "Тогда что вы думаете обо мне?»  ",
  "mn103:2.9": "Мы думаем о Благословенном вот как: ",
  "mn103:2.10": "«Благословенный сострадателен и ищет нашего благополучия.  ",
  "mn103:2.11": "Он обучает Дхамме из сострадания». ",
  "mn103:2.12": "«Итак, монахи, вы думаете обо мне так: «Благословенный сострадателен и ищет нашего благополучия.  ",
  "mn103:2.13": "",
  "mn103:2.14": "Он обучает Дхамме из сострадания».  ",
  "mn103:3.1": "Так, монахи, те вещи, которым я вас научил после того, как напрямую познал их [сам], то есть:  ",
  "mn103:3.2": "четыре основы осознанности, четыре вида правильных стараний, четыре основы сверхъестественных сил, пять сил, пять качеств, семь факторов просветления, Благородный восьмеричный путь –  Во всех этих вещах вы должны тренироваться в согласии, с признательностью друг к другу, без споров.  ",
  "mn103:4.1": "Когда вы тренируетесь в согласии… без споров, два монаха могут занять различные утверждения насчёт высшей Дхаммы.  ",
  "mn103:5.1": "Далее, если вы думаете так:  ",
  "mn103:5.2": "«Эти достопочтенные [говорят] отличающееся и по значению и по формулировке», то тогда нужно подойти к тому монаху, который вам кажется наиболее благоразумным, и сказать ему:  ",
  "mn103:5.3": "«Достопочтенные [говорят] отличающееся и по значению и по формулировке.  ",
  "mn103:5.4": "Достопочтенным следует знать, что именно поэтому [Благословенный и говорил],  ",
  "mn103:5.5": "что [сказанное] бывает различающимся и по значению и по формулировке. ",
  "mn103:5.6": "Пусть достопочтенные не пускаются в споры».  ",
  "mn103:5.7": "И затем нужно подойти к тому монаху, который вам кажется наиболее благоразумным из тех, кто занимает противоположную сторону, и сказать ему:  ",
  "mn103:5.8": "«Достопочтенные [говорят] отличающееся и по значению и по формулировке.  ",
  "mn103:5.9": "Достопочтенным следует знать, что именно поэтому [Благословенный и говорил],  ",
  "mn103:5.10": "что [сказанное] бывает различающимся и по значению и по формулировке. ",
  "mn103:5.11": "Пусть достопочтенные не пускаются в споры».  ",
  "mn103:5.12": "То, что было плохо ухвачено, следует держать в уме как то, что плохо ухвачено. А то, что было хорошо ухвачено, следует держать в уме как то, что хорошо ухвачено. ",
  "mn103:5.13": "Держа в уме то, что было хорошо ухвачено как то, что хорошо ухвачено, следует разъяснить, что является Дхаммой, и что является Винаей.  ",
  "mn103:6.1": "Далее, если вы думаете так:  ",
  "mn103:6.2": "«Эти достопочтенные [говорят] отличающееся по значению, но одинаковое по формулировке», то тогда нужно подойти к тому монаху, который вам кажется наиболее благоразумным, и сказать ему:  ",
  "mn103:6.3": "«Достопочтенные [говорят] отличающееся по значению, но одинаковое по формулировке.  ",
  "mn103:6.4": "Достопочтенным следует знать, что именно поэтому [Благословенный и говорил],  ",
  "mn103:6.5": "что [сказанное] бывает различающимся по значению, но одинаковым по формулировке.  ",
  "mn103:6.6": "Пусть достопочтенные не пускаются в споры».  ",
  "mn103:6.7": "И затем нужно подойти к тому монаху, который вам кажется наиболее благоразумным из тех, кто занимает противоположную сторону, и сказать ему:  ",
  "mn103:6.8": "«Достопочтенные [говорят] отличающееся по значению, но одинаковое по формулировке.  ",
  "mn103:6.9": "Достопочтенным следует знать, что именно поэтому [Благословенный и говорил],  ",
  "mn103:6.10": "что [сказанное] бывает различающимся по значению, но одинаковым по формулировке.  ",
  "mn103:6.11": "Пусть достопочтенные не пускаются в споры».  ",
  "mn103:6.12": "То, что было плохо ухвачено, следует держать в уме как то, что плохо ухвачено. А то, что было хорошо ухвачено, следует держать в уме как то, что хорошо ухвачено. ",
  "mn103:6.13": "Держа в уме то, что было хорошо ухвачено как то, что хорошо ухвачено, следует разъяснить, что является Дхаммой, и что является Винаей.  ",
  "mn103:7.1": "Далее, если вы думаете так:  ",
  "mn103:7.2": "«Эти достопочтенные [говорят] одинаковое по значению, но отличающееся по формулировке», то тогда нужно подойти к тому монаху, который вам кажется наиболее благоразумным, и сказать ему:  ",
  "mn103:7.3": "«Достопочтенные [говорят] одинаковое по значению, но отличающееся по формулировке.  ",
  "mn103:7.4": "Достопочтенным следует знать, что именно поэтому [Благословенный и говорил],  ",
  "mn103:7.5": "что [сказанное] бывает одинаковым по значению, но отличающимся по формулировке.  ",
  "mn103:7.6": "Но формулировка – это мелочь.  ",
  "mn103:7.7": "Пусть достопочтенные не пускаются в споры из-за мелочи».  ",
  "mn103:7.8": "И затем нужно подойти к тому монаху, который вам кажется наиболее благоразумным из тех, кто занимает противоположную сторону, и сказать ему:  ",
  "mn103:7.9": "«Достопочтенные [говорят] одинаковое по значению, но отличающееся по формулировке.  ",
  "mn103:7.10": "Достопочтенным следует знать, что именно поэтому [Благословенный и говорил],  ",
  "mn103:7.11": "что [сказанное] бывает одинаковым по значению, но отличающимся по формулировке.  ",
  "mn103:7.12": "Но формулировка – это мелочь.  ",
  "mn103:7.13": "Пусть достопочтенные не пускаются в споры из-за мелочи».  ",
  "mn103:7.14": "То, что было плохо ухвачено, следует держать в уме как то, что плохо ухвачено. А то, что было хорошо ухвачено, следует держать в уме как то, что хорошо ухвачено. ",
  "mn103:7.15": "Держа в уме то, что было хорошо ухвачено как то, что хорошо ухвачено, следует разъяснить, что является Дхаммой, и что является Винаей.  ",
  "mn103:8.1": "Далее, если вы думаете так:  ",
  "mn103:8.2": "«Эти достопочтенные [говорят] одинаковое и по значению и по формулировке», то тогда нужно подойти к тому монаху, который вам кажется наиболее благоразумным, и сказать ему:  ",
  "mn103:8.3": "«Достопочтенные [говорят] одинаковое и по значению и по формулировке.  ",
  "mn103:8.4": "Достопочтенным следует знать, что именно поэтому [Благословенный и говорил],  ",
  "mn103:8.5": "что [сказанное] бывает одинаковым и по значению и по формулировке. ",
  "mn103:8.6": "Пусть достопочтенные не пускаются в споры».  ",
  "mn103:8.7": "И затем нужно подойти к тому монаху, который вам кажется наиболее благоразумным из тех, кто занимает противоположную сторону, и сказать ему:  ",
  "mn103:8.8": "«Достопочтенные [говорят] одинаковое и по значению и по формулировке.  ",
  "mn103:8.9": "Достопочтенным следует знать, что именно поэтому [Благословенный и говорил],  ",
  "mn103:8.10": "что [сказанное] бывает одинаковым и по значению и по формулировке. ",
  "mn103:8.11": "Пусть достопочтенные не пускаются в споры».  ",
  "mn103:8.12": "То, что было хорошо ухвачено, следует держать в уме как то, что хорошо ухвачено.  ",
  "mn103:8.13": "Держа в уме то, что было хорошо ухвачено как то, что хорошо ухвачено, следует разъяснить, что является Дхаммой, и что является Винаей.  ",
  "mn103:9.1": "Когда вы тренируетесь в согласии, с признательностью друг к другу, без споров, некий монах может совершить нарушение или проступок.  ",
  "mn103:10.1": "И тогда, монахи, вам не следует торопиться упрекать его.  Вместо этого его нужно изучить так:  ",
  "mn103:10.2": "«И я не буду обеспокоен, и другого человека это не заденет. Ведь другой человек не предаётся злобе и негодованию,  он не привязан прочно к своему воззрению, оставляет [его] с лёгкостью.  Я могу сделать так, что этот человек выйдет из неблагого, [смогу] утвердить его в благом».  ",
  "mn103:10.3": "Если такая мысль приходит к вам, монахи, то тогда подобает говорить.  ",
  "mn103:11.1": "Далее, монахи, мысль может прийти к вам:  ",
  "mn103:11.2": "«Я буду обеспокоен, и другого человека это заденет. Ведь другой человек предаётся злобе и негодованию.  Однако, он не привязан прочно к своему воззрению, оставляет [его] с лёгкостью.  Я могу сделать так, что этот человек выйдет из неблагого, [смогу] утвердить его в благом.  ",
  "mn103:11.3": "Это мелочь – что его это заденет,  ",
  "mn103:11.4": "Куда более важным является то,  ",
  "mn103:11.5": "что я могу сделать так, что этот человек выйдет из неблагого, [смогу] утвердить его в благом».  ",
  "mn103:11.6": "Если такая мысль приходит к вам, монахи, то тогда подобает говорить.  ",
  "mn103:12.1": "Далее, монахи, мысль может прийти к вам:  ",
  "mn103:12.2": "«Я буду обеспокоен, но другого человека это не заденет. Ведь другой человек не предаётся злобе и негодованию.  Однако, он привязан прочно к своему воззрению, оставляет [его] с трудом.  Но всё же я могу сделать так, что этот человек выйдет из неблагого, [смогу] утвердить его в благом.  ",
  "mn103:12.3": "Это мелочь – что я буду обеспокоен,  ",
  "mn103:12.4": "Куда более важным является то,  ",
  "mn103:12.5": "что я могу сделать так, что этот человек выйдет из неблагого, [смогу] утвердить его в благом».  ",
  "mn103:12.6": "Если такая мысль приходит к вам, монахи, то тогда подобает говорить.  ",
  "mn103:13.1": "Далее, монахи, мысль может прийти к вам:  ",
  "mn103:13.2": "«Я буду обеспокоен, и другого человека это заденет. Ведь другой человек предаётся злобе и негодованию.  а также он привязан прочно к своему воззрению, оставляет [его] с трудом. Но всё же я могу сделать так, что этот человек выйдет из неблагого, [смогу] утвердить его в благом.  ",
  "mn103:13.3": "Это мелочь – что я буду обеспокоен, и что другого человека это заденет.  ",
  "mn103:13.4": "Куда более важным является то,  ",
  "mn103:13.5": "что я могу сделать так, что этот человек выйдет из неблагого, [смогу] утвердить его в благом».  ",
  "mn103:13.6": "Если такая мысль приходит к вам, монахи, то тогда подобает говорить.  ",
  "mn103:14.1": "Далее, монахи, мысль может прийти к вам:  ",
  "mn103:14.2": "«Я буду обеспокоен, и другого человека это заденет. Ведь другой человек предаётся злобе и негодованию.  а также он привязан прочно к своему воззрению, оставляет [его] с трудом. Я не могу сделать так, что этот человек выйдет из неблагого, [не смогу] утвердить его в благом».  ",
  "mn103:14.3": "[В этом случае] не стоит недооценивать [проявления] невозмутимости к такому человеку.  ",
  "mn103:15.1": "Когда вы тренируетесь в согласии, с признательностью друг к другу, без споров, может возникнуть взаимное словесное трение, наглость [в выражении] воззрений, горечь, уныние.  ",
  "mn103:15.2": "Тогда вам следует подойти к тому монаху, который вам кажется наиболее благоразумным из тех, кто занимает какую-либо сторону, и обратиться к нему так:  ",
  "mn103:15.3": "«По мере того как мы тренировались в согласии… возникло взаимное словесное трение… уныние.  Если бы Отшельник узнал об этом, упрекнул бы он за это?»  ",
  "mn103:15.4": "то, отвечая правдиво, этот монах должен ответить так: ",
  "mn103:15.5": "«По мере того как мы тренировались… Если бы Отшельник узнал об этом, он бы упрекнул за это». ",
  "mn103:15.6": "«Но, друг, не отбросив этой вещи, можно ли реализовать ниббану?»  ",
  "mn103:15.7": "то, отвечая правдиво, этот монах должен ответить так: ",
  "mn103:15.8": "«Друг, не отбросив этой вещи, невозможно реализовать ниббану».  ",
  "mn103:16.1": "И затем нужно подойти к тому монаху, который вам кажется наиболее благоразумным из тех, кто занимает противоположную сторону, и сказать ему:  ",
  "mn103:16.2": "«По мере того как мы тренировались в согласии… возникло взаимное словесное трение… уныние.  Если бы Отшельник узнал об этом, упрекнул бы он за это?»  ",
  "mn103:16.3": "то, отвечая правдиво, этот монах должен ответить так: ",
  "mn103:16.4": "«По мере того как мы тренировались… Если бы Отшельник узнал об этом, он бы упрекнул за это». ",
  "mn103:16.5": "«Но, друг, не отбросив этой вещи, можно ли реализовать ниббану?»  ",
  "mn103:16.6": "то, отвечая правдиво, этот монах должен ответить так: ",
  "mn103:16.7": "«Друг, не отбросив этой вещи, невозможно реализовать ниббану».  ",
  "mn103:17.1": "Если бы другие спросили того монаха так:  ",
  "mn103:17.2": "«Тот ли это достопочтенный, который сделал так, что те монахи вышли из неблагого, [который] утвердил их в благом?»,  ",
  "mn103:17.3": "то, отвечая правдиво, этот монах должен ответить так: ",
  "mn103:17.4": "«Вот, друзья, я отправился к Благословенному.  Благословенный научил меня Дхамме.  Услышав эту Дхамму, я поговорил с теми монахами.  ",
  "mn103:17.5": "Монахи услышали ту Дхамму, и они вышли из неблагого и утвердились в благом».  ",
  "mn103:17.6": "Отвечая так, монах ни восхваляет себя, ни принижает других.  Он отвечает в соответствии с Дхаммой так, что нет ничего, что могло бы стать уместным основанием для критики из-за его утверждения».  ",
  "mn103:17.7": "Так сказал Благословенный. ",
  "mn103:17.8": "Монахи были довольны и восхитились словами Благословенного. "
}