{
  "mn106:0.1": "Мадджхима Никая 106 ",
  "mn106:0.2": "Путь к непоколебимому ",
  "mn106:1.1": "Так я слышал. ",
  "mn106:1.2": "Однажды Благословенный проживал в стране Куру, где был город Куру под названием Каммасадхамма.  ",
  "mn106:1.3": "Там он обратился к монахам так: ",
  "mn106:1.4": "«Монахи!» ",
  "mn106:1.5": "«Да, уважаемый», – отвечали монахи. ",
  "mn106:1.6": "Благословенный сказал следующее: ",
  "mn106:2.1": "«Монахи, чувственные удовольствия непостоянны, пусты, фальшивы, обманчивы.  ",
  "mn106:2.2": "Они иллюзорны, болтовня дураков.  ",
  "mn106:2.3": "Чувственные удовольствия здесь и сейчас, как и чувственные удовольствия в жизнях, что придут [потом];  ",
  "mn106:2.4": "чувственные восприятия здесь и сейчас, как и чувственные восприятия в жизнях, что придут [потом]. ",
  "mn106:2.5": "всё это подобно царству Мары, владению Мары, приманке Мары, охотничьим угодьям Мары.  ",
  "mn106:2.6": "Из-за них эти плохие, неблагие умственные состояния, такие как алчность, недоброжелательность, нахальство,  ",
  "mn106:2.7": "возникают, и они составляют здесь препятствие тренирующемуся благородному ученику.  ",
  "mn106:3.1": "В отношении этого, монахи, благородный ученик рассуждает так:  ",
  "mn106:3.2": "«[Есть] чувственные удовольствия здесь и сейчас, как и чувственные удовольствия в жизнях, что придут [потом]; ",
  "mn106:3.3": "чувственные восприятия здесь и сейчас, как и чувственные восприятия в жизнях, что придут [потом]. ",
  "mn106:3.4": "всё это подобно царству Мары, владению Мары, приманке Мары, охотничьим угодьям Мары.  ",
  "mn106:3.5": "Из-за них эти плохие, неблагие умственные состояния, такие как алчность, недоброжелательность, нахальство,  ",
  "mn106:3.6": "возникают, и они составляют здесь препятствие тренирующемуся благородному ученику.  ",
  "mn106:3.7": "Что, если я буду пребывать с умом, который обильный и возвышенный, преодолев мир, создав твёрдую решимость с помощью ума?  ",
  "mn106:3.8": "Если я буду делать так, то не будет более во мне плохих, неблагих умственных состояний, таких как алчность, недоброжелательность, нахальство.  ",
  "mn106:3.9": "С их оставлением мой ум будет безграничным, безмерным, хорошо развитым». ",
  "mn106:3.10": "Когда он практикует так и часто пребывает так, его ум обретает уверенность в этой сфере. ",
  "mn106:3.11": "Как только есть полная уверенность, он либо достигает непоколебимого сейчас, либо настраивается [на это] мудростью.  ",
  "mn106:3.12": "С распадом тела, после смерти, есть возможность, что развёртывающееся сознание перейдёт к [перерождению] в непоколебимом. ",
  "mn106:3.13": "Монахи, сказано, что таков первый путь, ведущий к непоколебимому.  ",
  "mn106:4.1": "Далее, монахи, ученик Благородных рассуждает так: ",
  "mn106:4.2": "«[Есть] чувственные удовольствия здесь и сейчас, как и чувственные удовольствия в жизнях, что придут [потом]; ",
  "mn106:4.3": "чувственные восприятия здесь и сейчас, как и чувственные восприятия в жизнях, что придут [потом]. ",
  "mn106:4.4": "Какая бы материальная форма [ни существовала], всякая материальная форма – это четыре великих элемента и материальная форма, составленная из четырёх великих элементов». ",
  "mn106:4.5": "Когда он практикует так и часто пребывает так, его ум обретает уверенность в этой сфере. ",
  "mn106:4.6": "Как только есть полная уверенность, он либо достигает непоколебимого сейчас, либо настраивается [на это] мудростью.  ",
  "mn106:4.7": "С распадом тела, после смерти, есть возможность, что развёртывающееся сознание перейдёт к [перерождению] в непоколебимом. ",
  "mn106:4.8": "Монахи, сказано, что таков второй путь, ведущий к непоколебимому.  ",
  "mn106:5.1": "Далее, монахи, ученик Благородных рассуждает так: ",
  "mn106:5.2": "«[Есть] чувственные удовольствия здесь и сейчас, как и чувственные удовольствия в жизнях, что придут [потом]; ",
  "mn106:5.3": "чувственные восприятия здесь и сейчас, как и чувственные восприятия в жизнях, что придут [потом]; ",
  "mn106:5.4": "материальные формы здесь и сейчас и материальные формы в жизнях, что придут [потом];  ",
  "mn106:5.5": "восприятия форм здесь и сейчас и восприятия форм в жизнях, что придут [потом] –  ",
  "mn106:5.6": "всё это непостоянно.  ",
  "mn106:5.7": "То, что является непостоянным, недостойно того, чтобы им наслаждаться, недостойно того, чтобы его приветствовать, недостойно того, чтобы за него держаться». ",
  "mn106:5.8": "Когда он практикует так и часто пребывает так, его ум обретает уверенность в этой сфере. ",
  "mn106:5.9": "Как только есть полная уверенность, он либо достигает непоколебимого сейчас, либо настраивается [на это] мудростью.  ",
  "mn106:5.10": "С распадом тела, после смерти, есть возможность, что развёртывающееся сознание перейдёт к [перерождению] в непоколебимом. ",
  "mn106:5.11": "Монахи, сказано, что таков третий путь, ведущий к непоколебимому.  ",
  "mn106:6.1": "Далее, монахи, ученик Благородных рассуждает так: ",
  "mn106:6.2": "«[Есть] чувственные удовольствия здесь и сейчас, как и чувственные удовольствия в жизнях, что придут [потом]; ",
  "mn106:6.3": "чувственные восприятия здесь и сейчас, как и чувственные восприятия в жизнях, что придут [потом]; ",
  "mn106:6.4": "материальные формы здесь и сейчас и материальные формы в жизнях, что придут [потом];  ",
  "mn106:6.5": "восприятия форм здесь и сейчас и восприятия форм в жизнях, что придут [потом], ",
  "mn106:6.6": "[а также] восприятия непоколебимого –  ",
  "mn106:6.7": "всё это восприятия.  ",
  "mn106:6.8": "Там, где все эти восприятия прекращаются без остатка – это умиротворённое, это возвышенное,  ",
  "mn106:6.9": "то есть, сфера отсутствия всего».  ",
  "mn106:6.10": "Когда он практикует так и часто пребывает так, его ум обретает уверенность в этой сфере. ",
  "mn106:6.11": "Как только есть полная уверенность, он либо достигает сферы отсутствия всего сейчас, либо настраивается [на неё] мудростью.  ",
  "mn106:6.12": "С распадом тела, после смерти, есть возможность, что развёртывающееся сознание перейдёт к [перерождению] в сфере отсутствия всего.  ",
  "mn106:6.13": "Монахи, сказано, что таков первый путь, ведущий к сфере отсутствия всего.  ",
  "mn106:7.1": "Далее, монахи, благородный ученик, уйдя в лес, или к подножью дерева, или в пустую хижину, рассуждает так:  ",
  "mn106:7.2": "«Это пусто от \"я\" или чего-либо, присущего \"я\"». ",
  "mn106:7.3": "Когда он практикует так и часто пребывает так, его ум обретает уверенность в этой сфере. ",
  "mn106:7.4": "Как только есть полная уверенность, он либо достигает сферы отсутствия всего сейчас, либо настраивается [на неё] мудростью.  ",
  "mn106:7.5": "С распадом тела, после смерти, есть возможность, что развёртывающееся сознание перейдёт к [перерождению] в сфере отсутствия всего.  ",
  "mn106:7.6": "Монахи, сказано, что таков второй путь, ведущий к сфере отсутствия всего.  ",
  "mn106:8.1": "Далее, монахи, ученик Благородных рассуждает так: ",
  "mn106:8.2": "«Я не есть что-то, принадлежащее кому-либо где-либо,  как и нет чего-то, принадлежащего мне в ком-либо где-либо». ",
  "mn106:8.3": "Когда он практикует так и часто пребывает так, его ум обретает уверенность в этой сфере. ",
  "mn106:8.4": "Как только есть полная уверенность, он либо достигает сферы отсутствия всего сейчас, либо настраивается [на неё] мудростью.  ",
  "mn106:8.5": "С распадом тела, после смерти, есть возможность, что развёртывающееся сознание перейдёт к [перерождению] в сфере отсутствия всего.  ",
  "mn106:8.6": "Монахи, сказано, что таков третий путь, ведущий к сфере отсутствия всего.  ",
  "mn106:9.1": "Далее, монахи, ученик Благородных рассуждает так: ",
  "mn106:9.2": "«[Есть] чувственные удовольствия здесь и сейчас, как и чувственные удовольствия в жизнях, что придут [потом]; ",
  "mn106:9.3": "чувственные восприятия здесь и сейчас, как и чувственные восприятия в жизнях, что придут [потом]; ",
  "mn106:9.4": "материальные формы здесь и сейчас и материальные формы в жизнях, что придут [потом];  ",
  "mn106:9.5": "восприятия форм здесь и сейчас и восприятия форм в жизнях, что придут [потом], ",
  "mn106:9.6": "восприятия непоколебимого; восприятия сферы отсутствия всего –  ",
  "mn106:9.7": "всё это восприятия.  ",
  "mn106:9.8": "Там, где все эти восприятия прекращаются без остатка – это умиротворённое, это возвышенное,  ",
  "mn106:9.9": "то есть, сфера ни-восприятия-ни-не-восприятия».  ",
  "mn106:9.10": "Когда он практикует так и часто пребывает так, его ум обретает уверенность в этой сфере. ",
  "mn106:9.11": "Как только есть полная уверенность, он либо достигает сферы ни-восприятия-ни-не-восприятия сейчас, либо настраивается [на неё] мудростью.  ",
  "mn106:9.12": "С распадом тела, после смерти, есть возможность, что развёртывающееся сознание перейдёт к [перерождению] в сфере ни-восприятия-ни-не-восприятия.  ",
  "mn106:9.13": "Монахи, сказано, что таков путь, ведущий к сфере ни-восприятия-ни-не-восприятия».  ",
  "mn106:10.1": "Когда так было сказано, достопочтенный Ананда сказал Благословенному: ",
  "mn106:10.2": "«Уважаемый, вот монах практикует так:  ",
  "mn106:10.3": "«Этого могло бы не быть, и этого могло бы не быть у меня.  Этого не будет, и этого не будет у меня.  Я отбрасываю то, что существует, то, что возникло».  ",
  "mn106:10.4": "Так он обретает невозмутимость. ",
  "mn106:10.5": "Уважаемый, достигает ли такой монах ниббаны?» ",
  "mn106:10.6": "«Один монах, Ананда, может достичь [так] ниббаны. Другой монах может [так] не достичь ниббаны». ",
  "mn106:10.7": "«Но в чём условие, в чём причина, уважаемый, почему один монах может достичь [так] ниббаны, а другой монах может [так] не достичь ниббаны?»  ",
  "mn106:10.8": "«Ананда, вот монах практикует так:  ",
  "mn106:10.9": "«Этого могло бы не быть, и этого могло бы не быть у меня.  Этого не будет, и этого не будет у меня.  Я отбрасываю то, что существует, то, что возникло».  ",
  "mn106:10.10": "Так он обретает невозмутимость. ",
  "mn106:10.11": "Он наслаждается этой невозмутимостью, приветствует её, продолжает её удерживать.  ",
  "mn106:10.12": "По мере того как он делает так, его сознание становится зависимым от этого и цепляется к этому.  ",
  "mn106:10.13": "А монах с цеплянием, Ананда, не достигает ниббаны».  ",
  "mn106:11.1": "«Но, уважаемый, когда этот монах цепляется, он цепляется за что?»  ",
  "mn106:11.2": "«За сферу ни-восприятия-ни-не-восприятия, Ананда».  ",
  "mn106:11.3": "«Когда этот монах цепляется, уважаемый, то, похоже, он цепляется за наилучший из [предметов] цепляния». ",
  "mn106:11.4": "«Когда этот монах цепляется, Ананда, он цепляется за наилучший из [предметов] цепляния.  ",
  "mn106:11.5": "Ведь это наилучший из [предметов] цепляния,  ",
  "mn106:11.6": "то есть, сфера-ни-восприятия-ни-не-восприятия. ",
  "mn106:12.1": "Ананда, вот монах практикует так:  ",
  "mn106:12.2": "«Этого могло бы не быть, и этого могло бы не быть у меня.  Этого не будет, и этого не будет у меня.  Я отбрасываю то, что существует, то, что возникло».  ",
  "mn106:12.3": "Так он обретает невозмутимость. ",
  "mn106:12.4": "Он не наслаждается этой невозмутимостью, не приветствует её, не продолжает её удерживать.  ",
  "mn106:12.5": "Поскольку он не делает так, его сознание не становится зависимым от этого и не цепляется к этому.  ",
  "mn106:12.6": "Монах без цепляния, Ананда, достигает ниббаны».  ",
  "mn106:13.1": "«Удивительно, уважаемый! Поразительно! ",
  "mn106:13.2": "Благословенный воистину разъяснил нам пересечение наводнения в зависимости от той или иной опоры.  ",
  "mn106:13.3": "Но, уважаемый, что такое благородное освобождение?»  ",
  "mn106:13.4": "«Ананда, вот благородный ученик рассуждает так:  ",
  "mn106:13.5": "«[Есть] чувственные удовольствия здесь и сейчас, как и чувственные удовольствия в жизнях, что придут [потом]; ",
  "mn106:13.6": "чувственные восприятия здесь и сейчас, как и чувственные восприятия в жизнях, что придут [потом]; ",
  "mn106:13.7": "материальные формы здесь и сейчас и материальные формы в жизнях, что придут [потом];  ",
  "mn106:13.8": "восприятия форм здесь и сейчас и восприятия форм в жизнях, что придут [потом], ",
  "mn106:13.9": "восприятия непоколебимого; восприятия сферы отсутствия всего; восприятия сферы ни-восприятия-ни-не-восприятия –  ",
  "mn106:13.10": "это то, докуда простирается личность.  ",
  "mn106:13.11": "А это является Бессмертным, то есть – освобождение ума посредством не-цепляния».  ",
  "mn106:14.1": "Таким образом, Ананда, я научил пути к непоколебимому. Я научил пути к сфере отсутствия всего. Я научил пути к сфере ни-восприятия-ни-не-восприятия.  Я научил пересечению наводнения в зависимости от той или иной опоры, я научил благородному освобождению.  ",
  "mn106:15.1": "То, что следует сделать учителю для своих учеников из сострадания к ним, желая им благополучия, имея к ним сострадание, всё это я сделал для вас, Ананда.  ",
  "mn106:15.2": "Вон там – подножья деревьев, там – пустые хижины.  Медитируйте, Ананда,  не откладывайте на потом,  иначе будете позже сожалеть об этом.  Таково наше наставление вам».  ",
  "mn106:15.3": "Так сказал Благословенный. ",
  "mn106:15.4": "Достопочтенный Ананда был доволен и восхитился словами Благословенного. "
}