{
  "mn111:0.1": "Мадджхима Никая 111 ",
  "mn111:0.2": "Одно за другим по мере происхождения ",
  "mn111:1.1": "Так я слышал. ",
  "mn111:1.2": "Однажды Благословенный проживал в Саваттхи, в роще Джеты, в парке Анатхапиндики. ",
  "mn111:1.3": "Там он обратился к монахам так: ",
  "mn111:1.4": "«Монахи!» ",
  "mn111:1.5": "«Да, уважаемый», – отвечали монахи. ",
  "mn111:1.6": "Благословенный сказал следующее: ",
  "mn111:2.1": "«Монахи, Сарипутта мудр.  ",
  "mn111:2.2": "Сарипутта обладает великой мудростью. ",
  "mn111:2.3": "Сарипутта наделён великой мудростью.  ",
  "mn111:2.4": "Сарипутта наделён радостной мудростью.  ",
  "mn111:2.5": "Сарипутта наделён быстрой мудростью.  ",
  "mn111:2.6": "Сарипутта наделён острой мудростью.  ",
  "mn111:2.7": "Сарипутта наделён проницательной мудростью.  ",
  "mn111:2.8": "В течение половины месяца, монахи, Сарипутта обрёл прозрение в состояния [ума] по мере того, как они происходили одно за другим.  ",
  "mn111:2.9": "И прозрение Сарипутты в состояния [ума], которые происходили одно за другим, было следующим.  ",
  "mn111:3.1": "Вот, монахи, будучи отстранённым от чувственных удовольствий, отстранённый от неблагих состояний [ума], Сарипутта вошёл и пребывал в первой джхане, которая сопровождалась направлением и удержанием [ума на объекте медитации] с восторгом и удовольствием, что возникли из-за [этой] отстранённости.  ",
  "mn111:4.1": "И те состояния в первой джхане были определены им одно за другим по мере того, как они происходили: направление [ума на объект], удержание [ума на объекте], восторг, удовольствие, единение ума; контакт, чувство, восприятие, намерение и ум; рвение, решимость, усердие, осознанность, невозмутимость и внимание. ",
  "mn111:4.2": "Он знал, как эти состояния возникли, знал, как они наличествовали, знал, как они исчезли.  ",
  "mn111:4.3": "Он понял так: ",
  "mn111:4.4": "«Воистину, этих состояний не было, и они возникли. Побыв, они исчезли».  ",
  "mn111:4.5": "В отношении этих состояний он пребывал невовлечённым, без отторжения, независимым, отсоединённым, освобождённым, отделённым, с умом, лишённым преград.  ",
  "mn111:4.6": "Он понял: «Есть спасение за пределами [этого]»,  ",
  "mn111:4.7": "и с развитием этого [медитативного достижения] он подтвердил [для себя] то, что оно есть. ",
  "mn111:5.1": "Далее, с угасанием направления и удержания [ума на объекте], Сарипутта вошёл и пребывал во второй джхане, в которой наличествуют уверенность в себе и единение ума, в которой нет направления и удержания, но есть восторг и удовольствие, что возникли посредством сосредоточения. ",
  "mn111:6.1": "И те состояния во второй джхане были определены им одно за другим по мере того, как они происходили: уверенность в себе, восторг, удовольствие, единение ума; контакт, чувство, восприятие, намерение и ум; рвение, решимость, усердие, осознанность, невозмутимость и внимание.  ",
  "mn111:6.2": "Он знал, как эти состояния возникли, знал, как они наличествовали, знал, как они исчезли.  ",
  "mn111:6.3": "Он понял так: ",
  "mn111:6.4": "«Воистину, этих состояний не было, и они возникли. Побыв, они исчезли».  ",
  "mn111:6.5": "В отношении этих состояний он пребывал невовлечённым, без отторжения, независимым, отсоединённым, освобождённым, отделённым, с умом, лишённым преград.  ",
  "mn111:6.6": "Он понял: «Есть спасение за пределами [этого]»,  ",
  "mn111:6.7": "и с развитием этого [медитативного достижения] он подтвердил [для себя] то, что оно есть. ",
  "mn111:7.1": "Далее, монахи, с угасанием восторга Сарипутта пребывал невозмутимым, осознанным, бдительным, всё ещё ощущая приятное телом. Он вошёл и пребывал в третьей джхане, о которой благородные говорят так: «Он невозмутим, осознан, находится в приятном пребывании».  ",
  "mn111:8.1": "И те состояния в третьей джхане были определены им одно за другим по мере того, как они происходили: невозмутимость, удовольствие, осознанность, бдительность, единение ума; контакт, чувство, восприятие, намерение и ум; рвение, решимость, усердие, осознанность, невозмутимость и внимание. ",
  "mn111:8.2": "Он знал, как эти состояния возникли, знал, как они наличествовали, знал, как они исчезли.  ",
  "mn111:8.3": "Он понял так: ",
  "mn111:8.4": "«Воистину, этих состояний не было, и они возникли. Побыв, они исчезли».  ",
  "mn111:8.5": "В отношении этих состояний он пребывал невовлечённым, без отторжения, независимым, отсоединённым, освобождённым, отделённым, с умом, лишённым преград.  ",
  "mn111:8.6": "Он понял: «Есть спасение за пределами [этого]»,  ",
  "mn111:8.7": "и с развитием этого [медитативного достижения] он подтвердил [для себя] то, что оно есть. ",
  "mn111:9.1": "Далее, монахи, с оставлением удовольствия и боли, равно как и с предыдущим угасанием радости и грусти, Сарипутта вошёл и пребывал в четвёртой джхане, которая является ни-приятной-ни-болезненной, характеризуется чистейшей осознанностью из-за невозмутимости.  ",
  "mn111:10.1": "И те состояния в четвёртой джхане были определены им одно за другим по мере того, как они происходили: невозмутимость, ни-приятное-ни-болезненное чувство, умственная невзволнованность из-за безмятежности, чистота осознанности, и единение ума; контакт, чувство, восприятие, намерение и ум; рвение, решимость, усердие, осознанность, невозмутимость и внимание. ",
  "mn111:10.2": "Он знал, как эти состояния возникли, знал, как они наличествовали, знал, как они исчезли.  ",
  "mn111:10.3": "Он понял так: ",
  "mn111:10.4": "«Воистину, этих состояний не было, и они возникли. Побыв, они исчезли».  ",
  "mn111:10.5": "В отношении этих состояний он пребывал невовлечённым, без отторжения, независимым, отсоединённым, освобождённым, отделённым, с умом, лишённым преград.  ",
  "mn111:10.6": "Он понял: «Есть спасение за пределами [этого]»,  ",
  "mn111:10.7": "и с развитием этого [медитативного достижения] он подтвердил [для себя] то, что оно есть. ",
  "mn111:11.1": "Далее, монахи, с полным преодолением восприятий форм, с исчезновением восприятий, вызываемых органами чувств, не обращающий внимания на восприятие множественного, осознавая: «Пространство безгранично», Сарипутта вошёл и пребывал в сфере безграничного пространства.  ",
  "mn111:12.1": "И те состояния в сфере безграничного пространства были определены им одно за другим по мере того, как они происходили: восприятие сферы безграничного пространства, и единение ума; контакт, чувство, восприятие, намерение и ум; рвение, решимость, усердие, осознанность, невозмутимость и внимание. ",
  "mn111:12.2": "Он знал, как эти состояния возникли, знал, как они наличествовали, знал, как они исчезли.  ",
  "mn111:12.3": "Он понял так: ",
  "mn111:12.4": "«Воистину, этих состояний не было, и они возникли. Побыв, они исчезли».  ",
  "mn111:12.5": "В отношении этих состояний он пребывал невовлечённым, без отторжения, независимым, отсоединённым, освобождённым, отделённым, с умом, лишённым преград.  ",
  "mn111:12.6": "Он понял: «Есть спасение за пределами [этого]»,  ",
  "mn111:12.7": "и с развитием этого [медитативного достижения] он подтвердил [для себя] то, что оно есть. ",
  "mn111:13.1": "Далее, монахи, с полным преодолением сферы безграничного пространства, осознавая: «Сознание безгранично», Сарипутта вошёл и пребывал в сфере безграничного сознания.  ",
  "mn111:14.1": "И те состояния в сфере безграничного сознания были определены им одно за другим по мере того, как они происходили: восприятие сферы безграничного сознания, и единение ума; контакт, чувство, восприятие, намерение и ум; рвение, решимость, усердие, осознанность, невозмутимость и внимание. ",
  "mn111:14.2": "Он знал, как эти состояния возникли, знал, как они наличествовали, знал, как они исчезли.  ",
  "mn111:14.3": "Он понял так: ",
  "mn111:14.4": "«Воистину, этих состояний не было, и они возникли. Побыв, они исчезли».  ",
  "mn111:14.5": "В отношении этих состояний он пребывал невовлечённым, без отторжения, независимым, отсоединённым, освобождённым, отделённым, с умом, лишённым преград.  ",
  "mn111:14.6": "Он понял: «Есть спасение за пределами [этого]»,  ",
  "mn111:14.7": "и с развитием этого [медитативного достижения] он подтвердил [для себя] то, что оно есть. ",
  "mn111:15.1": "Далее, монахи, с полным преодолением сферы безграничного сознания, осознавая: «Здесь ничего нет», Сарипутта вошёл и пребывал в сфере отсутствия всего.  ",
  "mn111:16.1": "И те состояния в сфере отсутствия всего были определены им одно за другим по мере того, как они происходили: восприятие сферы отсутствия всего, и единение ума; контакт, чувство, восприятие, намерение и ум; рвение, решимость, усердие, осознанность, невозмутимость и внимание. ",
  "mn111:16.2": "Он знал, как эти состояния возникли, знал, как они наличествовали, знал, как они исчезли.  ",
  "mn111:16.3": "Он понял так: ",
  "mn111:16.4": "«Воистину, этих состояний не было, и они возникли. Побыв, они исчезли».  ",
  "mn111:16.5": "В отношении этих состояний он пребывал невовлечённым, без отторжения, независимым, отсоединённым, освобождённым, отделённым, с умом, лишённым преград.  ",
  "mn111:16.6": "Он понял: «Есть спасение за пределами [этого]»,  ",
  "mn111:16.7": "и с развитием этого [медитативного достижения] он подтвердил [для себя] то, что оно есть. ",
  "mn111:17.1": "Далее, монахи, с полным преодолением сферы отсутствия всего Сарипутта вошёл и пребывал в сфере ни-восприятия-ни-не-восприятия.  ",
  "mn111:18.1": "Он вышел осознанным из этого достижения.  ",
  "mn111:18.2": "Сделав так, он созерцал состояния, которые прошли, прекратились, изменились:  ",
  "mn111:18.3": "«Воистину, этих состояний не было, и они возникли. Побыв, они исчезли».  ",
  "mn111:18.4": "В отношении этих состояний он пребывал невовлечённым, без отторжения, независимым, отсоединённым, освобождённым, отделённым, с умом, лишённым преград.  ",
  "mn111:18.5": "Он понял: «Есть спасение за пределами [этого]»,  ",
  "mn111:18.6": "и с развитием этого [медитативного достижения] он подтвердил [для себя] то, что оно есть. ",
  "mn111:19.1": "Далее, монахи, с полным преодолением сферы ни-восприятия-ни-не-восприятия Сарипутта вошёл и пребывал в прекращении восприятия и чувствования.  И его пятна [умственных загрязнений] были уничтожены его видением мудростью.  ",
  "mn111:20.1": "Он вышел осознанным из этого достижения.  ",
  "mn111:20.2": "Сделав так, он созерцал состояния, которые прошли, прекратились, изменились:  ",
  "mn111:20.3": "«Воистину, этих состояний не было, и они возникли. Побыв, они исчезли».  ",
  "mn111:20.4": "В отношении этих состояний он пребывал невовлечённым, без отторжения, независимым, отсоединённым, освобождённым, отделённым, с умом, лишённым преград.  ",
  "mn111:20.5": "Он понял: «Нет спасения за пределами [этого]»,  ",
  "mn111:20.6": "И с развитием этого [медитативного достижения] он подтвердил [для себя] то, что его нет. ",
  "mn111:21.1": "Монахи, если правильно говорящий стал бы говорить о ком-либо:  ",
  "mn111:21.2": "«Он достиг мастерства и совершенства в благородной нравственности, достиг мастерства и совершенства в благородном сосредоточении, достиг мастерства и совершенства в благородной мудрости, достиг мастерства и совершенства в благородном освобождении» – то именно о Сарипутте, воистину, правильно говорящий мог бы сказать так.  ",
  "mn111:21.3": "",
  "mn111:22.1": "Монахи, если правильно говорящий стал бы говорить о ком-либо:  ",
  "mn111:22.2": "«Он – сын Благословенного, рождён из его груди, рождён из его рта, рождён из Дхаммы, создан Дхаммой, наследник Дхаммы, а не наследник материальных вещей» – то именно о Сарипутте, воистину, правильно говорящий мог бы сказать так.  ",
  "mn111:22.3": "",
  "mn111:23.1": "Монахи, несравненное колесо Дхаммы, приведённое в движение Татхагатой, продолжает праведно приводиться в движение Сарипуттой».  ",
  "mn111:23.2": "Так сказал Благословенный.  ",
  "mn111:23.3": "Монахи были довольны и восхитились словами Благословенного. "
}