{
  "mn118:0.1": "Мадджхима Никая 118 ",
  "mn118:0.2": "Осознанность к дыханию ",
  "mn118:1.1": "Так я слышал. ",
  "mn118:1.2": "Однажды Благословенный проживал в Саваттхи, в Восточном парке, во дворце Мигараматы вместе со многими хорошо известными старшими учениками – ",
  "mn118:1.3": "достопочтенным Сарипуттой, достопочтенным Махамоггалланой, достопочтенный Махакассапой, достопочтенным Махакаччаной, достопочтенным Махакоттхитой, достопочтенным Махакаппиной, достопочтенным Махачундой, достопочтенным Ануруддхой, достопочтенным Реватой, достопочтенным Анандой и другими хорошо известными старшими учениками.  ",
  "mn118:2.1": "И в то время старшие монахи обучали и наставляли новых монахов.  ",
  "mn118:2.2": "Некоторые старшие монахи обучали и наставляли десять монахов, некоторые старшие монахи обучали и наставляли двадцать монахов… тридцать… сорок монахов.  ",
  "mn118:2.3": "И новые монахи, обученные и наставленные старшими монахами, достигли последовательных этапов высшего отличия.  ",
  "mn118:3.1": "И в то время, на пятнадцатый день, в Упосатху, в полнолунную ночь церемонии Павараны, Благословенный сидел под открытым небом в окружении общины монахов.  ",
  "mn118:3.2": "И затем, обозрев молчаливую общину монахов, он обратился к ним так: ",
  "mn118:4.1": "«Монахи, я доволен этими успехами.  ",
  "mn118:4.2": "Мой ум доволен этими успехами. ",
  "mn118:4.3": "Так приложите же ещё больше усилий к достижению того, что [ещё] не достигнуто, к выполнению того, что [ещё] не выполнено, к осуществлению того, что [ещё] не осуществлено.  ",
  "mn118:4.4": "Я буду ждать здесь, в Саваттхи, до полнолуния в день Комуди четвёртого месяца».  ",
  "mn118:5.1": "И монахи в округе [Саваттхи] услышали: «Благословенный будет ждать здесь в Саваттхи до полнолуния в день Комуди четвёртого месяца». ",
  "mn118:5.2": "",
  "mn118:5.3": "И монахи из округов направились в Саваттхи, чтобы повидать Благословенного.  ",
  "mn118:6.1": "А старшие монахи ещё более упорно обучали и наставляли молодых монахов. ",
  "mn118:6.2": "Некоторые старшие монахи обучали и наставляли десять монахов, некоторые старшие монахи обучали и наставляли двадцать монахов… тридцать… сорок монахов.  ",
  "mn118:6.3": "И новые монахи, обученные и наставленные старшими монахами, достигли последовательных этапов высшего отличия.  ",
  "mn118:7.1": "И в то время, на пятнадцатый день, в Упосатху, в полнолуние в день Комуди четвёртого месяца, Благословенный сидел под открытым небом в окружении общины монахов.  ",
  "mn118:7.2": "И затем, обозрев молчаливую общину монахов, он обратился к ним так: ",
  "mn118:8.1": "«Монахи, это собрание свободно от трескотни и болтовни.  Оно состоит из чистейшей сердцевины. ",
  "mn118:8.2": "такова эта община монахов, таково это собрание.  ",
  "mn118:8.3": "Таково собрание тех, кто достоин даров, достоин гостеприимства, достоин подношений, достоин почтительных приветствий – несравненное поле заслуг для мира – ",
  "mn118:8.4": "такова эта община монахов, таково это собрание.  ",
  "mn118:8.5": "Таково это собрание, что малый дар, подаренный ему, становится великим; а великий [дар] становится ещё большим.  ",
  "mn118:8.6": "такова эта община монахов, таково это собрание.  ",
  "mn118:8.7": "Такое собрание редко можно увидеть в мире –  ",
  "mn118:8.8": "такова эта община монахов, таково это собрание.  ",
  "mn118:8.9": "Увидеть такое собрание стоит того, чтобы отправиться в путешествие длиной во много лиг с походным мешком – такова эта община монахов, таково это собрание. ",
  "mn118:9.1": "Ведь в этой Сангхе монахов есть монахи, которые араханты с уничтоженными пятнами [загрязнений ума], которые прожили святую жизнь, сделали то, что следовало сделать, сбросили тяжкий груз, достигли истинной цели, уничтожили путы существования и полностью освободились посредством окончательного знания. ",
  "mn118:9.2": "Таковы монахи в этой общине монахов.  ",
  "mn118:10.1": "В этой общине монахов есть монахи, которые, с уничтожением пяти нижних оков, [после смерти] спонтанно возникнут [в мире Чистых обителей]  и там достигнут окончательной ниббаны, никогда более не возвращаясь из того мира [обратно в этот мир].  ",
  "mn118:10.2": "Таковы монахи в этой общине монахов.  ",
  "mn118:11.1": "В этой общине монахов есть монахи, которые, с уничтожением трёх нижних оков и с ослаблением жажды, злобы и заблуждения, являются однажды-возвращающимися, которые вернутся в этот мир лишь ещё один раз и положат конец страданиям. ",
  "mn118:11.2": "Таковы монахи в этой общине монахов.  ",
  "mn118:12.1": "В этой общине монахов есть монахи, которые, с уничтожением трёх нижних оков являются вступившими в поток, более не подвержены погибели [низших миров], утверждены [в своей участи достичь освобождения], направляются к просветлению.  ",
  "mn118:12.2": "Таковы монахи в этой общине монахов.  ",
  "mn118:13.1": "В этой общине монахов есть монахи, которые пребывают, посвящая себя развитию четырёх основ осознанности…  ",
  "mn118:13.2": "",
  "mn118:14.1": "В этой общине монахов есть монахи, которые пребывают, посвящая себя развитию четырёх правильных стараний…  ",
  "mn118:14.2": "четырёх основ сверхъестественной силы…  ",
  "mn118:14.3": "пяти качеств… ",
  "mn118:14.4": "пяти сил… ",
  "mn118:14.5": "семи факторов просветления… ",
  "mn118:14.6": "Благородного восьмеричного пути… ",
  "mn118:14.7": "Таковы монахи в этой общине монахов.  ",
  "mn118:14.8": "В этой общине монахов есть монахи, которые пребывают, посвящая себя развитию доброжелательности…  ",
  "mn118:14.9": "сострадания… ",
  "mn118:14.10": "сорадования… ",
  "mn118:14.11": "невозмутимости… ",
  "mn118:14.12": "медитации на непривлекательности… ",
  "mn118:14.13": "восприятия непостоянства. ",
  "mn118:14.14": "Таковы монахи в этой общине монахов.  ",
  "mn118:14.15": "В этой общине монахов есть монахи, которые пребывают, посвящая себя развитию осознанности к дыханию.  ",
  "mn118:15.1": "Монахи, когда осознанность к дыханию развита и взращена, она приносит великий плод и благо.  ",
  "mn118:15.2": "Когда осознанность к дыханию развита и взращена, она исполняет четыре основы осознанности.  ",
  "mn118:15.3": "Когда четыре основы осознанности развиты и взращены, они исполняют семь факторов просветления.  ",
  "mn118:15.4": "Когда семь факторов просветления развиты и взращены, они исполняют истинное знание и освобождение.  ",
  "mn118:16.1": "И каким образом осознанность к дыханию развита и взращена, так что это приносит великий плод и великое благо? ",
  "mn118:17.1": "Вот монах, уйдя в лес, к подножью дерева или в пустое жилище, садится. Скрестив ноги, выпрямив тело, он устанавливает осознанность впереди. ",
  "mn118:17.2": "Будучи постоянно осознанным, он вдыхает. Будучи постоянно осознанным, он выдыхает.  ",
  "mn118:18.1": "Делая долгий вдох, он знает: «Я делаю долгий вдох»; или, делая долгий выдох, он знает: «Я делаю долгий выдох». ",
  "mn118:18.2": "Делая короткий вдох, он знает: «Я делаю короткий вдох»; или, делая короткий выдох, он знает: «Я делаю короткий выдох». ",
  "mn118:18.3": "Он тренируется так: «Ощущая всё тело, я буду вдыхать»; он тренируется так: «Ощущая всё тело, я буду выдыхать».",
  "mn118:18.4": "Он тренируется так: «Успокаивая телесную формацию, я буду вдыхать»; он тренируется так: «Успокаивая телесную формацию, я буду выдыхать». ",
  "mn118:19.1": "Он тренируется так: «Ощущая восторг, я буду вдыхать»; он тренируется так: «Ощущая восторг, я буду выдыхать». ",
  "mn118:19.2": "Он тренируется так: «Ощущая блаженство, я буду вдыхать»; он тренируется так: «Ощущая блаженство, я буду выдыхать». ",
  "mn118:19.3": "Он тренируется так: «Ощущая умственную формацию, я буду вдыхать»; он тренируется так: «Ощущая умственную формацию, я буду выдыхать».",
  "mn118:19.4": "Он тренируется так: «Успокаивая умственную формацию, я буду вдыхать»; он тренируется так: «Успокаивая умственную формацию, я буду выдыхать».",
  "mn118:20.1": "Он тренируется так: «Ощущая ум, я буду вдыхать»; он тренируется так: «Ощущая ум, я буду выдыхать». ",
  "mn118:20.2": "Он тренируется так: «Радуя ум, я буду вдыхать»; он тренируется так: «Радуя ум, я буду выдыхать». ",
  "mn118:20.3": "Он тренируется так: «Сосредотачивая ум, я буду вдыхать»; он тренируется так: «Сосредотачивая ум, я буду выдыхать». ",
  "mn118:20.4": "Он тренируется так: «Освобождая ум, я буду вдыхать»; он тренируется так: «Освобождая ум, я буду выдыхать». ",
  "mn118:21.1": "Он тренируется так: «Созерцая непостоянство, я буду вдыхать»; он тренируется так: «Созерцая непостоянство, я буду выдыхать». ",
  "mn118:21.2": "Он тренируется так: «Созерцая угасание, я буду вдыхать»; он тренируется так: «Созерцая угасание, я буду выдыхать». ",
  "mn118:21.3": "Он тренируется так: «Созерцая прекращение, я буду вдыхать»; он тренируется так: «Созерцая прекращение, я буду выдыхать». ",
  "mn118:21.4": "Он тренируется так: «Созерцая оставление, я буду вдыхать»; он тренируется так: «Созерцая оставление, я буду выдыхать». ",
  "mn118:22.1": "Вот как, монахи, когда осознанность к дыханию развита и взращена, это приносит великий плод и великое благо. ",
  "mn118:23.1": "И как, монахи, осознанность к дыханию, будучи развитой и взращенной, исполняет четыре основы осознанности?  ",
  "mn118:24.1": "Каждый раз, монахи, когда монах, делая долгий вдох, понимает: «Я делаю долгий вдох»; или, делая долгий выдох, понимает: «Я делаю долгий выдох»;  ",
  "mn118:24.2": "делая короткий вдох, понимает: «Я делаю короткий вдох»; или, делая короткий выдох, понимает: «Я делаю короткий выдох»;  ",
  "mn118:24.3": "[когда он] тренируется так: «Ощущая всё тело, я буду вдыхать»; тренируется так: «Ощущая всё тело, я буду выдыхать»;  ",
  "mn118:24.4": "тренируется так: «Успокаивая телесную формацию, я буду вдыхать»; тренируется так: «Успокаивая телесную формацию, я буду выдыхать», ",
  "mn118:24.5": "то в этом случае монах пребывает в созерцании тела как тела, будучи старательным, бдительным, осознанным, устранив алчность и грусть к миру. ",
  "mn118:24.6": "Я говорю, что это определённое тело среди тел, монахи, то есть, вдох и выдох. ",
  "mn118:24.7": "Вот почему в этом случае монах пребывает в созерцании тела как тела, будучи старательным, бдительным, осознанным, устранив алчность и грусть к миру.  ",
  "mn118:25.1": "Каждый раз, монахи, когда монах тренируется так: «Ощущая восторг, я буду вдыхать»; тренируется так: «Ощущая восторг, я буду выдыхать»;  ",
  "mn118:25.2": "тренируется так: «Ощущая блаженство, я буду вдыхать»; тренируется так: «Ощущая блаженство, я буду выдыхать»;  ",
  "mn118:25.3": "тренируется так: «Ощущая умственную формацию, я буду вдыхать»; тренируется так: «Ощущая умственную формацию, я буду выдыхать»;  ",
  "mn118:25.4": "тренируется так: «Успокаивая умственную формацию, я буду вдыхать»; тренируется так: «Успокаивая умственную формацию, я буду выдыхать»,",
  "mn118:25.5": "то в этом случае монах пребывает в созерцании чувств как чувств, будучи старательным, бдительным, осознанным, устранив алчность и грусть к миру.  ",
  "mn118:25.6": "Я говорю, что это определённое чувство среди чувств, монахи, то есть, пристальное внимание к вдоху и выдоху.  ",
  "mn118:25.7": "Вот почему в этом случае монах пребывает в созерцании чувств как чувств, будучи старательным, бдительным, осознанным, устранив алчность и грусть к миру. ",
  "mn118:26.1": "Каждый раз, монахи, когда монах тренируется так: «Ощущая ум, я буду вдыхать»; тренируется так: «Ощущая ум, я буду выдыхать»; ",
  "mn118:26.2": "тренируется так: «Радуя ум, я буду вдыхать»; тренируется так: «Радуя ум, я буду выдыхать»;  ",
  "mn118:26.3": "тренируется так: «Сосредотачивая ум, я буду вдыхать» тренируется так: «Сосредотачивая ум, я буду выдыхать»;  ",
  "mn118:26.4": "тренируется так: «Освобождая ум, я буду вдыхать»; тренируется так: «Освобождая ум, я буду выдыхать», ",
  "mn118:26.5": "то в этом случае монах пребывает в созерцании ума как ума, будучи старательным, бдительным, осознанным, устранив алчность и грусть к миру.  ",
  "mn118:26.6": "Я не говорю, что есть развитие сосредоточения осознанности к дыханию у того, кто забывчив, кто не бдителен.  ",
  "mn118:26.7": "Вот почему в этом случае монах пребывает в созерцании ума как ума, будучи старательным, бдительным, осознанным, устранив алчность и грусть к миру.  ",
  "mn118:27.1": "Каждый раз, монахи, когда монах тренируется так: «Созерцая непостоянство, я буду вдыхать»; тренируется так: «Созерцая непостоянство, я буду выдыхать»; ",
  "mn118:27.2": "тренируется так: «Созерцая угасание, я буду вдыхать»; тренируется так: «Созерцая угасание, я буду выдыхать»; ",
  "mn118:27.3": "тренируется так: «Созерцая прекращение, я буду вдыхать»; тренируется так: «Созерцая прекращение, я буду выдыхать»; ",
  "mn118:27.4": "тренируется так: «Созерцая оставление, я буду вдыхать»; тренируется так: «Созерцая оставление, я буду выдыхать»;",
  "mn118:27.5": "то в этом случае монах пребывает в созерцании умственных феноменов как умственных феноменов, будучи старательным, бдительным, осознанным, устранив алчность и грусть к миру.  ",
  "mn118:27.6": "Увидев мудростью отбрасывание алчности и грусти, монах является тем, кто пристально смотрит с невозмутимостью. ",
  "mn118:27.7": "Вот почему в этом случае монах пребывает в созерцании умственных феноменов как умственных феноменов, будучи старательным, бдительным, осознанным, устранив алчность и грусть к миру. ",
  "mn118:28.1": "Монахи, вот как осознанность к дыханию, будучи развитой и взращенной, исполняет четыре основы осознанности.  ",
  "mn118:29.1": "И как, монахи, четыре основы осознанности, будучи развитыми и взращенными, исполняют семь факторов просветления? ",
  "mn118:30.1": "Каждый раз, монахи, когда монах пребывает в созерцании тела как тела, будучи старательным, бдительным, осознанным, устраняя алчность и грусть к миру – в этом случае неослабевающая осознанность утверждается в монахе. ",
  "mn118:30.2": "Каждый раз, когда неослабевающая осознанность утвердилась в монахе – в этом случае в нём возникает фактор просветления «осознанность». Он развивает его, и благодаря развитию он осуществляется в нём.  ",
  "mn118:31.1": "Пребывая столь осознанным, он изучает и исследует то состояние мудростью, приступает к его полному изучению.  ",
  "mn118:31.2": "Каждый раз, когда монах, пребывая столь осознанным, изучает и исследует то состояние мудростью, приступает к его полному изучению – в этом случае в нём возникает фактор просветления «исследование состояний». Он развивает его, и благодаря развитию он осуществляется в нём.  ",
  "mn118:32.1": "В том, кто изучает и исследует то состояние мудростью, приступает к его полному изучению, зарождается неослабевающее усердие.  ",
  "mn118:32.2": "Каждый раз, когда монах изучает и исследует то состояние мудростью, приступает к его полному изучению, и [в нём] зарождается неустанное усердие, – в этом случае в нём возникает фактор просветления «усердие». Он развивает его, и благодаря развитию он осуществляется нём.  ",
  "mn118:33.1": "В том, кто зародил усердие, возникает духовный восторг.  ",
  "mn118:33.2": "Каждый раз, когда духовный восторг возникает в зародившем усердие монахе, – в этом случае в нём возникает фактор просветления «восторг». Он развивает его, и благодаря развитию он осуществляется в нём. ",
  "mn118:34.1": "У того, кто восторжен, тело становится безмятежным, и ум становится безмятежным.  ",
  "mn118:34.2": "Каждый раз, когда тело и ум стали безмятежными у восторженного монаха, – в этом случае в нём возникает фактор просветления «безмятежность». Он развивает его, и благодаря развитию он осуществляется в нём. ",
  "mn118:35.1": "У того, чьё тело безмятежно и кто ощущает удовольствие, ум становится сосредоточенным. ",
  "mn118:35.2": "Каждый раз, когда ум становится сосредоточенным у монаха, чьё тело безмятежно и кто ощущает удовольствие, – в этом случае в нём возникает фактор просветления «сосредоточение». Он развивает его, и благодаря развитию он осуществляется в нём. ",
  "mn118:36.1": "Он пристально, с невозмутимостью, рассматривает такой сосредоточенный ум.  ",
  "mn118:36.2": "Каждый раз, монахи, когда монах пристально, с невозмутимостью рассматривает такой сосредоточенный ум, – в этом случае в нём возникает фактор просветления «невозмутимость». Он развивает его, и благодаря развитию он осуществляется в нём.  ",
  "mn118:37.1": "Каждый раз, монахи, когда монах пребывает в созерцании чувств как чувств…  ",
  "mn118:38.1": "ума как ума… ",
  "mn118:38.2": "умственных феноменов как умственных феноменов, будучи старательным, бдительным, осознанным, устраняя алчность и грусть в отношении мира, то в этом случае неослабевающая осознанность утверждается в этом монахе…  ",
  "mn118:38.3": "Каждый раз, когда неослабевающая осознанность утвердилась в монахе – в этом случае в нём возникает фактор просветления «осознанность»…  ",
  "mn118:38.4": "",
  "mn118:38.5": "фактор просветления «исследование состояний»…  ",
  "mn118:38.6": "",
  "mn118:38.7": "фактор просветления «усердие»… ",
  "mn118:38.8": "",
  "mn118:38.9": "фактор просветления «восторг»…  ",
  "mn118:38.10": "",
  "mn118:38.11": "фактор просветления «безмятежность»…  ",
  "mn118:38.12": "",
  "mn118:38.13": "фактор просветления «сосредоточение»…  ",
  "mn118:39.1": "",
  "mn118:39.2": "фактор просветления «невозмутимость». ",
  "mn118:40.1": "Он развивает его, и благодаря развитию он осуществляется в нём. Вот так, монахи, четыре основы осознанности, будучи развитыми и взращенными, исполняют семь факторов просветления.  ",
  "mn118:41.1": "И как, монахи, семь факторов просветления, будучи развитыми и взращенными, исполняют истинное знание и освобождение?  ",
  "mn118:42.1": "Вот монах развивает осознанность как фактор просветления, который поддерживается уединением, бесстрастием, прекращением, и созревает в оставлении. ",
  "mn118:42.2": " Он развивает исследование состояний…  ",
  "mn118:42.3": "усердие…  ",
  "mn118:42.4": "восторг… ",
  "mn118:42.5": "безмятежность… ",
  "mn118:42.6": "сосредоточение… ",
  "mn118:42.7": "невозмутимость как фактор просветления, который поддерживается уединением, бесстрастием, прекращением, и созревает в оставлении. ",
  "mn118:43.1": "Вот как, монахи, эти семь факторов просветления, будучи развитыми и взращенными, исполняют истинное знание и освобождение».  ",
  "mn118:43.2": "Так сказал Благословенный. ",
  "mn118:43.3": "Монахи были довольны и восхитились словами Благословенного. "
}