{
  "mn115:0.1": "Мадджхима Никая 115 ",
  "mn115:0.2": "Многие виды элементов ",
  "mn115:1.1": "Так я слышал. ",
  "mn115:1.2": "Однажды Благословенный проживал в Саваттхи, в роще Джеты, в парке Анатхапиндики. ",
  "mn115:1.3": "Там он обратился к монахам так: ",
  "mn115:1.4": "«Монахи!» ",
  "mn115:1.5": "«Да, уважаемый», – отвечали монахи. ",
  "mn115:1.6": "Благословенный сказал следующее: ",
  "mn115:2.1": "«Монахи, какие бы страхи ни возникали, все они возникают из-за глупца, а не из-за мудрого человека.  ",
  "mn115:2.2": "Какие бы опасности ни возникали, все они возникают из-за глупца, а не из-за мудрого человека.  ",
  "mn115:2.3": "Какие бы беды ни возникали, все они возникают из-за глупца, а не из-за мудрого человека.  ",
  "mn115:2.4": "Подобно огню, начавшемуся под сделанным из тростника или травы навесом, который сжигает дотла даже дома с остроконечными крышами, со стенами, покрытыми штукатуркой изнутри и снаружи, защищённые от ветра, охраняемые дверными засовами и ставнями на окнах –  ",
  "mn115:2.5": "то точно также, монахи, какие бы страхи ни возникали, все они возникают из-за глупца, а не из-за мудрого человека.  ",
  "mn115:2.6": "Какие бы опасности ни возникали, все они возникают из-за глупца, а не из-за мудрого человека.  ",
  "mn115:2.7": "Какие бы беды ни возникали, все они возникают из-за глупца, а не из-за мудрого человека.  ",
  "mn115:2.8": "Так глупец приносит страх, мудрый человек не приносит страха. ",
  "mn115:2.9": "Так глупец приносит опасность, мудрый человек не приносит опасности. ",
  "mn115:2.10": "Так глупец приносит беду, мудрый человек не приносит беды.   ",
  "mn115:2.11": "Не приходит страха, опасности или беды от мудрого человека.  ",
  "mn115:2.12": "Поэтому, монахи, вот как вы должны тренироваться: «Мы будем мудрыми людьми, мы будем вопрошающими».  ",
  "mn115:2.13": "",
  "mn115:3.1": "Когда так было сказано, достопочтенный Ананда сказал Благословенному:  ",
  "mn115:3.2": "«Каким образом, уважаемый, монах может быть назван мудрым человеком и вопрошающим?»  ",
  "mn115:3.3": "«Когда, Ананда, монах умелый в элементах, умелый в сферах, умелый в зависимом возникновении, умелый в возможном и невозможном,  ",
  "mn115:3.4": "то тогда он может быть назван мудрым человеком и вопрошающим». ",
  "mn115:4.1": "«Но, уважаемый, каким образом монах может быть назван умелым в элементах?»  ",
  "mn115:4.2": "«Ананда, есть эти восемнадцать элементов:  ",
  "mn115:4.3": "элемент глаза, элемент формы, элемент сознания глаза;  ",
  "mn115:4.4": "элемент уха, элемент звука, элемент сознания уха;  ",
  "mn115:4.5": "элемент носа, элемент запаха, элемент сознания носа;  ",
  "mn115:4.6": "элемент языка, элемент вкуса, элемент сознания языка;  ",
  "mn115:4.7": "элемент тела, элемент осязаемой вещи, элемент сознания тела;  ",
  "mn115:4.8": "элемент ума, элемент умственного феномена, элемент сознания ума.  ",
  "mn115:4.9": "Когда он знает и видит эти восемнадцать элементов,  ",
  "mn115:4.10": "монах может быть назван умелым в элементах».  ",
  "mn115:5.1": "«Но, уважаемый, может ли быть другой способ [объяснения], когда монаха можно назвать умелым в элементах?»  ",
  "mn115:5.2": "«Может, Ананда.  ",
  "mn115:5.3": "Есть, Ананда, эти шесть элементов:  ",
  "mn115:5.4": "элемент земли, элемент воды, элемент огня, элемент воздуха, элемент пространства, элемент сознания.  ",
  "mn115:5.5": "Когда он знает и видит эти шесть элементов,  ",
  "mn115:5.6": "монах может быть назван умелым в элементах».  ",
  "mn115:6.1": "«Но, уважаемый, может ли быть другой способ [объяснения], когда монаха можно назвать умелым в элементах?»  ",
  "mn115:6.2": "«Может, Ананда.  ",
  "mn115:6.3": "Есть, Ананда, эти шесть элементов:  ",
  "mn115:6.4": "элемент удовольствия, элемент боли, элемент радости, элемент грусти, элемент невозмутимости, элемент неведения.  ",
  "mn115:6.5": "Когда он знает и видит эти шесть элементов,  ",
  "mn115:6.6": "монах может быть назван умелым в элементах».  ",
  "mn115:7.1": "«Но, уважаемый, может ли быть другой способ [объяснения], когда монаха можно назвать умелым в элементах?»  ",
  "mn115:7.2": "«Может, Ананда.  ",
  "mn115:7.3": "Есть, Ананда, эти шесть элементов:  ",
  "mn115:7.4": "элемент чувственного желания, элемент отречения, элемент недоброжелательности, элемент не-недоброжелательности, элемент жестокости, элемент не-жестокости.  ",
  "mn115:7.5": "Когда он знает и видит эти шесть элементов,  ",
  "mn115:7.6": "монах может быть назван умелым в элементах».  ",
  "mn115:8.1": "«Но, уважаемый, может ли быть другой способ [объяснения], когда монаха можно назвать умелым в элементах?»  ",
  "mn115:8.2": "«Может, Ананда.  ",
  "mn115:8.3": "Есть, Ананда, эти три элемента:  ",
  "mn115:8.4": "элемент сферы чувств, элемент тонкоматериального, элемент нематериального.  ",
  "mn115:8.5": "Когда он знает и видит эти три элемента,  ",
  "mn115:8.6": "монах может быть назван умелым в элементах».  ",
  "mn115:9.1": "«Но, уважаемый, может ли быть другой способ [объяснения], когда монаха можно назвать умелым в элементах?»  ",
  "mn115:9.2": "«Может, Ананда.  ",
  "mn115:9.3": "Есть, Ананда, эти два элемента:  ",
  "mn115:9.4": "обусловленный элемент, необусловленный элемент.  ",
  "mn115:9.5": "Когда он знает и видит эти два элемента,  ",
  "mn115:9.6": "монах может быть назван умелым в элементах».  ",
  "mn115:10.1": "«Но, уважаемый, каким образом монах может быть назван умелым в сферах?»  ",
  "mn115:10.2": "«Ананда, есть эти шесть внутренних и внешних сфер:  ",
  "mn115:10.3": "глаз и формы, ухо и звуки, нос и запахи, язык и вкусы, тело и осязаемые вещи, ум и умственные феномены.  ",
  "mn115:10.4": "Когда он знает и видит эти шесть сфер,  ",
  "mn115:10.5": "монах может быть назван умелым в сферах».  ",
  "mn115:11.1": "«Но, уважаемый, каким образом монах может быть назван умелым в зависимом возникновении?»  ",
  "mn115:11.2": "«Ананда, монах знает так:  ",
  "mn115:11.3": "«Когда есть это, то возникает то. С возникновением этого, возникает и то.  ",
  "mn115:11.4": "Когда этого нет, то не возникает и того. С прекращением этого прекращается и то. То есть: ",
  "mn115:11.5": "С неведением как условием - формирователи [возникают].  ",
  "mn115:11.6": "С формирователями как условием - сознание [возникает].  ",
  "mn115:11.7": "С сознанием как условием - имя-и-форма [возникает].  ",
  "mn115:11.8": "С именем-и-формой как условием - шесть сфер [возникают]. ",
  "mn115:11.9": "С шестью сферами как условием - контакт [возникает].  ",
  "mn115:11.10": "С контактом как условием - чувство [возникает].  ",
  "mn115:11.11": "С чувством как условием - жажда [возникает].  ",
  "mn115:11.12": "С жаждой как с условием - цепляние [возникает]. ",
  "mn115:11.13": "С цеплянием как с  условием - существование [возникает].  ",
  "mn115:11.14": "С существованием как с  условием - рождение [возникает].  ",
  "mn115:11.15": "С рождением как с условием - старение и смерть, печаль, стенание, боль, грусть и отчаяние возникают.  ",
  "mn115:11.16": "Таково происхождение всей этой груды страдания.  ",
  "mn115:11.17": "Но с безостаточным угасанием и прекращением неведения происходит прекращение формирователей.  ",
  "mn115:11.18": "С прекращением формирователей [происходит] прекращение сознания.  ",
  "mn115:11.19": "С прекращением сознания [происходит] прекращение имени-и-формы.  ",
  "mn115:11.20": "С прекращением имени-и-формы [происходит] прекращение шести сфер.  ",
  "mn115:11.21": "С прекращением шести сфер [происходит] прекращение контакта.  ",
  "mn115:11.22": "С прекращением контакта [происходит] прекращение чувства.  ",
  "mn115:11.23": "С прекращением чувства [происходит] прекращение жажды.  ",
  "mn115:11.24": "С прекращением жажды [происходит] прекращение цепляния.  ",
  "mn115:11.25": "С прекращением цепляния [происходит] прекращение существования.  ",
  "mn115:11.26": "С прекращением существования [происходит] прекращение рождения.  ",
  "mn115:11.27": "С прекращением рождения старение и смерть, печаль, стенание, боль, грусть и отчаяние прекращаются.  ",
  "mn115:11.28": "Таково прекращение всей этой груды страдания». ",
  "mn115:11.29": "Вот каким образом, Ананда, монах может быть назван умелым в зависимом возникновении».  ",
  "mn115:12.1": "«Но, уважаемый, каким образом монах может быть назван умелым в возможном и невозможном?»  ",
  "mn115:12.2": "«Вот, Ананда, монах понимает: «Невозможно, не может произойти так, чтобы человек, обладающий правильными воззрениями, мог бы считать какую-либо формацию постоянной –  нет такой возможности».  ",
  "mn115:12.3": "И он понимает: «Может быть так, что заурядный человек будет считать какую-либо формацию постоянной –  есть такая возможность».  ",
  "mn115:12.4": "Он понимает: «Невозможно, не может произойти так, чтобы человек, обладающий правильными воззрениями, мог бы считать какую-либо формацию приятной». ",
  "mn115:12.5": "И он понимает: «Может быть так, что заурядный человек будет считать какую-либо формацию приятной». ",
  "mn115:12.6": "Он понимает: «Невозможно, не может произойти так, чтобы человек, обладающий правильными воззрениями, мог бы считать какую-либо вещь [своим] «я». ",
  "mn115:12.7": "И он понимает: «Может быть так, что заурядный человек будет считать какую-либо вещь [своим] «я».  ",
  "mn115:13.1": "Он понимает: «Невозможно, не может произойти так, чтобы человек, обладающий правильными воззрениями, мог бы лишить жизни свою мать».  ",
  "mn115:13.2": "И он понимает: «Может быть так, что заурядный человек мог бы лишить жизни свою мать».  ",
  "mn115:13.3": "Он понимает: «Невозможно, не может произойти так, чтобы человек, обладающий правильными воззрениями, мог бы лишить жизни своего отца… араханта».  ",
  "mn115:13.4": "И он понимает: «Может быть так, что заурядный человек мог бы лишить жизни своего отца… араханта».  ",
  "mn115:13.5": "Он понимает: «Невозможно, не может произойти так, чтобы человек, обладающий правильными воззрениями, мог бы с умом, полным ненависти, пролить кровь Татхагаты».  ",
  "mn115:13.6": "И он понимает: «Может быть так, что заурядный человек мог бы с умом, полным ненависти, пролить кровь Татхагаты».  ",
  "mn115:13.7": "Он понимает: «Невозможно, не может произойти так, чтобы человек, обладающий правильными воззрениями, мог бы создать раскол в Сангхе».  ",
  "mn115:13.8": "И он понимает: «Может быть так, что заурядный человек мог бы создать раскол в Сангхе».  ",
  "mn115:13.9": "Он понимает: «Невозможно, не может произойти так, чтобы человек, обладающий правильными воззрениями, мог бы признать другого учителя».  ",
  "mn115:13.10": "И он понимает: «Может быть так, что заурядный человек мог бы признать другого учителя».  ",
  "mn115:14.1": "Он понимает: «Невозможно, не может произойти так, чтобы два совершенных, полностью просветлённых, могли бы возникнуть в одно время в одной мировой системе».  ",
  "mn115:14.2": "И он понимает: «Может быть так, что один совершенный, полностью Просветлённый мог бы возникнуть в одной мировой системе».  ",
  "mn115:14.3": "Он понимает: «Невозможно, не может произойти так, чтобы два царя-миродержца могли бы возникнуть в одно время в одной мировой системе».  ",
  "mn115:14.4": "И он понимает: «Может быть так, что один царь-миродержец мог бы возникнуть в одной мировой системе».  ",
  "mn115:15.1": "Он понимает: «Невозможно, не может произойти так, чтобы женщина была совершенным, полностью просветлённым».  ",
  "mn115:15.2": "И он понимает: «Может быть так, что мужчина был бы совершенным, полностью просветлённым».  ",
  "mn115:15.3": "Он понимает: «Невозможно, не может произойти так, чтобы женщина была бы царём-миродержцем». ",
  "mn115:15.4": "И он понимает: «Может быть так, что мужчина был бы царём-миродержцем».  ",
  "mn115:15.5": "Он понимает: «Невозможно, не может произойти так, чтобы женщина занимала бы положение [царя богов] Сакки… занимала бы положение Мары… занимала бы положение Брахмы». ",
  "mn115:15.6": "И он понимает: «Может быть так, что мужчина занимал бы положение [царя богов] Сакки… Мары… Брахмы».  ",
  "mn115:16.1": "Он понимает: «Невозможно, не может произойти так, чтобы желаемый, желанный, приятный результат был бы порождён из неблагого телесного поведения… неблагого словесного поведения… неблагого умственного поведения».  ",
  "mn115:16.2": "И он понимает: «Может быть так, что нежелаемый, нежеланный, неприятный результат был бы порождён из неблагого телесного… словесного… умственного поведения».  ",
  "mn115:16.3": "",
  "mn115:16.4": "",
  "mn115:16.5": "",
  "mn115:16.6": "",
  "mn115:17.1": "Он понимает: «Невозможно, не может произойти так, чтобы нежелаемый, нежеланный, неприятный результат был бы порождён из благого телесного поведения… благого словесного поведения… благого умственного поведения».  ",
  "mn115:17.2": "И он понимает: «Может быть так, что желаемый, желанный, приятный результат был бы порождён из благого телесного… словесного… умственного поведения».  ",
  "mn115:17.3": "",
  "mn115:17.4": "",
  "mn115:17.5": "",
  "mn115:17.6": "",
  "mn115:18.1": "Он понимает: «Невозможно, не может произойти так, чтобы человек, совершающий неблагое телесное… словесное… умственное поведение, из-за этого, по этой причине, с распадом тела, после смерти, переродился бы в счастливом уделе, даже в небесном мире».  ",
  "mn115:18.2": "И он понимает: «Может быть так, что человек, совершающий неблагое телесное… словесное… умственное поведение, из-за этого, по этой причине, с распадом тела, после смерти, переродился бы в несчастливом уделе, в погибели, даже в аду». ",
  "mn115:19.1": "",
  "mn115:19.2": "",
  "mn115:19.3": "",
  "mn115:19.4": "",
  "mn115:19.5": "Он понимает: «Невозможно, не может произойти так, чтобы человек, совершающий благое телесное… словесное… умственное поведение, из-за этого, по этой причине, с распадом тела, после смерти, переродился бы в несчастливом уделе, в погибели, даже в аду».  ",
  "mn115:19.6": "И он понимает: «Может быть так, что человек, совершающий благое телесное… словесное… умственное поведение, из-за этого, по этой причине, с распадом тела, после смерти, переродился бы в счастливом уделе, даже в небесном мире».  ",
  "mn115:19.7": "",
  "mn115:19.8": "",
  "mn115:19.9": "",
  "mn115:19.10": "",
  "mn115:19.11": "Вот каким образом, Ананда, монах может быть назван умелым в возможном и невозможном».  ",
  "mn115:20.1": "Когда так было сказано, достопочтенный Ананда сказал Благословенному:  ",
  "mn115:20.2": "«Удивительно, уважаемый! Поразительно! ",
  "mn115:20.3": "Каково название этого наставления по Дхамме?»  ",
  "mn115:20.4": "«Ты можешь запомнить это наставление по Дхамме, Ананда, как «Многие Виды Элементов» или как «Четыре Цикла» или как «Зеркало Дхаммы» или как «Барабан Бессмертного» или как «Непревзойдённая Победа в Битве».  ",
  "mn115:20.5": "Так сказал Благословенный. ",
  "mn115:20.6": "Достопочтенный Ананда был доволен и восхитился словами Благословенного. "
}