{
  "mn117:0.1": "Мадджхима Никая 117 ",
  "mn117:0.2": "Великие сорок ",
  "mn117:1.1": "Так я слышал. ",
  "mn117:1.2": "Однажды Благословенный проживал в Саваттхи, в роще Джеты, в парке Анатхапиндики. ",
  "mn117:1.3": "Там он обратился к монахам так: ",
  "mn117:1.4": "«Монахи!» ",
  "mn117:1.5": "«Да, уважаемый», – отвечали монахи. ",
  "mn117:1.6": "Благословенный сказал следующее: ",
  "mn117:2.1": "«Монахи, я научу вас благородному правильному сосредоточению с его опорами и вспомогательными средствами.  ",
  "mn117:2.2": "Слушай внимательно то, о чём я буду говорить». ",
  "mn117:2.3": "«Да, уважаемый», – отвечали монахи. ",
  "mn117:2.4": "Благословенный сказал следующее: ",
  "mn117:3.1": "«И что такое, монахи, благородное правильное сосредоточение с его опорами и вспомогательными средствами, ",
  "mn117:3.2": "то есть, с правильными воззрениями, правильным устремлением, правильной речью, правильным действием, правильными средствами к жизни, правильным усилием и правильной осознанностью?  ",
  "mn117:3.3": "Единение ума, наделённое этими семью факторами ",
  "mn117:3.4": "называется благородным правильным сосредоточением с его опорами и вспомогательными средствами.  ",
  "mn117:4.1": "В этом отношении, монахи, правильное воззрение идёт первым.  ",
  "mn117:4.2": "И каким образом правильное воззрение идёт первым?  ",
  "mn117:4.3": "Человек понимает неправильное воззрение как неправильное воззрение, а правильное воззрение как правильное воззрение: это его правильное воззрение.  ",
  "mn117:5.1": "И что такое, монахи, неправильное воззрение?  ",
  "mn117:5.2": "«Нет ничего, что дано; нет ничего, что предложено; нет ничего, что пожертвовано. Нет плода или результата хороших или плохих поступков. Нет этого мира, нет следующего мира; Нет отца, нет матери, нет спонтанно рождающихся существ. Нет хороших и нравственных жрецов и отшельников в мире, которые, сами реализовав [это своим собственным] прямым знанием, провозгласили этот мир и другой мир». ",
  "mn117:5.3": "Это неправильное воззрение. ",
  "mn117:6.1": "И что такое, монахи, правильное воззрение?  ",
  "mn117:6.2": "Правильное воззрение, я говорю вам, двояко.  ",
  "mn117:6.3": "Есть правильное воззрение с пятнами [умственных загрязнений], которое участвует в [совершении] заслуг, созревает в обретениях; ",
  "mn117:6.4": "и есть правильное воззрение, которое благородное, незапятнанное, сверхмирское, фактор пути. ",
  "mn117:7.1": "И что такое, монахи, правильное воззрение с пятнами, которое участвует в [совершении] заслуг, созревает в обретениях? ",
  "mn117:7.2": "«Есть то, что дано; есть то, что предложено; есть то, что пожертвовано. Есть плод или результат хороших или плохих поступков. Есть этот мир, есть следующий мир; Есть отец, есть мать, есть спонтанно рождающиеся существа. Есть хорошие и нравственные жрецы и отшельники в мире, которые, сами реализовав [это своим собственным] прямым знанием, провозглашают этот мир и другой мир». ",
  "mn117:7.3": "Это правильное воззрение с пятнами [умственных загрязнений], которое участвует в [совершении] заслуг, созревает в обретениях; ",
  "mn117:8.1": "И что такое правильное воззрение, которое благородное, незапятнанное, сверхмирское, фактор пути? ",
  "mn117:8.2": "Мудрость, качество мудрости, сила мудрости, исследование состояний как фактор просветления, правильное воззрение как фактор пути в том, чей ум благороден, чей ум незапятнан, кто обладает благородным путём и развивает благородный путь.  ",
  "mn117:8.3": "Это правильное воззрение, которое благородное, незапятнанное, сверхмирское, фактор пути.  ",
  "mn117:9.1": "Человек прикладывает усилия, чтобы отбросить неправильное воззрение и войти в правильное воззрение. Это его правильное усилие. ",
  "mn117:9.2": "Он осознанно отбрасывает неправильное воззрение и осознанно входит и пребывает в правильном воззрении. Это его правильная осознанность.  ",
  "mn117:9.3": "Так эти три состояния вертятся и кружатся вокруг правильного воззрения, то есть, правильное воззрение, правильное усилие, и правильная осознанность. ",
  "mn117:10.1": "В этом отношении, монахи, правильное воззрение идёт первым.  ",
  "mn117:10.2": "И каким образом правильное воззрение идёт первым?  ",
  "mn117:10.3": "Человек понимает неправильное устремление как неправильное устремление, а правильное устремление как правильное устремление: это его правильное воззрение.  ",
  "mn117:11.1": "И что такое, монахи, неправильное устремление?  ",
  "mn117:11.2": "Устремление, [основанное на] чувственном желании, устремление, [основанное на] недоброжелательности, устремление [основанное на] жестокости. ",
  "mn117:11.3": "Это неправильное устремление. ",
  "mn117:12.1": "И что такое, монахи, правильное устремление?  ",
  "mn117:12.2": "Правильное устремление, я говорю вам, двояко.  ",
  "mn117:12.3": "Есть правильное устремление с пятнами [умственных загрязнений], которое участвует в [совершении] заслуг, созревает в обретениях; ",
  "mn117:12.4": "И есть правильное устремление, которое благородное, незапятнанное, сверхмирское, фактор пути. ",
  "mn117:13.1": "И что такое, монахи, правильное устремление с пятнами, которое участвует в [совершении] заслуг, созревает в обретениях? ",
  "mn117:13.2": "Устремление, [основанное на] отречении, устремление, [основанное на] не не-доброжелательности, устремление, [основанное на] не-жестокости. ",
  "mn117:13.3": "Это правильное устремление с пятнами, которое участвует в [совершении] заслуг, созревает в обретениях.  ",
  "mn117:14.1": "И что такое, монахи, правильное устремление, которое благородное, незапятнанное, сверхмирское, фактор пути? ",
  "mn117:14.2": "Мышление, мысль, устремление, умственная поглощённость, умственная неподвижность, направление ума, словесная формация в том, чей ум благороден, чей ум незапятнан, кто обладает благородным путём и развивает благородный путь.  ",
  "mn117:14.3": "Это правильное устремление, которое благородное, незапятнанное, сверхмирское, фактор пути.  ",
  "mn117:15.1": "Человек прикладывает усилия, чтобы отбросить неправильное устремление и войти в правильное устремление. Это его правильное усилие. ",
  "mn117:15.2": "Он осознанно отбрасывает неправильное устремление и осознанно входит и пребывает в правильном устремлении. Это его правильная осознанность.  ",
  "mn117:15.3": "Так эти три состояния вертятся и кружатся вокруг правильного устремления, то есть, правильное воззрение, правильное усилие, и правильная осознанность.  ",
  "mn117:16.1": "В этом отношении, монахи, правильное воззрение идёт первым.  ",
  "mn117:16.2": "И каким образом правильное воззрение идёт первым?  ",
  "mn117:16.3": "Человек понимает неправильную речь как неправильную речь, а правильную речь как правильную речь: это его правильное воззрение. ",
  "mn117:17.1": "И что такое, монахи, неправильная речь?  ",
  "mn117:17.2": "Лживая речь, злонамеренная речь, грубая речь, пустословие.  ",
  "mn117:17.3": "Это неправильная речь.  ",
  "mn117:18.1": "И что такое, монахи, правильная речь?  ",
  "mn117:18.2": "Правильная речь, я говорю вам, двояка. ",
  "mn117:18.3": "Есть правильная речь с пятнами [умственных загрязнений], которая участвует в [совершении] заслуг, созревает в обретениях; ",
  "mn117:18.4": "и есть правильная речь, которая благородная, незапятнанная, сверхмирская, фактор пути. ",
  "mn117:19.1": "И что такое, монахи, правильная речь с пятнами [умственных загрязнений], которая участвует в [совершении] заслуг, созревает в обретениях? ",
  "mn117:19.2": "Воздержание от лживой речи, воздержание от злонамеренной речи, воздержание от грубой речи, воздержание от пустословия.  ",
  "mn117:19.3": "Это правильная речь с пятнами, которая участвует в [совершении] заслуг, созревает в обретениях.  ",
  "mn117:20.1": "И что такое, монахи, правильная речь, которая благородная, незапятнанная, сверхмирская, фактор пути. ",
  "mn117:20.2": "Это прекращение четырёх видов неблагого словесного поведения, воздержание, сдерживание, отказ от них в том, чей ум благороден, чей ум незапятнан, кто обладает благородным путём и развивает благородный путь. ",
  "mn117:20.3": "Это правильная речь, которая благородная, незапятнанная, сверхмирская, фактор пути.  ",
  "mn117:21.1": "Человек прикладывает усилия, чтобы отбросить неправильную речь и войти в правильную речь. Это его правильное усилие.  ",
  "mn117:21.2": "Он осознанно отбрасывает неправильную речь и осознанно входит и пребывает в правильной речи.  ",
  "mn117:21.3": "Так эти три состояния вертятся и кружатся вокруг правильной речи, то есть, правильное воззрение, правильное усилие, и правильная осознанность.  ",
  "mn117:22.1": "В этом отношении, монахи, правильное воззрение идёт первым.  ",
  "mn117:22.2": "И каким образом правильное воззрение идёт первым?  ",
  "mn117:22.3": "Человек понимает неправильное действие как неправильное действие, а правильное действие как правильное действие: это его правильное воззрение. ",
  "mn117:23.1": "И что такое, монахи, неправильное действие?  ",
  "mn117:23.2": "Убийство живых существ, взятие того, что не дано, неблагое поведение в чувственных удовольствиях.  ",
  "mn117:23.3": "Это неправильное действие.  ",
  "mn117:24.1": "И что такое, монахи, правильное действие?  ",
  "mn117:24.2": "Правильное действие, я говорю вам, двояко.  ",
  "mn117:24.3": "Есть правильное действие с пятнами [умственных загрязнений], которое участвует в [совершении] заслуг, созревает в обретениях; ",
  "mn117:24.4": "и есть правильное действие, которое благородное, незапятнанное, сверхмирское, фактор пути. ",
  "mn117:25.1": "И что такое, монахи, правильное действие с пятнами, которое участвует в [совершении] заслуг, созревает в обретениях? ",
  "mn117:25.2": "Воздержание от убийства живых существ, воздержание от взятия того, что не дано, воздержание от неблагого поведения в чувственных удовольствиях.  ",
  "mn117:25.3": "Это правильное действие с пятнами, которое участвует в [совершении] заслуг, созревает в обретениях.  ",
  "mn117:26.1": "И что такое, монахи, правильное действие, которое благородное, незапятнанное, сверхмирское, фактор пути? ",
  "mn117:26.2": "Это прекращение трёх видов неблагого телесного поведения, воздержание, сдерживание, отказ от них в том, чей ум благороден, чей ум незапятнан, кто обладает благородным путём и развивает благородный путь. ",
  "mn117:26.3": "Это правильное действие, которое благородное, незапятнанное, сверхмирское, фактор пути.  ",
  "mn117:27.1": "Человек прикладывает усилия, чтобы отбросить неправильное действие и войти в правильное действие. Это его правильное усилие. ",
  "mn117:27.2": "Он осознанно отбрасывает неправильное действие и осознанно входит и пребывает в правильном действии. Это его правильная осознанность. ",
  "mn117:27.3": "Так эти три состояния вертятся и кружатся вокруг правильного действия, то есть, правильное воззрение, правильное усилие, и правильная осознанность.  ",
  "mn117:28.1": "В этом отношении, монахи, правильное воззрение идёт первым.  ",
  "mn117:28.2": "И каким образом правильное воззрение идёт первым?  ",
  "mn117:28.3": "Человек понимает неправильные средства к жизни как неправильные средства к жизни, а правильные средства к жизни как правильные средства к жизни: это его правильное воззрение.  ",
  "mn117:29.1": "И что такое, монахи, неправильные средства к жизни? ",
  "mn117:29.2": "Интриги, болтовня, намёки, принижение, стремление к доходам с помощью доходов. ",
  "mn117:29.3": "Это неправильные средства к жизни.  ",
  "mn117:30.1": "И что такое, монахи, правильные средства к жизни?  ",
  "mn117:30.2": "Правильные средства к жизни, я говорю вам, двояки ",
  "mn117:30.3": "Есть правильные средства к жизни с пятнами, которые участвуют в [совершении] заслуг, созревают в обретениях; ",
  "mn117:30.4": "и есть правильные средства к жизни, которые благородные, незапятнанные, сверхмирские, фактор пути.  ",
  "mn117:31.1": "И что такое, монахи, правильные средства к жизни с пятнами, которые участвуют в [совершении] заслуг, созревают в обретениях? ",
  "mn117:31.2": "Вот, монахи, благородный ученик отбрасывает неправильные средства к жизни и добывает себе на жизнь правильными средствами к жизни.  ",
  "mn117:31.3": "Это правильные средства к жизни с пятнами, которые участвуют в [совершении] заслуг, созревают в обретениях.  ",
  "mn117:32.1": "И что такое, монахи, правильные средства к жизни, которые благородные, незапятнанные, сверхмирские, фактор пути?  ",
  "mn117:32.2": "Это прекращение неправильных средств к жизни, воздержание, сдерживание, отказ от них в том, чей ум благороден, чей ум незапятнан, кто обладает благородным путём и развивает благородный путь.  ",
  "mn117:32.3": "Это правильные средства к жизни, которые благородные, незапятнанные, сверхмирские, фактор пути.  ",
  "mn117:33.1": "Человек прикладывает усилия, чтобы отбросить неправильные средства к жизни и войти в правильные средства к жизни. Это его правильное усилие. ",
  "mn117:33.2": "Он осознанно отбрасывает неправильные средства к жизни и осознанно входит и пребывает в правильных средствах к жизни. Это его правильная осознанность. ",
  "mn117:33.3": "Так эти три состояния вертятся и кружатся вокруг правильных средств к существованию, то есть, правильное воззрение, правильное усилие, и правильная осознанность.  ",
  "mn117:34.1": "В этом отношении, монахи, правильное воззрение идёт первым.  ",
  "mn117:34.2": "И каким образом правильное воззрение идёт первым?  ",
  "mn117:34.3": "В ком есть правильное воззрение, у того возникает правильное устремление. В ком есть правильное устремление, у того возникает правильная речь.  В ком есть правильная речь, у того возникает правильное действие. В ком есть правильное действие, у того возникают правильные средства к жизни.  В ком есть правильные средства к жизни, у того возникает правильное усилие.  В ком есть правильное усилие, у того возникает правильная осознанность.  В ком есть правильная осознанность, у того возникает правильное сосредоточение. В ком есть правильное сосредоточение, у того возникает правильное знание.  В ком есть правильное знание, у того возникает правильное освобождение. ",
  "mn117:34.4": "Так, монахи, путь ученика, [находящегося в процессе] высшей тренировки, обладает восемью факторами. Арахант обладает десятью факторами. ",
  "mn117:34.5": "И здесь искоренение многих плохих, неумелых качеств полностью развивается благодаря правильному знанию. ",
  "mn117:35.1": "В этом отношении, монахи, правильное воззрение идёт первым.  ",
  "mn117:35.2": "И каким образом правильное воззрение идёт первым?  ",
  "mn117:35.3": "В ком есть правильное воззрение, у того неправильное воззрение устранено,  ",
  "mn117:35.4": "а также и многочисленные плохие, неблагие состояния, которые возникают, имея своим условием неправильное воззрение, также устранены;  ",
  "mn117:35.5": "А многочисленные благие состояния, которые возникают, имея своим условием правильное воззрение, достигают осуществления посредством развития.  ",
  "mn117:35.6": "В ком есть правильное устремление, у того неправильное устремление устранено,… ",
  "mn117:35.7": "В ком есть правильная речь, у того неправильная речь устранена… ",
  "mn117:35.8": "В ком есть правильное действие, у того неправильное действие устранено… ",
  "mn117:35.9": "В ком есть правильные средства к жизни, у того неправильные средства к жизни устранены… ",
  "mn117:35.10": "В ком есть правильное усилие, у того неправильное усилие устранено… ",
  "mn117:35.11": "В ком есть правильная осознанность, у того неправильная осознанность устранена… ",
  "mn117:35.12": "В ком есть правильное сосредоточение, у того неправильное сосредоточение устранено… ",
  "mn117:35.13": "В ком есть правильное знание, у того неправильное знание устранено… ",
  "mn117:35.14": "В ком есть правильное освобождение, у того неправильное освобождение устранено,  ",
  "mn117:35.15": "а также и многочисленные плохие, неблагие состояния, которые возникают, имея своим условием неправильное воззрение, также устранены;  ",
  "mn117:35.16": "а многочисленные благие состояния, которые возникают, имея своим условием правильное освобождение, достигают осуществления посредством развития.  ",
  "mn117:36.1": "Так, монахи, есть двадцать факторов на стороне благого и двадцать факторов на стороне неблагого ",
  "mn117:36.2": "Это наставление по Дхамме на [тему] Великих Сорока было приведено в движение и не может быть остановлено каким-либо отшельником или жрецом, или божеством, или Марой, или Брахмой, или кем бы то ни было в мире.  ",
  "mn117:37.1": "Монахи, если какой-либо отшельник или жрец думает, что это наставление по Дхамме на [тему] Великих Сорока следует осудить и отвергнуть, то есть десять разумных выводов из его утверждений, которые дают уместный повод для его критики здесь и сейчас. ",
  "mn117:37.2": "Если этот почтенный стал бы осуждать правильное воззрение, то он стал бы чтить и восхвалять тех жрецов и отшельников, которые обладают неправильными воззрениями.  ",
  "mn117:37.3": "Если этот почтенный стал бы осуждать правильное устремление… ",
  "mn117:37.4": "правильную речь… ",
  "mn117:37.5": "правильное действие… ",
  "mn117:37.6": "правильные средства к существованию… ",
  "mn117:37.7": "првильное усилие… ",
  "mn117:37.8": "правильную осознанность… ",
  "mn117:37.9": "правильное сосредоточение… ",
  "mn117:37.10": "правильное знение… ",
  "mn117:37.11": "Если этот почтенный стал бы осуждать правильное освобождение, то он стал бы чтить и восхвалять тех жрецов и отшельников, которые обладают неправильным освобождением. ",
  "mn117:37.12": " [Итак], если какой-либо отшельник или жрец думает, что эту лекцию по Дхамме на [тему] Великих Сорока следует осудить и отвергнуть, то есть эти десять разумных выводов из его утверждений, которые дают уместный повод для его критики здесь и сейчас.  ",
  "mn117:38.1": "Монахи, даже те двое учителей из Оккалы – Васса и Бхання – которые придерживались доктрины беспричинности, доктрины не-делания, доктрины нигилизма, не помыслили бы о том, что это наставление по Дхамме на [тему] Великих Сорока следует осудить и отвергнуть.  ",
  "mn117:38.2": "И почему? ",
  "mn117:38.3": "Из-за боязни обвинения, нападок, опровержения».  ",
  "mn117:38.4": "Так сказал Благословенный. ",
  "mn117:38.5": "Монахи были довольны и восхитились словами Благословенного. "
}