{
  "mn120:0.1": "Мадджхима Никая 120 ",
  "mn120:0.2": "Перерождение посредством стремления ",
  "mn120:1.1": "Так я слышал. ",
  "mn120:1.2": "Однажды Благословенный проживал в Саваттхи, в роще Джеты, в парке Анатхапиндики. ",
  "mn120:1.3": "Там он обратился к монахам так: ",
  "mn120:1.4": "«Монахи!» ",
  "mn120:1.5": "«Да, уважаемый», – отвечали монахи. ",
  "mn120:1.6": "Благословенный сказал следующее: ",
  "mn120:2.1": "«Монахи, я научу вас перерождению в соответствии с собственным стремлением.  ",
  "mn120:2.2": "Слушайте внимательно то, о чём я буду говорить». ",
  "mn120:2.3": "«Да, уважаемый», – отвечали они. ",
  "mn120:2.4": "Благословенный сказал следующее: ",
  "mn120:3.1": "«Монахи, вот монах обладает верой, нравственностью, учёностью, щедростью, мудростью.  ",
  "mn120:3.2": "И монах думает: ",
  "mn120:3.3": "«О, пусть с распадом тела, после смерти, я возникну среди зажиточных знатных людей!» ",
  "mn120:3.4": "И он закрепляет свой ум на этом, настраивается на это, развивает это [стремление].  ",
  "mn120:3.5": "Такое его стремление и пребывание, будучи так развитым и взращенным, ведёт к его перерождению там.  ",
  "mn120:3.6": "Таков, монахи, путь, способ, который ведёт к его перерождению там.  ",
  "mn120:4-5.1": "«Далее, монахи, вот монах обладает верой, нравственностью, учёностью, щедростью, мудростью.  ",
  "mn120:4-5.2": "И монах думает: ",
  "mn120:4-5.3": "«О, пусть с распадом тела, после смерти, я возникну среди зажиточных брахманов… ",
  "mn120:4-5.4": "среди зажиточных домовладельцев!» ",
  "mn120:4-5.5": "И он закрепляет свой ум на этом, настраивается на это, развивает это [стремление].  ",
  "mn120:4-5.6": "Такое его стремление и пребывание, будучи так развитым и взращенным, ведёт к его перерождению там.  ",
  "mn120:4-5.7": "Таков, монахи, путь, способ, который ведёт к его перерождению там.  ",
  "mn120:6.1": "«Далее, монахи, вот монах обладает верой, нравственностью, учёностью, щедростью, мудростью.  ",
  "mn120:6.2": "И он слышит,  ",
  "mn120:6.3": "что божества [мира] Четырёх великих царей живут долго, красивы, наслаждаются великим счастьем.  ",
  "mn120:6.4": "И монах думает: ",
  "mn120:6.5": "«О, [как бы я хотел], чтобы после смерти, после распада тела, я переродился среди дэвов [мира] Четырёх великих царей!»  ",
  "mn120:6.6": "И он закрепляет свой ум на этом, настраивается на это, развивает это [стремление].  ",
  "mn120:6.7": "Такое его стремление и пребывание, будучи так развитым и взращенным, ведёт к его перерождению там.  ",
  "mn120:6.8": "Таков, монахи, путь, способ, который ведёт к его перерождению там.  ",
  "mn120:7-11.1": "«Далее, монахи, вот монах обладает верой, нравственностью, учёностью, щедростью, мудростью.  ",
  "mn120:7-11.2": "И он слышит,  ",
  "mn120:7-11.3": "что божества небесного мира Тридцати трёх.. ",
  "mn120:7-11.4": "божества Ямы… ",
  "mn120:7-11.5": "божества небесного мира Туситы… ",
  "mn120:7-11.6": "божества, наслаждающиеся творениями… ",
  "mn120:7-11.7": "божества, имеющие власть над творениями других, живут долго, красивы, наслаждаются великим счастьем.  ",
  "mn120:7-11.8": "И монах думает: ",
  "mn120:7-11.9": "«О, [как бы я хотел], чтобы после смерти, после распада тела, я переродился среди дэвов, имеющих власть над творениями других!»  ",
  "mn120:7-11.10": "И он закрепляет свой ум на этом, настраивается на это, развивает это [стремление].  ",
  "mn120:7-11.11": "Такое его стремление и пребывание, будучи так развитым и взращенным, ведёт к его перерождению там.  ",
  "mn120:7-11.12": "Таков, монахи, путь, способ, который ведёт к его перерождению там.  ",
  "mn120:12.1": "«Далее, монахи, вот монах обладает верой, нравственностью, учёностью, щедростью, мудростью.  ",
  "mn120:12.2": "И он слышит,  ",
  "mn120:12.3": "И он слышит, что Брахма Тысячи [миров] живёт долго, красив, наслаждается великим счастьем.  ",
  "mn120:12.4": "Брахма Тысячи [миров] пребывает, настроившись на наполнение [своим умом] системы тысячи миров,   ",
  "mn120:12.5": "и он пребывает, настроившись на наполнение [своим умом] существ, родившихся там. ",
  "mn120:12.6": "Подобно тому, как если бы человек с хорошим зрением взял в руку плод миробалана и рассматривал его,  ",
  "mn120:12.7": "точно так же Брахма Тысячи [миров] пребывает, настроившись на наполнение [своим умом] системы тысячи миров,  ",
  "mn120:12.8": "и он пребывает, настроившись на наполнение [своим умом] существ, родившихся там. ",
  "mn120:12.9": "И монах думает: ",
  "mn120:12.10": "«О, [как бы я хотел], чтобы после смерти, после распада тела, я бы переродился среди брахм Тысячи [миров]!»  ",
  "mn120:12.11": "И он закрепляет свой ум на этом, настраивается на это, развивает это [стремление].  ",
  "mn120:12.12": "Такое его стремление и пребывание, будучи так развитым и взращенным, ведёт к его перерождению там.  ",
  "mn120:12.13": "Таков, монахи, путь, способ, который ведёт к его перерождению там.  ",
  "mn120:13-16.1": "«Далее, монахи, вот монах обладает верой, нравственностью, учёностью, щедростью, мудростью.  ",
  "mn120:13-16.2": "",
  "mn120:13-16.3": "",
  "mn120:13-16.4": "И он слышит,  ",
  "mn120:13-16.5": "что Брахма Двух Тысяч [миров]…  ",
  "mn120:13-16.6": "что Брахма Трёх Тысяч [миров]…  ",
  "mn120:13-16.7": "что Брахма Четырёх Тысяч [миров]…  ",
  "mn120:13-16.8": "Брахма Пяти Тысяч [миров] живёт долго, красив, наслаждается великим счастьем.  ",
  "mn120:13-16.9": "Брахма Пяти Тысяч [миров] пребывает, настроившись на наполнение [своим умом] системы пяти тысяч миров,  ",
  "mn120:13-16.10": "и он пребывает, настроившись на наполнение [своим умом] существ, родившихся там. ",
  "mn120:13-16.11": "Подобно тому, как если бы человек с хорошим зрением взял в руку пять плодов миробалана и рассматривал их,  ",
  "mn120:13-16.12": "точно так же Брахма Пяти Тысяч [миров] пребывает, настроившись на наполнение [своим умом] системы пяти тысяч миров,  ",
  "mn120:13-16.13": "и он пребывает, настроившись на наполнение [своим умом] существ, родившихся там. ",
  "mn120:13-16.14": "И монах думает: ",
  "mn120:13-16.15": "«О, [как бы я хотел], чтобы после смерти, после распада тела, я бы переродился среди Брахм Пяти Тысячи [миров]!»  ",
  "mn120:13-16.16": "И он закрепляет свой ум на этом, настраивается на это, развивает это [стремление].  ",
  "mn120:13-16.17": "Такое его стремление и пребывание, будучи так развитым и взращенным, ведёт к его перерождению там.  ",
  "mn120:13-16.18": "Таков, монахи, путь, способ, который ведёт к его перерождению там.  ",
  "mn120:17.1": "«Далее, монахи, вот монах обладает верой, нравственностью, учёностью, щедростью, мудростью.  ",
  "mn120:17.2": "",
  "mn120:17.3": "",
  "mn120:17.4": "И он слышит,  ",
  "mn120:17.5": "что Брахма Десяти Тысяч [миров] живёт долго, красив, наслаждается великим счастьем.  ",
  "mn120:17.6": "Брахма Десяти Тысяч [миров] пребывает, настроившись на наполнение [своим умом] системы десяти тысяч миров,  ",
  "mn120:17.7": "и он пребывает, настроившись на наполнение [своим умом] существ, родившихся там. ",
  "mn120:17.8": "Подобно тому, как берилл, драгоценный камень чистой воды, с восемью гранями, тщательно обработанный,  лежащий на красной парче, сверкал, сиял и лучился,  ",
  "mn120:17.9": "точно так же Брахма Десяти Тысяч [миров] пребывает, настроившись на наполнение [своим умом] системы десяти тысяч миров,  ",
  "mn120:17.10": "и он пребывает, настроившись на наполнение [своим умом] существ, родившихся там. ",
  "mn120:17.11": "И монах думает: ",
  "mn120:17.12": "«О, [как бы я хотел], чтобы после смерти, после распада тела, я бы переродился среди Брахм Пяти Тысячи [миров]!»  ",
  "mn120:17.13": "И он закрепляет свой ум на этом, настраивается на это, развивает это [стремление].  ",
  "mn120:17.14": "Такое его стремление и пребывание, будучи так развитым и взращенным, ведёт к его перерождению там.  ",
  "mn120:17.15": "Таков, монахи, путь, способ, который ведёт к его перерождению там.  ",
  "mn120:18.1": "«Далее, монахи, вот монах обладает верой, нравственностью, учёностью, щедростью, мудростью.  ",
  "mn120:18.2": "",
  "mn120:18.3": "",
  "mn120:18.4": "",
  "mn120:18.5": "И он слышит,  ",
  "mn120:18.6": "что Брахма Ста Тысяч [миров] живёт долго, красив, наслаждается великим счастьем.  ",
  "mn120:18.7": "Брахма Ста Тысяч [миров] пребывает, настроившись на наполнение [своим умом] системы ста тысяч миров,  ",
  "mn120:18.8": "и он пребывает, настроившись на наполнение [своим умом] существ, родившихся там. ",
  "mn120:18.9": "Подобно тому как украшение из чистейшего золота, что было умело отлито с помощью тигля умелым золотых дел мастером,  лежащее на красной парче, сверкало бы, сияло и лучилось,  ",
  "mn120:18.10": "точно так же Брахма Ста Тысяч [миров] пребывает, настроившись на наполнение [своим умом] системы ста тысяч миров,  ",
  "mn120:18.11": "и он пребывает, настроившись на наполнение [своим умом] существ, родившихся там. ",
  "mn120:18.12": "И монах думает: ",
  "mn120:18.13": "«О, [как бы я хотел], чтобы после смерти, после распада тела, я бы переродился среди Брахм Ста Тысячи [миров]!»  ",
  "mn120:18.14": "И он закрепляет свой ум на этом, настраивается на это, развивает это [стремление].  ",
  "mn120:18.15": "Такое его стремление и пребывание, будучи так развитым и взращенным, ведёт к его перерождению там.  ",
  "mn120:18.16": "Таков, монахи, путь, способ, который ведёт к его перерождению там.  ",
  "mn120:19.1": "«Далее, монахи, вот монах обладает верой, нравственностью, учёностью, щедростью, мудростью.  ",
  "mn120:19.2": "",
  "mn120:19.3": "",
  "mn120:19.4": "",
  "mn120:19.5": "И он слышит,  ",
  "mn120:19.6": "что божества Лучезарного сияния…  ",
  "mn120:19.7": "божества ограниченного сияния… ",
  "mn120:19.8": "божества безграничного сияния… ",
  "mn120:19.9": "божества сверкающего великолепия… ",
  "mn120:19.10": "",
  "mn120:19.11": "",
  "mn120:19.12": "",
  "mn120:19.13": "",
  "mn120:19.14": "",
  "mn120:20.1": "",
  "mn120:20.2": "",
  "mn120:20.3": "",
  "mn120:20.4": "",
  "mn120:20.5": "",
  "mn120:20.6": "божества ограниченного великолепия… ",
  "mn120:20.7": "божества безграничного великолепия… ",
  "mn120:20.8": "божества преисполненных великолепия… ",
  "mn120:20.9": "",
  "mn120:20.10": "",
  "mn120:20.11": "",
  "mn120:20.12": "",
  "mn120:20.13": "",
  "mn120:21-30.1": "",
  "mn120:21-30.2": "",
  "mn120:21-30.3": "",
  "mn120:21-30.4": "",
  "mn120:21-30.5": "",
  "mn120:21-30.6": "божества великого плода… ",
  "mn120:21-30.7": "божества Авихи… ",
  "mn120:21-30.8": "среди богов Атаппы… ",
  "mn120:21-30.9": "божества Судассы … ",
  "mn120:21-30.10": "среди богов Судасси… ",
  "mn120:21-30.11": "божества Аканиттхи… ",
  "mn120:21-30.12": "",
  "mn120:21-30.13": "",
  "mn120:21-30.14": "",
  "mn120:21-30.15": "",
  "mn120:21-30.16": "",
  "mn120:31.1": "",
  "mn120:31.2": "",
  "mn120:31.3": "",
  "mn120:31.4": "",
  "mn120:31.5": "",
  "mn120:31.6": "божества сферы бесграничного пространства … ",
  "mn120:31.7": "",
  "mn120:31.8": "",
  "mn120:31.9": "",
  "mn120:31.10": "",
  "mn120:31.11": "",
  "mn120:32.1": "",
  "mn120:32.2": "",
  "mn120:32.3": "",
  "mn120:32.4": "",
  "mn120:32.5": "",
  "mn120:32.6": "божества сферы бесграничного сознания … ",
  "mn120:32.7": "",
  "mn120:32.8": "",
  "mn120:32.9": "",
  "mn120:32.10": "",
  "mn120:32.11": "",
  "mn120:33-36.1": "",
  "mn120:33-36.2": "",
  "mn120:33-36.3": "",
  "mn120:33-36.4": "",
  "mn120:33-36.5": "",
  "mn120:33-36.6": "божества сферы отсутствия всего… ",
  "mn120:33-36.7": "божества сферы ни-восприятия-ни-не-восприятия живут долго, долговечны, наслаждаются великим счастьем.  ",
  "mn120:33-36.8": "И монах думает: ",
  "mn120:33-36.9": "«О, [как бы я хотел], чтобы после смерти, после распада тела, я переродился среди божеств сферы ни-восприятия-ни-не-восприятия!»  ",
  "mn120:33-36.10": "И он закрепляет свой ум на этом, настраивается на это, развивает это [стремление].  ",
  "mn120:33-36.11": "Такое его стремление и пребывание, будучи так развитым и взращенным, ведёт к его перерождению там.  ",
  "mn120:33-36.12": "Таков, монахи, путь, способ, который ведёт к его перерождению там.  ",
  "mn120:37.1": "«Далее, монахи, вот монах обладает верой, нравственностью, учёностью, щедростью, мудростью.  ",
  "mn120:37.2": "",
  "mn120:37.3": "",
  "mn120:37.4": "",
  "mn120:37.5": "И монах думает: ",
  "mn120:37.6": "«О, [как бы я хотел] здесь и сейчас, реализовав это для себя посредством прямого знания, с уничтожением пятен [загрязнений ума] войти и пребывать в незапятнанном освобождении ума и освобождении мудростью!»  ",
  "mn120:37.7": "И, здесь и сейчас реализовав это для себя посредством прямого знания, с уничтожением пятен [загрязнений ума],  он входит и пребывает в незапятнанном освобождении ума и освобождении мудростью.  ",
  "mn120:37.8": "Монахи, такой монах нигде более не перерождается».  ",
  "mn120:37.9": "Так сказал Благословенный.  ",
  "mn120:37.10": "Монахи были довольны и восхитились словами Благословенного. ",
  "mn120:37.11": "",
  "mn120:37.12": "",
  "mn120:38.1": "",
  "mn120:38.2": "",
  "mn120:38.3": ""
}