{
  "mn130:0.1": "Мадджхима Никая 130 ",
  "mn130:0.2": "Небесные посланники ",
  "mn130:1.1": "Так я слышал. ",
  "mn130:1.2": "Однажды Благословенный проживал в Саваттхи, в роще Джеты, в парке Анатхапиндики. ",
  "mn130:1.3": "Там он обратился к монахам так: ",
  "mn130:1.4": "«Монахи!» ",
  "mn130:1.5": "«Да, уважаемый», – отвечали монахи. ",
  "mn130:1.6": "Благословенный сказал следующее: ",
  "mn130:2.1": "«Монахи, представьте два дома с дверьми,  и человек с хорошим зрением, стоя между ними, видел, как люди входят в дома и выходят, перемещаются туда и сюда. ",
  "mn130:2.2": "Точно также, божественным глазом, очищенным и превосходящим человеческий, я вижу как существа умирают и перерождаются – низшие и великие, красивые и уродливые, счастливые и несчастные.  Я понимаю, как существа переходят [из жизни в жизнь] в соответствии с их поступками: «Эти существа, которые придерживались хорошего поведения в поступках, речах и мыслях, не оскорбляли благородных, были привержены верным воззрениям, предпринимая действия на основе верных воззрений, с распадом тела, после смерти, переродились в счастливом уделе, даже в небесном мире или среди человеческих существ. Но эти достойные существа, которые имели дурное поведение телом, речью и умом,  оскорбляли благородных, были привержены неверным воззрениям, предпринимая действия на основе неверных воззрений, с распадом тела, после смерти, переродились в мире духов, в мире животных, в состоянии лишений, в неблагом уделе, в погибели, даже в аду».  ",
  "mn130:3.1": "Стражи ада хватают такое существо за руки и приводят к царю Яме, говоря:  ",
  "mn130:3.2": "«Ваше величество, этот человек плохо обращался со своей матерью, плохо обращался со своим отцом, плохо обращался с отшельниками, плохо обращался со жрецами. У него нет уважения к старейшинам его клана.  ",
  "mn130:3.3": "Пусть царь наложит на него наказание». ",
  "mn130:3.4": "И тогда царь Яма спрашивает, допрашивает, переспрашивает его насчёт первого небесного посланника:  ",
  "mn130:3.5": "«Почтенный, разве ты не видел первого небесного посланника, который появился в мире?»  ",
  "mn130:3.6": "Он отвечает: ",
  "mn130:3.7": "«Не видел, уважаемый».  ",
  "mn130:4.1": "Тогда царь Яма говорит: ",
  "mn130:4.2": "«Почтенный, неужели ты ни разу не видел в мире лежащего на спине младенца, запачканного своими же испражнениями и мочой?»  ",
  "mn130:4.3": "Он отвечает: ",
  "mn130:4.4": "«Видел, уважаемый».  ",
  "mn130:4.5": "Тогда царь Яма говорит: ",
  "mn130:4.6": "«Почтенный, неужели к тебе, умному и зрелому человеку, никогда не приходила эта мысль: ",
  "mn130:4.7": "«Я тоже подвержен рождению,  я не избегу рождения.  Вне сомнений, мне лучше было бы совершать благое телом, речью, умом»?  ",
  "mn130:4.8": "Он отвечает: ",
  "mn130:4.9": "«Я не мог, уважаемый.  Я был беспечным».  ",
  "mn130:4.10": "Тогда царь Яма говорит: ",
  "mn130:4.11": "«Почтенный, из-за беспечности ты не сумел совершать благое телом, речью, и умом.  ",
  "mn130:4.12": "Вне сомнений, с тобой поступят в соответствии с твоей беспечностью.  ",
  "mn130:4.13": "Но этот твой плохой поступок не был сделан твоей матерью, твоим отцом, или же твоим братом или твоей сестрой,  или же твоими друзьями и товарищами, или же твоими родственниками и роднёй, или же жрецами и отшельниками, или же божествами.  Этот плохой поступок был сделан тобой, и ты сам будешь переживать его результат». ",
  "mn130:5.1": "И затем, после того как он спросил, допросил, переспросил насчёт первого небесного посланника, царь Яма спрашивает, допрашивает, переспрашивает его насчёт второго небесного посланника:  ",
  "mn130:5.2": "«Почтенный, разве ты не видел второго небесного посланника, который появился в мире?»  ",
  "mn130:5.3": "Он отвечает: ",
  "mn130:5.4": "«Не видел, уважаемый».  ",
  "mn130:5.5": "Тогда царь Яма говорит: ",
  "mn130:5.6": "«Почтенный, неужели ты ни разу не видел в мире мужчину или женщину – восьмидесяти, девяноста, ста лет – скрючившуюся как подкова, согнутую вдвое, опирающуюся на палку, шатающуюся, хилую, утратившую молодость, с разбитыми зубами, седыми и скудными волосами, плешивую, морщинистую, с покрытыми пятнами частями тела?»  ",
  "mn130:5.7": "Он отвечает: ",
  "mn130:5.8": "«Видел, уважаемый».  ",
  "mn130:5.9": "Тогда царь Яма говорит: ",
  "mn130:5.10": "«Почтенный, неужели к тебе, умному и зрелому человеку, никогда не приходила эта мысль: ",
  "mn130:5.11": "«Я тоже подвержен старению,  я не избегу старения.  Вне сомнений, мне лучше было бы совершать благое телом, речью, умом»?  ",
  "mn130:5.12": "Он отвечает: ",
  "mn130:5.13": "«Я не мог, уважаемый.  Я был беспечным».  ",
  "mn130:5.14": "Тогда царь Яма говорит: ",
  "mn130:5.15": "«Почтенный, из-за беспечности ты не сумел совершать благое телом, речью, и умом.  ",
  "mn130:5.16": "Вне сомнений, с тобой поступят в соответствии с твоей беспечностью.  ",
  "mn130:5.17": "Но этот твой плохой поступок не был сделан твоей матерью, твоим отцом, или же твоим братом или твоей сестрой,  или же твоими друзьями и товарищами, или же твоими родственниками и роднёй, или же жрецами и отшельниками, или же божествами.  Этот плохой поступок был сделан тобой, и ты сам будешь переживать его результат». ",
  "mn130:6.1": "И затем, после того как он спросил, допросил, переспросил насчёт второго небесного посланника, царь Яма спрашивает, допрашивает, переспрашивает его насчёт третьего небесного посланника:  ",
  "mn130:6.2": "«Почтенный, разве ты не видел третьего небесного посланника, который появился в мире?»  ",
  "mn130:6.3": "Он отвечает: ",
  "mn130:6.4": "«Не видел, уважаемый».  ",
  "mn130:6.5": "Тогда царь Яма говорит: ",
  "mn130:6.6": "«Почтенный, неужели ты ни разу не видел в мире мужчину или женщину – поражённую болезнью, нездоровую, серьёзно больную – лежащую запачканной в собственных испражнениях и моче, которую поднимают одни, а кладут другие?»  ",
  "mn130:6.7": "Он отвечает: ",
  "mn130:6.8": "«Видел, уважаемый».  ",
  "mn130:6.9": "Тогда царь Яма говорит: ",
  "mn130:6.10": "«Почтенный, неужели к тебе, умному и зрелому человеку, никогда не приходила эта мысль: ",
  "mn130:6.11": "«Я тоже подвержен болезням,  я не избегу болезней.  Вне сомнений, мне лучше было бы совершать благое телом, речью, умом»?  ",
  "mn130:6.12": "Он отвечает: ",
  "mn130:6.13": "«Я не мог, уважаемый.  Я был беспечным».  ",
  "mn130:6.14": "Тогда царь Яма говорит: ",
  "mn130:6.15": "«Почтенный, из-за беспечности ты не сумел совершать благое телом, речью, и умом.  ",
  "mn130:6.16": "Вне сомнений, с тобой поступят в соответствии с твоей беспечностью.  ",
  "mn130:6.17": "Но этот твой плохой поступок не был сделан твоей матерью, твоим отцом, или же твоим братом или твоей сестрой,  или же твоими друзьями и товарищами, или же твоими родственниками и роднёй, или же жрецами и отшельниками, или же божествами.  Этот плохой поступок был сделан тобой, и ты сам будешь переживать его результат». ",
  "mn130:7.1": "И затем, после того как он спросил, допросил, переспросил насчёт третьего небесного посланника, царь Яма спрашивает, допрашивает, переспрашивает его насчёт четвёртого небесного посланника:  ",
  "mn130:7.2": "«Почтенный, разве ты не видел четвёртого небесного посланника, который появился в мире?»  ",
  "mn130:7.3": "Он отвечает: ",
  "mn130:7.4": "«Не видел, уважаемый».  ",
  "mn130:7.5": "Тогда царь Яма говорит: ",
  "mn130:7.6": "«Почтенный, неужели ты ни разу не видел в мире то, как ловят преступника, вора, и цари подвергают его многочисленным видам пыток. ",
  "mn130:7.7": "Они приказывают хлестать его кнутами, бить бамбуком, бить дубинами; отрезать ему руки, отрезать ему ноги, отрезать ему руки и ноги; отрезать ему уши, отрезать ему нос, отрезать ему уши и нос. Они приказывают подвергнуть его [пытке под названием] «котёл с кашей», «бритьё [до состояния] отполированной раковины», «пасть Раху», «огненный венок», «пылающая длань», «лезвия травы», «одежда из коры», «антилопа», «мясные крюки», «монеты», «пикелевание щёлоком», «крутящийся штырь», «свёрнутая подстилка». Они приказывают облить его кипящим маслом, отдать на растерзание собакам, насадить его заживо на кол, отрубить ему голову мечом».  ",
  "mn130:7.8": "Он отвечает: ",
  "mn130:7.9": "«Видел, уважаемый».  ",
  "mn130:7.10": "Тогда царь Яма говорит: ",
  "mn130:7.11": "«Почтенный, неужели к тебе, умному и зрелому человеку, никогда не приходила эта мысль: ",
  "mn130:7.12": "«Того, кто совершает плохие поступки, уже здесь и сейчас [в этой жизни] подвергают таким различным пыткам, так что уж говорить о том, что будет потом? Вне сомнений, мне лучше было бы совершать благое телом, речью, умом»?  ",
  "mn130:7.13": "Он отвечает: ",
  "mn130:7.14": "«Я не мог, уважаемый.  Я был беспечным».  ",
  "mn130:7.15": "Тогда царь Яма говорит: ",
  "mn130:7.16": "«Почтенный, из-за беспечности ты не сумел совершать благое телом, речью, и умом.  ",
  "mn130:7.17": "Вне сомнений, с тобой поступят в соответствии с твоей беспечностью.  ",
  "mn130:7.18": "Но этот твой плохой поступок не был сделан твоей матерью, твоим отцом, или же твоим братом или твоей сестрой,  или же твоими друзьями и товарищами, или же твоими родственниками и роднёй, или же жрецами и отшельниками, или же божествами.  Этот плохой поступок был сделан тобой, и ты сам будешь переживать его результат». ",
  "mn130:8.1": "И затем, после того как он спросил, допросил, переспросил насчёт четвёртого небесного посланника, царь Яма спрашивает, допрашивает, переспрашивает его насчёт пятого небесного посланника:  ",
  "mn130:8.2": "«Почтенный, разве ты не видел пятого небесного посланника, который появился в мире?»  ",
  "mn130:8.3": "Он отвечает: ",
  "mn130:8.4": "«Не видел, уважаемый».  ",
  "mn130:8.5": "Тогда царь Яма говорит: ",
  "mn130:8.6": "«Почтенный, неужели ты ни разу не видел в мире мужчину или женщину – мёртвую один день как, мёртвую два дня как, мёртвую три дня как – вспухшую, мёртвенно-бледную, истекающую нечистотами?»  ",
  "mn130:8.7": "Он отвечает: ",
  "mn130:8.8": "«Видел, уважаемый».  ",
  "mn130:8.9": "Тогда царь Яма говорит: ",
  "mn130:8.10": "«Почтенный, неужели к тебе, умному и зрелому человеку, никогда не приходила эта мысль: ",
  "mn130:8.11": "«Я тоже подвержен смерти,  я не избегу смерти.  Вне сомнений, мне лучше было бы совершать благое телом, речью, умом»?  ",
  "mn130:8.12": "Он отвечает: ",
  "mn130:8.13": "«Я не мог, уважаемый.  Я был беспечным».  ",
  "mn130:8.14": "Тогда царь Яма говорит: ",
  "mn130:8.15": "«Почтенный, из-за беспечности ты не сумел совершать благое телом, речью, и умом.  ",
  "mn130:8.16": "Вне сомнений, с тобой поступят в соответствии с твоей беспечностью.  ",
  "mn130:8.17": "Но этот твой плохой поступок не был сделан твоей матерью, твоим отцом, или же твоим братом или твоей сестрой,  или же твоими друзьями и товарищами, или же твоими родственниками и роднёй, или же жрецами и отшельниками, или же божествами.  Этот плохой поступок был сделан тобой, и ты сам будешь переживать его результат». ",
  "mn130:9.1": "И затем, после того как он спросил, допросил, переспросил насчёт пятого небесного посланника, царь Яма замолкает. ",
  "mn130:10.1": "И Стражи ада пытают его пятичастным прокалыванием.  ",
  "mn130:10.2": "Они загоняют раскалённый железный прут в одну руку, загоняют раскалённый железный прут другую руку… ногу… другую ногу… в середину через грудь.  ",
  "mn130:10.3": "Там он чувствует болезненные, мучительные, острые чувства. Но всё же он не умирает, покуда плохой поступок не истощит своего результата. ",
  "mn130:11.1": "Затем стражи ада бросают его на землю и обстругивают топорами… ",
  "mn130:12.1": "Затем стражи ада переворачивают его вверх тормашками и обстругивают тесаками… ",
  "mn130:13.1": "Затем стражи ада привязывают его к колеснице и возят его взад и вперёд по земле, которая горит, пылает, полыхает…  ",
  "mn130:14.1": "Затем стражи ада заставляют его взбираться на огромную груду углей, которые горят, пылают, полыхают…  ",
  "mn130:15.1": "Затем стражи ада берут его за ноги и головой окунают в раскалённый медный котёл, который горит, пылает, полыхает.  ",
  "mn130:15.2": "",
  "mn130:15.3": "Он варится там в бурлящей пене. Пока он варится там в бурлящей пене, он иногда всплывает, иногда тонет, иногда перемещается [по поверхности].  ",
  "mn130:15.4": "Там он чувствует болезненные, мучительные, острые чувства. Но всё же он не умирает, покуда плохой поступок не истощит своего результата. ",
  "mn130:16.1": "Затем стражи ада бросают его в Великий ад.  ",
  "mn130:16.2": "И вот что касается Великого ада, монахи:  ",
  "mn130:16.3": "«Четыре в нём угла. Построен он с дверями четырьмя  ",
  "mn130:16.4": "По каждой из сторон.  ",
  "mn130:16.5": "Заделан он железом всюду и везде,  ",
  "mn130:16.6": "Как и железной крышей сверху он закрыт. ",
  "mn130:16.7": "И пол в нём из железа,  ",
  "mn130:16.8": "Раскалённый докрасна,  ",
  "mn130:16.9": "Длиной он в сотню лиг –  ",
  "mn130:16.10": "Их покрывает целиком. ",
  "mn130:17.1": "Пламя, извергающееся из восточной стены Великого ада, ударяется о его западную стену. Пламя, извергающееся из его западной стены, ударяется о его восточную стену. Пламя, извергающееся из его северной стены, ударяется о его южную стену. Пламя, извергающееся из его южной стены, ударяется о его северную стену. Пламя, извергающееся из нижней части, ударяется о верхнюю часть. Пламя, извергающееся из верхней части, ударяется о нижнюю часть.  ",
  "mn130:17.2": "Там он чувствует болезненные, мучительные, острые чувства. Но всё же он не умирает, покуда плохой поступок не истощит своего результата. ",
  "mn130:18.1": "В какой-то момент, монахи, по истечении долгого периода, случается так, что открывается восточная дверь Великого ада.  ",
  "mn130:18.2": "Он бежит к ней быстрыми шагами.  ",
  "mn130:18.3": "По мере того как он делает так, его внешняя кожа горит, его внутренняя кожа горит, его плоть горит, его сухожилия горят, его кости начинают дымиться.  И точно так оно каждый раз, как он поднимает ногу.  ",
  "mn130:18.4": "Когда он наконец-таки достигает двери, та захлопывается.  ",
  "mn130:18.5": "Там он чувствует болезненные, мучительные, острые чувства. Но всё же он не умирает, покуда плохой поступок не истощит своего результата. ",
  "mn130:18.6": "В какой-то момент, монахи, по истечении долгого периода, случается так, что открывается западная дверь…  ",
  "mn130:18.7": "северная дверь… ",
  "mn130:18.8": "южная дверь Великого ада.  ",
  "mn130:18.9": "Он бежит к ней быстрыми шагами.  ",
  "mn130:18.10": "По мере того как он делает так, его внешняя кожа горит, его внутренняя кожа горит, его плоть горит, его сухожилия горят, его кости начинают дымиться.  И точно так оно каждый раз, как он поднимает ногу.  ",
  "mn130:18.11": "Когда он наконец-таки достигает двери, та захлопывается.  ",
  "mn130:18.12": "Там он чувствует болезненные, мучительные, острые чувства. Но всё же он не умирает, покуда плохой поступок не истощит своего результата. ",
  "mn130:19.1": "В какой-то момент, монахи, по истечении долгого периода, случается так, что открывается восточная дверь Великого ада.  ",
  "mn130:19.2": "Он бежит к ней быстрыми шагами.  ",
  "mn130:19.3": "По мере того как он делает так, его внешняя кожа горит, его внутренняя кожа горит, его плоть горит, его сухожилия горят, его кости начинают дымиться.  И точно так оно каждый раз, как он поднимает ногу.  ",
  "mn130:19.4": "Он выходит через эту дверь. ",
  "mn130:20.1": "И сразу за Великим Адом идёт бескрайний Ад испражнений.  ",
  "mn130:20.2": "Он туда падает.  ",
  "mn130:20.3": "В этом Аду испражнений существа с игловидными ртами пробуривают его внешнюю кожу, пробуривают его внутреннюю кожу, пробуривают его плоть, пробуривают его сухожилия, пробуривают его кости и пожирают его костный мозг.  ",
  "mn130:20.4": "Там он чувствует болезненные, мучительные, острые чувства. Но всё же он не умирает, покуда плохой поступок не истощит своего результата. ",
  "mn130:21.1": "И сразу за Адом испражнений идёт бескрайний Ад Горящих Углей.  ",
  "mn130:21.2": "Он туда падает.  ",
  "mn130:21.3": "Там он чувствует болезненные, мучительные, острые чувства. Но всё же он не умирает, покуда плохой поступок не истощит своего результата. ",
  "mn130:22.1": "И сразу за Адом Горящих Углей идёт бескрайний Лес Деревьев Симбали –  высотой в лигу, ощетинившийся шипами шириной в шестнадцать пальцев – горящий, пылающий, полыхающий.  ",
  "mn130:22.2": "Его заставляют взбираться и спускаться с этих деревьев.  ",
  "mn130:22.3": "Там он чувствует болезненные, мучительные, острые чувства. Но всё же он не умирает, покуда плохой поступок не истощит своего результата. ",
  "mn130:23.1": "И сразу за Лесом Деревьев Симбали идёт бескрайний Лес Остриелистных Деревьев.  ",
  "mn130:23.2": "Он туда входит. ",
  "mn130:23.3": "Листья, колыхаемые ветром, режут его руки, режут его ноги, режут его руки и ноги. Они режут его уши, режут его нос, режут его уши и нос.  ",
  "mn130:23.4": "Там он чувствует болезненные, мучительные, острые чувства. Но всё же он не умирает, покуда плохой поступок не истощит своего результата. ",
  "mn130:24.1": "И сразу за Лесом Остриелистных Деревьев идёт великая река с едкими водами.  ",
  "mn130:24.2": "Он туда падает.  ",
  "mn130:24.3": "Там его швыряет по течению, против течения, по течению и против течения.  ",
  "mn130:24.4": "Там он чувствует болезненные, мучительные, острые чувства. Но всё же он не умирает, покуда плохой поступок не истощит своего результата. ",
  "mn130:25.1": "Затем стражи ада вытаскивают его крюком, ставят на землю, и спрашивают его:  ",
  "mn130:25.2": "«Почтенный, чего хочешь?»  ",
  "mn130:25.3": "Он говорит:  ",
  "mn130:25.4": "«Я голоден, уважаемые».  ",
  "mn130:25.5": "И тогда стражи ада раскрывают ему рот раскалёнными железными щипцами – горящими, пылающими, полыхающими – и кладут [ему в рот] раскалённый медный шар – горящий, пылающий, полыхающий –  ",
  "mn130:25.6": "которая сжигает его губы, рот, язык, глотку и желудок и выпадает снизу вместе с кишками.  ",
  "mn130:25.7": "Он чувствует болезненные, мучительные, острые чувства. Но всё же он не умирает, покуда плохой поступок не истощит своего результата. ",
  "mn130:26.1": "Затем стражи ада спрашивают его: ",
  "mn130:26.2": "«Почтенный, чего хочешь?»  ",
  "mn130:26.3": "Он говорит:  ",
  "mn130:26.4": "«Я хочу пить, уважаемые».  ",
  "mn130:26.5": "И тогда стражи ада раскрывают ему рот раскалёнными железными щипцами – горящими, пылающими, полыхающими – и вливают [ему в рот] и расплавленную медь, горящую, сверкающую и раскалённую докрасна, ",
  "mn130:26.6": "которая сжигает его губы, рот, язык, глотку и желудок и выпадает снизу вместе с кишками.  ",
  "mn130:26.7": "Он чувствует болезненные, мучительные, острые чувства. Но всё же он не умирает, покуда плохой поступок не истощит своего результата. ",
  "mn130:27.1": "Затем стражи ада вновь бросают его в Великий ад.  ",
  "mn130:28.1": "И сталось, что царь Яма подумал:  ",
  "mn130:28.2": "«Те [люди] в мире, которые совершают плохие, неблагие поступки, воистину подвергаются всем этим многочисленным видам пыток.  ",
  "mn130:28.3": "О, вот бы я обрёл человеческое состояние,  и Татхагата, совершенный и полностью просветлённый, появился бы в мире,  и я мог бы прислуживать этому Благословенному,  ",
  "mn130:28.4": "и этот Благословенный мог бы обучить меня Дхамме, так чтобы я смог понять Дхамму Благословенного!» ",
  "mn130:29.1": "Монахи, я говорю вам об этом не как о чём-то, что я услышал от другого жреца или отшельника.  Я говорю вам об этом, потому что я сам в действительности познал, увидел, открыл это сам». ",
  "mn130:30.1": "Так сказал Благословенный.  ",
  "mn130:30.2": "И когда Высочайший сказал это, [он], Учитель, далее добавил:  ",
  "mn130:30.3": "«Те, кто беспечны всё равно, ",
  "mn130:30.4": "Хоть и предупреждают их небесные посланники:  ",
  "mn130:30.5": "И долго будут люди [те тогда] грустить,  ",
  "mn130:30.6": "Как только в нижний мир они падут. ",
  "mn130:30.7": "Но когда люд благой  ",
  "mn130:30.8": "В сей жизни извещён посланниками, что пришли с небес,  ",
  "mn130:30.9": "То без беспечности  ",
  "mn130:30.10": "тогда живут они, Благую Дхамму практикуют хорошо. ",
  "mn130:30.11": "Со страхом на цепляние зрят они,  ",
  "mn130:30.12": "Ведь создаёт оно рождение и смерть.  ",
  "mn130:30.13": "И без цепляния они освободились,  ",
  "mn130:30.14": "Ведь уничтожили рождение и смерть. ",
  "mn130:30.15": "Они блаженны, так как спасены,  ",
  "mn130:30.16": "Ниббаны достигают прямо здесь.  ",
  "mn130:30.17": "Всякую ненависть и страх преодолев,  ",
  "mn130:30.18": "Они спаслись от всяческих страданий».  ",
  "mn130:30.19": "",
  "mn130:30.20": "",
  "mn130:31.1": "",
  "mn130:31.2": "",
  "mn130:31.3": "",
  "mn130:31.4": ""
}