{
  "mn131:0.1": "Мадджхима Никая 131 ",
  "mn131:0.2": "Одна прекрасная ночь ",
  "mn131:1.1": "Так я слышал. ",
  "mn131:1.2": "Однажды Благословенный проживал в Саваттхи, в роще Джеты, в парке Анатхапиндики. ",
  "mn131:1.3": "Там он обратился к монахам так: ",
  "mn131:1.4": "«Монахи!» ",
  "mn131:1.5": "«Да, уважаемый», – отвечали монахи. ",
  "mn131:1.6": "Благословенный сказал следующее: ",
  "mn131:2.1": "«Монахи, я научу вас декламации и анализу [под названием] «Тот, кто обрёл одну прекрасную ночь».  ",
  "mn131:2.2": "Слушайте внимательно то, о чём я буду говорить». ",
  "mn131:2.3": "«Да, уважаемый», – отвечали они. ",
  "mn131:2.4": "Благословенный сказал следующее: ",
  "mn131:3.1": "«Пусть прошлое в себе не пробуждает,  ",
  "mn131:3.2": "И ожиданий будущих не строит.  ",
  "mn131:3.3": "Ведь прошлое оставлено уж было,  ",
  "mn131:3.4": "А будущее не пришло ещё. ",
  "mn131:3.5": "Сейчас возникшее любое состояние ",
  "mn131:3.6": "Пусть вместо этого прозрением видит. ",
  "mn131:3.7": "И, зная это, совершенствуется пусть,",
  "mn131:3.8": "Не дрогнув, не колеблясь, ",
  "mn131:3.9": "Старание нужно прилагать уже сейчас, ",
  "mn131:3.10": "Кто знает, может завтра смерть придёт?  ",
  "mn131:3.11": "Ведь сторговаться ты не сможешь ",
  "mn131:3.12": "C [Владыкой] Смерти и его могучими войсками.  ",
  "mn131:3.13": "Мудрец спокойный назовет ",
  "mn131:3.14": "Того, кто этим способом в стараньи пребывает, ",
  "mn131:3.15": "И днём и ночью непреклонный в этом, –  ",
  "mn131:3.16": "Тем, кто ночь одну прекрасную обрёл».  ",
  "mn131:4.1": "И каким образом, монахи, человек пробуждает прошлое?  ",
  "mn131:4.2": "Вот некий человек лелеет наслаждение в этом, думая: «У меня была такая-то материальная форма в прошлом». Он лелеет наслаждение в этом, думая: «У меня было такое-то чувство в прошлом… такое-то восприятие в прошлом… такие-то формации [ума] в прошлом… такое-то сознание в прошлом».  ",
  "mn131:4.3": "Вот как он пробуждает прошлое.  ",
  "mn131:5.1": "И каким образом, монахи, человек не пробуждает прошлое?  ",
  "mn131:5.2": "Вот некий человек не лелеет наслаждение в этом, думая: «У меня была такая-то материальная форма в прошлом». Он лелеет наслаждение в этом, думая: «У меня было такое-то чувство в прошлом… такое-то восприятие в прошлом… такие-то формации [ума] в прошлом… такое-то сознание в прошлом».  ",
  "mn131:5.3": "Вот как он не пробуждает прошлое.  ",
  "mn131:6.1": "И каким образом, монахи, человек строит будущие ожидания?  ",
  "mn131:6.2": "Вот некий человек лелеет наслаждение в этом, думая: «Пусть у меня будет такая-то материальная форма в будущем!» Он лелеет наслаждение в этом, думая: «Пусть у меня будет такое-то чувство в будущем… такое-то восприятие в будущем… такие-то формации в будущем… такое-то сознание в будущем!»  ",
  "mn131:6.3": "Вот как он строит будущие ожидания.  ",
  "mn131:7.1": "И каким образом, монахи, человек не строит будущие ожидания?  ",
  "mn131:7.2": "Вот некий человек не лелеет наслаждение в этом, думая: «Пусть у меня будет такая-то материальная форма в будущем!» Он лелеет наслаждение в этом, думая: «Пусть у меня будет такое-то чувство в будущем… такое-то восприятие в будущем… такие-то формации в будущем… такое-то сознание в будущем!»  ",
  "mn131:7.3": "Вот как он не строит будущие ожидания.  ",
  "mn131:8.1": "И каким образом, монахи, человек побеждён в отношении возникших в данный момент состояний?  ",
  "mn131:8.2": "Вот, монах, необученный заурядный человек, который не уважает Благородных, который неумелый и нетренированный в их Дхамме,  который не уважает чистых людей, который неумелый и нетренированный в их Дхамме,  ",
  "mn131:8.3": "считает что материальная форма – это «я»; или что * «я» владеет материальной формой; или что * материальная форма находится внутри «я»; или что * «я» находится в материальной форме.  ",
  "mn131:8.4": "Он считает, что чувство… ",
  "mn131:8.5": "восприятие… ",
  "mn131:8.6": "формации [ума]… ",
  "mn131:8.7": "сознание – это «я»; или что «я» владеет сознанием; или что сознание находится внутри «я»; или что «я» находится в сознании. ",
  "mn131:8.8": "Вот как он побеждён в отношении возникших в данный момент состояний. ",
  "mn131:9.1": "И каким образом, монахи, человек неодолим в отношении возникших в данный момент состояний?  ",
  "mn131:9.2": "Вот, монах, хорошо обученный благородный ученик, который уважает Благородных, умелый и тренированный в их Дхамме, который уважает чистых людей, умелый и тренированный в их Дхамме, ",
  "mn131:9.3": "не считает, что материальная форма – это «я» или что «я» владеет материальной формой; или что материальная форма находится внутри «я»; или что «я» находится в материальной форме. ",
  "mn131:9.4": "не считает, что чувство… ",
  "mn131:9.5": "восприятие… ",
  "mn131:9.6": "формации [ума]… ",
  "mn131:9.7": "сознание – это «я»; или что «я» владеет сознанием; или что сознание находится внутри «я»; или что «я» находится в сознании. ",
  "mn131:9.8": "Вот как он неодолим в отношении возникших в данный момент состояний.  ",
  "mn131:10.1": "«Пусть прошлое в себе не пробуждает,  ",
  "mn131:10.2": "И ожиданий будущих не строит.  ",
  "mn131:10.3": "Ведь прошлое оставлено уж было,  ",
  "mn131:10.4": "А будущее не пришло ещё. ",
  "mn131:10.5": "Сейчас возникшее любое состояние ",
  "mn131:10.6": "Пусть вместо этого прозрением видит. ",
  "mn131:10.7": "И, зная это, совершенствуется пусть,",
  "mn131:10.8": "Не дрогнув, не колеблясь, ",
  "mn131:10.9": "Старание нужно прилагать уже сейчас, ",
  "mn131:10.10": "Кто знает, может завтра смерть придёт?  ",
  "mn131:10.11": "Ведь сторговаться ты не сможешь ",
  "mn131:10.12": "C [Владыкой] Смерти и его могучими войсками.  ",
  "mn131:10.13": "Мудрец спокойный назовет ",
  "mn131:10.14": "Того, кто этим способом в стараньи пребывает, ",
  "mn131:10.15": "И днём и ночью непреклонный в этом, –  ",
  "mn131:10.16": "Тем, кто ночь одну прекрасную обрёл».  ",
  "mn131:11.1": "Вот, что я имел в виду, когда сказал: «Монахи, я научу вас декламации и анализу [под названием] «Тот, кто обрёл одну прекрасную ночь».  ",
  "mn131:11.2": "",
  "mn131:11.3": "Так сказал Благословенный.  ",
  "mn131:11.4": "Монахи были довольны и восхитились словами Благословенного. "
}