{
  "mn143:0.1": "Мадджхима Никая 143 ",
  "mn143:0.2": "Совет Анатхапиндике ",
  "mn143:1.1": "Так я слышал. ",
  "mn143:1.2": "Однажды Благословенный проживал в Саваттхи, в роще Джеты, в парке Анатхапиндики. ",
  "mn143:2.1": "И тогда домохозяин Анатхапиндика был нездоров, поражён болезнью, серьёзно болен.  ",
  "mn143:2.2": "Тогда он сказал некоему человеку:  ",
  "mn143:2.3": "«Ну же, почтенный, иди к отшельнику Готаме, поклонись ему от моего имени, упав ему в ноги. и скажи:  ",
  "mn143:2.4": "«Уважаемый, домохозяин Анатхапиндика нездоров, поражён болезнью, серьёзно болен.  ",
  "mn143:2.5": "Он кланяется Благословенному, припадая к его ногам».  ",
  "mn143:2.6": "И затем отправляйся к достопочтенному Сарипутте, поклонись ему от моего имени, упав ему в ноги,  и скажи:  ",
  "mn143:2.7": "«Уважаемый, домохозяин Анатхапиндика нездоров, поражён болезнью, серьёзно болен.  ",
  "mn143:2.8": "Он кланяется Благословенному, припадая к его ногам».  ",
  "mn143:2.9": "И далее скажи: ",
  "mn143:2.10": "«Было бы хорошо, если достопочтенный Сарипутта пришёл бы домой к домохозяину Анатхапиндике из сострадания».  ",
  "mn143:2.11": "«Да, уважаемый» – ответил тот человек,  Отправился к Благословенному, поклонился Благословенному, сел рядом и донёс своё послание. Затем он отправился к достопочтенному Сарипутте, поклонился достопочтенному Сарипутте и донёс своё послание, сказав: «Было бы хорошо, уважаемый, если достопочтенный Сарипутта пришёл бы домой к домохозяину Анатхапиндике из сострадания».  ",
  "mn143:2.12": "",
  "mn143:2.13": "",
  "mn143:2.14": "",
  "mn143:2.15": "",
  "mn143:2.16": "",
  "mn143:2.17": "",
  "mn143:2.18": "",
  "mn143:2.19": "Достопочтенный Сарипутта молча согласился.  ",
  "mn143:3.1": "И тогда достопочтенный Сарипутта оделся, взял чашу и внешнее одеяние и отправился в дом домохозяина Анатхапиндики вместе с достопочтенным Анандой в качестве прислужника.  Придя туда, он сел на подготовленное сиденье и сказал домохозяину Анатхапиндике:  ",
  "mn143:3.2": "«Я надеюсь, ты поправляешься, домохозяин, я надеюсь, тебе становится лучше.  Я надеюсь, твои болезненные ощущения спадают, а не возрастают, и что можно увидеть их спад, а не увеличение».  ",
  "mn143:4.1": "«Уважаемый Сарипутта, я не поправляюсь, мне не становится лучше.  Сильные болезненные ощущения возрастают во мне, а не спадают, и можно увидеть их увеличение, а не спад.  ",
  "mn143:4.2": "Подобно тому, как если бы сильный человек раскроил мою голову острым мечом – вот какие жестокие ветра прорезают мою голову.  ",
  "mn143:4.3": "",
  "mn143:4.4": "Подобно тому, как если бы сильный человек стянул прочным кожаным ремнём мою голову – вот какие жестокие боли у меня в голове.  ",
  "mn143:4.5": "",
  "mn143:4.6": "Подобно тому, как если бы умелый мясник или его ученик вскрыл брюхо быка острым мясницким ножом – вот какие жестокие ветра прорезают мой живот.  ",
  "mn143:4.7": "",
  "mn143:4.8": "Как если бы два сильных человека схватили слабого за обе руки и поджаривали его над ямой с горячими углями –  вот какое жестокое жжение в моём теле.  ",
  "mn143:4.9": "Я не поправляюсь, достопочтенный Сарипутта, мне не становится лучше.  Сильные болезненные ощущения возрастают во мне, а не спадают, и можно увидеть их увеличение, а не спад».  ",
  "mn143:5.1": "«Тогда, домохозяин, вот как тебе следует тренироваться:  ",
  "mn143:5.2": "«Я не буду цепляться за глаз, и моё сознание не будет зависимым от глаза».  ",
  "mn143:5.3": "Вот как ты должен тренировать себя. ",
  "mn143:5.4": "Тебе следует тренироваться так:  ",
  "mn143:5.5": "«Я не буду цепляться за ухо, и моё сознание не будет зависимым от уха»…  ",
  "mn143:5.6": "",
  "mn143:5.7": "",
  "mn143:5.8": "«Я не буду цепляться за нос, и моё сознание не будет зависимым от носа»…  ",
  "mn143:5.9": "",
  "mn143:5.10": "",
  "mn143:5.11": "«Я не буду цепляться за язык, и моё сознание не будет зависимым от языка»…  ",
  "mn143:5.12": "",
  "mn143:5.13": "",
  "mn143:5.14": "«Я не буду цепляться за тело, и моё сознание не будет зависимым от тела»…  ",
  "mn143:5.15": "",
  "mn143:5.16": "",
  "mn143:5.17": "«Я не буду цепляться за ум, и моё сознание не будет зависимым от ума».  ",
  "mn143:5.18": "Вот как ты должен тренировать себя. ",
  "mn143:6.1": "Тебе следует тренироваться так:  ",
  "mn143:6.2": "«Я не буду цепляться к формам, и моё сознание не будет зависимым от форм»…  ",
  "mn143:6.3": "",
  "mn143:6.4": "",
  "mn143:6.5": "«Я не буду цепляться к звукам… ",
  "mn143:6.6": "запахам… ",
  "mn143:6.7": "вкусам… ",
  "mn143:6.8": "осязаемым вещам… ",
  "mn143:6.9": "умственным феноменам, и моё сознание не будет зависимым от умственных феноменов». ",
  "mn143:6.10": "Вот как ты должен тренировать себя. ",
  "mn143:7.1": "Тебе следует тренироваться так:  ",
  "mn143:7.2": "«Я не буду цепляться за сознание глаза, и моё сознание не будет зависимым от сознания глаза».  ",
  "mn143:7.3": "",
  "mn143:7.4": "",
  "mn143:7.5": "«Я не буду цепляться за сознание уха… ",
  "mn143:7.6": "сознание носа…  ",
  "mn143:7.7": "сознание языка… ",
  "mn143:7.8": "сознание тела… ",
  "mn143:7.9": "сознание ума, и моё сознание не будет зависимым от сознания ума».  ",
  "mn143:7.10": "Вот как ты должен тренировать себя. ",
  "mn143:8.1": "Тебе следует тренироваться так:  ",
  "mn143:8.2": "«Я не буду цепляться за контакт глаза… ",
  "mn143:8.3": "",
  "mn143:8.4": "",
  "mn143:8.5": "контакт уха… ",
  "mn143:8.6": "контакт носа… ",
  "mn143:8.7": "контакт языка… ",
  "mn143:8.8": "контакт тела… ",
  "mn143:8.9": "контакт ума, и моё сознание не будет зависимым от контакта ума».  ",
  "mn143:8.10": "Вот как ты должен тренировать себя. ",
  "mn143:9.1": "Тебе следует тренироваться так:  ",
  "mn143:9.2": "«Я не буду цепляться за чувство, рождённое контактом глаза…  ",
  "mn143:9.3": "",
  "mn143:9.4": "",
  "mn143:9.5": "за чувство, рождённое контактом уха…  ",
  "mn143:9.6": "за чувство, рождённое контактом носа…  ",
  "mn143:9.7": "за чувство, рождённое контактом языка…  ",
  "mn143:9.8": "за чувство, рождённое контактом тела…  ",
  "mn143:9.9": "за чувство, рождённое контактом ума, и моё сознание не будет зависимым от чувства, рождённого контактом ума».  ",
  "mn143:9.10": "Вот как ты должен тренировать себя. ",
  "mn143:10.1": "Тебе следует тренироваться так:  ",
  "mn143:10.2": "«Я не буду цепляться за элемент земли…  ",
  "mn143:10.3": "",
  "mn143:10.4": "",
  "mn143:10.5": "элемент воды… ",
  "mn143:10.6": "элемент огня… ",
  "mn143:10.7": "элемент воздуха… ",
  "mn143:10.8": "элемент пространства… ",
  "mn143:10.9": "элемент сознания, и моё сознание не будет зависимым от элемента сознания».  ",
  "mn143:10.10": "Вот как ты должен тренировать себя. ",
  "mn143:11.1": "Тебе следует тренироваться так:  ",
  "mn143:11.2": "«Я не буду цепляться за материальную форму…  ",
  "mn143:11.3": "",
  "mn143:11.4": "",
  "mn143:11.5": "чувство… ",
  "mn143:11.6": "восприятие… ",
  "mn143:11.7": "формации [ума]… ",
  "mn143:11.8": "сознание, и моё сознание не будет зависимым от сознания».  ",
  "mn143:11.9": "Вот как ты должен тренировать себя. ",
  "mn143:12.1": "Тебе следует тренироваться так:  ",
  "mn143:12.2": "«Я не буду цепляться за сферу безграничного пространства…  ",
  "mn143:12.3": "",
  "mn143:12.4": "",
  "mn143:12.5": "сферу безграничного сознания…  ",
  "mn143:12.6": "сферу отсутствия всего…  ",
  "mn143:12.7": "сферу ни восприятия, ни не-восприятия, и моё сознание не будет зависимым от сферы ни восприятия, ни не-восприятия».  ",
  "mn143:12.8": "Вот как ты должен тренировать себя. ",
  "mn143:13.1": "Тебе следует тренироваться так:  ",
  "mn143:13.2": "«Я не буду цепляться за этот мир, и моё сознание не будет зависимым от этого мира».  ",
  "mn143:13.3": "Вот как ты должен тренировать себя. ",
  "mn143:14.1": "Тебе следует тренироваться так:  ",
  "mn143:14.2": "«Я не буду цепляться за иной мир, и моё сознание не будет зависимым от иного мира».  ",
  "mn143:14.3": "Вот как ты должен тренировать себя. ",
  "mn143:14.4": "Тебе следует тренироваться так:  ",
  "mn143:14.5": "«Я не буду цепляться за всё видимое, слышимое, ощущаемое, познаваемое, встречаемое, искомое, исследуемое умом, и моё сознание не будет зависимым от этого».  ",
  "mn143:14.6": "Вот как тебе следует тренироваться».  ",
  "mn143:15.1": "Когда так было сказано, домохозяин Анатхапиндика разрыдался.  ",
  "mn143:15.2": "Тогда достопочтенный Ананда спросил его:  ",
  "mn143:15.3": "«Ты ниспадаешь, домохозяин,  ты тонешь?» ",
  "mn143:15.4": "«Я не ниспадаю, уважаемый Ананда, я не тону.  ",
  "mn143:15.5": "Но хотя я долгое время прислуживал Учителю и монахам, достойным почитания,  ",
  "mn143:15.6": "я прежде никогда не слышал такой беседы по Дхамме».  ",
  "mn143:15.7": "«Такая беседа по Дхамме, домохозяин, не даётся мирянам, одетым в белое.  ",
  "mn143:15.8": "Такая беседа по Дхамме даётся тем, кто ушёл в бездомную жизнь». ",
  "mn143:15.9": "«В таком случае, уважаемый Сарипутта, пусть такая беседа о Дхамме даётся мирянам, одетым в белое.  ",
  "mn143:15.10": "Есть представители клана, у которых мало пыли в глазах,  и которые падут, не услышав [такую беседу] по Дхамме.  ",
  "mn143:15.11": "Будут те, кто поймёт Дхамму».  ",
  "mn143:16.1": "И тогда, дав домохозяину Анатхапиндике этот совет, достопочтенный Сарипутта и Достопочтенный Ананда встали со своих сидений и ушли.  ",
  "mn143:16.2": "И вскоре после того как они ушли, домохозяин Анатхапиндика скончался и переродился в небесном мире Туситы.  ",
  "mn143:17.1": "И затем, когда наступила глубокая ночь, Анатхапиндика, будучи теперь молодым божеством прекрасной наружности, подошёл к Благословенному, освещая [сиянием] всю рощу Джеты. Поклонившись Благословенному, он встал рядом  ",
  "mn143:17.2": "и обратился к Благословенному строфами: ",
  "mn143:17.3": "«В благословенной роще Джеты  ",
  "mn143:17.4": "Мудрая Сангха живёт. ",
  "mn143:17.5": "Сам Дхаммы Царь в ней обитает,  ",
  "mn143:17.6": "Радости мой исток.  ",
  "mn143:17.7": "Поступок и Дхамма, знание  ",
  "mn143:17.8": "И нравственность, и благородная жизнь: ",
  "mn143:17.9": "Смертные этим очистят себя,  ",
  "mn143:17.10": "А не богатством иль кланом.  ",
  "mn143:17.11": "Поэтому мудрый, видит который,  ",
  "mn143:17.12": "Что к благу вправду ведёт,  ",
  "mn143:17.13": "[Благую] Дхамму исследовать должен,  ",
  "mn143:17.14": "И ею очистить себя.  ",
  "mn143:17.15": "[Монах] Сарипутта исполнен мудрости,  ",
  "mn143:17.16": "Достиг вершины нравственности и покоя.  ",
  "mn143:17.17": "Монах, что за [мира] грань вышел,  ",
  "mn143:17.18": "Не может быть выше, чем он».  ",
  "mn143:18.1": "Так сказало молодое божество [по имени] Анатхапиндика.  ",
  "mn143:18.2": "Учитель одобрил. ",
  "mn143:18.3": "И тогда молодое божество Анатхапиндика,  ",
  "mn143:18.4": "подумав: «Учитель согласен со мной», поклонилось Благословенному и, обойдя его с правой стороны, прямо там и исчезло.  ",
  "mn143:19.1": "И когда минула ночь, Благословенный обратился к монахам так: «Монахи, прошлой ночью, когда наступила глубокая ночь, некое молодое божество подошло ко мне и в моём присутствии произнесло эти строфы: «В благословенной роще Джеты … … Не может быть выше, чем он». Так сказало то молодое божество. И затем то молодое божество, подумав: «Учитель согласен со мной», поклонилось мне и, обойдя меня с правой стороны, прямо там и исчезло».  ",
  "mn143:19.2": "",
  "mn143:19.3": "",
  "mn143:19.4": "",
  "mn143:19.5": "",
  "mn143:19.6": "",
  "mn143:19.7": "",
  "mn143:19.8": "",
  "mn143:19.9": "",
  "mn143:19.10": "",
  "mn143:19.11": "",
  "mn143:19.12": "",
  "mn143:19.13": "",
  "mn143:19.14": "",
  "mn143:19.15": "",
  "mn143:19.16": "",
  "mn143:19.17": "",
  "mn143:19.18": "",
  "mn143:19.19": "",
  "mn143:19.20": "",
  "mn143:19.21": "",
  "mn143:20.1": "Когда так было сказано, достопочтенный Ананда сказал Благословенному:  ",
  "mn143:20.2": "«Уважаемый, вне сомнений, тем молодым божеством, должно быть, был Анатхапиндика.  ",
  "mn143:20.3": "Ведь домохозяин Анатхапиндика обладал совершенным доверием к достопочтенному Сарипутте».  ",
  "mn143:20.4": "«Хорошо, хорошо, Ананда! ",
  "mn143:20.5": "Ты сделал правильный вывод посредством рассуждения.  ",
  "mn143:20.6": "Тем молодым божеством был Анатхапиндика, а не кто-то иной».  ",
  "mn143:20.7": "Так сказал Благословенный.  ",
  "mn143:20.8": "Достопочтенный Ананда был доволен и восхитился словами Благословенного. "
}