{
  "mn148:0.1": "Мадджхима Никая 148 ",
  "mn148:0.2": "Шесть шестерок ",
  "mn148:1.1": "Так я слышал. ",
  "mn148:1.2": "Однажды Благословенный проживал в Саваттхи, в роще Джеты, в парке Анатхапиндики. ",
  "mn148:1.3": "Там он обратился к монахам так: ",
  "mn148:1.4": "«Монахи!» ",
  "mn148:1.5": "«Да, уважаемый», – отвечали монахи. ",
  "mn148:1.6": "Благословенный сказал следующее: ",
  "mn148:2.1": " «Монахи, я научу вас Дхамме, которая прекрасна в начале, прекрасна в середине, и прекрасна в конце, правильна и в значениях и в формулировках.  Я раскрою вам святую жизнь, которая всецело совершенная и чистая.  ",
  "mn148:2.2": "[Это учение] о шести группах шестёрок.  ",
  "mn148:2.3": "Слушай внимательно то, о чём я буду говорить». ",
  "mn148:2.4": "«Да, уважаемый», – отвечали монахи. ",
  "mn148:2.5": "Благословенный сказал следующее: ",
  "mn148:3.1": "«Шесть внутренних сфер должны быть поняты.  Шесть внешних сфер должны быть поняты.  Шесть классов сознания должны быть поняты.  Шесть классов контакта должны быть поняты.  Шесть классов чувств должны быть поняты.  Шесть классов жажды должны быть поняты.  ",
  "mn148:4.1": "«Шесть внутренних сфер должны быть поняты». ",
  "mn148:4.2": "Так было сказано. В отношении чего так было сказано?  ",
  "mn148:4.3": "Есть сфера глаза, сфера уха, сфера носа, сфера языка, сфера тела, сфера ума.  ",
  "mn148:4.4": "«Шесть внутренних сфер должны быть поняты». ",
  "mn148:4.5": "В отношении этого так было сказано. ",
  "mn148:4.6": "Такая первая группа шести.  ",
  "mn148:5.1": "«Шесть внешних сфер должны быть поняты». ",
  "mn148:5.2": "Так было сказано. В отношении чего так было сказано?  ",
  "mn148:5.3": "Есть сфера формы, сфера звука, сфера запаха, сфера вкуса, сфера осязаемой вещи, сфера умственного феномена.  ",
  "mn148:5.4": "«Шесть внешних сфер должны быть поняты». ",
  "mn148:5.5": "В отношении этого так было сказано. ",
  "mn148:5.6": "Такова вторая группа шести.  ",
  "mn148:6.1": "«Шесть классов сознания должны быть поняты». ",
  "mn148:6.2": "Так было сказано. В отношении чего так было сказано?  ",
  "mn148:6.3": "Монахи, в зависимости от глаза и форм возникает сознание глаза. ",
  "mn148:6.4": "В зависимости от уха и звуков возникает сознание уха.  ",
  "mn148:6.5": "В зависимости от носа и запахов возникает сознание носа.  ",
  "mn148:6.6": "В зависимости от языка и вкусов возникает сознание носа.  ",
  "mn148:6.7": "В зависимости от тела и осязаемых вещей возникает сознание тела.  ",
  "mn148:6.8": "Монахи, в зависимости от ума и умственных феноменов возникает сознание ума.  ",
  "mn148:6.9": "«Шесть классов сознания должны быть поняты». ",
  "mn148:6.10": "В отношении этого так было сказано. ",
  "mn148:6.11": "Такова третья группа шести.  ",
  "mn148:7.1": "«Шесть классов контакта должны быть поняты». ",
  "mn148:7.2": "Так было сказано. В отношении чего так было сказано?  ",
  "mn148:7.3": "Монахи, в зависимости от глаза и форм возникает сознание глаза. Встреча этих трёх – это контакт.  ",
  "mn148:7.4": "В зависимости от уха и звуков возникает сознание уха.  Встреча этих трёх – это контакт.  ",
  "mn148:7.5": "В зависимости от носа и запахов возникает сознание носа.  Встреча этих трёх – это контакт.  ",
  "mn148:7.6": "В зависимости от языка и вкусов возникает сознание носа.  Встреча этих трёх – это контакт.  ",
  "mn148:7.7": "В зависимости от тела и осязаемых вещей возникает сознание тела.  Встреча этих трёх – это контакт.  ",
  "mn148:7.8": "Монахи, в зависимости от ума и умственных феноменов возникает сознание ума.  Встреча этих трёх – это контакт.  ",
  "mn148:7.9": "«Шесть классов контакта должны быть поняты». ",
  "mn148:7.10": "В отношении этого так было сказано. ",
  "mn148:7.11": "Такова четвёртая группа шести.  ",
  "mn148:8.1": "«Шесть классов чувств должны быть поняты». ",
  "mn148:8.2": "Так было сказано. В отношении чего так было сказано?  ",
  "mn148:8.3": "Монахи, в зависимости от глаза и форм возникает сознание глаза. Встреча этих трёх – это контакт.  С контактом как условием имеет место чувство.  ",
  "mn148:8.4": "В зависимости от уха и звуков возникает сознание уха.  Встреча этих трёх – это контакт.  С контактом как условием имеет место чувство.  ",
  "mn148:8.5": "В зависимости от носа и запахов возникает сознание носа.  Встреча этих трёх – это контакт.  С контактом как условием имеет место чувство.  ",
  "mn148:8.6": "В зависимости от языка и вкусов возникает сознание носа.  Встреча этих трёх – это контакт.  С контактом как условием имеет место чувство.  ",
  "mn148:8.7": "В зависимости от тела и осязаемых вещей возникает сознание тела.  Встреча этих трёх – это контакт.  С контактом как условием имеет место чувство.  ",
  "mn148:8.8": "Монахи, в зависимости от ума и умственных феноменов возникает сознание ума.  Встреча этих трёх – это контакт.  С контактом как условием имеет место чувство.  ",
  "mn148:8.9": "«Шесть классов чувств должны быть поняты». ",
  "mn148:8.10": "В отношении этого так было сказано. ",
  "mn148:8.11": "Такова пятая группа шести.  ",
  "mn148:9.1": "«Шесть классов жажды должны быть поняты». ",
  "mn148:9.2": "Так было сказано. В отношении чего так было сказано?  ",
  "mn148:9.3": "Монахи, в зависимости от глаза и форм возникает сознание глаза. Встреча этих трёх – это контакт.  С контактом как условием имеет место чувство.  С чувством как условием имеет место жажда.  ",
  "mn148:9.4": "Монахи, в зависимости от уха и звуков возникает сознание уха… ",
  "mn148:9.5": "Монахи, в зависимости от носа и запахов возникает сознание носа…  ",
  "mn148:9.6": "Монахи, в зависимости от языка и вкусов возникает сознание языка… ",
  "mn148:9.7": "Монахи, в зависимости от тела и осязаемых вещей возникает сознание тела… ",
  "mn148:9.8": "Монахи, в зависимости от ума и умственных феноменов возникает сознание ума.  Встреча этих трёх – это контакт.  С контактом как условием имеет место чувство.  С чувством как условием имеет место жажда.  ",
  "mn148:9.9": "«Шесть классов жажды должны быть поняты». ",
  "mn148:9.10": "В отношении этого так было сказано. ",
  "mn148:9.11": "Такова шестая группа шести.  ",
  "mn148:10.1": "Если кто-либо скажет: «Глаз – это «я» – то это будет неразумным.  ",
  "mn148:10.2": "Можно различить возрастание и распад глаза.  ",
  "mn148:10.3": "Поскольку можно различить возрастание и распад, то получилось бы: «Моё «я» возрастает и распадается».  ",
  "mn148:10.4": "Вот почему было бы неразумным говорить:  ",
  "mn148:10.5": "«Глаз – это «я».  ",
  "mn148:10.6": "Поэтому глаз является безличностным.  ",
  "mn148:10.7": "Если кто-либо скажет: «Формы– это «я» – то это будет неразумным.  ",
  "mn148:10.8": "Можно различить возрастание и распад видимого.  ",
  "mn148:10.9": "Поскольку можно различить возрастание и распад, то получилось бы: «Моё «я» возрастает и распадается».  ",
  "mn148:10.10": "Вот почему было бы неразумным говорить:  ",
  "mn148:10.11": "«Формы – это «я». ",
  "mn148:10.12": "Поэтому глаз является безличностным, формы являются безличностными. ",
  "mn148:10.13": "Если кто-либо скажет: «Сознание глаза – это «я» – то это будет неразумным. ",
  "mn148:10.14": "Можно различить возрастание и распад сознания глаза.  ",
  "mn148:10.15": "Поскольку можно различить возрастание и распад, то получилось бы: «Моё «я» возрастает и распадается».  ",
  "mn148:10.16": "Вот почему было бы неразумным говорить:  ",
  "mn148:10.17": "«Сознание глаза – это «я».  ",
  "mn148:10.18": "Поэтому глаз является безличностным, формы являются безличностными, сознание глаза является безличностным.  ",
  "mn148:10.19": "Если кто-либо скажет: «Контакт глаза – это «я» – то это будет неразумным. ",
  "mn148:10.20": "Можно различить возрастание и распад контакта глаза.  ",
  "mn148:10.21": "Поскольку можно различить возрастание и распад, то получилось бы: «Моё «я» возрастает и распадается».  ",
  "mn148:10.22": "Вот почему было бы неразумным говорить:  ",
  "mn148:10.23": "«Контакт глаза – это «я».  ",
  "mn148:10.24": "Поэтому глаз является безличностным, формы являются безличностными, сознание глаза является безличностным, контакт глаза является безличностным.  ",
  "mn148:10.25": "Если кто-либо скажет: «Чувство – это «я» – то это будет неразумным.  ",
  "mn148:10.26": "Можно различить возрастание и распад чувства.  ",
  "mn148:10.27": "Поскольку можно различить возрастание и распад, то получилось бы: «Моё «я» возрастает и распадается».  ",
  "mn148:10.28": "Вот почему было бы неразумным говорить:  ",
  "mn148:10.29": "«Чувство – это «я».  ",
  "mn148:10.30": "Поэтому глаз является безличностным, формы являются безличностными, сознание глаза является безличностным, контакт глаза является безличностным, чувство является безличностным. ",
  "mn148:10.31": "Если кто-либо скажет: «Жажда – это «я» – то это будет неразумным.  ",
  "mn148:10.32": "Можно различить возрастание и распад жажды.  ",
  "mn148:10.33": "Поскольку можно различить возрастание и распад, то получилось бы: «Моё «я» возрастает и распадается».  ",
  "mn148:10.34": "Вот почему было бы неразумным говорить:  ",
  "mn148:10.35": "«Жажда– это «я».  ",
  "mn148:10.36": "Поэтому глаз является безличностным, формы являются безличностными, сознание глаза является безличностным, контакт глаза является безличностным, чувство является безличностным, жажда является безличностной. ",
  "mn148:11.1": "Если кто-либо скажет: «Ухо – это «я»…  ",
  "mn148:11.2": "Если кто-либо скажет: «Нос – это «я»…  ",
  "mn148:11.3": "Если кто-либо скажет: «Язык – это «я»…  ",
  "mn148:11.4": "Если кто-либо скажет: «Тело – это «я»…  ",
  "mn148:11.5": "«Ум – это «я» – то это будет неразумным.  ",
  "mn148:11.6": "Можно различить возрастание и распад ума.  ",
  "mn148:11.7": "Поскольку можно различить возрастание и распад, то получилось бы: «Моё «я» возрастает и распадается».  ",
  "mn148:11.8": "Вот почему было бы неразумным говорить:  ",
  "mn148:11.9": "«Ум– это «я».  ",
  "mn148:11.10": "Поэтому ум является безличностным.  ",
  "mn148:12.1": "Если кто-либо скажет: «Умственные феномены – это «я»… ",
  "mn148:12.2": "",
  "mn148:12.3": "",
  "mn148:12.4": "",
  "mn148:12.5": "",
  "mn148:12.6": "",
  "mn148:13.1": "«Сознание ума – это «я».  ",
  "mn148:13.2": "",
  "mn148:13.3": "",
  "mn148:13.4": "",
  "mn148:13.5": "",
  "mn148:13.6": "",
  "mn148:14.1": "«Контакт ума – это «я».  ",
  "mn148:14.2": "",
  "mn148:14.3": "",
  "mn148:14.4": "",
  "mn148:14.5": "",
  "mn148:14.6": "",
  "mn148:15.1": "«Чувство – это «я»…  ",
  "mn148:15.2": "",
  "mn148:15.3": "",
  "mn148:15.4": "",
  "mn148:15.5": "",
  "mn148:15.6": "",
  "mn148:15.7": "Если кто-либо скажет: «Жажда – это «я» – то это будет неразумным.  ",
  "mn148:15.8": "Можно различить возрастание и распад жажды.  ",
  "mn148:15.9": "Поскольку можно различить возрастание и распад, то получилось бы: «Моё «я» возрастает и распадается».  ",
  "mn148:15.10": "Вот почему было бы неразумным говорить:  ",
  "mn148:15.11": "«Жажда– это «я».  ",
  "mn148:15.12": "Поэтому ум является безличностным, умственные феномены являются безличностными, сознание ума является безличностным, контакт ума является безличностным, чувство является безличностным, жажда является безличностной.  ",
  "mn148:16.1": "Монахи, вот каков путь, ведущий к возникновению личности.  ",
  "mn148:16.2": "Кто-либо считает глаз таковым: «Это моё, я таков, это моё «я».  ",
  "mn148:17-21.1": "Он считает формы…  ",
  "mn148:17-21.2": "сознание глаза… ",
  "mn148:17-21.3": "контакт глаза… ",
  "mn148:17-21.4": "чувство… ",
  "mn148:17-21.5": "жажду таковой: «Это моё, я таков, это моё «я».  ",
  "mn148:17-21.6": "Он считает ухо…  ",
  "mn148:17-21.7": "Он теряет очарованность носом…  ",
  "mn148:17-21.8": "Он теряет очарованность языком…  ",
  "mn148:17-21.9": "Он теряет очарованность телом…  ",
  "mn148:17-21.10": "Он считает ум таковым: «Это моё, я таков, это моё «я». Он считает умственные феномены… сознание ума… контакт ума… чувство… жажду таковой: «Это моё, я таков, это моё «я».  ",
  "mn148:22.1": "Монахи, вот каков путь, ведущий к прекращению личности.  ",
  "mn148:22.2": "Кто-либо считает глаз таковым: «Это не моё, я не таков, это не моё «я».  ",
  "mn148:23-27.1": "Он считает формы…  ",
  "mn148:23-27.2": "сознание глаза… ",
  "mn148:23-27.3": "контакт глаза… ",
  "mn148:23-27.4": "чувство… ",
  "mn148:23-27.5": "жажду таковой: «Это не моё, я не таков, это не моё «я».  ",
  "mn148:23-27.6": "Он считает ухо…  ",
  "mn148:23-27.7": "Он теряет очарованность носом…  ",
  "mn148:23-27.8": "Он теряет очарованность языком…  ",
  "mn148:23-27.9": "Он теряет очарованность телом…  ",
  "mn148:23-27.10": "Он считает ум таковым: «Это не моё, я не таков, это не моё «я».  ",
  "mn148:23-27.11": "Он считает умственные феномены…  ",
  "mn148:23-27.12": "сознание ума… ",
  "mn148:23-27.13": "контакт ума… ",
  "mn148:23-27.14": "чувство… ",
  "mn148:23-27.15": "жажду таковой: «Это не моё, я не таков, это не моё «я».  ",
  "mn148:28.1": "Монахи, в зависимости от глаза и форм возникает сознание глаза. Встреча этих трёх – это контакт.  С контактом как условием возникает [чувство], ощущаемое как приятное или болезненное или ни-приятное-ни-болезненное. ",
  "mn148:28.2": "Когда человека касается приятное чувство, и если он наслаждается им, приветствует его, продолжает его удерживать, ",
  "mn148:28.3": "тогда скрытая склонность к жажде залегает в нём. ",
  "mn148:28.4": "Когда человека касается болезненное чувство, и если он печалится, горюет и плачет, рыдает, бьёт себя в грудь, становится обезумевшим,  ",
  "mn148:28.5": "тогда скрытая склонность к отвращению залегает в нём. ",
  "mn148:28.6": "Когда человека касается ни-приятное-ни-болезненное чувство, и если он не понимает в соответствии с действительностью происхождение, исчезновение, привлекательность, опасность, и спасение в отношении этого чувства,  ",
  "mn148:28.7": "тогда скрытая склонность к неведению залегает в нём.  ",
  "mn148:28.8": "Монахи, чтобы кто-либо здесь и сейчас положил бы конец страданию, не отбросив скрытой склонности к жажде к приятному чувству, не уничтожив скрытой склонности к отвращению к болезненному чувству, не истребив скрытой склонности к неведению в отношении ни-приятного-ни-болезненного чувства, не оставив неведения и не зародив истинного знания – такое невозможно.  ",
  "mn148:29-33.1": "Монахи, в зависимости от уха и звуков возникает сознание уха… ",
  "mn148:29-33.2": "Монахи, в зависимости от носа и запахов возникает сознание носа…  ",
  "mn148:29-33.3": "Монахи, в зависимости от языка и вкусов возникает сознание языка… ",
  "mn148:29-33.4": "Монахи, в зависимости от тела и осязаемых вещей возникает сознание тела… ",
  "mn148:29-33.5": "Монахи, в зависимости от ума и умственных феноменов возникает сознание ума.  Встреча этих трёх – это контакт.  С контактом как условием возникает [чувство], ощущаемое как приятное или болезненное или ни-приятное-ни-болезненное. ",
  "mn148:29-33.6": "Когда человека касается приятное чувство, и если он наслаждается им, приветствует его, продолжает его удерживать, ",
  "mn148:29-33.7": "тогда скрытая склонность к жажде залегает в нём. ",
  "mn148:29-33.8": "Когда человека касается болезненное чувство, и если он печалится, горюет и плачет, рыдает, бьёт себя в грудь, становится обезумевшим,  ",
  "mn148:29-33.9": "тогда скрытая склонность к отвращению залегает в нём. ",
  "mn148:29-33.10": "Когда человека касается ни-приятное-ни-болезненное чувство, и если он не понимает в соответствии с действительностью происхождение, исчезновение, привлекательность, опасность, и спасение в отношении этого чувства,  ",
  "mn148:29-33.11": "тогда скрытая склонность к неведению залегает в нём.  ",
  "mn148:29-33.12": "Монахи, чтобы кто-либо здесь и сейчас положил бы конец страданию, не отбросив скрытой склонности к жажде к приятному чувству, не уничтожив скрытой склонности к отвращению к болезненному чувству, не истребив скрытой склонности к неведению в отношении ни-приятного-ни-болезненного чувства, не оставив неведения и не зародив истинного знания – такое невозможно.  ",
  "mn148:34.1": "Монахи, в зависимости от глаза и форм возникает сознание глаза. Встреча этих трёх – это контакт.  С контактом как условием возникает [чувство], ощущаемое как приятное или болезненное или ни-приятное-ни-болезненное. ",
  "mn148:34.2": "Когда человека касается приятное чувство, и если он не наслаждается им, не приветствует его, не продолжает его удерживать,  ",
  "mn148:34.3": "тогда скрытая склонность к жажде не залегает в нём. ",
  "mn148:34.4": "Когда человека касается болезненное чувство, и если он не печалится, не горюет и не плачет, не рыдает, не бьёт себя в грудь, не становится обезумевшим,  ",
  "mn148:34.5": "тогда скрытая склонность к отвращению не залегает в нём. ",
  "mn148:34.6": "Когда человека касается ни-приятное-ни-болезненное чувство, и если он понимает в соответствии с действительностью происхождение, исчезновение, привлекательность, опасность и спасение в отношении этого чувства,  ",
  "mn148:34.7": "тогда скрытая склонность к неведению не залегает в нём.  ",
  "mn148:34.8": "Монахи, чтобы кто-либо здесь и сейчас положил бы конец страданию, отбросив скрытую склонность к жажде к приятному чувству, уничтожив скрытую склонность к отвращению к болезненному чувству, истребив скрытую склонность к неведению в отношении ни-приятного-ни-болезненного чувства, оставив неведение и зародив истинное знание – такое возможно.  ",
  "mn148:35.1": "Монахи, в зависимости от уха и звуков возникает сознание уха… ",
  "mn148:36.1": "Монахи, в зависимости от носа и запахов возникает сознание носа…  ",
  "mn148:37.1": "Монахи, в зависимости от языка и вкусов возникает сознание языка… ",
  "mn148:38.1": "Монахи, в зависимости от тела и осязаемых вещей возникает сознание тела… ",
  "mn148:39.1": "Монахи, в зависимости от ума и умственных феноменов возникает сознание ума.  Встреча этих трёх – это контакт.  Контакт - это условие того, что ощущается как приятное или болезненное или ни-приятное-ни-болезненное. ",
  "mn148:39.2": "Когда человека касается приятное чувство, и если он не наслаждается им, не приветствует его, не продолжает его удерживать,  ",
  "mn148:39.3": "тогда скрытая склонность к жажде не залегает в нём. ",
  "mn148:39.4": "Когда человека касается болезненное чувство, и если он не печалится, не горюет и не плачет, не рыдает, не бьёт себя в грудь, не становится обезумевшим,  ",
  "mn148:39.5": "тогда скрытая склонность к отвращению не залегает в нём. ",
  "mn148:39.6": "Когда человека касается ни-приятное-ни-болезненное чувство, и если он понимает в соответствии с действительностью происхождение, исчезновение, привлекательность, опасность и спасение в отношении этого чувства,  ",
  "mn148:39.7": "тогда скрытая склонность к неведению не залегает в нём.  ",
  "mn148:39.8": "Монахи, чтобы кто-либо здесь и сейчас положил бы конец страданию, отбросив скрытую склонность к жажде к приятному чувству, уничтожив скрытую склонность к отвращению к болезненному чувству, истребив скрытую склонность к неведению в отношении ни-приятного-ни-болезненного чувства, оставив неведение и зародив истинное знание – такое возможно.  ",
  "mn148:40.1": "Видя так, монахи, хорошо обученный благородный ученик теряет очарованность глазом, теряет очарованность формами, теряет очарованность сознанием глаза, теряет очарованность контактом глаза, теряет очарованность чувством, теряет очарованность жаждой.  ",
  "mn148:41.1": "Он теряет очарованность ухом…  ",
  "mn148:41.2": "Он теряет очарованность носом…  ",
  "mn148:41.3": "Он теряет очарованность языком…  ",
  "mn148:41.4": "Он теряет очарованность телом…  ",
  "mn148:41.5": "Он теряет очарованность умом, теряет очарованность умственными феноменами, теряет очарованность сознанием ума, теряет очарованность контактом ума, теряет очарованность чувством, теряет очарованность жаждой.  ",
  "mn148:41.6": "Утратив очарованность, он становится беспристрастным.  Посредством беспристрастия [его ум] освобождается.  Когда он освобождён, приходит знание: «Он освобождён».  ",
  "mn148:41.7": "Он понимает: «Рождение уничтожено, святая жизнь прожита, сделано то, что следовало сделать, не будет более появления в каком-либо состоянии существования». ",
  "mn148:41.8": "Так сказал Благословенный. ",
  "mn148:41.9": "Монахи были довольны и восхитились словами Благословенного. ",
  "mn148:41.10": "И по мере произнесения этого наставления умы шестидесяти монахов освободились от пятен [умственных загрязнений] посредством не-цепляния.  "
}