{
  "mn15:0.1": "Мадджхима Никая 15 ",
  "mn15:0.2": "Умозаключение ",
  "mn15:1.1": "Так я слышал. ",
  "mn15:1.2": " Однажды достопочтенный Махамоггаллана проживал в стране Бхаггов возле Сунсумарагиры, роще Бхесакалы в Оленьем парке. ",
  "mn15:1.3": "Там он обратился к монахам так: ",
  "mn15:1.4": "– Друзья монахи! ",
  "mn15:1.5": "– Друг, – ответили они. ",
  "mn15:1.6": "Достопочтенный Махамоггаллана сказал: ",
  "mn15:2.1": "Друзья, хотя монах просит так:  ",
  "mn15:2.2": "«Пусть достопочтенные делают мне замечания, мне нужно, чтобы достопочтенные делали мне замечания» – всё же, если ему трудно делать замечания, и [если] он обладает качествами, из-за которых ему трудно делать замечания, если он нетерпелив и не следует наставлениям подобающе, то тогда его товарищам по святой жизни не следует делать ему замечания, наставлять его. Они считают его тем, кому нельзя доверять. ",
  "mn15:3.1": "И из-за каких [его] качеств ему трудно делать замечания? ",
  "mn15:3.2": "Вот монах имеет порочные желания и одолеваем порочными желаниями. ",
  "mn15:3.3": "",
  "mn15:3.4": "Из-за этого качества ему трудно делать замечания. ",
  "mn15:3.5": "Далее, монах восхваляет себя и принижает других… ",
  "mn15:3.6": "",
  "mn15:3.7": "",
  "mn15:3.8": "Далее, монах злой и одолеваем злостью… ",
  "mn15:3.9": "",
  "mn15:3.10": "",
  "mn15:3.11": "Далее, монах злой и негодующий из-за злости… ",
  "mn15:3.12": "",
  "mn15:3.13": "",
  "mn15:3.14": "Далее, монах злой и упрямый из-за злости… ",
  "mn15:3.15": "",
  "mn15:3.16": "",
  "mn15:3.17": "Далее, монах злой и говорит слова, граничащие со злостью… ",
  "mn15:3.18": "",
  "mn15:3.19": "",
  "mn15:3.20": "Далее, монаха упрекают, и он противится тому, кто его упрекает… ",
  "mn15:3.21": "",
  "mn15:3.22": "",
  "mn15:3.23": "Далее, монаха упрекают, и он клевещет на того, кто его упрекает… ",
  "mn15:3.24": "",
  "mn15:3.25": "",
  "mn15:3.26": "Далее, монаха упрекают, и он упрекает упрекающего в ответ…",
  "mn15:3.27": "",
  "mn15:3.28": "",
  "mn15:3.29": "Далее, монаха упрекают, и он увиливает, уходит от разговора, проявляет злобу, ненависть и горечь… ",
  "mn15:3.30": "",
  "mn15:3.31": "",
  "mn15:3.32": "Далее, монаха упрекают, и он не признаёт своего [неблагого] поведения ",
  "mn15:3.33": "",
  "mn15:3.34": "",
  "mn15:3.35": "Далее, монах надменный и кичливый… ",
  "mn15:3.36": "",
  "mn15:3.37": "",
  "mn15:3.38": "Далее, монах завистливый и скупой…",
  "mn15:3.39": "",
  "mn15:3.40": "",
  "mn15:3.41": "Далее, монах неискренний и лживый…",
  "mn15:3.42": "",
  "mn15:3.43": "",
  "mn15:3.44": "Далее, монах упрямый и высокомерный… ",
  "mn15:3.45": "",
  "mn15:3.46": "",
  "mn15:3.47": "Далее, монах придерживается своих собственных воззрений, прочно за них держится и оставляет их с трудом. ",
  "mn15:3.48": "",
  "mn15:3.49": "Из-за этого качества ему трудно делать замечания. ",
  "mn15:3.50": "Друзья, эти называются качествами, из-за которых ему трудно делать замечания. ",
  "mn15:4.1": "Друзья, хотя монах не просит так:  ",
  "mn15:4.2": "«Пусть достопочтенные делают мне замечания, мне нужно, чтобы достопочтенные делали мне замечания» – всё же, если ему легко делать замечания, и [если] он обладает качествами, из-за которых ему легко делать замечания, если он терпелив и следует наставлениям подобающе, то тогда его товарищам по святой жизни следует делать ему замечания, наставлять его. Они считают его тем, кому можно доверять. ",
  "mn15:5.1": "И из-за каких [его] качеств ему легко делать замечания? ",
  "mn15:5.2": "Вот у монаха нет порочных желаний, и он не одолеваем порочными желаниями… Из-за этого качества ему легко делать замечания. ",
  "mn15:5.3": "",
  "mn15:5.4": "",
  "mn15:5.5": "",
  "mn15:5.6": "",
  "mn15:5.7": "",
  "mn15:5.8": "",
  "mn15:5.9": "",
  "mn15:5.10": "",
  "mn15:5.11": "",
  "mn15:5.12": "",
  "mn15:5.13": "",
  "mn15:5.14": "",
  "mn15:5.15": "",
  "mn15:5.16": "",
  "mn15:5.17": "",
  "mn15:5.18": "",
  "mn15:5.19": "",
  "mn15:5.20": "",
  "mn15:5.21": "",
  "mn15:5.22": "",
  "mn15:5.23": "",
  "mn15:5.24": "",
  "mn15:5.25": "",
  "mn15:5.26": "",
  "mn15:5.27": "",
  "mn15:5.28": "",
  "mn15:5.29": "",
  "mn15:5.30": "",
  "mn15:5.31": "",
  "mn15:5.32": "",
  "mn15:5.33": "",
  "mn15:5.34": "",
  "mn15:5.35": "",
  "mn15:5.36": "",
  "mn15:5.37": "",
  "mn15:5.38": "",
  "mn15:5.39": "",
  "mn15:5.40": "",
  "mn15:5.41": "",
  "mn15:5.42": "",
  "mn15:5.43": "",
  "mn15:5.44": "",
  "mn15:5.45": "",
  "mn15:5.46": "",
  "mn15:5.47": "Далее, монах не придерживается своих собственных воззрений, не держится за них прочно, оставляет их с лёгкостью. ",
  "mn15:5.48": "Из-за этого качества ему легко делать замечания.",
  "mn15:5.49": "",
  "mn15:5.50": "Друзья, эти называются качествами, из-за которых ему легко делать замечания. ",
  "mn15:6.1": "И теперь, друзья, монаху следует сделать умозаключение в отношении себя таким образом: ",
  "mn15:6.2": "«Тот, у кого порочные желания, и кто одолеваем порочными желаниями, – не мил и не приятен мне. ",
  "mn15:6.3": "Если бы у меня были порочные желания, если бы я был одолеваем порочными желаниями, то я был бы не мил и не приятен другим». ",
  "mn15:6.4": "Монах, который знает это, должен побудить свой ум следующим образом: «У меня не будет порочных желаний, я не буду одолеваем порочными желаниями».… ",
  "mn15:6.5": "",
  "mn15:6.6": "Если бы я придерживался своих собственных воззрений… то я был бы не мил и не приятен другим».",
  "mn15:6.7": "",
  "mn15:6.8": "",
  "mn15:6.9": "",
  "mn15:6.10": "",
  "mn15:6.11": "",
  "mn15:6.12": "",
  "mn15:6.13": "",
  "mn15:6.14": "",
  "mn15:6.15": "",
  "mn15:6.16": "",
  "mn15:6.17": "",
  "mn15:6.18": "",
  "mn15:6.19": "",
  "mn15:6.20": "",
  "mn15:6.21": "",
  "mn15:6.22": "",
  "mn15:6.23": "",
  "mn15:6.24": "",
  "mn15:6.25": "",
  "mn15:6.26": "",
  "mn15:6.27": "",
  "mn15:6.28": "",
  "mn15:6.29": "",
  "mn15:6.30": "",
  "mn15:6.31": "",
  "mn15:6.32": "",
  "mn15:6.33": "",
  "mn15:6.34": "",
  "mn15:6.35": "",
  "mn15:6.36": "",
  "mn15:6.37": "",
  "mn15:6.38": "",
  "mn15:6.39": "",
  "mn15:6.40": "",
  "mn15:6.41": "",
  "mn15:6.42": "",
  "mn15:6.43": "",
  "mn15:6.44": "",
  "mn15:6.45": "",
  "mn15:6.46": "",
  "mn15:6.47": "«Тот, кто восхваляет себя и принижает других… придерживается своих собственных воззрений, прочно за них держится, и оставляет их с трудом – не мил и не приятен мне.  ",
  "mn15:6.48": "Если бы я придерживался своих собственных воззрений… то я был бы не мил и не приятен другим». ",
  "mn15:6.49": "Монах, который знает это, должен побудить свой ум следующим образом: «Я не буду придерживаться своих собственных воззрений, не буду прочно за них держаться и буду оставлять их с лёгкостью». ",
  "mn15:7.1": "И теперь, друзья, монаху следует пересматривать себя таким образом: ",
  "mn15:7.2": "«Есть ли у меня порочные желания, одолеваем ли я порочными желаниями?»",
  "mn15:7.3": "Если, когда он пересматривает так, он знает:  ",
  "mn15:7.4": "«У меня есть порочные желания, я одолеваем порочными желаниями», то тогда ему следует приложить усилие к оставлению этих плохих, неблагих состояний.  ",
  "mn15:7.5": "Но если, когда он пересматривает так, он знает: ",
  "mn15:7.6": "«У меня нет порочных желаний, я не одолеваем порочными желаниями» – то тогда он может пребывать счастливым и радостным, тренируясь день и ночь в благих состояниях… ",
  "mn15:7.7": "",
  "mn15:7.8": "",
  "mn15:7.9": "",
  "mn15:7.10": "",
  "mn15:7.11": "",
  "mn15:7.12": "",
  "mn15:7.13": "",
  "mn15:7.14": "",
  "mn15:7.15": "",
  "mn15:7.16": "",
  "mn15:7.17": "",
  "mn15:7.18": "",
  "mn15:7.19": "",
  "mn15:7.20": "",
  "mn15:7.21": "",
  "mn15:7.22": "",
  "mn15:7.23": "",
  "mn15:7.24": "",
  "mn15:7.25": "",
  "mn15:7.26": "",
  "mn15:7.27": "",
  "mn15:7.28": "",
  "mn15:7.29": "",
  "mn15:7.30": "",
  "mn15:7.31": "",
  "mn15:7.32": "",
  "mn15:7.33": "",
  "mn15:7.34": "",
  "mn15:7.35": "",
  "mn15:7.36": "",
  "mn15:7.37": "",
  "mn15:7.38": "",
  "mn15:7.39": "",
  "mn15:7.40": "",
  "mn15:7.41": "",
  "mn15:7.42": "",
  "mn15:7.43": "",
  "mn15:7.44": "",
  "mn15:7.45": "",
  "mn15:7.46": "",
  "mn15:7.47": "",
  "mn15:7.48": "",
  "mn15:7.49": "",
  "mn15:7.50": "",
  "mn15:7.51": "",
  "mn15:7.52": "",
  "mn15:7.53": "",
  "mn15:7.54": "",
  "mn15:7.55": "",
  "mn15:7.56": "",
  "mn15:7.57": "",
  "mn15:7.58": "",
  "mn15:7.59": "",
  "mn15:7.60": "",
  "mn15:7.61": "",
  "mn15:7.62": "",
  "mn15:7.63": "",
  "mn15:7.64": "",
  "mn15:7.65": "",
  "mn15:7.66": "",
  "mn15:7.67": "",
  "mn15:7.68": "",
  "mn15:7.69": "",
  "mn15:7.70": "",
  "mn15:7.71": "",
  "mn15:7.72": "",
  "mn15:7.73": "",
  "mn15:7.74": "",
  "mn15:7.75": "",
  "mn15:7.76": "",
  "mn15:7.77": "",
  "mn15:7.78": "",
  "mn15:7.79": "",
  "mn15:7.80": "",
  "mn15:7.81": "",
  "mn15:7.82": "",
  "mn15:7.83": "",
  "mn15:7.84": "",
  "mn15:7.85": "",
  "mn15:7.86": "",
  "mn15:7.87": "",
  "mn15:7.88": "",
  "mn15:7.89": "Далее, друзья, монаху следует пересматривать себя таким образом: ",
  "mn15:7.90": "«…придерживаюсь ли своих собственных воззрений, прочно ли за них держусь, и оставляю ли их с трудом?» Если, когда он пересматривает так, он знает… следует приложить усилие к оставлению этих плохих, неблагих состояний. ",
  "mn15:7.91": "Если, когда он пересматривает так, он знает: ",
  "mn15:7.92": "«Я не придерживаюсь  своих собственных воззрений, я не держусь прочно за них держусь и не оставляю их с трудом» – то тогда он может пребывать счастливым и радостным, тренируясь день и ночь в благих состояниях. ",
  "mn15:8.1": "Друзья, когда монах пересматривает себя таким образом, то если он видит, что эти плохие, неблагие состояния не все отброшены в нём, то тогда ему следует приложить усилие к отбрасыванию их всех. ",
  "mn15:8.2": "Но если, когда он пересматривает себя так, он видит, что они все отброшены в нём, то тогда он может пребывать счастливым и радостным, тренируясь день и ночь в благих состояниях. ",
  "mn15:8.3": "Подобно мужчине или женщине – юной, молодой, которой нравятся украшения, которая изучает отражение своего лица в ярком чистом зеркале или в чаше с чистой водой, – если она увидит грязь или пятно на нём, она постарается устранить его.  ",
  "mn15:8.4": "Если она не увидит ни грязи, ни пятна на нём, она будет рада:  ",
  "mn15:8.5": "«Как прекрасно, что оно чистое!» ",
  "mn15:8.6": "Точно также, когда монах пересматривает сам себя таким образом, то если он видит, что эти плохие, неблагие состояния не все отброшены в нём, то тогда ему следует приложить усилие к отбрасыванию их всех.",
  "mn15:8.7": "Но если, когда он пересматривает себя так, он видит, что они все отброшены в нём, то тогда он может пребывать счастливым и радостным, тренируясь день и ночь в благих состояниях. ",
  "mn15:8.8": "Так сказал достопочтенный Махамоггаллана. ",
  "mn15:8.9": "Монахи были довольны и восхитились словами достопочтенного Махамоггалланы. "
}