{
  "mn23:0.1": "Мадджхима Никая 23 ",
  "mn23:0.2": "Муравейник ",
  "mn23:1.1": "Так я слышал. ",
  "mn23:1.2": "Однажды Благословенный проживал в Саваттхи, в роще Джеты, в парке Анатхапиндики.  ",
  "mn23:1.3": "В то время достопочтенный Кумара Кассапа проживал в роще Слепых. ",
  "mn23:1.4": "И когда наступила глубокая ночь, некое божество, [обладающее] прекрасным обликом, осветив всю рощу Слепых, подошло к достопочтенному Кумара Кассапе и встало рядом. Стоя там, божество сказало ему: ",
  "mn23:2.1": "Монах, этот муравейник дымится ночью и полыхает днём. ",
  "mn23:2.2": "Так говорил брахман: ",
  "mn23:2.3": "«Рой ножом, о мудрейший».  ",
  "mn23:2.4": "Роя ножом, мудрейший увидел засов.  ",
  "mn23:2.5": "«Засов, о почтенный». ",
  "mn23:2.6": "Так говорил брахман: ",
  "mn23:2.7": "«Выбрось засов! ",
  "mn23:2.8": "Рой ножом, о мудрейший». ",
  "mn23:2.9": "Роя ножом, мудрейший увидел жабу. ",
  "mn23:2.10": "«Жаба, о почтенный». ",
  "mn23:2.11": "Так говорил брахман: ",
  "mn23:2.12": "«Выбрось жабу! ",
  "mn23:2.13": "Рой ножом, о мудрейший». ",
  "mn23:2.14": "Роя ножом, мудрейший увидел рогатину.  ",
  "mn23:2.15": "«Рогатина, о почтенный». ",
  "mn23:2.16": "Так говорил брахман: ",
  "mn23:2.17": "«Выбрось рогатину!",
  "mn23:2.18": "Рой ножом, о мудрейший». ",
  "mn23:2.19": "Роя ножом, мудрейший увидел сито. ",
  "mn23:2.20": "«Сито, о почтенный». ",
  "mn23:2.21": "Так говорил брахман: ",
  "mn23:2.22": "«Выбрось сито!",
  "mn23:2.23": "Рой ножом, о мудрейший». ",
  "mn23:2.24": "Роя ножом, мудрейший увидел черепаху. ",
  "mn23:2.25": "«Черепаха, о почтенный».",
  "mn23:2.26": "Так говорил брахман: ",
  "mn23:2.27": "«Выбрось черепаху!  ",
  "mn23:2.28": "Рой ножом, о мудрейший». ",
  "mn23:2.29": "Роя ножом, мудрейший увидел мясницкий нож и колоду.  ",
  "mn23:2.30": "«Мясницкий нож и колода, о почтенный». ",
  "mn23:2.31": "Так говорил брахман: ",
  "mn23:2.32": "«Выбрось мясницкий нож и колоду!» ",
  "mn23:2.33": "Рой ножом, о мудрейший». ",
  "mn23:2.34": "Роя ножом, мудрейший увидел кусок мяса. ",
  "mn23:2.35": "«Кусок мяса, о почтенный». ",
  "mn23:2.36": "Так говорил брахман: ",
  "mn23:2.37": "«Выбрось кусок мяса». ",
  "mn23:2.38": "Рой ножом, о мудрейший» ",
  "mn23:2.39": "оя ножом, мудрейший увидел Нага-змею.  ",
  "mn23:2.40": "«Нага-змея, о почтенный». ",
  "mn23:2.41": "Так говорил брахман: ",
  "mn23:2.42": "«Оставь Нага-змею. Не причиняй вреда Наге-змее. Почитай Нага-змею»». ",
  "mn23:2.43": "Монах, тебе следует пойти к Благословенному и спросить его об этой загадке.Как Благословенный расскажет тебе, так ты и должен это запомнить.  ",
  "mn23:2.44": "Монах, я не вижу в этом мире с его богами, с его Марами, с его Брахмами, в этом поколении с его жрецами и отшельниками, князьями и [простыми] людьми, никого, кроме Татхагаты или ученика Татхагаты, или того, кто выучил это от них, кто мог бы удовлетворить ум объяснением этой загадки». ",
  "mn23:2.45": "Так сказало то божество,  ",
  "mn23:2.46": "после чего тут же исчезло. ",
  "mn23:3.1": "И когда ночь подошла к концу, достопочтенный Кумара Кассапа отправился к Благословенному. Поклонившись ему, он сел рядом и рассказал Благословенному обо всём, что произошло. Затем он спросил: ",
  "mn23:3.2": "",
  "mn23:3.3": "",
  "mn23:3.4": "",
  "mn23:3.5": "",
  "mn23:3.6": "",
  "mn23:3.7": "",
  "mn23:3.8": "",
  "mn23:3.9": "",
  "mn23:3.10": "– Уважаемый, что такое «муравейник», что такое «дымление ночью», и что такое «полыхание днём»? Кто такой «брахман», «мудрейший»? Что такое «нож», что такое «рытьё», что такое «засов», что такое «жаба», «что такое рогатина», что такое «сито», что такое «черепаха», что такое «мясницкий нож и колода», что такое «кусок мяса», что такое «Нага-змея»? ",
  "mn23:4.1": "– Монах, муравейник – это обозначение этого самого тела, созданного из материальной формы, состоящей из четырёх великих элементов, порождённое отцом и матерью, выстроенное из варёного риса и каши, подверженное непостоянству, износу, стиранию, распаду и разложению. ",
  "mn23:4.2": "То, над чем человек размышляет и [то, что он] обдумывает ночью, основываясь на собственных поступках, [совершённых] во время дня,",
  "mn23:4.3": "является «дымлением ночью» ",
  "mn23:4.4": "Поступки, которые человек осуществляет в течение дня телом, речью, и умом после размышления и обдумывания ночью,",
  "mn23:4.5": " является «полыханием днём». ",
  "mn23:4.6": "Брахман – это обозначение Татхагаты, совершенного и полностью просветлённого. ",
  "mn23:4.7": "Мудрейший – это обозначение монаха, осуществляющего высшую тренировку. ",
  "mn23:4.8": "Нож – это обозначение благородной мудрости.  ",
  "mn23:4.9": "Рытьё – это обозначение зарождения усердия. ",
  "mn23:4.10": "Засов - обознечение неведения.",
  "mn23:4.11": "«Выбрось засов: отбрось неведение. ",
  "mn23:4.12": "Рой ножом, о мудрейший». Вот каково значение.",
  "mn23:4.13": "Жаба - обозначение злобы и раздражительности. ",
  "mn23:4.14": "«Выбрось жабу: отбрось злобу и раздражительность.  ",
  "mn23:4.15": "Рой ножом, о мудрейший». Вот каково значение.",
  "mn23:4.16": "Рогатина - обозначение нерешительности. ",
  "mn23:4.17": "«Выбрось рогатину: отбрось сомнение. ",
  "mn23:4.18": "Рой ножом, о мудрейший». Вот каково значение.",
  "mn23:4.19": "Сито – это обозначение пяти помех, то есть, ",
  "mn23:4.20": "помехи чувственного желания, помехи недоброжелательности, помехи лени и апатии, помехи неугомонности и сожаления, помехи сомнения. ",
  "mn23:4.21": "«Выбрось сито: отбрось пять помех. ",
  "mn23:4.22": "Рой ножом, о мудрейший». Вот каково значение.",
  "mn23:4.23": "Черепаха – это обозначение пяти совокупностей, подверженных цеплянию, то есть, ",
  "mn23:4.24": "материальной формы как совокупности, подверженной цеплянию, чувства… восприятия… формаций [ума]… сознания как совокупности, подверженной цеплянию.  ",
  "mn23:4.25": "«Выбрось черепаху: отбрось пять совокупностей, подверженных цеплянию.  ",
  "mn23:4.26": "Рой ножом, о мудрейший». Вот каково значение.",
  "mn23:4.27": "Мясницкий нож и колода – это обозначение пяти нитей чувственного удовольствия: ",
  "mn23:4.28": "форм, познаваемых глазом - [которые] желанные, желаемые, приятные, привлекательные, связанные с чувственным желанием, вызывающие страсть;  ",
  "mn23:4.29": "звуков, познаваемых ухом… ",
  "mn23:4.30": "запахом, познаваемых носом… ",
  "mn23:4.31": "вкусов, познаваемых языком… ",
  "mn23:4.32": "осязаемых вещей, познаваемых телом – [которые] желанные, желаемые, приятные, привлекательные, связанные с чувственным желанием, вызывающие страсть.  ",
  "mn23:4.33": "«Выбрось мясницкий нож и колоду: отбрось пять нитей чувственного удовольствия, подверженных цеплянию. ",
  "mn23:4.34": "",
  "mn23:4.35": "Кусок мяса – это обозначение наслаждения и страсти ",
  "mn23:4.36": "«Выбрось кусок мяса: отбрось наслаждение и страсть.  ",
  "mn23:4.37": "",
  "mn23:4.38": "Нага-змея – это обозначение монаха, который уничтожил пятна [умственных загрязнений]. ",
  "mn23:4.39": "«Оставь Нага-змею. Не причиняй вреда Наге-змее. Почитай Нага-змею». Вот каково значение. ",
  "mn23:4.40": "Так сказал Благословенный. ",
  "mn23:4.41": "Достопочтенный Кумара Кассапа был доволен и восхитился словами Благословенного. "
}