{
  "mn29:0.1": "Мадджхима Никая 29 ",
  "mn29:0.2": "Большое наставление с примером о сердцевине ",
  "mn29:1.1": "Так я слышал. ",
  "mn29:1.2": "Однажды Благословенный проживал в Раджагахе на горе Пик Грифов. Это было вскоре после того, как ушёл Девадатта.  ",
  "mn29:1.3": "И там, имея в виду Девадатту, Благословенный обратился к монахам так: ",
  "mn29:2.1": "Монахи, бывает так, что представитель клана благодаря вере покидает жизнь домохозяйскую ради жизни бездомной и размышляет:  ",
  "mn29:2.2": "«Я – жертва рождения, старения и смерти, печали, стенания, боли, грусти и отчаяния. Я – жертва страдания, добыча страдания.  ",
  "mn29:2.3": "Вне сомнений, можно [ведь как-нибудь] познать окончание всей этой груды страданий». ",
  "mn29:2.4": "Когда он подобным образом ушёл в жизнь бездомную, он [далее] получает обретения, славу, известность. ",
  "mn29:2.5": "Он доволен этими обретениями, славой, известностью, и его намерение [за счёт этого] исполнено. ",
  "mn29:2.6": "Из-за этого он возвышает себя и унижает других так: ",
  "mn29:2.7": "«Я тот, кто получает обретения и известность, но те другие монахи неизвестны, никто их не ценит». ",
  "mn29:2.8": "Он становится опьянённым этими обретениями, славой, известностью, возрастает в беспечности, впадает в беспечность, и, будучи беспечным, он живёт в страдании. ",
  "mn29:2.9": "Представьте, как если бы человеку понадобилась сердцевина дерева, он бы искал сердцевину дерева, бродил в поисках сердцевины дерева, и подошёл к великому дереву с сердцевиной. Пройдя мимо его сердцевины, его заболони, его внутренней коры, его внешней коры, он бы отрезал ветви и листья и унёс их, думая, что это и есть сердцевина.  ",
  "mn29:2.10": "И тогда человек с хорошим зрением, видя его, сказал бы:  ",
  "mn29:2.11": "«Этот почтенный не знал сердцевины дерева, заболони, внутренней коры, внешней коры, или ветвей и листьев. ",
  "mn29:2.12": "Поэтому, хотя ему нужна была сердцевина дерева, он искал сердцевину дерева… отрезал ветви и листья и унёс их, думая, что это и есть сердцевина.  ",
  "mn29:2.13": "Что бы ни хотел этот почтенный сделать с сердцевиной дерева, это не послужит его цели». … ",
  "mn29:2.14": "Точно также, монахи, некий представитель клана благодаря вере покидает жизнь домохозяйскую… ",
  "mn29:2.15": "",
  "mn29:2.16": "",
  "mn29:2.17": "",
  "mn29:2.18": "",
  "mn29:2.19": "",
  "mn29:2.20": "и, будучи беспечным, он живёт в страдании. ",
  "mn29:2.21": "Такой монах зовётся тем, кто взял ветви и листья святой жизни  ",
  "mn29:2.22": "и остановился на этом. ",
  "mn29:3.1": "Монахи, бывает так, что представитель клана благодаря вере покидает жизнь домохозяйскую ради жизни бездомной и размышляет: ",
  "mn29:3.2": "Я – жертва рождения, старения и смерти, печали, стенания, боли, грусти и отчаяния. Я – жертва страдания, добыча страдания. ",
  "mn29:3.3": "Вне сомнений, можно [ведь как-нибудь] познать окончание всей этой груды страданий». ",
  "mn29:3.4": "Когда он подобным образом уходит в жизнь бездомную, он [далее] получает обретения, славу, известность. ",
  "mn29:3.5": "Он не доволен этими обретениями, славой, известностью, и его намерение [за счёт этого] не исполнено. ",
  "mn29:3.6": "Из-за этого он не возвышает себя и не унижает других.  ",
  "mn29:3.7": "Он не становится опьянённым обретениями, славой, известностью, не возрастает в беспечности, не впадает в беспечность.  ",
  "mn29:3.8": "Будучи прилежным, он обретает достижение нравственности. ",
  "mn29:3.9": "Он доволен этим достижением нравственности, и его намерение [за счёт этого] исполнено.  ",
  "mn29:3.10": "Из-за этого он возвышает себя и унижает других так:  ",
  "mn29:3.11": "«Я тот, кто обладает нравственностью, хорошим характером, но те другие монахи безнравственны, обладают порочным характером». ",
  "mn29:3.12": "Он становится опьянённым этим достижением нравственности, возрастает в беспечности, впадает в беспечность, и, будучи беспечным, он живёт в страдании. ",
  "mn29:3.13": "Представьте, как если бы человеку понадобилась сердцевина дерева, он бы искал сердцевину дерева, бродил в поисках сердцевины дерева, и подошёл к великому дереву с сердцевиной. Пройдя мимо его сердцевины, его заболони, его внутренней коры, он бы срезал внешнюю кору, и унёс её, думая, что это и есть сердцевина.  ",
  "mn29:3.14": "И тогда человек с хорошим зрением, видя его, сказал бы: ",
  "mn29:3.15": "«Этот почтенный не знал сердцевины дерева, заболони, внутренней коры, внешней коры, или ветвей и листьев. ",
  "mn29:3.16": "оэтому, хотя ему нужна была сердцевина дерева, он искал сердцевину дерева… срезал внешнюю кору и унёс её, думая, что это и есть сердцевина.  ",
  "mn29:3.17": "Что бы ни хотел этот почтенный сделать с сердцевиной дерева, это не послужит его цели». … ",
  "mn29:4.1": "Точно также, монахи, некий представитель клана благодаря вере покидает жизнь домохозяйскую… ",
  "mn29:4.2": "",
  "mn29:4.3": "",
  "mn29:4.4": "",
  "mn29:4.5": "",
  "mn29:4.6": "",
  "mn29:4.7": "",
  "mn29:4.8": "",
  "mn29:4.9": "",
  "mn29:4.10": "",
  "mn29:4.11": "",
  "mn29:4.12": "и, будучи беспечным, он живёт в страдании. ",
  "mn29:4.13": "Такой монах зовётся тем, кто взял внешнюю кору святой жизни  ",
  "mn29:4.14": "и остановился на этом. ",
  "mn29:4.15": "Монахи, бывает так, что представитель клана благодаря вере покидает жизнь домохозяйскую ради жизни бездомной и размышляет:",
  "mn29:4.16": "«Я – жертва рождения… ",
  "mn29:4.17": "Можно [ведь как-нибудь] познать окончание всей этой груды страданий».",
  "mn29:4.18": "Когда он подобным образом уходит в жизнь бездомную, он [далее] получает обретения, славу, известность. ",
  "mn29:4.19": "Он не доволен этими обретениями, славой, известностью, и его намерение [за счёт этого] не исполнено.",
  "mn29:4.20": "Из-за этого он не возвышает себя и не унижает других.",
  "mn29:4.21": "Он не становится опьянённым обретениями, славой, известностью, не возрастает в беспечности, не впадает в беспечность. ",
  "mn29:4.22": "Будучи прилежным, он обретает достижение нравственности. ",
  "mn29:4.23": "Он доволен этим достижением нравственности, но его намерение [за счёт этого] не исполнено. ",
  "mn29:4.24": "Из-за этого он не возвышает себя и не унижает других. Он не становится опьянённым достижением нравственности. Он не возрастает в беспечности, не впадает в беспечность. ",
  "mn29:4.25": "Будучи прилежным, он обретает достижение сосредоточения. ",
  "mn29:4.26": "Он доволен этим достижением сосредоточения, и его намерение [за счёт этого] исполнено. ",
  "mn29:4.27": "Из-за этого он возвышает себя и унижает других так:  ",
  "mn29:4.28": " «Я сосредоточен, мой ум объединён, но те другие монахи не сосредоточены, их умы блуждают». ",
  "mn29:4.29": "Он становится опьянённым этим достижением сосредоточения, возрастает в беспечности, впадает в беспечность, и, будучи беспечным, он живёт в страдании. ",
  "mn29:4.30": "Представьте, как если бы человеку понадобилась сердцевина дерева, он бы искал сердцевину дерева, бродил в поисках сердцевины дерева, и подошёл к великому дереву с сердцевиной. Пройдя мимо его сердцевины и его заболони, он бы срезал внутреннюю кору, и унёс её, думая, что это и есть сердцевина.  ",
  "mn29:4.31": "И тогда человек с хорошим зрением, видя его, сказал бы: «Этот почтенный не знал сердцевины… ветвей и листьев.  ",
  "mn29:4.32": "Поэтому, хотя ему нужна была сердцевина дерева… срезал внутреннюю кору и унёс её, думая, что это и есть сердцевина.  ",
  "mn29:4.33": "Что бы ни хотел этот почтенный сделать с сердцевиной дерева, это не послужит его цели». … ",
  "mn29:4.34": "Точно также, монахи, некий представитель клана благодаря вере покидает жизнь домохозяйскую…  ",
  "mn29:4.35": "",
  "mn29:4.36": "",
  "mn29:4.37": "",
  "mn29:4.38": "",
  "mn29:4.39": "",
  "mn29:4.40": "",
  "mn29:4.41": "",
  "mn29:4.42": "",
  "mn29:4.43": "",
  "mn29:4.44": "",
  "mn29:4.45": "",
  "mn29:4.46": "",
  "mn29:4.47": "и, будучи беспечным, он живёт в страдании.",
  "mn29:4.48": "Такой монах зовётся тем, кто взял внутреннюю кору святой жизни",
  "mn29:4.49": "и остановился на этом. ",
  "mn29:5.1": "Монахи, бывает так, что представитель клана благодаря вере покидает жизнь домохозяйскую ради жизни бездомной и размышляет:  ",
  "mn29:5.2": "«Я – жертва рождения… можно [ведь как-нибудь] познать окончание всей этой груды страданий». ",
  "mn29:5.3": "Когда он подобным образом уходит в жизнь бездомную, ",
  "mn29:5.4": "он [далее] получает обретения, славу, известность… … ",
  "mn29:5.5": "",
  "mn29:5.6": "",
  "mn29:5.7": "",
  "mn29:5.8": "",
  "mn29:5.9": "",
  "mn29:5.10": "",
  "mn29:5.11": "",
  "mn29:5.12": "",
  "mn29:5.13": "",
  "mn29:5.14": "Будучи прилежным, он обретает знание и видение. ",
  "mn29:5.15": "Он доволен этим знанием и видением, и его намерение [за счёт этого] исполнено.  ",
  "mn29:5.16": "Из-за этого он возвышает себя и унижает других так:  ",
  "mn29:5.17": "«Я живу, зная и видя,  ",
  "mn29:5.18": "«Я живу, зная и видя, но те другие монахи живут, не зная и не видя». ",
  "mn29:5.19": "Он становится опьянённым этим знанием и видением, возрастает в беспечности, впадает в беспечность, и, будучи беспечным, он живёт в страдании. ",
  "mn29:5.20": "Представьте, как если бы человеку понадобилась сердцевина дерева, он бы искал сердцевину дерева, бродил в поисках сердцевины дерева, и подошёл к великому дереву с сердцевиной. Пройдя мимо его сердцевины, он бы срезал заболонь, и унёс её, думая, что это и есть сердцевина.  ",
  "mn29:5.21": "И тогда человек с хорошим зрением, видя его, сказал бы: ",
  "mn29:5.22": "«Этот почтенный не знал сердцевины… ветвей и листьев.  ",
  "mn29:5.23": "Поэтому, хотя ему нужна была сердцевина дерева… срезал заболонь и унёс её, думая, что это и есть сердцевина. ",
  "mn29:5.24": "Что бы ни хотел этот почтенный сделать с сердцевиной дерева, это не послужит его цели». … ",
  "mn29:5.25": "Точно также, монахи, некий представитель клана благодаря вере покидает жизнь бездомную…",
  "mn29:5.26": "",
  "mn29:5.27": "",
  "mn29:5.28": "",
  "mn29:5.29": "",
  "mn29:5.30": "",
  "mn29:5.31": "",
  "mn29:5.32": "",
  "mn29:5.33": "",
  "mn29:5.34": "",
  "mn29:5.35": "",
  "mn29:5.36": "",
  "mn29:5.37": "",
  "mn29:5.38": "",
  "mn29:5.39": "",
  "mn29:5.40": "",
  "mn29:5.41": "будучи беспечным, он живёт в страдании. ",
  "mn29:5.42": "Такой монах зовётся тем, кто взял заболонь святой жизни ",
  "mn29:5.43": "и остановился на этом. ",
  "mn29:6.1": "Монахи, бывает так, что представитель клана благодаря вере покидает жизнь домохозяйскую ради жизни бездомной и размышляет:  ",
  "mn29:6.2": "«Я – жертва рождения, старения и смерти, печали, стенания, боли, грусти и отчаяния. Я – жертва страдания, добыча страдания. ",
  "mn29:6.3": "Вне сомнений, можно [ведь как-нибудь] познать окончание всей этой груды страданий». ",
  "mn29:6.4": "Когда он подобным образом уходит в жизнь бездомную, он [далее] получает обретения, славу, известность. ",
  "mn29:6.5": "Он не доволен этими обретениями, славой, известностью, и его намерение [за счёт этого] не исполнено. ",
  "mn29:6.6": "Из-за этого он не возвышает себя и не унижает других.  ",
  "mn29:6.7": "Он не становится опьянённым обретениями, славой, известностью, не возрастает в беспечности, не впадает в беспечность. Будучи прилежным, он обретает достижение нравственности. ",
  "mn29:6.8": "Он доволен этим достижением нравственности, но его намерение [за счёт этого] не исполнено.  ",
  "mn29:6.9": "Из-за этого он не возвышает себя и не унижает других.  ",
  "mn29:6.10": "Он не становится опьянённым достижением нравственности. Он не возрастает в беспечности, не впадает в беспечность. Будучи прилежным, он обретает достижение сосредоточения. ",
  "mn29:6.11": "Он доволен этим достижением сосредоточения, но его намерение [за счёт этого] не исполнено.  ",
  "mn29:6.12": "Из-за этого он не возвышает себя и не унижает других. ",
  "mn29:6.13": "Он не становится опьянённым достижением сосредоточения. Он не возрастает в беспечности, не впадает в беспечность. Будучи прилежным, он обретает знание и видение. ",
  "mn29:6.14": "Он доволен этим знанием и видением, но его намерение [за счёт этого] не исполнено.  ",
  "mn29:6.15": "Из-за этого он не возвышает себя и не унижает других. ",
  "mn29:6.16": "Он не становится опьянённым достижением знания и видения. Он не возрастает в беспечности, не впадает в беспечность. Будучи прилежным, он достигает постоянного освобождения. ",
  "mn29:6.17": "И не может быть такого, чтобы этот монах отпал от этого постоянного освобождения. ",
  "mn29:6.18": "Представьте, как если бы человеку понадобилась сердцевина дерева, он бы искал сердцевину дерева, бродил в поисках сердцевины дерева, и подошёл к великому дереву с сердцевиной. Срезав только его сердцевину, он унёс её, зная, что это была сердцевина.  ",
  "mn29:6.19": "И тогда человек с хорошим зрением, видя его, сказал бы: ",
  "mn29:6.20": "«Этот почтенный знал сердцевину, заболонь, внутреннюю кору, внешнюю кору, ветви и листья. Поэтому, когда ему нужна была сердцевина дерева…  ",
  "mn29:6.21": "срезал только сердцевину и унёс её, зная, что это и есть сердцевина.  ",
  "mn29:6.22": "Что бы ни хотел этот почтенный сделать с сердцевиной дерева, это послужит его цели». … ",
  "mn29:6.23": "Точно также, монахи, некий представитель клана благодаря вере покидает жизнь домохозяйскую…",
  "mn29:6.24": "",
  "mn29:6.25": "",
  "mn29:6.26": "",
  "mn29:6.27": "",
  "mn29:6.28": "",
  "mn29:6.29": "",
  "mn29:6.30": "",
  "mn29:6.31": "",
  "mn29:6.32": "",
  "mn29:6.33": "",
  "mn29:6.34": "",
  "mn29:6.35": "",
  "mn29:6.36": "",
  "mn29:6.37": "",
  "mn29:6.38": "и, будучи прилежным, он достигает постоянного освобождения.",
  "mn29:6.39": "И не может быть такого, чтобы этот монах отпал от этого постоянного освобождения. ",
  "mn29:7.1": "Так, монахи, эта святая жизнь не имеет своим [наивысшим] благом обретения, славу, известность; [не имеет своим наивысшим] благом достижение нравственности; [не имеет своим наивысшим] благом достижение сосредоточения; [не имеет своим наивысшим] благом знание и видение.  ",
  "mn29:7.2": "Но именно это непоколебимое освобождение ума является целью этой святой жизни, её сердцевиной, её окончанием. ",
  "mn29:7.3": "",
  "mn29:7.4": "Так сказал Благословенный. ",
  "mn29:7.5": "Монахи были довольны и восхитились словами Благословенного. "
}