{
  "mn38:0.1": "Мадджхима Никая 38 ",
  "mn38:0.2": "Большое наставление об уничтожении жажды ",
  "mn38:1.1": "Так я слышал. ",
  "mn38:1.2": "Однажды Благословенный проживал в Саваттхи, в роще Джеты, в парке Анатхапиндики.  ",
  "mn38:2.1": "И в то время пагубное воззрение возникло в монахе по имени Сати, сыне рыбака: ",
  "mn38:2.2": "«Насколько я понимаю Дхамму, которой научил Благословенный, именно это же самое сознание скитается и блуждает по круговерти перерождений, а не другое». ",
  "mn38:3.1": "Несколько монахов услышали об этом. ",
  "mn38:3.2": "", 
  "mn38:3.3": "",
  "mn38:3.4": "Они отправились к монаху Сати и спросили его:",
  "mn38:3.5": "– Друг Сати, правда ли, что такое пагубное воззрение возникло в тебе? ",
  "mn38:3.6": "«Насколько я понимаю Дхамму, которой научил Благословенный, именно это же самое сознание скитается и блуждает по круговерти перерождений, а не другое». ",
  "mn38:3.7": "– Именно так, друзья. Насколько я понимаю Дхамму, которой научил Благословенный, именно это же самое сознание скитается и блуждает по круговерти перерождений, а не другое. ",
  "mn38:3.8": "Тогда те монахи, желая отвадить его от этого пагубного воззрения, стали расспрашивать, переспрашивать, давить [на него] так: ",
  "mn38:3.9": "– Друг Сати, не говори так. Не искажай сказанного Благословенным. Ведь это не благостно – искажать сказанное Благословенным. Благословенный так бы не сказал,  ",
  "mn38:3.10": "ведь многими путями Благословенный утверждал, что сознание возникло зависимо, так как без условия нет возникновения сознания. ",
  "mn38:3.11": "И хотя те монахи расспрашивали его, переспрашивали, давили [на него], монах Сати, сын рыбака, всё равно продолжал упрямо держаться за это пагубное воззрение, продолжал настаивать на нём.  ",
  "mn38:3.12": "",
  "mn38:4.1": "Поскольку монахи не могли отвадить его от этого пагубного воззрения, они отправились к Благословенному и, поклонившись ему, сели рядом и рассказали ему обо всём, что произошло, добавив: ",
  "mn38:4.2": "",
  "mn38:4.3": "",
  "mn38:4.4": "",
  "mn38:4.5": "",
  "mn38:4.6": "",
  "mn38:4.7": "",
  "mn38:4.8": "",
  "mn38:4.9": "",
  "mn38:4.10": "",
  "mn38:4.11": "",
  "mn38:4.12": "",
  "mn38:4.13": "",
  "mn38:4.14": "",
  "mn38:4.15": "",
  "mn38:4.16": "– Уважаемый, поскольку мы не смогли отвадить монаха Сати, сына рыбака, от этого пагубного воззрения, мы сообщили об этом Благословенному.",
  "mn38:5.1": "Тогда Благословенный обратился к некоему монаху так: ",
  "mn38:5.2": "– Ну же, монах, скажи монаху Сати, сыну рыбака, от моего имени,  ",
  "mn38:5.3": "что Учитель зовёт его.",
  "mn38:5.4": "– Да, уважаемый, – ответил он, отправился к монаху Сати и сказал ему: ",
  "mn38:5.5": "«Учитель зовёт тебя, друг Сати». ",
  "mn38:5.6": "– Да, друг, – ответил тот, отправился к Благословенному, поклонился ему и сел рядом. Благословенный спросил его: ",
  "mn38:5.7": "“– Сати, правда ли, что такое пагубное воззрение возникло в тебе: ",
  "mn38:5.8": "«Насколько я понимаю Дхамму, которой научил Благословенный, именно это же самое сознание скитается и блуждает по круговерти перерождений, а не другое»? ",
  "mn38:5.9": "– Именно так, уважаемый. Насколько я понимаю Дхамму, которой научил Благословенный, именно это же самое сознание скитается и блуждает по круговерти перерождений, а не другое. ",
  "mn38:5.10": "– Что это за сознание, Сати? ",
  "mn38:5.11": "– Уважаемый, это то, что говорит, чувствует, переживает здесь и там плоды хороших и плохих поступков. ",
  "mn38:5.12": "– Глупый ты человек, кого же я обучал Дхамме таким образом? ",
  "mn38:5.13": "Глупый ты человек, разве не говорил я различными способами, что сознание возникло зависимо, так как без условия нет возникновения сознания?  ",
  "mn38:5.14": "Но ты, глупый человек, исказил сказанное нами своим неправильным ухватыванием [Дхаммы], навредил себе, накопил много неблагих заслуг. ",
  "mn38:5.15": "Это приведёт к вреду для тебя и твоему страданию на долгое время. ",
  "mn38:6.1": "Затем Благословенный обратился к монахам так: ",
  "mn38:6.2": "– Монахи, как вы думаете? ",
  "mn38:6.3": "Зажёг ли этот монах Сати, сын рыбака, хотя бы искру мудрости в этой Дхамме и Винае? ",
  "mn38:6.4": "– Как такое возможно, уважаемый? ",
  "mn38:6.5": "Нет, уважаемый.",
  "mn38:6.6": "Когда так было сказано, монах Сати, сын рыбака, замолк, смутился, сидел с опущенными плечами и поникшей головой, угрюмый, без ответа. ",
  "mn38:6.7": "И тогда, отметив это, Благословенный сказал ему: ",
  "mn38:6.8": "– Глупый ты человек, тебя запомнят за твоё пагубное воззрение. ",
  "mn38:6.9": "[А теперь] я расспрошу монахов на эту тему. ",
  "mn38:7.1": "Затем Благословенный обратился к монахам так: ",
  "mn38:7.2": "– Монахи, понимаете ли вы Дхамму, которой я научил, точно также, как и этот монах Сати, сын рыбака, когда он искажает сказанное нами своим неправильным ухватыванием [Дхаммы], вредя себе, накапливая много неблагих заслуг?",
  "mn38:7.3": "– Нет, уважаемый. ",
  "mn38:7.4": "Ведь во многих наставлениях Благословенный утверждал, что сознание возникло зависимо, так как без условия нет возникновения сознания. ",
  "mn38:7.5": "– Хорошо, монахи. ",
  "mn38:7.6": "Хорошо, что вы так понимаете Дхамму, которой я научил. ",
  "mn38:7.7": "Ведь многими способами я утверждал, что сознание возникло зависимо, так как без условия нет возникновения сознания.  ",
  "mn38:7.8": "Но этот монах Сати, сын рыбака, исказил сказанное нами своим неправильным ухватыванием [Дхаммы], навредил себе, накопил много неблагих заслуг. ",
  "mn38:7.9": "Это приведёт к вреду для него и страданию на долгое время. ",
  "mn38:8.1": "Монахи, сознание рассматривается на основании определённого условия, в зависимости от которого оно возникает.  ",
  "mn38:8.2": "Когда сознание возникает в зависимости от глаза и форм, оно рассматривается как сознание глаза. ",
  "mn38:8.3": "Когда сознание возникает в зависимости от уха и звуков, оно рассматривается как сознание уха. ",
  "mn38:8.4": "Когда сознание возникает в зависимости от носа и запахов, оно рассматривается как сознание носа. ",
  "mn38:8.5": "Когда сознание возникает в зависимости от языка и вкусов, оно рассматривается как сознание языка. ",
  "mn38:8.6": "Когда сознание возникает в зависимости от тела и осязаемых вещей, оно рассматривается как сознание тела. ",
  "mn38:8.7": "Когда сознание возникает в зависимости от ума и умственных феноменов, оно рассматривается как сознание ума. ",
  "mn38:8.8": "[Это] подобно тому, как огонь рассматривается на основании определённого условия, в зависимости от которого он горит. ",
  "mn38:8.9": "Когда огонь горит в зависимости от поленьев, он считается огнём поленьев.  ",
  "mn38:8.10": "Когда огонь горит в зависимости от охапки хвороста, он считается огнём охапки хвороста. ",
  "mn38:8.11": "Когда огонь горит в зависимости от травы, он считается огнём травы. ",
  "mn38:8.12": "Когда огонь горит в зависимости от коровьего навоза, он считается огнём коровьего навоза. ",
  "mn38:8.13": "Когда огонь горит в зависимости от сена, он считается огнём сена.  ",
  "mn38:8.14": "Когда огонь горит в зависимости от мусора, он считается огнём мусора.  ",
  "mn38:8.15": "Точно также сознание рассматривается на основании определённого условия, в зависимости от которого оно возникает. ",
  "mn38:8.16": "Когда сознание возникает в зависимости от глаза…",
  "mn38:8.17": "",
  "mn38:8.18": "",
  "mn38:8.19": "",
  "mn38:8.20": "",
  "mn38:8.21": "Когда сознание возникает в зависимости от ума и умственных феноменов, оно рассматривается как сознание ума.",
  "mn38:9.1": "Монахи, видите ли вы [так]: «Это возникло»? ",
  "mn38:9.2": "– Да, уважаемый. ",
  "mn38:9.3": "– Монахи, видите ли вы [так]: «Происхождение этого проистекает с этим в качестве питания»? ",
  "mn38:9.4": "– Да, уважаемый. ",
  "mn38:9.5": "– Монахи, видите ли вы [так]: «С прекращением питания, то, что возникло, подвержено прекращению»? ",
  "mn38:9.6": "– Да, уважаемый. ",
  "mn38:10.1": "– Монахи, возникает ли сомнение у того, кто неуверен, подобным образом: «Возникло ли это?» ",
  "mn38:10.2": "– Да, уважаемый. ",
  "mn38:10.3": "– Монахи, возникает ли сомнение у того, кто не неуверен, подобным образом: «Проистекает ли происхождение этого с этим в качестве питания?» ",
  "mn38:10.4": "– Да, уважаемый. ",
  "mn38:10.5": "– Монахи, возникает ли сомнение у того, кто неуверен, подобным образом: «С прекращением этого питания, подвержено ли прекращению то, что возникло?»",
  "mn38:10.6": "– Да, уважаемый. ",
  "mn38:11.1": "– Монахи, отброшено ли сомнение в том, кто видит правильной мудростью в соответствии с действительностью так: «Это возникло»? ",
  "mn38:11.2": "– Да, уважаемый. ",
  "mn38:11.3": "– Монахи, отброшено ли сомнение в том, кто видит правильной мудростью в соответствии с действительностью так: «Происхождение этого проистекает с этим в качестве питания»? ",
  "mn38:11.4": "– Да, уважаемый. ",
  "mn38:11.5": "– Монахи, отброшено ли сомнение в том, кто видит правильной мудростью в соответствии с действительностью так: «С прекращением питания, то, что возникло, подвержено прекращению»? ",
  "mn38:11.6": "– Да, уважаемый. ",
  "mn38:12.1": "– Монахи, так лишены ли вы подобным образом сомнения в отношении этого: «Это возникло»? ",
  "mn38:12.2": "– Да, уважаемый. ",
  "mn38:12.3": "– Монахи, так лишены ли вы подобным образом сомнения в отношении этого: «Происхождение этого проистекает с этим в качестве питания»?",
  "mn38:12.4": "– Да, уважаемый. ",
  "mn38:12.5": "– Монахи, так лишены ли вы подобным образом сомнения в отношении этого: «С прекращением питания, то, что возникло, подвержено прекращению»?",
  "mn38:12.6": "– Да, уважаемый. ",
  "mn38:13.1": "– Монахи, тщательно ли это было увидено вами в соответствии с действительностью правильной мудростью так: «Это возникло»? ",
  "mn38:13.2": "– Да, уважаемый. ",
  "mn38:13.3": "– Монахи, тщательно ли это было увидено вами в соответствии с действительностью правильной мудростью так: «Происхождение этого проистекает с этим в качестве питания»? ",
  "mn38:13.4": "– Да, уважаемый. ",
  "mn38:13.5": "– Монахи, тщательно ли это было увидено вами в соответствии с действительностью правильной мудростью так: «С прекращением питания, то, что возникло, подвержено прекращению»? ",
  "mn38:13.6": "– Да, уважаемый. ",
  "mn38:14.1": "– Монахи, когда это воззрение такое очищенное и яркое, то если вы будете держаться за него, лелеять его, хранить его, считать его своей собственностью, поймёте ли вы тогда Дхамму, которой я научил, сравнивая её с плотом, цель которого в том, чтобы переплыть, а не в том, чтобы [за него] держаться? ",
  "mn38:14.2": "– Нет, уважаемый. ",
  "mn38:14.3": "– Монахи, когда это воззрение такое очищенное и яркое, то, если вы не будете держаться за него, лелеять его, хранить его, считать его своей собственностью, поймёте ли вы тогда Дхамму, которой я научил, сравнивая её с плотом, цель которого в том, чтобы переплыть, а не в том, чтобы [за него] держаться? ",
  "mn38:14.4": "– Да, уважаемый. ",
  "mn38:15.1": "– Монахи, есть четыре вида питания для поддержания существ, которые уже возникли, и для содействия тем, которые собираются возникнуть.  ",
  "mn38:15.2": "Какие четыре? ",
  "mn38:15.3": "Физическая пища как питание – грубая или утончённая; второй [вид] – контакт; третий – умственное волевое намерение; четвёртый – сознание. ",
  "mn38:16.1": "Монахи, и в отношении этих четырёх видов питания – что является их источником, что является их происхождением, из чего они порождаются и проистекают? ",
  "mn38:16.2": "Эти четыре вида питания имеют своим источником жажду. Жажда – их происхождение, они порождаются и проистекают из жажды. ",
  "mn38:16.3": "И в отношении этой жажды – что является её источником, что является её происхождением, из чего она порождается и проистекает?  ",
  "mn38:16.4": "Эта жажда имеет своим источником чувство. Чувство – её происхождение, она порождается и проистекает из чувства. ",
  "mn38:16.5": "И в отношении этого чувства: что является его источником…? ",
  "mn38:16.6": "Контакт… ",
  "mn38:16.7": "И в отношении этого контакта: что является его источником…? ",
  "mn38:16.8": "Шесть сфер… ",
  "mn38:16.9": "И в отношении этих шести сфер чувства: что является их источником…? ",
  "mn38:16.10": "Имя-и-форма… ",
  "mn38:16.11": "И в отношении этой имени-и-формы: что является её источником…? ",
  "mn38:16.12": "Сознание… ",
  "mn38:16.13": "И в отношении этого сознания: что является его источником…? ",
  "mn38:16.14": "Формирователи… ",
  "mn38:16.15": "И в отношении этих формирователей – что является их источником, что является их происхождением, из чего они порождаются и проистекают? ",
  "mn38:16.16": "Эти формирователи имеют своим источником неведение. Неведение – их происхождение, они порождаются и проистекают из неведения. ",
  "mn38:17.1": "Так, монахи: с неведением как условием – формирователи [возникают]. ",
  "mn38:17.2": "С формирователями как условием – сознание [возникает]. ",
  "mn38:17.3": "С сознанием как условием – имя-и-форма [возникает]. ",
  "mn38:17.4": "С именем-и-формой как условием – шесть сфер [возникают]. ",
  "mn38:17.5": "С шестью сферами как условием – контакт [возникает]. ",
  "mn38:17.6": "С контактом как условием – чувство [возникает]. ",
  "mn38:17.7": "С чувством как условием – жажда [возникает]. ",
  "mn38:17.8": "С жаждой как условием – цепляние [возникает]. ",
  "mn38:17.9": "С цеплянием как условием – существование [возникает]. ",
  "mn38:17.10": "С существованием как условием – рождение [возникает]. ",
  "mn38:17.11": "С рождением как условием, старение-и-смерть, печаль, стенание, боль, грусть и отчаяние возникают. ",
  "mn38:17.12": "Таково происхождение всей этой груды страданий. ",
  "mn38:18.1": "«С рождением как условием – старение-и-смерть [возникают]» – так было сказано.  ",
  "mn38:18.2": "И теперь, монахи, имеет старение-и-смерть рождение своим условием или же нет, или как вы считаете в этом случае?",
  "mn38:18.3": "– Старение-и-смерть имеют рождение своим условием, уважаемый. ",
  "mn38:18.4": "Вот как мы считаем в этом случае: «С рождением как условием – старение-и-смерть [возникают]».",
  "mn38:18.5": "",
  "mn38:18.6": "«С cуществованием как условием – рождение… … ",
  "mn38:18.7": "",
  "mn38:18.8": "",
  "mn38:18.9": "",
  "mn38:18.10": "",
  "mn38:18.11": "",
  "mn38:18.12": "",
  "mn38:18.13": "",
  "mn38:18.14": "",
  "mn38:18.15": "",
  "mn38:18.16": "",
  "mn38:18.17": "",
  "mn38:18.18": "",
  "mn38:18.19": "",
  "mn38:18.20": "",
  "mn38:18.21": "",
  "mn38:18.22": "",
  "mn38:18.23": "",
  "mn38:18.24": "",
  "mn38:18.25": "",
  "mn38:18.26": "",
  "mn38:18.27": "",
  "mn38:18.28": "",
  "mn38:18.29": "",
  "mn38:18.30": "",
  "mn38:18.31": "",
  "mn38:18.32": "",
  "mn38:18.33": "",
  "mn38:18.34": "",
  "mn38:18.35": "",
  "mn38:18.36": "",
  "mn38:18.37": "",
  "mn38:18.38": "",
  "mn38:18.39": "",
  "mn38:18.40": "",
  "mn38:18.41": "",
  "mn38:18.42": "",
  "mn38:18.43": "",
  "mn38:18.44": "",
  "mn38:18.45": "",
  "mn38:18.46": "",
  "mn38:18.47": "",
  "mn38:18.48": "",
  "mn38:18.49": "",
  "mn38:18.50": "«С неведением как условием – формирователи [возникают]» – так было сказано. ",
  "mn38:18.51": "И теперь, монахи, имеют формирователи неведение своим условием или же нет, или как вы считаете в этом случае?",
  "mn38:18.52": "– Формирователи имеют неведение своим условием, уважаемый.",
  "mn38:18.53": "Вот как мы считаем в этом случае: «С неведением как условием – формирователи [возникают]». ",
  "mn38:18.54": "",
  "mn38:19.1": "– Хорошо, монахи. ",
  "mn38:19.2": "Вы говорите так, и я тоже так говорю: ",
  "mn38:19.3": " «Когда это существует, возникает то; с возникновением этого, возникает и то».  ",
  "mn38:19.4": "Так, с неведением как условием – формирователи [возникают]…  ",
  "mn38:19.5": "С формирователями как условием – сознание [возникает].",
  "mn38:19.6": "С сознанием как условием – имя-и-форма [возникает]. ",
  "mn38:19.7": "С именем-и-формой как условием – шесть сфер [возникают]. ",
  "mn38:19.8": "С шестью сферами как условием – контакт [возникает]. ",
  "mn38:19.9": "С контактом как условием – чувство [возникает]. ",
  "mn38:19.10": "С чувством как условием – жажда [возникает]. ",
  "mn38:19.11": "С жаждой как условием – цепляние [возникает]. ",
  "mn38:19.12": "С цеплянием как условием – существование [возникает]. ",
  "mn38:19.13": "С существованием как условием – рождение [возникает]. ",
  "mn38:19.14": "С рождением как условием, старение-и-смерть, печаль, стенание, боль, грусть и отчаяние возникают. ",
  "mn38:19.15": "Таково происхождение всей этой груды страданий. ",
  "mn38:20.1": "Но с безостаточным угасанием и прекращением неведения происходит прекращение формирователей. ",
  "mn38:20.2": "С прекращением формирователей [происходит] прекращение сознания. ",
  "mn38:20.3": "С прекращением сознания [происходит] прекращение имени-и-формы. ",
  "mn38:20.4": "С прекращением имени-и-формы [происходит] прекращение шести сфер. ",
  "mn38:20.5": "С прекращением шести сфер [происходит] прекращение контакта. ",
  "mn38:20.6": "С прекращением контакта [происходит] прекращение чувства. ",
  "mn38:20.7": "С прекращением чувства [происходит] прекращение жажды. ",
  "mn38:20.8": "С прекращением жажды [происходит] прекращение цепляния. ",
  "mn38:20.9": "С прекращением цепляния [происходит] прекращение существования. ",
  "mn38:20.10": "С прекращением существования [происходит] прекращение рождения. ",
  "mn38:20.11": "С прекращением рождения – старение-и-смерть, печаль, стенание, боль, грусть и отчаяние прекращаются. ",
  "mn38:20.12": "Таково прекращение всей этой груды страданий. ",
  "mn38:21.1": "«С прекращением рождения [происходит] прекращение старения-и-смерти» – так было сказано. ",
  "mn38:21.2": "И теперь, монахи, прекращается ли старение-и-смерть с прекращением рождения или же нет, или как вы считаете в этом случае? ",
  "mn38:21.3": "– Старение-и-смерть прекращается с прекращением рождения, уважаемый. ",
  "mn38:21.4": "Вот как мы считаем в этом случае: «С прекращением рождения [происходит] прекращение старения-и-смерти».",
  "mn38:21.5": "",
  "mn38:21.6": "«С прекращением существования [происходит] прекращение рождения… ",
  "mn38:21.7": "",
  "mn38:21.8": "",
  "mn38:21.9": "",
  "mn38:21.10": "",
  "mn38:21.11": "",
  "mn38:21.12": "",
  "mn38:21.13": "",
  "mn38:21.14": "",
  "mn38:21.15": "",
  "mn38:21.16": "",
  "mn38:21.17": "",
  "mn38:21.18": "",
  "mn38:21.19": "",
  "mn38:21.20": "",
  "mn38:21.21": "",
  "mn38:21.22": "",
  "mn38:21.23": "",
  "mn38:21.24": "",
  "mn38:21.25": "",
  "mn38:21.26": "",
  "mn38:21.27": "",
  "mn38:21.28": "",
  "mn38:21.29": "",
  "mn38:21.30": "",
  "mn38:21.31": "",
  "mn38:21.32": "",
  "mn38:21.33": "",
  "mn38:21.34": "",
  "mn38:21.35": "",
  "mn38:21.36": "",
  "mn38:21.37": "",
  "mn38:21.38": "",
  "mn38:21.39": "",
  "mn38:21.40": "",
  "mn38:21.41": "",
  "mn38:21.42": "",
  "mn38:21.43": "",
  "mn38:21.44": "",
  "mn38:21.45": "",
  "mn38:21.46": "",
  "mn38:21.47": "",
  "mn38:21.48": "",
  "mn38:21.49": "",
  "mn38:21.50": "",
  "mn38:21.51": "«C прекращением неведения [происходит] прекращение формирователей» – так было сказано.  ",
  "mn38:21.52": "И теперь, монахи, прекращаются ли формирователи с прекращением неведения или же нет, или как вы считаете в этом случае?",
  "mn38:21.53": "– Формирователи прекращаются с прекращением неведения, уважаемый.",
  "mn38:21.54": "Вот как мы считаем в этом случае: «C прекращением неведния [происходит] прекращение формирователей». ",
  "mn38:21.55": "",
  "mn38:22.1": "– Хорошо, монахи.  ",
  "mn38:22.2": "Вы говорите так, и я тоже так говорю: ",
  "mn38:22.3": "Когда этого не существует, не возникает и того; с прекращением этого, прекращается и то». Так, ",
  "mn38:22.4": "с прекращением неведения происходит прекращение формирователей. ",
  "mn38:22.5": "С прекращением формирователей происходит прекращение сознания. ",
  "mn38:22.6": "С прекращением сознания происходит прекращение имени-и-формы. ",
  "mn38:22.7": "С прекращением имени-и-формы происходит прекращение шести сфер.",
  "mn38:22.8": "С прекращением шести сфер происходит прекращение контакта. ",
  "mn38:22.9": "С прекращением контакта происходит прекращение чувства.",
  "mn38:22.10": "С прекращением чувства происходит прекращение жажды.",
  "mn38:22.11": "С прекращением жажды происходит прекращение цепляния. ",
  "mn38:22.12": "С прекращением цепляния происходит прекращение существования. ",
  "mn38:22.13": "С прекращением существования происходит прекращение рождения. ",
  "mn38:22.14": "С прекращением рождения прекращаются старение-и-смерть, печаль, стенание, боль, грусть и отчаяние. ",
  "mn38:22.15": "Таково прекращение всей этой груды страданий. ",
  "mn38:23.1": "Монахи, зная и видя так, стали бы вы убегать в прошлое так: ",
  "mn38:23.2": "«Были ли мы в прошлом? Не было ли нас в прошлом? Чем мы были в прошлом? Какими мы были в прошлом? Будучи чем, мы стали такими в прошлом?» ",
  "mn38:23.3": "– Нет, уважаемый. ",
  "mn38:23.4": "– Зная и видя этот путь, стали бы вы убегать в будущее так:  ",
  "mn38:23.5": "«Будем ли мы в будущем? Не будет ли нас в будущем? Чем мы будем в будущем? Какими мы будем в будущем? Будучи чем, мы будем такими в будущем?» ",
  "mn38:23.6": "– Нет, уважаемый. ",
  "mn38:24.1": "– Зная и видя этот путь, стали бы вы внутренне запутанными в отношении настоящего: ",
  "mn38:24.2": "«Есть ли я? Нет ли меня? Что я? Каков я? Откуда взялось это существо? Куда оно уйдёт?» ",
  "mn38:24.3": "– Нет, уважаемый. ",
  "mn38:24.4": "– Монахи, зная и видя так, говорили бы вы следующим образом: ",
  "mn38:24.5": "«Учитель уважаем нами. Мы говорим так, как говорим, [просто лишь] из-за уважения к Учителю»? ",
  "mn38:24.6": "– Нет, уважаемый. ",
  "mn38:24.7": "– Зная и видя так, говорили бы вы следующим образом:  ",
  "mn38:24.8": "«Отшельник говорит так, и мы говорим так по приказу Отшельника»? ",
  "mn38:24.9": "– Нет, уважаемый. ",
  "mn38:24.10": "– Зная и видя так, признавали бы вы другого учителя? ",
  "mn38:24.11": "– Нет, уважаемый. ",
  "mn38:24.12": "– Зная и видя так, вернулись бы вы к предписаниям, шумным дебатам, счастливым знамениям заурядных жрецов и отшельников, взяв их за сердцевину [святой жизни]? ",
  "mn38:24.13": "– Нет, уважаемый. ",
  "mn38:24.14": "– Говорите ли вы только то, что узнали, увидели, поняли сами? ",
  "mn38:24.15": "– Да, уважаемый. ",
  "mn38:25.1": "– Хорошо, монахи. Я вёл вас этой Дхаммой, которая видима здесь и сейчас, незамедлительно действенная, приглашающая к исследованию, ведущая вперёд, переживаемая мудрыми для себя. ",
  "mn38:25.2": "Говоря: «Монахи, эта Дхамма видима здесь и сейчас, незамедлительно действенная, приглашающая к исследованию, ведущая вперёд, переживаемая мудрыми для себя», ",
  "mn38:25.3": "вот что я имел в виду. ",
  "mn38:26.1": "Монахи, нисхождение эмбриона происходит посредством единения трёх вещей.",
  "mn38:26.2": "Бывает так, что имеет место единение отца и матери, но у матери неподходящий период и нет гандхаббы. В этом случае нет нисхождения эмбриона.",
  "mn38:26.3": "Бывает так, что имеет место единение отца и матери, у матери подходящий период, но нет гандхаббы. В этом случае [также] нет нисхождения эмбриона. ",
  "mn38:26.4": "Но когда имеет место единение отца и матери, у матери подходящий период и есть гандхабба, то посредством единения этих трёх вещей происходит нисхождение эмбриона ",
  "mn38:27.1": "Затем мать носит эмбрион в своей утробе девять или десять месяцев с большим волнением, точно тяжкий груз.  ",
  "mn38:27.2": "Далее, по окончании девяти или десяти месяцев, у матери происходят роды с большим волнением, точно тяжкий груз. ",
  "mn38:27.3": "Далее, когда ребёнок рождается, она кормит его своей же кровью,  ",
  "mn38:27.4": "поскольку грудное молоко матери называется «кровью» в Дисциплине Благородных. ",
  "mn38:28.1": "Когда он вырастает и его способности созревают, ",
  "mn38:28.2": "ребёнок играет в такие игры как игрушечные плуги, игры в палки, кувырки, игры с ветряными колёсами, игры с мерами, игры с игрушечными повозками, игры с игрушечными стрелами и луками. ",
  "mn38:29.1": "Когда он вырастает и его способности созревают [ещё больше], ",
  "mn38:29.2": "юный, он наслаждается, будучи наделённым и обеспеченным пятью нитями чувственных удовольствий –  ",
  "mn38:29.3": "формами, познаваемыми глазом – желанными, желаемыми, приятными, привлекательными, связанными с чувственным желанием, вызывающими страсть; ",
  "mn38:29.4": "звуками, познаваемыми ухом… ",
  "mn38:29.5": "запахами, познаваемыми носом… ",
  "mn38:29.6": "вкусами, познаваемыми языком… ",
  "mn38:29.7": "осязаемыми вещами, познаваемыми телом, – желанными, желаемыми, приятными, привлекательными, связанными с чувственным желанием, вызывающими страсть. ",
  "mn38:30.1": "Видя форму глазом, он влечётся к ней, если она приятная, и питает неприязнь, если она неприятная. Он пребывает с неутверждённой осознанностью к телу, с ограниченным умом, ",
  "mn38:30.2": "и он не понимает в соответствии с действительностью освобождения ума и освобождения мудростью, где эти плохие, неблагие состояния [ума] прекращаются без остатка. ",
  "mn38:30.3": "Будучи вовлечённым в благоволение и отторжение, какое бы чувство он ни испытывал – приятное, болезненное, ни-приятное-ни-болезненное – он наслаждается этим чувством, приветствует его, продолжает удерживать его. ",
  "mn38:30.4": "По мере того как он делает так, наслаждение возникает в нём. ",
  "mn38:30.5": "А наслаждение чувством является цеплянием. С цеплянием как условием [возникает] существование. С существованием как условием [возникает] рождение. С рождением как условием старение-и-смерть, печаль, стенание, боль, грусть и отчаяние возникают.  ",
  "mn38:30.6": "Таково происхождение всей этой груды страданий. ",
  "mn38:30.7": "Слыша ухом звук… ",
  "mn38:30.8": "Обоняя носом запах … ",
  "mn38:30.9": "Пробуя языком вкус … ",
  "mn38:30.10": "Касаясь осязаемой вещи телом … ",
  "mn38:30.11": "Познавая умственный феномен умом, он влечётся к нему, если он приятный, и питает неприязнь, если он неприятный. Он пребывает с неутверждённой осознанностью к телу, с ограниченным умом, ",
  "mn38:30.12": "и он не понимает в соответствии с действительностью освобождения ума и освобождения мудростью, где эти плохие, неблагие состояния [ума] прекращаются без остатка.  ",
  "mn38:30.13": "Будучи вовлечённым в благоволение и отторжение, какое бы чувство он ни испытывал – приятное, болезненное, ни-приятное-ни-болезненное – он наслаждается этим чувством, приветствует его, продолжает удерживать его. ",
  "mn38:30.14": "По мере того как он делает так, наслаждение возникает в нём. ",
  "mn38:30.15": "А наслаждение чувством является цеплянием. С цеплянием как условием [возникает] существование. С существованием как условием [возникает] рождение. С рождением как условием старение-и-смерть, печаль, стенание, боль, грусть и отчаяние возникают.  ",
  "mn38:30.16": "Таково происхождение всей этой груды страданий. ",
  "mn38:31.1": "Вот, монахи, Татхагата возникает в мире – совершенный, полностью просветлённый, совершенный в истинном знании и поведении, высочайший, знаток миров, непревзойдённый вожак тех, кто должен обуздать себя, учитель богов и людей, просветлённый, благословенный.  ",
  "mn38:31.2": "Он провозглашает этот мир с его богами и людьми, Марами и Брахмами, с его поколением жрецов и отшельников, князей и [простых] людей, который он сам реализовал посредством прямого знания. ",
  "mn38:31.3": "Он обучает Дхамме – прекрасной в начале, прекрасной в середине и прекрасной в конце – в правильных значениях и формулировках.  ",
  "mn38:31.4": "Он раскрывает святую жизнь, всецело совершенную и чистую. ",
  "mn38:32.1": "Домохозяин, или сын домохозяина, или некто рождённый в каком-либо другом клане слышит эту Дхамму. ",
  "mn38:32.2": "Услышав Дхамму, он обретает веру в Татхагату.  ",
  "mn38:32.3": "Обладая верой, он размышляет: ",
  "mn38:32.4": "«Домохозяйская жизнь тесная и пыльная. Бездомная жизнь подобна бескрайним просторам. ",
  "mn38:32.5": "Непросто, проживая дома, вести святую жизнь всецело чистую и совершенную, словно отполированная морская раковина.  ",
  "mn38:32.6": "Что, если я, обрив волосы и бороду и надев жёлтые одежды, оставлю домохозяйскую жизнь ради жизни бездомной?» ",
  "mn38:32.7": "Так, через некоторое время он оставляет всё своё богатство – большое или малое. Оставляет круг своих родных – большой или малый. Обривает волосы и бороду, надевает жёлтые одежды и оставляет домохозяйскую жизнь ради бездомной. ",
  "mn38:33.1": "Когда он ушёл в бездомную жизнь, наделённый монашеской тренировкой и образом жизни, отбрасывая убийство живых существ, он воздерживается от убийства живых существ, откинув дубину, откинув оружие, – добросовестный, милосердный, пребывающий в сострадании ко всем живым существам. ",
  "mn38:33.2": "Отбрасывая взятие того, что не дано, он воздерживается от взятия того, что [ему] не было дано. Он берёт только то, что дают, ожидает только того, что дают, не крадёт, пребывает в чистоте. ",
  "mn38:33.3": "Отбрасывая не-целомудрие, он соблюдает целомудрие, живёт отдельно, воздерживаясь от половых сношений, что привычны среди простых людей. ",
  "mn38:33.4": "Отбрасывая лживую речь, он воздерживается от лживой речи. Он говорит истину, держится за истину, [в этом он] прочен, надёжен, не обманывает мир. ",
  "mn38:33.5": "Отбрасывая злонамеренную речь, он воздерживается от злонамеренной речи. То, что он слышал здесь, он не рассказывает там, чтобы не посеять рознь между этими людьми и теми. То, что он слышал там, он не рассказывает здесь, чтобы не посеять рознь между тамошними людьми и здешними. Так он примиряет тех, кто поругался, способствует дружбе, он любит согласие, радуется согласию, наслаждается согласием, говорит [такие] вещи, которые создают согласие. ",
  "mn38:33.6": "Отбрасывая грубую речь, он воздерживается от грубой речи. Он говорит мягкие слова, приятные уху, любящие, проникающие в сердце, вежливые, приятные и нравящиеся большинству людей. ",
  "mn38:33.7": "Отбрасывая пустую болтовню, он воздерживается от пустой болтовни. Он говорит в нужный момент, говорит действительное, говорит благое, говорит о Дхамме и Винае. В нужный момент он говорит ценные слова, разумные, сдержанные, полезные. ",
  "mn38:33.8": "Он воздерживается от нанесения вреда семенам и растениям. ",
  "mn38:33.9": "Он практикует принятие пищи один раз в день, воздерживаясь от еды ночью и вне надлежащего времени [днём]. ",
  "mn38:33.10": "Он воздерживается от танцев, пения, музыки и зрелищ. ",
  "mn38:33.11": "Он воздерживается от ношения гирлянд и от украшения себя ароматами и мазями. ",
  "mn38:33.12": "Он воздерживается от высоких и больших кроватей. ",
  "mn38:33.13": "Он воздерживается от принятия золота и серебра. ",
  "mn38:33.14": "Он воздерживается от принятия сырого зерна… ",
  "mn38:33.15": "сырого мяса, ",
  "mn38:33.16": "женщин и девушек, ",
  "mn38:33.17": "рабов и рабынь, ",
  "mn38:33.18": "овец и коз, ",
  "mn38:33.19": "птиц и свиней, ",
  "mn38:33.20": "слонов, коров, жеребцов и кобыл, ",
  "mn38:33.21": "полей и земель. ",
  "mn38:33.22": "Он воздерживается от взятия на себя обязанности посыльного… ",
  "mn38:33.23": "от покупки и продажи; ",
  "mn38:33.24": "от жульничества на весах, в металлах и мерах; ",
  "mn38:33.25": "от взяточничества, обмана и мошенничества. ",
  "mn38:33.26": "Он воздерживается от нанесения увечий, от убийств, пленения, разбоя, грабежа и насилия. ",
  "mn38:34.1": "Он довольствуется одеяниями для защиты своего тела и едой с подаяний для утоления голода. ",
  "mn38:34.2": "Подобно птице, у которой, куда бы она ни отправилась, крылья – её единственный груз,  ",
  "mn38:34.3": "точно так же и монах довольствуется одеяниями для защиты своего тела и едой с подаяний для утоления голода. Куда бы он ни отправился, он берёт с собой только это. ",
  "mn38:34.4": "Наделённый этой совокупностью благородной нравственности, в себе он ощущает блаженство от безукоризненности. ",
  "mn38:35.1": "When they see a sight with their eyes, they don’t get caught up in the features and details. ",
  "mn38:35.2": "Видя форму глазом, он не цепляется за её образ и черты. Ведь если бы он оставлял способность глаза неохраняемой, плохие, неблагие состояния алчности и грусти могли бы наводнить его. Он практикует путь сдерживания, он охраняет способность глаза, он предпринимает сдерживание способности глаза. ",
  "mn38:35.3": "Слыша звук ухом… ",
  "mn38:35.4": "Обоняя запах носом… ",
  "mn38:35.5": "Пробуя вкус языком… ",
  "mn38:35.6": "Касаясь осязаемой вещи телом… ",
  "mn38:35.7": "Познавая умственный феномен умом, он не цепляется за его образ и черты. ",
  "mn38:35.8": "Ведь если бы он оставлял способность ума неохраняемой, плохие, неблагие состояния алчности и грусти могли бы наводнить его. Он практикует путь сдерживания, он охраняет способность ума, он предпринимает сдерживание способности ума. ",
  "mn38:35.9": "Наделённый этой совокупностью благородной сдержанностью способностей [органов чувств], в себе он ощущает блаженство от безукоризненности. ",
  "mn38:36.1": "Он становится тем, кто действует с бдительностью, когда идёт вперёд и возвращается; кто действует с бдительностью, когда смотрит вперёд и в сторону… когда сгибает и разгибает свои члены тела… когда несёт одеяния, внешнее одеяние, чашу… когда ест, пьёт, жуёт, пробует… когда мочится и испражняется… когда идёт, стоит, сидит, засыпает, просыпается, разговаривает и молчит. ",
  "mn38:37.1": "Наделённый этой совокупностью благородной нравственности, этой благородной сдержанностью способностей [органов чувств], этой благородной осознанностью и бдительностью, ",
  "mn38:37.2": "он затворяется в уединённом обиталище – в лесу, у подножия дерева, на горе, в ущелье, в пещере на склоне холма, на кладбище, в джунглях, на открытой местности, у стога соломы.  ",
  "mn38:38.1": "После принятия пищи, вернувшись с хождения за подаяниями, он садится со скрещёнными ногами, держит тело выпрямленным, устанавливает осознанность впереди. ",
  "mn38:38.2": "Оставляя алчность к миру, он пребывает с умом, свободным от алчности. Он очищает ум от алчности.  ",
  "mn38:38.3": "Оставляя недоброжелательность и злость, он пребывает с умом, свободным от недоброжелательности, сострадательный ко всем живым существам. Он очищает ум от недоброжелательности и злости.  ",
  "mn38:38.4": "Оставляя лень и апатию, он пребывает свободным от лени и апатии – осознанным, бдительным, воспринимая свет. Он очищает свой ум от лени и апатии. ",
  "mn38:38.5": "Отбрасывая неугомонность и сожаление, он пребывает не-взволнованным, с внутренне умиротворённым умом. Он очищает ум от неугомонности и сожаления.  ",
  "mn38:38.6": "Отбрасывая сомнение, он пребывает, выйдя за пределы сомнения, не имея замешательства в отношении [понимания] благих [умственных] состояний. Он очищает свой ум от сомнения. ",
  "mn38:39.1": "Оставив эти пять помех, изъянов ума, что ослабляют мудрость, ",
  "mn38:39.2": "будучи отстранённым от чувственных удовольствий, отстранённым от неблагих состояний [ума], он входит и пребывает в первой джхане, которая сопровождается направлением и удержанием [ума на объекте медитации] с восторгом и удовольствием, что возникли из-за [этой] отстранённости. ",
  "mn38:39.3": "Затем, с угасанием направления и удержания [ума на объекте], он входит и пребывает во второй джхане, в которой наличествуют уверенность в себе и единение ума, в которой нет направления и удержания, но есть восторг и удовольствие, что возникли посредством сосредоточения. ",
  "mn38:39.4": "третьей джхане… ",
  "mn38:39.5": "четвёртой джхане, которая является ни-приятной-ни-болезненной, характеризуется чистейшей осознанностью из-за невозмутимости.. ",
  "mn38:40.1": "Видя форму глазом, он не влечётся к ней, если она приятная, и не питает неприязни, если она неприятная. Он пребывает с утверждённой осознанностью к телу, с безмерным умом,  ",
  "mn38:40.2": "и он понимает в соответствии с действительностью освобождение ума и освобождение мудростью, где эти плохие, неблагие состояния [ума] прекращаются без остатка.  ",
  "mn38:40.3": "Так, отбросив благоволение и отторжение, какое бы чувство он ни испытывал – приятное, болезненное, ни-приятное-ни-болезненное – он не наслаждается этим чувством, не приветствует его, не продолжает удерживать его.  ",
  "mn38:40.4": "Поскольку он не делает так, наслаждение чувствами прекращается в нём. ",
  "mn38:40.5": "С прекращением его наслаждения происходит прекращение цепляния. С прекращением цепляния [происходит] прекращение существования. С прекращением существования [происходит] прекращение рождения. С прекращением рождения старение-и-смерть, печаль, стенание, боль, грусть и отчаяние прекращаются.  ",
  "mn38:40.6": "Таково прекращение всей этой груды страданий. ",
  "mn38:41.1": "Слыша ухом звук… ",
  "mn38:41.2": "Обоняя носом запах… ",
  "mn38:41.3": "Пробуя языком вкус… ",
  "mn38:41.4": "Касаясь осязаемой вещи телом… ",
  "mn38:41.5": "Познавая умственный феномен умом, он не влечётся к нему, если он приятный, и не питает неприязни, если он неприятный- Он пребывает с утверждённой осознанностью к телу, с безмерным умом,    ",
  "mn38:41.6": "и он понимает в соответствии с действительностью освобождение ума и освобождение мудростью, где эти плохие, неблагие состояния [ума] прекращаются без остатка.  ",
  "mn38:41.7": "Так, отбросив благоволение и отторжение, какое бы чувство он ни испытывал – приятное, болезненное, ни-приятное-ни-болезненное – он не наслаждается этим чувством, не приветствует его, не продолжает удерживать его.  ",
  "mn38:41.8": "Поскольку он не делает так, наслаждение чувствами прекращается в нём. ",
  "mn38:41.9": "С прекращением его наслаждения происходит прекращение цепляния. С прекращением цепляния [происходит] прекращение существования. С прекращением существования [происходит] прекращение рождения. С прекращением рождения старение-и-смерть, печаль, стенание, боль, грусть и отчаяние прекращаются.  ",
  "mn38:41.10": "Таково прекращение всей этой груды страданий. ",
  "mn38:41.11": "Монахи, запомните это моё [наставление] кратко как освобождение в уничтожении жажды. Но [помните и] монаха Сати, сына рыбака, как пойманного в обширные сети жажды, в невод жажды. ",
  "mn38:41.12": "Так сказал Благословенный. ",
  "mn38:41.13": "Монахи были довольны и восхитились словами Благословенного. "
}