{
  "mn3:0.1": "Мадджхима Никая 3 ",
  "mn3:0.2": "Наследники в Дхамме",
  "mn3:1.1": "Так я слышал.",
  "mn3:1.2": "Благословенный проживал в Саваттхи, в роще Джеты, в парке Анатхапиндики. ",
  "mn3:1.3": "Там он обратился к монахам так:  ",
  "mn3:1.4": "“Монахи!” ",
  "mn3:1.5": "– Уважаемый, – ответили они.  ",
  "mn3:1.6": "Благословенный сказал следующее: ",
  "mn3:2.1": "«Монахи, будьте моими наследниками в Дхамме, а не моими наследниками в материальных вещах. ",
  "mn3:2.2": "Из сострадания к вам у меня возникла мысль: ",
  "mn3:2.3": "«Как моим ученикам быть наследниками в Дхамме, а не моими наследниками в материальных вещах?» ",
  "mn3:2.4": "Если вы – мои наследники в материальных вещах, а не мои наследники в Дхамме, то вас будут упрекать так:  ",
  "mn3:2.5": "«Ученики Учителя живут, будучи его наследниками в материальных вещах, а не наследниками в Дхамме». ",
  "mn3:2.6": "И меня будут упрекать так: ",
  "mn3:2.7": "«Ученики Учителя живут, будучи его наследниками в материальных вещах, а не наследниками в Дхамме». ",
  "mn3:2.8": "Если вы – мои наследники в Дхамме, а не мои наследники в материальных вещах, то вас не будут упрекать, [поскольку будут говорить иначе]: ",
  "mn3:2.9": "«Ученики Учителя живут, будучи его наследниками в Дхамме, а не наследниками в материальных вещах». ",
  "mn3:2.10": " И меня не будут упрекать, [поскольку будут говорить иначе]: ",
  "mn3:2.11": "«Ученики Учителя живут, будучи его наследниками в Дхамме, а не наследниками в материальных вещах». ",
  "mn3:2.12": "Поэтому, монахи, будьте моими наследниками в Дхамме, а не моими наследниками в материальных вещах.  ",
  "mn3:2.13": "Из сострадания к вам у меня возникла мысль: ",
  "mn3:2.14": "«Как моим ученикам быть наследниками в Дхамме, а не моими наследниками в материальных вещах?»",
  "mn3:3.1": "Теперь, монахи, представьте, что я поел, отказался от дополнительной пищи, наелся, закончил [трапезу], получил достаточно, получил что хотел, ",
  "mn3:3.2": "и какая-то часть еды, полученная с подаяний, осталась на выброс. ",
  "mn3:3.3": "И тогда прибыли два голодных и слабых монаха, ",
  "mn3:3.4": " и я сказал им: ",
  "mn3:3.5": "«Монахи, я поел, отказался от дополнительной пищи, наелся, закончил [трапезу], получил достаточно, получил что хотел,  ",
  "mn3:3.6": "но какая-то часть моей еды, полученная с подаяний, осталась на выброс.  ",
  "mn3:3.7": "Ешьте, если хотите. Если не станете есть, я выброшу её туда, где нет растительности, или же выброшу её в воду, в которой нет ничего живого». ",
  "mn3:3.8": "И тогда один монах подумал: ",
  "mn3:3.9": "«Благословенный поел, отказался от дополнительной пищи, наелся, закончил [трапезу], получил достаточно, получил что хотел, ",
  "mn3:3.10": "но какая-то часть еды Благословенного, полученная с подаяний, осталась на выброс.",
  "mn3:3.11": "Если мы не съедим её, то Благословенный выбросит её…  ",
  "mn3:3.12": "Но вот как было сказано Благословенным:  ",
  "mn3:3.13": "«Монахи, будьте моими наследниками в Дхамме, а не моими наследниками в материальных вещах».",
  "mn3:3.14": "А эта еда, полученная с подаяний – одна из материальных вещей. ",
  "mn3:3.15": "Что если я, вместо того, чтобы съесть эту еду, проведу день и ночь голодным и немощным?»  ",
  "mn3:3.16": "И вместо того, чтобы съесть эту еду, он провёл день и ночь голодным и немощным.  ",
  "mn3:3.17": "А второй монах бы подумал: ",
  "mn3:3.18": "«Благословенный поел, отказался от дополнительной пищи, наелся, закончил [трапезу], получил достаточно, получил что хотел, ",
  "mn3:3.19": "но какая-то часть еды Благословенного, полученная с подаяний, осталась на выброс. ",
  "mn3:3.20": "Если мы не съедим её, то Благословенный выбросит её… ",
  "mn3:3.21": "Что если я съем эту еду и проведу день и ночь ни голодным, ни немощным?» ",
  "mn3:3.22": "И, съев эту еду, он провёл день и ночь ни голодным, ни немощным. ",
  "mn3:3.23": " И несмотря на то, что тот монах, съев эту еду, провёл день и ночь ни голодным, ни немощным, всё же, именно первый монах наиболее уважаем и хвалим мной. ",
  "mn3:3.24": "Почему ",
  "mn3:3.25": "Потому что это на долгое время приведёт его к его малому количеству желаний, к довольствованию [тем, что есть], к стиранию [загрязнений ума], к простоте его поддержания [другими], к зарождению [им] усердия. ",
  "mn3:3.26": "Поэтому, монахи, будьте моими наследниками в Дхамме, а не моими наследниками в материальных вещах. ",
  "mn3:3.27": "Из сострадания к вам у меня возникла мысль:",
  "mn3:3.28": "«Как моим ученикам быть наследниками в Дхамме, а не моими наследниками в материальных вещах?» ",
  "mn3:4.1": "Так сказал Благословенный. ",
  "mn3:4.2": " И сказав так, Высочайший поднялся со своего сиденья и ушёл в своё жилище. ",
  "mn3:4.3": "И вскоре после того как он ушёл, достопочтенный Сарипутта обратился к монахам так: ",
  "mn3:4.4": "– Друзья монахи! ",
  "mn3:4.5": "– Друг, – ответили они. ",
  "mn3:4.6": "Достопочтенный Сарипутта сказал:",
  "mn3:5.1": "– Друзья, каким образом ученики Учителя, который живёт в затворничестве, не тренируются в затворничестве? И каким образом ученики Учителя, который живёт в затворничестве, тренируются в затворничестве?",
  "mn3:5.2": "– В самом деле, друг, мы пришли сюда издалека, чтобы узнать от достопочтенного Сарипутты значение этого утверждения.  ",
  "mn3:5.3": "Было бы хорошо, если бы достопочтенный Сарипутта объяснил бы значение этого утверждения. ",
  "mn3:5.4": "Услышав это от него, монахи запомнят это.",
  "mn3:5.5": "– В таком случае, друзья, слушайте внимательно то, о чём я буду говорить.",
  "mn3:5.6": "– Да, друг, – ответили монахи. ",
  "mn3:5.7": "Достопочтенный Сарипутта сказал следующее:",
  "mn3:6.1": "Друзья, каким образом ученики Учителя, который живёт в затворничестве, не тренируются в затворничестве? ",
  "mn3:6.2": "Вот ученики Учителя, который живёт в затворничестве, не тренируются в затворничестве. ",
  "mn3:6.3": "Они не отбрасывают того, что Учитель говорит им отбрасывать.  ",
  "mn3:6.4": "Они проживают в роскоши, беспечны, превосходят других в своём падении, пренебрегают затворничеством.",
  "mn3:6.5": "В этом старших монахов следует порицать по трём причинам.  ",
  "mn3:6.6": "Как ученики Учителя, который живёт в затворничестве, они не тренируются в затворничестве.  ",
  "mn3:6.7": "Их следует порицать по этой первой причине. ",
  "mn3:6.8": "Они не отбрасывают того, что Учитель говорит им отбрасывать.",
  "mn3:6.9": "Их следует порицать по этой второй причине. ",
  "mn3:6.10": "Они живут в роскоши, беспечны, превосходят других в своём падении, пренебрегают затворничеством. ",
  "mn3:6.11": "Их следует порицать по этой третьей причине.  ",
  "mn3:6.12": "Старших монахов следует порицать по этим трём причинам.",
  "mn3:6.13": "В этом средних монахов следует порицать по трём причинам. ",
  "mn3:6.14": "Младших монахов следует порицать по этим трём причинам.",
  "mn3:6.15": "",
  "mn3:6.16": "",
  "mn3:6.17": "",
  "mn3:6.18": "",
  "mn3:6.19": "",
  "mn3:6.20": "",
  "mn3:6.21": "",
  "mn3:6.22": "Вот каким образом ученики Учителя, который живёт в затворничестве, не тренируются в затворничестве. ",
  "mn3:7.1": "И каким образом ученики Учителя, который живёт в затворничестве, тренируются в затворничестве? ",
  "mn3:7.2": "Вот ученики Учителя, который живёт в затворничестве, тренируются в затворничестве.  ",
  "mn3:7.3": "Они отбрасывают то, что Учитель говорит им отбрасывать. ",
  "mn3:7.4": "Они не живут в роскоши, не беспечны, они усердны в том, чтобы избежать падения, они превосходят других в затворничестве.",
  "mn3:7.5": "В этом старших монахов следует хвалить по трём причинам. ",
  "mn3:7.6": " Как ученики Учителя, который живёт в затворничестве, они тренируются в затворничестве. ",
  "mn3:7.7": "Их следует хвалить по этой первой причине. ",
  "mn3:7.8": "Они отбрасывают то, что Учитель говорит им отбрасывать.",
  "mn3:7.9": "Их следует хвалить по этой второй причине. ",
  "mn3:7.10": "Они не живут в роскоши, не беспечны, они усердны в том, чтобы избежать падения, они превосходят других в затворничестве. ",
  "mn3:7.11": "Их следует хвалить по этой третьей причине. ",
  "mn3:7.12": "Старших монахов следует хвалить по этим трём причинам.",
  "mn3:7.13": "В этом средних монахов следует хвалить по трём причинам.",
  "mn3:7.14": "В этом младших монахов следует хвалить по трём причинам.",
  "mn3:7.15": "",
  "mn3:7.16": "",
  "mn3:7.17": "",
  "mn3:7.18": "",
  "mn3:7.19": "",
  "mn3:7.20": "",
  "mn3:7.21": "",
  "mn3:7.22": "Вот каким образом ученики Учителя, который живёт в затворничестве, тренируются в затворничестве. ",
  "mn3:8.1": "Друзья, порочное здесь – это жажда и злоба.",
  "mn3:8.2": "Существует Срединный путь для оставления жажды и злобы, который даёт видение, даёт знание, ведёт к покою, к прямому знанию, к просветлению, к ниббане. ",
  "mn3:8.3": "И что это за Срединный путь? ",
  "mn3:8.4": "Это тот самый Благородный восьмеричный путь, то есть:",
  "mn3:8.5": "правильные воззрения, правильное устремление, правильная речь, правильные действия, правильные средства к жизни, правильное усилие, правильная осознанность, правильное сосредоточение.",
  "mn3:8.6": "Таков Срединный путь для оставления жажды и злобы, который даёт видение, даёт знание, ведёт к покою, к прямому знанию, к просветлению, к ниббане.",
  "mn3:9-15.1": "Порочное здесь – это злость и негодование … ",
  "mn3:9-15.2": "презрение и нахальство … ",
  "mn3:9-15.3": "зависть и скупость … ",
  "mn3:9-15.4": "лживость и притворство … ",
  "mn3:9-15.5": "упрямство и соперничество … ",
  "mn3:9-15.6": "самомнение и надменность … ",
  "mn3:9-15.7": "тщеславие и небрежность. ",
  "mn3:9-15.8": "Существует Срединный путь для оставления тщеславия и небрежности, который даёт видение, даёт знание, ведёт к покою, к прямому знанию, к просветлению, к ниббане.",
  "mn3:9-15.9": "И что это за Срединный путь? ",
  "mn3:9-15.10": "Это тот самый Благородный восьмеричный путь, то есть:",
  "mn3:9-15.11": "правильные воззрения, правильное устремление, правильная речь, правильные действия, правильные средства к жизни, правильное усилие, правильная осознанность, правильное сосредоточение.",
  "mn3:9-15.12": "Таков Срединный путь для оставления жажды и злобы, который даёт видение, даёт знание, ведёт к покою, к прямому знанию, к просветлению, к ниббане. ",
  "mn3:9-15.13": "Так сказал достопочтенный Сарипутта. ",
  "mn3:9-15.14": "Монахи были довольны и восхитились словами достопочтенного Сарипутты. "
}