{
  "mn50:0.1": "Мадджхима Никая 50 ",
  "mn50:0.2": "Выговор Маре ",
  "mn50:1.1": "Так я слышал. ",
  "mn50:1.2": "Однажды достопочтенный Махамоггаллана проживал в стране Бхаггов, в Сунсумарагире, в роще Бхесакалы, в Оленьем парке. ",
  "mn50:2.1": "И в то время достопочтенный Махамоггаллана ходил [медитируя] вперёд и назад на открытой местности. ",
  "mn50:2.2": "И тогда Злой Мара вошёл в живот достопочтенного Махамоггалланы, а затем вошёл в его кишки. ",
  "mn50:2.3": "Достопочтенный Махамоггаллана подумал: ",
  "mn50:2.4": "«Почему такая тяжесть в моём животе? ",
  "mn50:2.5": "Как будто я наелся бобов». ",
  "mn50:2.6": "И тогда он оставил ходьбу и пошёл в своё жилище, где сел на подготовленное сиденье. ",
  "mn50:3.1": "Когда он сел, он направил к себе пристальное внимание ",
  "mn50:3.2": "и увидел, что Злой Мара вошёл в его живот, вошёл в его кишки. ",
  "mn50:3.3": "Когда он увидел это, он сказал: ",
  "mn50:3.4": " – Выходи, Злой! ",
  "mn50:3.5": "Выходи, Злой! ",
  "mn50:3.6": "Не изводи Татхагату, не изводи ученика Татхагаты, ",
  "mn50:3.7": "или это приведёт к вреду для тебя и твоему страданию на долгое время. ",
  "mn50:4.1": "И тогда Злой Мара подумал: ",
  "mn50:4.2": "«Этот отшельник не знает меня, он не видит меня, когда говорит так. ",
  "mn50:4.3": "",
  "mn50:4.4": "",
  "mn50:4.5": "",
  "mn50:4.6": "",
  "mn50:4.7": "Даже его учитель не узнал бы меня так быстро, так разве может этот ученик узнать меня?» ",
  "mn50:5.1": "И тогда достопочтенный Махамоггаллана сказал: ",
  "mn50:5.2": "– И даже так я знаю тебя, Злой. Не думай: ",
  "mn50:5.3": "«Он не знает меня». ",
  "mn50:5.4": "Ты – Мара, Злой. ",
  "mn50:5.5": "Ты, Злой, думаешь: ",
  "mn50:5.6": "«Этот отшельник не знает меня, он не видит меня, когда говорит так. ",
  "mn50:5.7": "",
  "mn50:5.8": "",
  "mn50:5.9": "",
  "mn50:5.10": "",
  "mn50:5.11": "Даже его учитель не узнал бы меня так быстро, так разве может этот ученик узнать меня?» ",
  "mn50:6.1": "И тогда Злой Мара подумал: ",
  "mn50:6.2": "«Этот отшельник узнал меня, он увидел меня, когда сказал так. ",
  "mn50:6.3": "",
  "mn50:6.4": "",
  "mn50:6.5": "",
  "mn50:6.6": "",
  "mn50:6.7": "И тогда он вышел изо рта достопочтенного Махамоггалланы и встал напротив дверного засова. ",
  "mn50:7.1": "Достопочтенный Махамоггаллана увидел его, стоящего там, ",
  "mn50:7.2": "и сказали: ",
  "mn50:7.3": "– Я вижу тебя и там, Злой. Не думай: ",
  "mn50:7.4": "«Он не видит меня». ",
  "mn50:7.5": "Ты стоишь напротив дверного засова, Злой. ",
  "mn50:8.1": "Как-то раз, Злой, и я был Марой по имени Дуси, и у меня была сестра по имени Кали. ",
  "mn50:8.2": "Ты был её сыном, ",
  "mn50:8.3": "ты был моим племянником. ",
  "mn50:9.1": "И в то время Благословенный [Будда] Какусандха, совершенный и полностью просветлённый, появился в мире. ",
  "mn50:9.2": "У Благословенного Какусандхи, совершенного и полностью просветлённого, была пара главных учеников по имени Видхура и Саньджива. ",
  "mn50:9.3": "Из всех учеников Благословенного Какусандхи, совершенного и полностью просветлённого, ",
  "mn50:9.4": "не было никого, кто мог бы сравниться с достопочтенным Видхурой в плане обучения Дхамме. ",
  "mn50:9.5": "Вот почему достопочтенного Видхуру стали звать Видхурой. ",
  "mn50:10.1": "Но достопочтенный Саньджива, уйдя в лес, или к подножью дерева, или в пустую хижину, без проблем входил в прекращение восприятия и чувствования. ",
  "mn50:10.2": "И как-то раз, Злой, достопочтенный Саньджива уселся у подножья некоего дерева и вошёл в прекращение восприятия и чувствования. ",
  "mn50:10.3": "Некие пастухи, чабаны, пахари, путешественники увидели, что достопочтенный Саньджива сидит у подножья дерева, войдя в прекращение восприятия и чувствования, ",
  "mn50:10.4": "и сказали: ",
  "mn50:10.5": "«Удивительно, господа, как поразительно, господа! ",
  "mn50:10.6": "Этот отшельник умер во время сидения. ",
  "mn50:10.7": "Давайте кремируем его». ",
  "mn50:10.8": "И тогда пастухи, чабаны, пахари, путешественники собрали траву, древесину, коровий навоз, сложили всё это в кучу возле тела достопочтенного Саньдживы, подожгли и ушли каждый своей дорогой. ",
  "mn50:11.1": "И затем, Злой, когда ночь подошла к концу, достопочтенный Саньджива вышел из [этого медитативного] достижения. Он отряхнул своё одеяние, и затем, утром одевшись, взял чашу и внешнее одеяние и отправился в деревню за подаяниями. ",
  "mn50:11.2": "Пастухи, чабаны, пахари, путешественники увидели, что достопочтенный Саньджива ходит, собирая подаяния, ",
  "mn50:11.3": "и сказали: ",
  "mn50:11.4": "«Удивительно, господа, как поразительно, господа! ",
  "mn50:11.5": "Этот отшельник, который умер во время сидения, вернулся к жизни!» ",
  "mn50:11.6": "Вот почему достопочтенного Саньдживу стали звать Саньдживой. ",
  "mn50:12.1": "И тогда, Злой, Мара Дуси подумал: ",
  "mn50:12.2": "«Вот они, эти нравственные монахи с благим характером, но я не знаю их прихода и ухода. ",
  "mn50:12.3": "Что, если я завладею [умами] брахманов-домохозяев, сказав им: ",
  "mn50:12.4": "«Ну же, побраните, оскорбите, поругайте, изведите нравственных монахов с благим характером. ",
  "mn50:12.5": "И тогда, быть может, когда вы повосхваляете, почтите, поуважаете, попочитаете их, какие-либо колебания произойдут в их умах, и тогда, быть может, у Мары Дуси появится возможность». ",
  "mn50:12.6": "И тогда, Злой, Мара Дуси овладел [умами] брахманов-домохозяев, ",
  "mn50:12.7": "",
  "mn50:12.8": "",
  "mn50:13.1": "И когда Мара Дуси овладел умами брахманов-домохозяев, и они побранили, оскорбили, поругали, извели нравственных монахов с благим характером так: ",
  "mn50:13.2": "«Эти бритоголовые отшельники, эти смуглые слуги, отпрыски ступней Родственника заявляют: «Мы медитирующие! Мы медитирующие! – и, безвольные, с опущенными плечами и поникшей головой, они медитируют, перемедитируют, премедитируют, недомедитируют. ",
  "mn50:13.3": "Точно сова на ветке, поджидающая мышь, медитирует, перемедитирует, премедитирует, недомедитирует; ",
  "mn50:13.4": "",
  "mn50:13.5": "или точно шакал на берегу реки, поджидающий рыбу, медитирует… недомедитирует; ",
  "mn50:13.6": "",
  "mn50:13.7": "или точно кошка, поджидающая мышь в переулке или у водостока или у мусорной корзины медитирует… недомедитирует; ",
  "mn50:13.8": "",
  "mn50:13.9": "или точно ненагруженный осёл, стоя на привязи у притолоки двери или мусорного ящика или водостока, медитирует… недомедитирует, – ",
  "mn50:13.10": "точно также и эти бритоголовые отшельники, эти смуглые слуги, отпрыски ступней Родственника заявляют: «Мы медитирующие! Мы медитирующие! – и, безвольные, с опущенными плечами и поникшей головой, они медитируют, перемедитируют, премедитируют, недомедитируют». ",
  "mn50:13.11": "И по тому случаю, Злой, большинство тех людей, когда они умерли, возникли с распадом тела, после смерти, в состоянии лишений, в несчастливом уделе, в погибели, даже в аду. ",
  "mn50:14.1": "И тогда Благословенный Какусандха, совершенный и полностью просветлённый, обратился к монахам так: ",
  "mn50:14.2": "«Монахи, Мара Дуси завладел [умами] брахманов-домохозяев, сказав им: ",
  "mn50:14.3": "«Ну же, побраните, оскорбите, поругайте, изведите нравственных монахов с благим характером. И тогда, быть может, когда вы побраните, оскорбите, поругаете, изведёте их, какие-либо колебания произойдут в их умах, и тогда, быть может, у Мары Дуси появится возможность». ",
  "mn50:14.4": "Ну же, монахи, пребывайте, наполняя первую сторону света умом, наделённым доброжелательностью, равно как и вторую, равно как и третью, равно как и четвёртую. Вверх, вниз, вокруг и всюду, и ко всем, как к самому себе, – пребывайте, охватывая и наполняя весь мир умом, наделённым доброжелательностью, – обильным, возвышенным, безмерным, не имеющим враждебности и недоброжелательности. ",
  "mn50:14.5": "Пребывайте, наполняя первую сторону света умом, наделённым состраданием… ",
  "mn50:14.6": "Пребывайте, наполняя первую сторону света умом, наделённым сорадованием… ",
  "mn50:14.7": "Пребывайте, наполняя первую сторону света умом, наделённым состраданием невозмутимостью, равно как и вторую, равно как и третью, равно как и четвёртую. Вверх, вниз, вокруг и всюду, как к самому себе, – пребывайте, охватывая и наполняя весь мир умом, наделённым невозмутимостью, – обильным, возвышенным, безмерным, не имеющим враждебности и недоброжелательности». ",
  "mn50:15.1": "И тогда, Злой, когда Благословенный Какусандха, совершенный и полностью просветлённый, наставил таким образом тех монахов, они, уйдя в лес, или к подножью дерева, или в пустую хижину, пребывали, наполняя первую сторону света умом, наделённым доброжелательностью – обильным, возвышенным, безмерным, не имеющим враждебности и недоброжелательности». ",
  "mn50:15.2": "состраданием… ",
  "mn50:15.3": "сорадованием… ",
  "mn50:15.4": "невозмутимостью… ",
  "mn50:16.1": "И тогда, Злой, Мара Дуси подумал: ",
  "mn50:16.2": "«Хоть я и делаю так, как делаю, я всё равно не знаю прихода и ухода этих нравственных монахов с благим характером. Что, если я завладею [умами] брахманов-домохозяев, сказав им: ",
  "mn50:16.3": "«Ну же, восхваляйте, чтите, уважайте, почитайте нравственных монахов с благим характером. ",
  "mn50:16.4": "И тогда, быть может, когда вы повосхваляете, почтите, поуважаете, попочитаете их, какие-либо колебания произойдут в их умах, и тогда, быть может, у Мары Дуси появится возможность». ",
  "mn50:17.1": "И тогда, Злой, Мара Дуси овладел [умами] брахманов-домохозяев, ",
  "mn50:17.2": "",
  "mn50:17.3": "",
  "mn50:17.4": "они восхваляли, чтили, уважали, почитали нравственных монахов с благим характером. ",
  "mn50:17.5": "И по тому случаю, Злой, большинство тех людей, когда они умерли, возникли с распадом тела, после смерти, в счастливом уделе, даже в небесном мире. ",
  "mn50:18.1": "И тогда Благословенный Какусандха, совершенный и полностью просветлённый, обратился к монахам так: ",
  "mn50:18.2": "«Монахи, Мара Дуси завладел [умами] брахманов-домохозяев, сказав им: ",
  "mn50:18.3": "«Ну же, восхваляйте, чтите… ",
  "mn50:18.4": "у Мары Дуси появится возможность». ",
  "mn50:18.5": "Ну же, монахи, пребывайте в созерцании отвратительности тела, воспринимая отвратительность пищи, воспринимая утрату очарованности всем миром, созерцая непостоянство во всех формациях». ",
  "mn50:19.1": "И тогда, Злой, когда Благословенный Какусандха, совершенный и полностью просветлённый, наставил таким образом тех монахов, они, уйдя в лес, или к подножью дерева, или в пустую хижину, пребывали в созерцании отвратительности тела, воспринимая отвратительность пищи, воспринимая утрату очарованности всем миром, непостоянства во всех формациях. ",
  "mn50:20.1": "И тогда, утром, Благословенный Какусандха, совершенный и полностью просветлённый, оделся, взял чашу и внешнее одеяние и отправился в деревню за подаяниями вместе со своим прислужником, достопочтенным Видхурой. ",
  "mn50:21.1": "И тогда Мара Дуси завладел [умом] некоего мальчика и, подобрав камень, ударил достопочтенного Видхуру им по голове, разбив ему голову. ",
  "mn50:21.2": "Со струящейся по голове кровью достопочтенный Видхура шёл следом за Благословенным Какусандхой, совершенным и полностью просветлённым. ",
  "mn50:21.3": "И тогда Благословенный Какусандха, совершенный и полностью просветлённый, повернулся и посмотрел на него слоновьим взором: ",
  "mn50:21.4": "«Этот Мара Дуси не знает границ». ",
  "mn50:21.5": "И как только он посмотрел так, Злой, Мара Дуси ниспал с того места и возник в Великом аду. ",
  "mn50:22.1": "Злой, у Великого ада есть три названия: ",
  "mn50:22.2": "«Шесть сфер контакта», «Ад прокалывания кольями», «Ад, переживаемый для себя». ",
  "mn50:22.3": "И тогда, Злой, стражи ада подошли ко мне и сказали: ",
  "mn50:22.4": "«Почтенный, когда [один] кол столкнётся с [другим] колом в твоём сердце, ",
  "mn50:22.5": "то тогда ты узнаешь: ",
  "mn50:22.6": "«Я жарюсь в аду уже тысячу лет». ",
  "mn50:23.1": "И много лет, Злой, много веков, много тысячелетий я жарился в Великом аду. ",
  "mn50:23.2": "Десять тысячелетий я жарился в дополнительном аду, переживая чувство, что зовётся возникающим из-за созревания [каммы]. ",
  "mn50:23.3": "Злой, моё тело имело такую же форму, как и человеческое, ",
  "mn50:23.4": "но моя голова имела форму рыбы. ",
  "mn50:24.1": "[И далее он добавил]: И с чем бы ад этот сравнить, ",
  "mn50:24.2": "Где Дуси жарился, когда напад ",
  "mn50:24.3": "Он на монаха Видхуру, ",
  "mn50:24.4": "И на брахмана Какусандху? ",
  "mn50:24.5": "Колья из стали, сотня коих, ",
  "mn50:24.6": "И каждый кол тебя пронзит – ",
  "mn50:24.7": "Вот можно с чем сравнить тот ад, ",
  "mn50:24.8": "Где Дуси жарился, когда напад ",
  "mn50:24.9": "Он на монаха Видхуру, ",
  "mn50:24.10": "И на брахмана Какусандху. ",
  "mn50:24.11": "Страдать ты будешь много, Тёмный, ",
  "mn50:24.12": "Если напал ты на такого, – ",
  "mn50:24.13": "Благословенного ученика, ",
  "mn50:24.14": "Который знает этот факт. ",
  "mn50:25.1": "Почти что вечные дворцы есть. ",
  "mn50:25.2": "И в середине океана. ",
  "mn50:25.3": "Сапфиром, пламенем лучатся, ",
  "mn50:25.4": "С полупрозрачным отраженьем. ",
  "mn50:25.5": "Там радужные нимфы моря ",
  "mn50:25.6": "Танцуют ритмом своих сложным. ",
  "mn50:25.7": "Страдать ты будешь много, Тёмный, ",
  "mn50:25.8": "Если напал ты на такого, – ",
  "mn50:25.9": "Благословенного ученика, ",
  "mn50:25.10": "Который знает этот факт. ",
  "mn50:26.1": "Ведь я есть тот, кто восхвалён был Самим Благословенным, ",
  "mn50:26.2": "Когда сотряс я дом Мигары, ",
  "mn50:26.3": "Носком ступни, ",
  "mn50:26.4": "Я перед Сангхой. ",
  "mn50:26.5": "Страдать ты будешь много, Тёмный, ",
  "mn50:26.6": "Если напал ты на такого, – ",
  "mn50:26.7": "Благословенного ученика, ",
  "mn50:26.8": "Который знает этот факт. ",
  "mn50:27.1": "Сотряс дворец я Веджаянты ",
  "mn50:27.2": "Носком ступни, ",
  "mn50:27.3": "Ведь я владею очень прочно ",
  "mn50:27.4": "Сверхчеловеческою силой. ",
  "mn50:27.5": "Страдать ты будешь много, Тёмный, ",
  "mn50:27.6": "Если напал ты на такого, – ",
  "mn50:27.7": "Благословенного ученика, ",
  "mn50:27.8": "Который знает этот факт. ",
  "mn50:28.1": "Я тот, кто Сакку озадачил ",
  "mn50:28.2": "Вопросом во дворце небесном: ",
  "mn50:28.3": "«Так в чём же, друг, ",
  "mn50:28.4": "Уничтожение страсти?» ",
  "mn50:28.5": "И Сакка отвечал правдиво ",
  "mn50:28.6": "На тот вопрос, что смог задать я. ",
  "mn50:28.7": "Страдать ты будешь много, Тёмный, ",
  "mn50:28.8": "Если напал ты на такого, – ",
  "mn50:28.9": "Благословенного ученика, ",
  "mn50:28.10": "Который знает этот факт. ",
  "mn50:29.1": "Я тот, кто Брахме сей вопрос ",
  "mn50:29.2": "Задал в божественном Судхаммы зале: ",
  "mn50:29.3": "«Так есть ли, друг, ещё в тебе ",
  "mn50:29.4": "Воззрение ложное, что принял? ",
  "mn50:29.5": "Скажи, ты видишь ли сияние, ",
  "mn50:29.6": "Что Брахмы мир весь превосходит?» ",
  "mn50:29.7": "И Брахма мне на то ответил ",
  "mn50:29.8": "Правдиво, как и по порядку: ",
  "mn50:29.9": "«Почтенный, нет во мне уж боле ",
  "mn50:29.10": "Воззрения ложного, что принял. ",
  "mn50:29.11": "Воистину, сиянье вижу, ",
  "mn50:29.12": "Что Брахмы мир весь превосходит. ",
  "mn50:29.13": "И на сегодня как могу я ",
  "mn50:29.14": "Считать, что вечен, постоянен?» ",
  "mn50:29.15": "Страдать ты будешь много, Тёмный, ",
  "mn50:29.16": "Если напал ты на такого, – ",
  "mn50:29.17": "Благословенного ученика, ",
  "mn50:29.18": "Который знает этот факт. ",
  "mn50:30.1": "К вершине Меру смог коснуться,  ",
  "mn50:30.2": "Когда достиг освобожденья. ",
  "mn50:30.3": "Был в роще я Пуббавидехов, ",
  "mn50:30.4": "И где бы люди ни бывали. ",
  "mn50:30.5": "Страдать ты будешь много, Тёмный, ",
  "mn50:30.6": "Если напал ты на такого, – ",
  "mn50:30.7": "Благословенного ученика, ",
  "mn50:30.8": "Который знает этот факт. ",
  "mn50:31.1": "И в мире не было огня такого, ",
  "mn50:31.2": "Который думал бы: «Сожгу глупца», ",
  "mn50:31.3": "Но сам глупец в огонь ступает, ",
  "mn50:31.4": "Себя поступком поджигая. ",
  "mn50:31.5": "Так и с тобой же будет, Мара: ",
  "mn50:31.6": "Коль нападаешь ты на Будду, ",
  "mn50:31.7": "То ты – дурак, с огнём играешь, ",
  "mn50:31.8": "Себя лишь им же поджигаешь. ",
  "mn50:31.9": "Коль нападаешь ты на Будду, ",
  "mn50:31.10": "Заслуг плохих ты много копишь, ",
  "mn50:31.11": "Или же, Злой, ты полагаешь, ",
  "mn50:31.12": "Что зло твоё не плодоносит? ",
  "mn50:31.13": "Так поступая, зло ты копишь, ",
  "mn50:31.14": "И длиться будет оно долго, ",
  "mn50:31.15": "И Будды сторонись ты, Мара, ",
  "mn50:31.16": "Проделок не твори монахам! ",
  "mn50:31.17": "В той самой роще Бесакалы ",
  "mn50:31.18": "Так Мару осадил монах.  ",
  "mn50:31.19": " И сразу этот дух угрюмый ",
  "mn50:31.20": "Исчез на том же самом месте. ",
  "mn50:31.21": "",
  "mn50:31.22": "",
  "mn50:32.1": "",
  "mn50:32.2": "",
  "mn50:32.3": "",
  "mn50:32.4": "",
  "mn50:33.1": "",
  "mn50:33.2": "",
  "mn50:33.3": "",
  "mn50:33.4": ""
}