{
  "mn63:0.1": "Мадджхима Никая 63 ",
  "mn63:0.2": "Малое наставление для Малункьяпутты ",
  "mn63:1.1": "Так я слышал. ",
  "mn63:1.2": "Однажды Благословенный проживал в Саваттхи, в роще Джеты, в парке Анатхапиндики. ",
  "mn63:2.1": "И тогда, по мере того как достопочтенный Малункьяпутта пребывал уединённым в медитации, такая мысль возникла в его уме: ",
  "mn63:2.2": "«Эти концептуальные воззрения остались необъявленными Благословенным, отставлены в сторону и отвергнуты им, ",
  "mn63:2.3": "то есть: «Мир вечен» или «Мир не вечен», «Мир ограничен» или «Мир безграничен», «Душа и тело – это одно и то же» или «Душа – это одно, а тело – иное», «Татхагата существует после смерти», «Татхагата не существует после смерти», «Татхагата и существует и не существует после смерти», «Татхагата ни существует, ни не существует после смерти». ",
  "mn63:2.4": "Благословенный не объявил мне об этом, ",
  "mn63:2.5": "и я не одобряю, не принимаю того факта, что он не объявил мне об этом. ",
  "mn63:2.6": "Почему бы мне не отправиться к Благословенному и не спросить его о значении этого? ",
  "mn63:2.7": "если он объявит мне о том, что либо «мир вечен», либо «мир не вечен»… «Татхагата ни существует, ни не существует после смерти», ",
  "mn63:2.8": "",
  "mn63:2.9": "",
  "mn63:2.10": "то тогда я буду вести святую жизнь под его [учительством]. ",
  "mn63:2.11": "Если он не объявит мне об этом, ",
  "mn63:2.12": "",
  "mn63:2.13": "",
  "mn63:2.14": "то я оставлю [монашескую] тренировку и вернусь к низшей жизни [домохозяина]». ",
  "mn63:3.1": "И тогда, вечером, достопочтенный Малункьяпутта вышел из медитации и отправился к Благословенному. Поклонившись ему, он сел рядом и поведал ему свои мысли. Затем он продолжил: ",
  "mn63:3.2": "",
  "mn63:3.3": "",
  "mn63:3.4": "",
  "mn63:3.5": "",
  "mn63:3.6": "",
  "mn63:3.7": "",
  "mn63:3.8": "",
  "mn63:3.9": "",
  "mn63:3.10": "",
  "mn63:3.11": "",
  "mn63:3.12": "",
  "mn63:3.13": "",
  "mn63:3.14": "",
  "mn63:3.15": "",
  "mn63:3.16": "",
  "mn63:3.17": "Если Благословенный знает, ",
  "mn63:3.18": "что мир вечен, то пусть Благословенный объявит мне, что мир вечен. ",
  "mn63:3.19": "Если Благословенный знает, ",
  "mn63:3.20": "что мир не вечен, то пусть Благословенный объявит мне, что мир не вечен. ",
  "mn63:3.21": "Если Благословенный не знает, ",
  "mn63:3.22": "вечен ли мир или не вечен, то тогда прямым ответом того, кто не знает и не видит, будет такой: ",
  "mn63:3.23": "«Я не знаю, я не вижу». ",
  "mn63:3.24": "Если Благословенный знает, ",
  "mn63:3.25": "Если Благословенный знает, что мир ограничен… Татхагата ни существует, ни не существует после смерти, то пусть Благословенный объявит мне… ",
  "mn63:3.26": "",
  "mn63:3.27": "",
  "mn63:3.28": "",
  "mn63:3.29": "",
  "mn63:3.30": "",
  "mn63:3.31": "",
  "mn63:3.32": "",
  "mn63:3.33": "",
  "mn63:3.34": "",
  "mn63:3.35": "",
  "mn63:3.36": "",
  "mn63:3.37": "",
  "mn63:3.38": "",
  "mn63:3.39": "",
  "mn63:3.40": "",
  "mn63:3.41": "",
  "mn63:3.42": "",
  "mn63:3.43": "",
  "mn63:3.44": "",
  "mn63:3.45": "",
  "mn63:3.46": "",
  "mn63:3.47": "",
  "mn63:3.48": "",
  "mn63:3.49": "Если Благословенный не знает, ",
  "mn63:3.50": "что Татхагата и существует, и не существует после смерти, или же что Татхагата ни существует, ни не существует после смерти, то тогда прямым ответом того, кто не знает и не видит, будет такой: ",
  "mn63:3.51": "«Я не знаю, я не вижу». ",
  "mn63:4.1": "«Малункьяпутта, разве я когда-либо говорил тебе: ",
  "mn63:4.2": "Ну же, Малункьяпутта, веди святую жизнь под моим [учительством], и я объявлю тебе: «Мир вечен»… или «Татхагата ни существует, ни не существует после смерти»? ",
  "mn63:4.3": "",
  "mn63:4.4": "«Нет, уважаемый». ",
  "mn63:4.5": "«Или, может, ты говорил мне: ",
  "mn63:4.6": "«я, уважаемый, стану вести святую жизнь под учительством Благословенного, а Благословенный мне объяснит: вечен мир или не вечен; имеет мир границу или не имеет; одно ли и тоже душа и тело, или тело – одно, а душа – другое; существует ли Татхагата после смерти или не существует; или ни существует, ни не существует?» ",
  "mn63:4.7": "",
  "mn63:4.8": "«Нет, уважаемый». ",
  "mn63:4.9": "«Итак, ты согласен, Малункьяпутта, что ни я тебе не говорил: ",
  "mn63:4.10": "Ну же, Малункьяпутта, веди святую жизнь под моим [учительством], и я объявлю тебе: «Мир вечен»… или «Татхагата ни существует, ни не существует после смерти»? ",
  "mn63:4.11": "",
  "mn63:4.12": "",
  "mn63:4.13": "Ни ты мне не говорил: ",
  "mn63:4.14": "«я, уважаемый, стану вести святую жизнь под учительством Благословенного, а Благословенный мне объяснит: вечен мир или не вечен; имеет мир границу или не имеет; одно ли и тоже душа и тело, или тело – одно, а душа – другое; существует ли Татхагата после смерти или не существует; или ни существует, ни не существует?» ",
  "mn63:4.15": "",
  "mn63:4.16": "",
  "mn63:4.17": "«Если так, глупый ты человек, кто же ты и что ты отбрасываешь? ",
  "mn63:5.1": "Если кто-либо скажет так: ",
  "mn63:5.2": "«Я не буду вести святую жизнь под [учительством] Благословенного,пока он не объявит мне ",
  "mn63:5.3": "вечен ли мир или не вечен… ",
  "mn63:5.4": "Татхагата ни существует, ни не существует после смерти» –  ",
  "mn63:5.5": "то всё равно это останется необъявленным Татхагатой, тогда как этот человек уже скончается ",
  "mn63:5.6": "Представь, Малункьяпутта, как если бы человека ранили стрелой, густо смазанной ядом, ",
  "mn63:5.7": "и его друзья и товарищи, его близкие и родственники привели бы врача, чтобы излечить его. ",
  "mn63:5.8": "Но человек бы сказал: ",
  "mn63:5.9": "«Я не позволю врачу вытащить эту стрелу до тех пор, пока не узнаю, был ли тот человек, который ранил меня, знатным или брахманом, торговцем или рабочим». ",
  "mn63:5.10": "И он бы сказал: ",
  "mn63:5.11": "«Я не позволю врачу вытащить эту стрелу до тех пор, пока не узнаю имя и клан человека, который ранил меня… ",
  "mn63:5.12": "",
  "mn63:5.13": "пока не узнаю был ли человек, который ранил меня, высоким, низкорослым или среднего роста… ",
  "mn63:5.14": "",
  "mn63:5.15": "с кожей тёмного цвета, коричневого, золотистого… ",
  "mn63:5.16": "",
  "mn63:5.17": " живёт в такой-то деревне или городе… ",
  "mn63:5.18": "",
  "mn63:5.19": "лук, из которого он меня ранил, был длинным луком или арбалетом… ",
  "mn63:5.20": "",
  "mn63:5.21": "тетива, которая ранила меня, была из волокна, или из тростника, или из пеньки, или из коры… ",
  "mn63:5.22": "",
  "mn63:5.23": "стрела, которая ранила меня, была грубой или обработанной… ",
  "mn63:5.24": "",
  "mn63:5.25": "какими были перья стрелы, которая ранила меня – грифа, цапли, ястреба, павлина, аиста… ",
  "mn63:5.26": "",
  "mn63:5.27": "каким видом сухожилия была укреплена стрела – быка, буйвола, оленя, обезьяны… ",
  "mn63:5.28": "",
  "mn63:5.29": "какой тип наконечника ранил меня – с шипами, обоюдоострый, изогнутый, с зазубринами, формы зуба телёнка или формы ланцета». ",
  "mn63:5.30": "Всё это ещё оставалось бы непознанным тем человеком, когда он бы уже скончался. ",
  "mn63:5.31": "Точно также, Малункьяпутта, если кто-либо скажет так: ",
  "mn63:5.32": "«Я не буду вести святую жизнь под [учительством] Благословенного,пока он не объявит мне ",
  "mn63:5.33": "вечен ли мир или не вечен… ",
  "mn63:5.34": "Татхагата ни существует, ни не существует после смерти» –  ",
  "mn63:5.35": "то всё равно это останется необъявленным Татхагатой, тогда как этот человек уже скончается ",
  "mn63:6.1": "Малункьяпутта, когда есть воззрение: «Мир вечен» – то невозможно вести святую жизнь. ",
  "mn63:6.2": "Когда есть воззрение: «Мир не вечен» – то невозможно вести святую жизнь. ",
  "mn63:6.3": "Вне зависимости от того, есть ли воззрение: «Мир вечен» или «Мир не вечен» – [всё равно] есть рождение, есть старение, есть смерть, есть печаль, стенание, боль, грусть и отчаяние, ",
  "mn63:6.4": "уничтожение которых я предписываю здесь и сейчас. ",
  "mn63:6.5": "Когда есть воззрение: «Мир ограничен»… ",
  "mn63:6.6": "«Мир не имеет границ»… ",
  "mn63:6.7": "",
  "mn63:6.8": "",
  "mn63:6.9": "«душа и тело – это одно и то же»… ",
  "mn63:6.10": "«душа – это одно, а тело – иное»… ",
  "mn63:6.11": "",
  "mn63:6.12": "",
  "mn63:6.13": "«Татхагата существует после смерти»… ",
  "mn63:6.14": "«Татхагата не существует после смерти»… ",
  "mn63:6.15": "",
  "mn63:6.16": "",
  "mn63:6.17": "«Татхагата и существует и не существует после смерти»… ",
  "mn63:6.18": "«Татхагата ни существует, ни не существует после смерти» – то невозможно вести святую жизнь. ",
  "mn63:6.19": "Вне зависимости от того, есть ли одно из этих воззрений– [всё равно] есть рождение, есть старение, есть смерть, есть печаль, стенание, боль, грусть и отчаяние, уничтожение которых я предписываю здесь и сейчас, ",
  "mn63:6.20": "уничтожение которых я предписываю здесь и сейчас. ",
  "mn63:7.1": "Поэтому, Малункьяпутта, запомни то, что я оставил необъявленным как необъявленное,  ",
  "mn63:7.2": "и запомни то, что я объявил как объявленное. ",
  "mn63:7.3": "И что я оставил необъявленным? ",
  "mn63:7.4": "«Мир вечен» – [это] я оставил необъявленным. ",
  "mn63:7.5": "«Мир не вечен» – это я оставил необъявленным… ",
  "mn63:7.6": "",
  "mn63:7.7": "«Мир ограничен»… ",
  "mn63:7.8": "",
  "mn63:7.9": "«Мир не имеет границ»… ",
  "mn63:7.10": "",
  "mn63:7.11": "«Душа и тело – это одно и то же»… ",
  "mn63:7.12": "",
  "mn63:7.13": "«Душа – это одно, а тело – иное»… ",
  "mn63:7.14": "",
  "mn63:7.15": "«Татхагата существует после смерти»… ",
  "mn63:7.16": "",
  "mn63:7.17": "«Татхагата не существует после смерти»… ",
  "mn63:7.18": "",
  "mn63:7.19": "«Татхагата и существует, и не существует после смерти» – это я оставил необъявленным. ",
  "mn63:7.20": "",
  "mn63:7.21": "«Татхагата ни существует, ни не существует после смерти» – это я оставил необъявленным. ",
  "mn63:7.22": "",
  "mn63:8.1": "И почему я оставил это необъявленным? ",
  "mn63:8.2": "Потому что это не полезно, не относится к основам святой жизни, не ведёт к утрате очарованности, к бесстрастию, к прекращению, к покою, к прямому знанию, к просветлению, к ниббане. ",
  "mn63:8.3": "Вот почему я оставил это необъявленным. ",
  "mn63:9.1": "И что я объявил? ",
  "mn63:9.2": "«Это – страдания» – [об этом] я объявил. ",
  "mn63:9.3": "«Это – происхождение страдания»… ",
  "mn63:9.4": "",
  "mn63:9.5": "«Это – прекращение страдания»… ",
  "mn63:9.6": "",
  "mn63:9.7": "«Это – путь, ведущий к прекращению страдания» – [об этом] я объявил. ",
  "mn63:9.8": "",
  "mn63:10.1": "И почему я это объявил? ",
  "mn63:10.2": "Потому что это полезно, это относится к основам святой жизни, ведёт к утрате очарованности, к бесстрастию, к прекращению, к покою, к прямому знанию, к просветлению, к ниббане. ",
  "mn63:10.3": "Вот почему я это объявил. ",
  "mn63:10.4": "Поэтому, Малункьяпутта, запомни то, что я оставил необъявленным как необъявленное,  ",
  "mn63:10.5": "и запомни то, что я объявил как объявленное». ",
  "mn63:10.6": "Так сказал Благословенный. ",
  "mn63:10.7": "Достопочтенный Малункьяпутта был доволен и восхитился словами Благословенного. "
}