{
  "mn70:0.1": "Мадджхима Никая 70 ",
  "mn70:0.2": "В Китагири ",
  "mn70:1.1": "Так я слышал. ",
  "mn70:1.2": "Однажды Благословенный путешествовал по стране Каси вместе с большой общиной монахов.  ",
  "mn70:1.3": "Там он обратился к монахам так: ",
  "mn70:2.1": "«Монахи, я воздерживаюсь от принятия пищи ночью.  ",
  "mn70:2.2": "Делая так, я свободен от недугов и болезненности, наслаждаюсь лёгкостью, силой, комфортным пребыванием. ",
  "mn70:2.3": "Ну же, друзья, воздерживайтесь от принятия пищи ночью.  ",
  "mn70:2.4": "Делая так, вы также будете свободны от недугов и болезненности, будете наслаждаться лёгкостью, силой, комфортным пребыванием». ",
  "mn70:2.5": "- Да, уважаемый, - ответили они. ",
  "mn70:3.1": "И тогда Благословенный, странствуя переходами по стране Каси, со временем прибыл в касийский город под названием Китагири.  ",
  "mn70:3.2": "Там он проживал в этом касийском городе Китагири.  ",
  "mn70:4.1": "И тогда монахи, возглавляемые Ассаджи и Пунаббасукой, проживали в Китагири ",
  "mn70:4.2": "И тогда группа монахов подошла к ним и сказала: ",
  "mn70:4.3": "«Друзья, Благословенный и община монахов теперь воздерживаются от принятия пищи ночью. ",
  "mn70:4.4": "Делая так, они свободны от недугов и болезненности, наслаждаются лёгкостью, силой, комфортным пребыванием. ",
  "mn70:4.5": "Ну же, друзья, воздерживайтесь от принятия пищи ночью.  ",
  "mn70:4.6": "Делая так, вы также будете свободны от недугов и болезненности, будете наслаждаться лёгкостью, силой, комфортным пребыванием». ",
  "mn70:4.7": "Когда так было сказано, монахи, возглавляемые Ассаджи и Пунаббасукой, сказали тем монахам:  ",
  "mn70:4.8": "«Друзья, мы едим вечером, утром и днём вне положенного времени.  ",
  "mn70:4.9": "Делая так, мы свободны от недугов и болезненности, и мы наслаждаемся лёгкостью, силой, комфортным пребыванием. ",
  "mn70:4.10": "Зачем нам отбрасывать [выгоду], видимую здесь и сейчас, чтобы преследовать [выгоду, которую можно достичь только лишь] в будущем? ",
  "mn70:4.11": "Мы будем есть вечером, утром и днём вне положенного времени».  ",
  "mn70:5.1": "Поскольку монахи не смогли убедить монахов, возглавляемых Ассаджи и Пунаббасукой, они отправились к Благословенному. Поклонившись ему, они сели рядом и рассказали ему обо всём, что произошло, добавив: «Уважаемый, поскольку мы не смогли убедить монахов, возглавляемых Ассаджи и Пунаббасукой, мы рассказали об этом Благословенному». ",
  "mn70:5.2": "",
  "mn70:5.3": "",
  "mn70:5.4": "",
  "mn70:5.5": "",
  "mn70:5.6": "",
  "mn70:5.7": "",
  "mn70:5.8": "",
  "mn70:5.9": "",
  "mn70:5.10": "",
  "mn70:5.11": "",
  "mn70:5.12": "",
  "mn70:6.1": "Тогда Благословенный обратился к некоему монаху так: ",
  "mn70:6.2": "«Ну же, монах, скажи от моего имени монахам, возглавляемым Ассаджи и Пунаббасукой, ",
  "mn70:6.3": "ччто Учитель зовёт их». ",
  "mn70:6.4": "«Да, уважаемый» – ответил он, отправился к тем монахам и сообщил им: ",
  "mn70:6.5": "«Учитель зовёт вас, достопочтенные». ",
  "mn70:6.6": "«Да, друг» – ответили они,  отправились к Благословенному, поклонились ему и сели рядом.  ",
  "mn70:6.7": "Благословенный сказал им: «Монахи, правда ли, что когда группа монахов подошла и сказала вам: ",
  "mn70:6.8": "«Друзья, Благословенный и община монахов теперь воздерживаются от принятия пищи ночью. ",
  "mn70:6.9": "Делая так, они свободны от недугов и болезненности, наслаждаются лёгкостью, силой, комфортным пребыванием. ",
  "mn70:6.10": "Ну же, друзья, воздерживайтесь от принятия пищи ночью.  ",
  "mn70:6.11": "Делая так, вы также будете свободны от недугов и болезненности, будете наслаждаться лёгкостью, силой, комфортным пребыванием». ",
  "mn70:6.12": "Когда они сказали так, вы действительно ответили тем монахам: ",
  "mn70:6.13": "«Друзья, мы едим вечером, утром и днём вне положенного времени.  ",
  "mn70:6.14": "Делая так, мы свободны от недугов и болезненности, и мы наслаждаемся лёгкостью, силой, комфортным пребыванием. ",
  "mn70:6.15": "Зачем нам отбрасывать [выгоду], видимую здесь и сейчас, чтобы преследовать [выгоду, которую можно достичь только лишь] в будущем? ",
  "mn70:6.16": "Мы будем есть вечером, утром и днём вне положенного времени». ",
  "mn70:6.17": "«Да, уважаемый». ",
  "mn70:6.18": "«Монахи, слышали ли вы, чтобы я учил Дхамме так: «[Когда] человек переживает что бы то ни было – приятное, болезненное, или ни-приятное-ни-болезненное – неблагие состояния уменьшаются в нём, а благие состояние увеличиваются?»  ",
  "mn70:6.19": "«Нет, уважаемый». ",
  "mn70:7.1": "«Монахи, разве вы не слышали, что я учил Дхамме так: «Когда человек чувствует некий вид приятного чувства, неблагие состояния увеличиваются в нём, и благие состояния уменьшаются. Но когда человек чувствует другой вид приятного чувства, неблагие состояния уменьшаются в нём, и благие состояния увеличиваются. Когда человек чувствует некий вид болезненного чувства, неблагие состояния увеличиваются в нём, и благие состояния уменьшаются.  Но когда человек чувствует другой вид болезненного чувства, неблагие состояния уменьшаются в нём, и благие состояния увеличиваются. Когда человек чувствует некий вид ни-приятного-ни-болезненного чувства, неблагие состояния увеличиваются в нём, и благие состояния уменьшаются.  Но когда человек чувствует другой вид ни-приятного-ни-болезненного чувства, неблагие состояния уменьшаются в нём, и благие состояния увеличиваются. ",
  "mn70:7.2": "«Да, уважаемый». ",
  "mn70:8.1": "«Хорошо, монахи.  ",
  "mn70:8.2": "И если бы это было не познано мной, не увидено, не обнаружено, не реализовано, не затронуто мудростью так:  ",
  "mn70:8.3": "«Когда человек чувствует некий вид приятного чувства, неблагие состояния увеличиваются в нём, и благие состояния уменьшаются» –  ",
  "mn70:8.4": "то было бы подобающе для меня, не зная этого, говорить: «Отбросьте этот вид приятного чувства»? ",
  "mn70:8.5": "«Нет, уважаемый». ",
  "mn70:8.6": "«Но именно потому, что это было познано мной, увидено, обнаружено, реализовано, затронуто мудростью так: ",
  "mn70:8.7": "«Когда человек чувствует некий вид приятного чувства, неблагие состояния увеличиваются в нём, и благие состояния уменьшаются» – то я говорю: «Отбросьте этот вид приятного чувства». ",
  "mn70:8.8": "И если бы это было не познано мной, не увидено, не обнаружено, не реализовано, не затронуто мудростью так:  ",
  "mn70:8.9": "«Когда человек чувствует другой вид приятного чувства, неблагие состояния уменьшаются в нём, и благие состояния увеличиваются» – ",
  "mn70:8.10": "то было бы подобающе для меня, не зная этого, говорить: «Войдите и пребывайте в этом виде приятного чувства?»  ",
  "mn70:8.11": "«Нет, уважаемый». ",
  "mn70:8.12": "«Но именно потому, что это было познано мной, увидено, обнаружено, реализовано, затронуто мудростью так: ",
  "mn70:8.13": "«Когда человек чувствует другой вид приятного чувства, неблагие состояния уменьшаются в нём, и благие состояния увеличиваются» – то я говорю: «Войдите и пребывайте в этом виде приятного чувства».  ",
  "mn70:8.14": "И если бы это было не познано мной, не увидено, не обнаружено, не реализовано, не затронуто мудростью так:  ",
  "mn70:8.15": "Когда человек чувствует некий вид болезненного чувства, неблагие состояния увеличиваются в нём, и благие состояния уменьшаются.  ",
  "mn70:8.16": "То было бы подобающе для меня, не зная этого, говорить: «Отбросьте этот вид приятного чувства»? ",
  "mn70:8.17": "«Нет, уважаемый». ",
  "mn70:9.1": "«Но именно потому, что это было познано мной, увидено, обнаружено, реализовано, затронуто мудростью так: ",
  "mn70:9.2": "«Когда человек чувствует некий вид болезненного чувства, неблагие состояния увеличиваются в нём, и благие состояния уменьшаются» – то я говорю: «Отбросьте этот вид болезненного чувства». ",
  "mn70:9.3": "И если бы это было не познано мной, не увидено, не обнаружено, не реализовано, не затронуто мудростью так:  ",
  "mn70:9.4": "«Когда человек чувствует другой вид приятного чувства, неблагие состояния уменьшаются в нём, и благие состояния увеличиваются» – ",
  "mn70:9.5": "то было бы подобающе для меня, не зная этого, говорить: «Войдите и пребывайте в этом виде болезненного чувства?»  ",
  "mn70:9.6": "«Нет, уважаемый». ",
  "mn70:9.7": "«Но именно потому, что это было познано мной, увидено, обнаружено, реализовано, затронуто мудростью так: ",
  "mn70:9.8": "«Когда человек чувствует другой вид болезненного чувства, неблагие состояния уменьшаются в нём, и благие состояния увеличиваются» – то я говорю: «Войдите и пребывайте в этом виде болезненного чувства».  ",
  "mn70:10.1": "И если бы это было не познано мной, не увидено, не обнаружено, не реализовано, не затронуто мудростью так:  ",
  "mn70:10.2": "«Когда человек чувствует некий вид ни-приятного-ни-болезненного чувства, неблагие состояния увеличиваются в нём, и благие состояния уменьшаются».  ",
  "mn70:10.3": "то было бы подобающе для меня, не зная этого, говорить: «Отбросьте этот вид ни-приятного-ни-болезненного чувства»? ",
  "mn70:10.4": "«Нет, уважаемый». ",
  "mn70:10.5": "«Но именно потому, что это было познано мной, увидено, обнаружено, реализовано, затронуто мудростью так: ",
  "mn70:10.6": "«Когда человек чувствует некий вид ни-приятного-ни-болезненного чувства, неблагие состояния увеличиваются в нём, и благие состояния уменьшаются» – то я говорю: «Отбросьте этот вид ни-приятного-ни-болезненного чувства». ",
  "mn70:10.7": "И если бы это было не познано мной, не увидено, не обнаружено, не реализовано, не затронуто мудростью так:  ",
  "mn70:10.8": "«Когда человек чувствует другой вид ни-приятного-ни-болезненного чувства, неблагие состояния уменьшаются в нём, и благие состояния увеличиваются» – ",
  "mn70:10.9": "то было бы подобающе для меня, не зная этого, говорить: «Войдите и пребывайте в этом виде ни-приятного-ни-болезненного чувства?»  ",
  "mn70:10.10": "«Нет, уважаемый». ",
  "mn70:11.1": "«Но именно потому, что это было познано мной, увидено, обнаружено, реализовано, затронуто мудростью так: ",
  "mn70:11.2": "«Когда человек чувствует другой вид ни-приятного-ни-болезненного чувства, неблагие состояния уменьшаются в нём, и благие состояния увеличиваются» – то я говорю: «Войдите и пребывайте в этом виде ни-приятного-ни-болезненного чувства».  ",
  "mn70:12.1": "Монахи, я не говорю обо всех монахах, что им всё ещё нужно работать с прилежанием.  ",
  "mn70:12.2": "Но я не говорю и обо всех монахах, что им не нужно более работать с прилежанием.  ",
  "mn70:12.3": "Я не говорю о тех монахах, которые араханты, чьи пятна [загрязнений ума] уничтожены, которые прожили святую жизнь, сделали то, что следовало сделать, сбросили тяжкий груз, достигли своей цели, полностью уничтожили оковы существования и всецело освободились посредством окончательного знания, что им всё ещё нужно работать с прилежанием. ",
  "mn70:12.4": "И почему? ",
  "mn70:12.5": "Потому что он выполнил свою работу с прилежанием ",
  "mn70:12.6": "и он более неспособен стать беспечным. ",
  "mn70:13.1": "Но я говорю о тех монахах, которые [являются учениками] в высшей тренировке, которые не достигли цели, которые пребывают в стремлении к непревзойдённой защите от подневольности, что им всё ещё нужно работать с прилежанием. ",
  "mn70:13.2": "И почему? Потому что ",
  "mn70:13.3": "когда этот достопочтенный пользуется одним из подходящих жилищ и общается с хорошими друзьями, и подпитывает свои духовные качества, ",
  "mn70:13.4": "то тогда он может реализовать для себя посредством прямого знания и здесь и сейчас войти и пребывать в высочайшей цели святой жизни, ради которой представители клана праведно оставляют жизнь домохозяйскую и ведут жизнь бездомную.   ",
  "mn70:13.5": "Видя этот плод прилежания для этих монахов, я говорю, что им всё ещё нужно работать с прилежанием. ",
  "mn70:14.1": "Монахи, есть семь типов личностей в мире.  ",
  "mn70:14.2": "Какие семь? ",
  "mn70:14.3": "Освобождённый-в-обоих-отношениях, освобождённый-мудростью, засвидетельствовавший-телом, достигший-воззрения, освобождённый-верой, идущий-за-счёт-Дхаммы, идущий-за-счёт-веры.  ",
  "mn70:15.1": "И какой тип личности является освобождённым-в-обоих-отношениях?  ",
  "mn70:15.2": "Вот некий человек касается телом и пребывает в тех освобождениях, которые являются умиротворёнными и нематериальными, превосходящими формы,  и его пятна [загрязнений ума] уничтожены за счёт его видения мудростью.  ",
  "mn70:15.3": "Этот тип личности зовётся освобождённым-в-обоих-отношениях.  ",
  "mn70:15.4": "Я не говорю о таком монахе, что ему всё ещё нужно работать с прилежанием.  ",
  "mn70:15.5": "И почему? ",
  "mn70:15.6": "Потому что он выполнил свою работу с прилежанием ",
  "mn70:15.7": "и он более неспособен стать беспечным. ",
  "mn70:16.1": "И какой тип личности является освобождённым-мудростью?  ",
  "mn70:16.2": "Вот некий человек не касается телом и не пребывает в тех освобождениях, которые являются умиротворёнными и нематериальными, превосходящими формы,  но его пятна [загрязнений ума] уничтожены за счёт его видения мудростью.  ",
  "mn70:16.3": "Этот тип личности зовётся освобождённым-мудростью.  ",
  "mn70:16.4": "Я не говорю о таком монахе, что ему всё ещё нужно работать с прилежанием.  ",
  "mn70:16.5": "И почему? ",
  "mn70:16.6": "Потому что он выполнил свою работу с прилежанием ",
  "mn70:16.7": "и он более неспособен стать беспечным. ",
  "mn70:17.1": "И какой тип личности является засвидетельствовавшим-телом?  ",
  "mn70:17.2": "Вот некий человек касается телом и пребывает в тех освобождениях, которые являются умиротворёнными и нематериальными, превосходящими формы,  и некоторые из его пятен [загрязнений ума] уничтожены за счёт его видения мудростью.  ",
  "mn70:17.3": "Этот тип личности зовётся засвидетельствовавшим-телом.  ",
  "mn70:17.4": "Я говорю о таком монахе, что ему всё ещё нужно работать с прилежанием.  ",
  "mn70:17.5": "И почему? Потому что ",
  "mn70:17.6": "когда этот достопочтенный пользуется одним из подходящих жилищ и общается с хорошими друзьями, и подпитывает свои духовные качества, ",
  "mn70:17.7": "то тогда он может реализовать для себя посредством прямого знания и здесь и сейчас войти и пребывать в высочайшей цели святой жизни, ради которой представители клана праведно оставляют жизнь домохозяйскую и ведут жизнь бездомную.   ",
  "mn70:17.8": "Видя этот плод прилежания для такого монаха, я говорю, что ему всё ещё нужно работать с прилежанием. ",
  "mn70:18.1": "И какой тип личности является достигшим-воззрения? ",
  "mn70:18.2": "Вот некий человек не касается телом и не пребывает в тех освобождениях, которые являются умиротворёнными и нематериальными, превосходящими формы, и его пятна [загрязнений ума] ещё не уничтожены за счёт его видения мудростью, А также он пересмотрел и изучил мудростью учения, провозглашённые Татхагатой. ",
  "mn70:18.3": "Этот тип личности зовётся достигшим-воззрения. ",
  "mn70:18.4": "Я говорю о таком монахе, что ему всё ещё нужно работать с прилежанием. ",
  "mn70:18.5": "И почему? Потому что ",
  "mn70:18.6": "когда этот достопочтенный пользуется одним из подходящих жилищ и общается с хорошими друзьями, и подпитывает свои духовные качества, ",
  "mn70:18.7": "то тогда он может реализовать для себя посредством прямого знания и здесь и сейчас войти и пребывать в высочайшей цели святой жизни, ради которой представители клана праведно оставляют жизнь домохозяйскую и ведут жизнь бездомную.   ",
  "mn70:18.8": "Видя этот плод прилежания для такого монаха, я говорю, что ему всё ещё нужно работать с прилежанием. ",
  "mn70:19.1": "И какой тип личности является освобождённым-верой? ",
  "mn70:19.2": "Вот некий человек не касается телом и не пребывает в тех освобождениях, которые являются умиротворёнными и нематериальными, превосходящими формы, и его пятна [загрязнений ума] ещё не уничтожены за счёт его видения мудростью, и его вера в Татхагату взращена, укоренена, утверждена. ",
  "mn70:19.3": "Этот тип личности зовётся освобождённым-верой. ",
  "mn70:19.4": "Я говорю о таком монахе, что ему всё ещё нужно работать с прилежанием. ",
  "mn70:19.5": "И почему? Потому что ",
  "mn70:19.6": "когда этот достопочтенный пользуется одним из подходящих жилищ и общается с хорошими друзьями, и подпитывает свои духовные качества, ",
  "mn70:19.7": "то тогда он может реализовать для себя посредством прямого знания и здесь и сейчас войти и пребывать в высочайшей цели святой жизни, ради которой представители клана праведно оставляют жизнь домохозяйскую и ведут жизнь бездомную.   ",
  "mn70:19.8": "Видя этот плод прилежания для такого монаха, я говорю, что ему всё ещё нужно работать с прилежанием. ",
  "mn70:20.1": "И какой тип личности является идущим-за-счёт-Дхаммы? ",
  "mn70:20.2": "Вот некий человек не касается телом и не пребывает в тех освобождениях, которые являются умиротворёнными и нематериальными, превосходящими формы, и его пятна [загрязнений ума] ещё не уничтожены за счёт его видения мудростью, но те учения, что были провозглашены Татхагатой, приняты им после их достаточного рассмотрения мудростью. Кроме того, у него есть эти качества: ",
  "mn70:20.3": "качество веры, качество усердия, качество осознанности, качество сосредоточения и качество мудрости. ",
  "mn70:20.4": "Этот тип личности зовётся идущим-за-счёт-Дхаммы. ",
  "mn70:20.5": "Я говорю о таком монахе, что ему всё ещё нужно работать с прилежанием. ",
  "mn70:20.6": "И почему? Потому что ",
  "mn70:20.7": "когда этот достопочтенный пользуется одним из подходящих жилищ и общается с хорошими друзьями, и подпитывает свои духовные качества, ",
  "mn70:20.8": "то тогда он может реализовать для себя посредством прямого знания и здесь и сейчас войти и пребывать в высочайшей цели святой жизни, ради которой представители клана праведно оставляют жизнь домохозяйскую и ведут жизнь бездомную.   ",
  "mn70:20.9": "Видя этот плод прилежания для такого монаха, я говорю, что ему всё ещё нужно работать с прилежанием. ",
  "mn70:21.1": "И какой тип личности является идущим-за-счёт-веры? ",
  "mn70:21.2": "Вот некий человек не касается телом и не пребывает в тех освобождениях, которые являются умиротворёнными и нематериальными, превосходящими формы, и его пятна [загрязнений ума] ещё не уничтожены за счёт его видения мудростью, но всё же у него есть достаточная вера и любовь к Татхагате. Кроме того, у него есть эти качества: ",
  "mn70:21.3": "качество веры, качество усердия, качество осознанности, качество сосредоточения и качество мудрости. ",
  "mn70:21.4": "Этот тип личности зовётся идущим-за-счёт-веры. ",
  "mn70:21.5": "Я говорю о таком монахе, что ему всё ещё нужно работать с прилежанием. ",
  "mn70:21.6": "И почему? Потому что ",
  "mn70:21.7": "когда этот достопочтенный пользуется одним из подходящих жилищ и общается с хорошими друзьями, и подпитывает свои духовные качества, ",
  "mn70:21.8": "то тогда он может реализовать для себя посредством прямого знания и здесь и сейчас войти и пребывать в высочайшей цели святой жизни, ради которой представители клана праведно оставляют жизнь домохозяйскую и ведут жизнь бездомную.   ",
  "mn70:21.9": "Видя этот плод прилежания для такого монаха, я говорю, что ему всё ещё нужно работать с прилежанием. ",
  "mn70:22.1": "Монахи, я не говорю, что окончательное знание достигается сразу же. ",
  "mn70:22.2": " Напротив, окончательное знание достигается посредством постепенной тренировки, постепенной практики, постепенного совершенствования.  ",
  "mn70:23.1": "И каким образом окончательное знание достигается посредством постепенной тренировки, постепенной практики, постепенного совершенствования?  ",
  "mn70:23.2": "Вот, тот, у кого есть вера [в учителя], навещает его.  Когда он навещает его, он выражает ему почтение. Когда он выражает ему почтение, он склоняет ухо. Тот, кто склоняет ухо, слышит Дхамму. Услышав Дхамму, он запоминает её. Он изучает смысл учений, которые он запомнил. Когда он изучает их смысл, он обретает согласие с этими учениями посредством раздумий. Когда возникло рвение, он проявляет волю. Проявив волю, он тщательно исследует. Тщательно исследовав, он старается.  Решительно стараясь, он реализует телом высочайшую истину и видит её, проникнув в неё мудростью. ",
  "mn70:24.1": "Если бы не было веры, монахи, ",
  "mn70:24.2": "то не было бы этого посещения [учителя],  ",
  "mn70:24.3": "то не было бы выражения этого почтения,  ",
  "mn70:24.4": "то не было бы этого склонения уха,  ",
  "mn70:24.5": "то не было бы этого слушания Дхаммы,  ",
  "mn70:24.6": "то не было бы этого запоминания Дхаммы, ",
  "mn70:24.7": "то не было бы этого изучения смысла, ",
  "mn70:24.8": "не было бы этого согласия с этими учениями посредством раздумий, ",
  "mn70:24.9": "не было бы этого рвения, ",
  "mn70:24.10": "не было бы этого проявления воли, ",
  "mn70:24.11": "не было бы этого тщательного исследования, ",
  "mn70:24.12": "не было бы этого старания. ",
  "mn70:24.13": "Монахи, вы потеряли свой путь! Монахи, вы практиковали ошибочный путь! ",
  "mn70:24.14": "Монахи, до какой степени эти пустоголовые люди отклонились от этой Дхаммы и Винаи?  ",
  "mn70:25.1": "Монахи, есть такое утверждение в четыре фразы, и когда его декламирует [вслух по памяти] мудрый человек, он быстро понимает его [смысл]. ",
  "mn70:25.2": "Я продекламирую его для вас, монахи.  Постарайтесь понять».  ",
  "mn70:25.3": "«Уважаемый, кто мы такие, чтобы понимать Дхамму?»  ",
  "mn70:26.1": "«Монахи, даже с учителем, который озабочен материальными вещами, [который] наследник материальных вещей, привязан к материальным вещам, такие придирки [со стороны его учеников] неподобающи: ",
  "mn70:26.2": " «Если мы получим это, мы сделаем это; если мы не получим этого, мы не станем делать этого». Так что уж тут говорить, [когда учителем является] Татхагата, который всецело отлучён от материальных вещей?  ",
  "mn70:27.1": "Монахи, это естественно для верующего ученика, который нацелен на постижение Учения Учителя, что он будет вести себя так: ",
  "mn70:27.2": "«Благословенный – учитель. Я его ученик.  ",
  "mn70:27.3": "Благословенный знает. Я не знаю».  ",
  "mn70:27.4": "Для верующего ученика, который нацелен на постижение Учения Учителя, Учение Учителя является питающим и освежающим.  ",
  "mn70:27.5": "Монахи, это естественно для верующего ученика, который нацелен на постижение Учения Учителя, что он будет вести себя так: ",
  "mn70:27.6": "«Пусть останутся только кожа, сухожилия и кости,  пусть высохнет плоть и кровь в моём теле, но я не позволю своему усердию ослабнуть, пока не достигну того, что может быть достигнуто человеческой силой, старанием, рвением». ",
  "mn70:27.7": "Для верующего ученика, который нацелен на постижение Учения Учителя, можно ожидать одного из двух плодов:  ",
  "mn70:27.8": "либо окончательного знания здесь и сейчас, либо не-возвращения, если осталось остаточное цепляние».  ",
  "mn70:27.9": "Так сказал Благословенный. ",
  "mn70:27.10": "Монахи были довольны и восхитились словами Благословенного. ",
  "mn70:27.11": "",
  "mn70:27.12": "",
  "mn70:28.1": "",
  "mn70:28.2": "",
  "mn70:28.3": ""
}