{
  "mn73:0.1": "Мадджхима Никая 73 ",
  "mn73:0.2": "Большое наставление для Ваччхаготты ",
  "mn73:1.1": "Так я слышал. ",
  "mn73:1.2": "Однажды Благословенный пребывал в Раджагахе, в Бамбуковой роще, в Беличьем Святилище. ",
  "mn73:2.1": "И тогда странник Ваччхаготта отправился к Благословенному и обменялся с ним приветствиями.  ",
  "mn73:2.2": "После обмена вежливыми приветствиями и любезностями он сел рядом и сказал Благословенному:  ",
  "mn73:3.1": "«Долгое время я вёл беседы с господином Готамой.  ",
  "mn73:3.2": "Было бы хорошо, если бы господин Готама научил меня вкратце благому и неблагому».  ",
  "mn73:3.3": "«Я могу научить тебя вкратце благому и неблагому, Ваччха, и я могу научить тебя благому и неблагому подробно.  ",
  "mn73:3.4": "Но, тем не менее, я научу тебя благому и неблагому вкратце.  ",
  "mn73:3.5": "Слушай внимательно то, о чём я буду говорить». ",
  "mn73:3.6": "«Да, уважаемый» – ответил Ваччха.  ",
  "mn73:3.7": "Благословенный сказал следующее: ",
  "mn73:4.1": "«Ваччха, жажда является неблагим, не-жажда является благим.  ",
  "mn73:4.2": "Злоба является неблагим, не-злоба является благим.  ",
  "mn73:4.3": "Заблуждение является неблагим, не-заблуждение является благим.  ",
  "mn73:4.4": "Таким образом, три вещи являются благими, а другие три – неблагими.  ",
  "mn73:5.1": "Убийство живых существ – это неблагое. Взятие того, что [тебе] не было дано, – это неблагое. Неблагое поведение в чувственных удовольствиях – это неблагое. Ложь – это неблагое. Злобная речь – это неблагое. Грубая речь – это неблагое. Пустословие – это неблагое. Алчность – это неблагое. Недоброжелательность – это неблагое. Неправильные воззрения – это неблагое. ",
  "mn73:5.2": "Воздержание от убийства живых существ – это благое. Воздержание от взятия того, что не дано, – это благое. Воздержание от неблагого поведения в чувственных удовольствиях – это неблагое. Воздержание от лжи – это неблагое. Воздержание от злобной речи – это благое. Воздержание от грубой речи – это благое. Воздержание от пустословия – это благое. Не-алчность – это благое. Не-недоброжелательность – это благое. Правильные воззрения – это благое.  ",
  "mn73:5.3": "",
  "mn73:5.4": "",
  "mn73:5.5": "",
  "mn73:5.6": "",
  "mn73:5.7": "",
  "mn73:5.8": "",
  "mn73:5.9": "",
  "mn73:5.10": "",
  "mn73:5.11": "Таким образом, десять вещей являются благими, а другие десять – неблагими.  ",
  "mn73:6.1": "Когда монах отбросил жажду, срезал её под корень, сделал подобной обрубку пальмы, уничтожил так, что она более не сможет возникнуть в будущем, то тогда этот монах – арахант,  чьи пятна [умственных загрязнений] уничтожены, который прожил святую жизнь, сделал то, что следовало сделать, сбросил тяжкий груз, достиг истинной цели, уничтожил оковы существования, и полностью освободился посредством окончательного знания».  ",
  "mn73:7.1": "«Помимо господина Готамы  ",
  "mn73:7.2": "есть ли какой-либо монах, ученик господина Готамы, который с уничтожением пятен [умственных загрязнений], реализовав это для себя посредством прямого знания, здесь и сейчас входит и пребывает в незапятнанном освобождении ума и освобождении мудростью?» ",
  "mn73:7.3": "«Ваччха, не одна сотня, не две, не три, не четыре, не пять сотен, но куда больше монахов, моих учеников, которые с уничтожением пятен… пребывают в незапятнанном освобождении ума и освобождении мудростью».  ",
  "mn73:8.1": "«Помимо господина Готамы и монахов, ",
  "mn73:8.2": "есть ли какая-либо монахиня, ученица господина Готамы, которая с уничтожением пятен [умственных загрязнений], реализовав это для себя посредством прямого знания, здесь и сейчас входит и пребывает в незапятнанном освобождении ума и освобождении мудростью?» ",
  "mn73:8.3": "«Ваччха, не одна сотня, не две, не три, не четыре, не пять сотен, но куда больше монахинь, моих учениц, которые с уничтожением пятен… пребывают в незапятнанном освобождении ума и освобождении мудростью».  ",
  "mn73:9.1": "«Помимо господина Готамы, монахов, и монахинь,  ",
  "mn73:9.2": "есть ли какой-либо мирянин, ученик господина Готамы, одетый в белое, ведущий целомудренную жизнь, который с уничтожением пяти нижних оков переродится спонтанно в [мирах Чистых обителей], и там достигнет окончательной ниббаны, никогда более не возвращаясь из того мира [обратно в этот]?»  ",
  "mn73:9.3": "«Ваччха, не одна сотня, не две, не три, не четыре, не пять сотен, но куда больше мирян, моих учеников, одетых в белое… никогда более не возвращаясь из того мира».  ",
  "mn73:10.1": "«Помимо господина Готамы, монахов, монахинь, и мирян, одетых в белое, ведущих целомудренную жизнь,  ",
  "mn73:10.2": "есть ли какой-либо мирянин, ученик господина Готамы, одетый в белое, наслаждающийся чувственными удовольствиями, который исполняет его наставления, слушается его совета, вышел за пределы сомнений, стал свободным от замешательства, обрёл неустрашимость, стал независимым от других в Учении Учителя?» ",
  "mn73:10.3": "«Ваччха, не одна сотня, не две, не три, не четыре, не пять сотен, но куда больше мирян, моих учеников, одетых в белое, наслаждающихся чувственными удовольствиями… стали независимыми от других в Учении Учителя».  ",
  "mn73:11.1": "«Помимо господина Готамы, монахов, монахинь, мирян, одетых в белое, – как тех, что ведут целомудренную жизнь, так и тех, что наслаждаются чувственными удовольствиями, – ",
  "mn73:11.2": "есть ли какая-либо мирянка, ученица господина Готамы, одетая в белое, ведущая целомудренную жизнь, которая с уничтожением пяти нижних оков переродится спонтанно в [мирах Чистых обителей], и там достигнет окончательной ниббаны, никогда более не возвращаясь из того мира [обратно в этот]?»  ",
  "mn73:11.3": "«Ваччха, не одна сотня, не две, не три, не четыре, не пять сотен, но куда больше мирянок, моих учениц, одетых в белое… никогда более не возвращаясь из того мира».  ",
  "mn73:12.1": "«Помимо господина Готамы, монахов, монахинь, мирян, одетых в белое, – как тех, что ведут целомудренную жизнь, так и тех, что наслаждаются чувственными удовольствиями, а также мирянок, одетых в белое, ведущих целомудренную жизнь –  ",
  "mn73:12.2": "есть ли какая-либо мирянка, ученица господина Готамы, одетая в белое, наслаждающаяся чувственными удовольствиями, которая исполняет его наставления, слушается его совета, вышла за пределы сомнений, стала свободным от замешательства, обрёла неустрашимость, стала независимой от других в Учении Учителя?» ",
  "mn73:12.3": "«Ваччха, не одна сотня, не две, не три, не четыре, не пять сотен, но куда больше мирянок, моих учениц, одетых в белое, наслаждающихся чувственными удовольствиями… стали независимыми от других в Учении Учителя».  ",
  "mn73:13.1": "«Господин Готама, если бы только господин Готама был совершенным в этой Дхамме, но монахи не были совершенными,  ",
  "mn73:13.2": "то тогда эта святая жизнь была бы неполноценной в этом отношении.  ",
  "mn73:13.3": "Но поскольку господин Готама и монахи совершенны в этой Дхамме,  ",
  "mn73:13.4": "то эта святая жизнь полноценна в этом отношении.  ",
  "mn73:13.5": "Если бы только господин Готама и монахи были совершенными в этой Дхамме, но монахини не были совершенными… ",
  "mn73:13.6": "",
  "mn73:13.7": "",
  "mn73:13.8": "",
  "mn73:13.9": "Если бы только господин Готама, монахи, монахини…  ",
  "mn73:13.10": "",
  "mn73:13.11": "",
  "mn73:13.12": "",
  "mn73:13.13": "Если бы только господин Готама, монахи, монахини, миряне, одетые в белое, ведущие целомудренную жизнь…  ",
  "mn73:13.14": "",
  "mn73:13.15": "",
  "mn73:13.16": "",
  "mn73:13.17": "Если бы только господин Готама, монахи, монахини, миряне, одетые в белое, – как те, что ведут целомудренную жизнь, так и те, что наслаждаются чувственными удовольствиями…  ",
  "mn73:13.18": "",
  "mn73:13.19": "",
  "mn73:13.20": "",
  "mn73:13.21": "Если бы только господин Готама, монахи, монахини, миряне, одетые в белое – как те, что ведут целомудренную жизнь, так и те, что наслаждаются чувственными удовольствиями, а также мирянки, одетые в белое, ведущие целомудренную жизнь, были бы совершенными в этой Дхамме, но мирянки, одетые в белое, наслаждающиеся чувственными удовольствиями, не были совершенными, ",
  "mn73:13.22": "то тогда эта святая жизнь была бы неполноценной в этом отношении.  ",
  "mn73:13.23": "Но поскольку господин Готама, монахи, монахини, миряне, одетые в белое – как те, что ведут целомудренную жизнь, так и те, что наслаждаются чувственными удовольствиями, а также мирянки, одетые в белое, как те, что ведут целомудренную жизнь, так и те, что наслаждаются чувственными удовольствиями, совершенны в этой Дхамме,   ",
  "mn73:13.24": "то эта святая жизнь полноценна в этом отношении.  ",
  "mn73:14.1": "Подобно тому, как река Ганга склоняется к морю, направляется к морю, течёт к морю и достигает моря, точно также собрание господина Готамы с его ушедшими в бездомную жизнь, а также домохозяевами, склоняется к ниббане, направляется к ниббане, течёт к ниббане, и достигает ниббаны.  ",
  "mn73:15.1": "Великолепно, господин Готама! Великолепно, господин Готама! Как если бы он поставил на место то, что было перевёрнуто, раскрыл спрятанное, показал путь тому, кто потерялся, внёс лампу во тьму, чтобы зрячий да мог увидеть, точно также господин Готама различными способами прояснил Дхамму.  ",
  "mn73:15.2": "Я принимаю прибежище в господине Готаме, прибежище в Дхамме и прибежище в Сангхе монахов.  ",
  "mn73:15.3": "Я хотел бы получить младшее монашеское посвящение, я хотел бы получить высшее монашеское посвящение». ",
  "mn73:16.1": "«Ваччха, тот, кто прежде принадлежал другому учению и желает получить младшее и высшее посвящение в этой Дхамме и Винае, должен пройти испытательный срок в четыре месяца. По истечении четырёх месяцев, если монахи будут довольны им, они дают ему младшее посвящение и высшее посвящение в монахи. ",
  "mn73:16.2": "Но я признаю, что могут быть индивидуальные различия в этом вопросе». ",
  "mn73:16.3": "«Уважаемый, если тот, кто прежде принадлежал другому учению… если монахи будут довольны им… то тогда я готов проходить испытательный срок [хоть] четыре года. По истечении четырёх лет, если монахи будут довольны мной, они дадут мне младшее посвящение и высшее посвящение в монахи». ",
  "mn73:16.4": "И тогда странник Ваччхаготта получил младшее посвящение под [учительством] Благословенного и получил высшее посвящение.  ",
  "mn73:17.1": "И вскоре после получения высшего посвящения достопочтенный Ваччхаготта отправился к Благословенному, поклонился ему, сел рядом и сказал Благословенному:  ",
  "mn73:17.2": "«Уважаемый, я достиг всего, что может быть достигнуто знанием ученика, [практикующего] высшую тренировку, истинным знанием ученика, [практикующего] высшую тренировку.  ",
  "mn73:17.3": "Пусть Благословенный научит меня Дхамме далее». ",
  "mn73:18.1": "«В таком случае, Ваччха, далее развивай две вещи: успокоение и прозрение.  ",
  "mn73:18.2": "Когда эти две вещи – успокоение и прозрение – развиты далее, они ведут к постижению многочисленных элементов.  ",
  "mn73:19.1": "До той степени, до которой ты пожелаешь, ты достигнешь способности засвидетельствовать любой аспект этого, так как есть для этого подходящее основание: ",
  "mn73:19.2": "«Пусть я буду владеть различными видами сверхъестественных сил: будучи одним, буду становиться многими; будучи многими, буду становиться одним. Буду появляться. Буду исчезать. Буду беспрепятственно проходить сквозь стены, бастионы, горы, как если бы шёл сквозь пустое пространство. Буду нырять и выныривать из земли, как если бы она была водой. Буду ходить по воде и не тонуть, как если бы вода была сушей. Сидя со скрещенными ногами, буду лететь по воздуху, как крылатая птица. Своей рукой буду касаться и ударять даже солнце и луну – настолько буду силён и могущественен. Буду так влиять на тело, что буду достигать даже мира Брахмы». ",
  "mn73:20.1": "До той степени, до которой ты пожелаешь, ты достигнешь способности засвидетельствовать любой аспект этого, так как есть для этого подходящее основание: ",
  "mn73:20.2": "«Пусть я буду слышать за счёт элемента божественного уха, очищенного и превосходящего человеческое, оба вида звуков: божественные и человеческие, далёкие и близкие». ",
  "mn73:21.1": "До той степени, до которой ты пожелаешь, ты достигнешь способности засвидетельствовать любой аспект этого, так как есть для этого подходящее основание: ",
  "mn73:21.2": "Пусть я буду знать умы других существ, других личностей, направив на них свой собственный ум. ",
  "mn73:21.3": "Буду понимать ум с жаждой как ум с жаждой,  ",
  "mn73:21.4": "а ум без жажды – как ум без жажды; ",
  "mn73:21.5": "ум со злобой как ум со злобой,  ",
  "mn73:21.6": "а ум без злобы – как ум без злобы; ",
  "mn73:21.7": "ум с заблуждением как ум с заблуждением,  ",
  "mn73:21.8": "а ум без заблуждения – как ум без заблуждения; ",
  "mn73:21.9": "сжатый ум как сжатый ум, ",
  "mn73:21.10": "а отвлечённый ум – как отвлечённый ум; ",
  "mn73:21.11": "возвышенный ум как возвышенный ум,  ",
  "mn73:21.12": "а не-возвышенный ум – как невозвышенный ум; ",
  "mn73:21.13": "ум, который можно превзойти, как ум, который можно превзойти, ",
  "mn73:21.14": "а непревзойдённый ум – как непревзойдённый ум; ",
  "mn73:21.15": "сосредоточенный ум как сосредоточенный ум, ",
  "mn73:21.16": "а несосредоточенный ум – как несосредоточенный ум; ",
  "mn73:21.17": "освобождённый ум как освобождённый ум, ",
  "mn73:21.18": "а неосвобождённый ум – как неосвобождённый ум». ",
  "mn73:21.19": "",
  "mn73:22.1": "До той степени, до которой ты пожелаешь, ты достигнешь способности засвидетельствовать любой аспект этого, так как есть для этого подходящее основание: ",
  "mn73:22.2": "«Пусть я буду вспоминать свои многочисленные прошлые жизни – Одну, две, три, четыре, пять, десять, двадцать, тридцать, сорок, пятьдесят, сто, тысячу, сто тысяч, многие циклы свёртывания мира, многие циклы развёртывания мира, многие циклы свёртывания и развёртывания мира. [вспоминая:] «здесь я носил такое-то имя, принадлежал к такому-то сословию, таковой была моя внешность. Таковой была моя пища, таковым был мой опыт удовольствия и боли, таковым было окончание той моей жизни. Умерев там, я появился где-то ещё; и здесь я тоже носил такое-то имя, принадлежал к такому-то сословию, таковой была моя внешность. Таковой была моя пища, таковым был мой опыт удовольствия и боли, таковым было окончание той моей жизни. Умерев там, я появился здесь». Так я буду вспоминать свои многочисленные прошлые жизни в подробностях и деталях». ",
  "mn73:22.3": "",
  "mn73:23.1": "До той степени, до которой ты пожелаешь, ты достигнешь способности засвидетельствовать любой аспект этого, так как есть для этого подходящее основание: ",
  "mn73:23.2": "«Пусть божественным глазом, очищенным и превосходящим человеческий, я увижу умирающих и перерождающихся существ. [Я увижу] низших и высочайших, красивых и уродливых, счастливых и несчастных. Я пойму, как существа переходят [из жизни в жизнь] в соответствии с их поступками: «Эти достойные существа, что имели дурное поведение телом, речью и умом, оскорбляли благородных, были привержены неверным воззрениям, предпринимая действия на основе неверных воззрений. С распадом тела, после смерти, они возникают в состоянии лишения, в несчастливом уделе, в погибели, даже в аду. А эти существа, которые придерживались хорошего поведения в поступках, речах и мыслях, не оскорбляли благородных, были привержены верным воззрениям, предпринимая действия на основе верных воззрений, с распадом тела, после смерти, он возникает в счастливом уделе, даже в небесном мире. Так, божественным глазом, очищенным и превосходящим человеческий, я увижу умирающих и перерождающихся существ. [Я увижу] низших и высочайших, красивых и уродливых, счастливых и несчастных, в счастливых уделах и в несчастливых уделах. Я пойму, как существа переходят [из жизни в жизнь] в соответствии с их поступками». ",
  "mn73:23.3": "",
  "mn73:24.1": "До той степени, до которой ты пожелаешь, ты достигнешь способности засвидетельствовать любой аспект этого, так как есть для этого подходящее основание: ",
  "mn73:24.2": "«Пусть за счёт уничтожения пятен [умственных загрязнений] здесь и сейчас я войду и буду пребывать в незапятнанном освобождении ума, освобождении мудростью, реализовав эти состояния для себя посредством прямого знания». ",
  "mn73:24.3": "",
  "mn73:25.1": "И тогда достопочтенный Ваччхаготта, восхитившись и порадовавшись словам Благословенного, поднялся со своего сиденья и, поклонившись Благословенному, ушёл, обойдя его с правой стороны.поднялся со своего сиденья, поклонился Благословенному и, обойдя его с правой стороны, ушёл.  ",
  "mn73:26.1": "И вскоре, пребывая в уединении прилежным, старательным, решительным, достопочтенный Ваччхаготта, реализовав это для себя посредством прямого знания, здесь и сейчас вошёл и пребывал в высочайшей цели святой жизни,  ради которой представители клана праведно оставляют жизнь домохозяйскую и ведут жизнь бездомную. ",
  "mn73:26.2": "Он напрямую познал: «Рождение уничтожено, святая жизнь прожита, сделано то, что следовало сделать, не будет более появления в каком-либо состоянии существования». ",
  "mn73:26.3": "Так достопочтенный Ваччхаготта стал одним из арахантов.  ",
  "mn73:27.1": "И в то время группа монахов отправилась повидать Благословенного.  ",
  "mn73:27.2": "Достопочтенный Ваччхаготта увидел их издали.  ",
  "mn73:27.3": "Увидев их, он подошёл к ним и спросил их:  ",
  "mn73:27.4": "«Куда вы идёте, достопочтенные?» ",
  "mn73:27.5": "«Мы идём повидать Благословенного, друг».  ",
  "mn73:27.6": "«В таком случае, пусть достопочтенные от моего имени выразят почтение Благословенному, упав ему в ноги и сказав:  ",
  "mn73:27.7": "«Уважаемый, монах Ваччхаготта выражает почтение, припадая к ногам Благословенного». И затем скажите:  ",
  "mn73:27.8": "«Благословенный был почтён мною,  Высочайший был почтён мною».  ",
  "mn73:28.1": "«Да, друг» – ответили те монахи.  ",
  "mn73:28.2": "И тогда несколько монахов отправились к Благословенному и, поклонившись ему, сели рядом и сказали ему: ",
  "mn73:28.3": "«Уважаемый, монах Ваччхаготта выражает почтение, припадая к ногам Благословенного и говорит: ",
  "mn73:28.4": "«Благословенный был почтён мною,  Высочайший был почтён мною».  ",
  "mn73:28.5": "«Монахи, охватив его ум своим собственным умом, я уже знал о монахе Ваччхаготте:  ",
  "mn73:28.6": "«Монах Ваччхаготта достиг тройственного истинного знания и обладает величайшей сверхъестественной силой и могуществом».  ",
  "mn73:28.7": "И божества также поведали мне об этом».  ",
  "mn73:28.8": "",
  "mn73:28.9": "Так сказал Благословенный. ",
  "mn73:28.10": "Монахи были довольны и восхитились словами Благословенного. "
}