{
  "mn85:0.1": "Мадджхима Никая 85 ",
  "mn85:0.2": "К принцу Бодхи ",
  "mn85:1.1": "Так я слышал. ",
  "mn85:1.2": "Однажды Благословенный проживал в стране Бхаггов, в Сунсумарагире, в роще Бхесакалы в Оленьем Парке.  ",
  "mn85:2.1": "И в то время для царевича Бодхи был недавно построен дворец Коканада,  и в нём ещё не проживал ни отшельник, ни жрец, ни какой-либо другой человек. ",
  "mn85:3.1": "И тогда царевич Бодхи обратился к брахманскому ученику Саньджикапутте так:  ",
  "mn85:3.2": "«Ну же, дорогой Саньджикапутта, отправляйся к Благословенному, поклонись ему от моего имени, упав ему в ноги,  спроси от моего имени, свободен ли он от болезни и недуга, здоров ли, силён ли и пребывает ли в комфортном состоянии. ",
  "mn85:3.3": "",
  "mn85:3.4": "И затем скажи следующее: ",
  "mn85:3.5": "«Уважаемый, пусть Благословенный с общиной монахов согласится принять от царевича Бодхи приглашение на завтрашний обед».  ",
  "mn85:4.1": "«Да, ваше высочество» – ответил Саньджикапутта,  отправился к Благословенному и обменялся с ним приветствиями. После обмена вежливыми приветствиями и любезностями он сел рядом и сказал: «Господин Готама, царевич Бодхи выражает почтение, припадая к ногам Благословенного. Он интересуется, свободен ли Благословенный от болезни и недуга, здоров ли, силён ли, и пребывает ли в комфортном состоянии. И он говорит: «Пусть Благословенный с общиной монахов согласится принять от царевича Бодхи приглашение на завтрашний обед».  ",
  "mn85:4.2": "",
  "mn85:4.3": "",
  "mn85:4.4": "",
  "mn85:4.5": "",
  "mn85:4.6": "Благословенный молча согласился. ",
  "mn85:4.7": "И тогда, осознав, что Благословенный согласился, Саньджикапутта встал со своего сиденья, отправился к царевичу Бодхи, и сказал:  ",
  "mn85:4.8": "«Я передал отшельнику Готаме твоё приглашение,  ",
  "mn85:4.9": "",
  "mn85:4.10": "",
  "mn85:4.11": "",
  "mn85:4.12": "и он его принял».  ",
  "mn85:5.1": "И затем, как минула ночь, в собственном доме царевича Бодхи приготовили различные виды превосходной еды,  а во дворце Коканады была постелена белая ткань вплоть до последней ступени [парадной] лестницы.  Тогда он обратился к брахманскому ученику Саньджикапутте:  ",
  "mn85:5.2": "«Ну же, дорогой Саньджикапутта, отправляйся к Благословенному и объяви, что время пришло: ",
  "mn85:5.3": "«Время пришло, уважаемый,  кушанье готово».  ",
  "mn85:5.4": "«Да, ваше высочество» – ответил Саньджикапутта, отправился к Благословенному, и объявил о том, что время пришло: «Время пришло, господин Готама, кушанье готово».  ",
  "mn85:5.5": "",
  "mn85:6.1": "И тогда, утром, Благословенный оделся, взял свою чашу и внешнее одеяние и отправился к резиденции царевича Бодхи.  ",
  "mn85:7.1": "И в то время царевич Бодхи стоял на веранде, ожидая Благословенного.  ",
  "mn85:7.2": "Когда он увидел Благословенного издали,  ",
  "mn85:7.3": "он вышел, чтобы встретить его,  и поклонился ему. Затем, позволив Благословенному идти впереди, он отправился во дворец Коканады.  ",
  "mn85:7.4": "Но Благословенный остановился у нижней ступени лестницы.  ",
  "mn85:7.5": "Царевич Бодхи сказал ему:  ",
  "mn85:7.6": "«Уважаемый, пусть Благословенный наступит на ткань,  пусть Высочайший наступит на ткань,  ",
  "mn85:7.7": "чтобы это привело к моему благополучию и счастью на долгое время».  ",
  "mn85:7.8": "Когда так было сказано, Благословенный ничего не ответил. ",
  "mn85:7.9": "Во второй раз … ",
  "mn85:7.10": "и в третий раз царевич Бодхи сказал ему:  ",
  "mn85:7.11": "«Уважаемый, пусть Благословенный наступит на ткань,  пусть Высочайший наступит на ткань,  ",
  "mn85:7.12": "чтобы это привело к моему благополучию и счастью на долгое время».  ",
  "mn85:7.13": "Благословенный посмотрел на достопочтенного Ананду.  ",
  "mn85:7.14": "Достопочтенный Ананда сказал царевичу Бодхи: ",
  "mn85:7.15": " «Царевич, пусть ткань уберут.  ",
  "mn85:7.16": "Благословенный не наступит на [эту] полоску ткани.  ",
  "mn85:7.17": "Татхагата заботится о будущих поколениях».  ",
  "mn85:8.1": "Поэтому царевич Бодхи приказал убрать ткань и подготовить сиденья в верхних апартаментах дворца Коканады.  ",
  "mn85:8.2": "Благословенный и община монахов взошли во дворец Коканады и сели на подготовленные сиденья.  ",
  "mn85:9.1": "И тогда царевич Бодхи собственноручно обслужил общину монахов во главе с Буддой различными видами превосходной еды.  ",
  "mn85:9.2": "Когда Благословенный поел и убрал чашу в сторону, царевич Бодхи выбрал более низкое сиденье, сел рядом  ",
  "mn85:9.3": "и сказал ему: ",
  "mn85:9.4": "«Уважаемый, у нас была такая мысль:  ",
  "mn85:9.5": "«Удовольствие не добыть удовольствием. Удовольствие добывается через боль». ",
  "mn85:10.1": "«Царевич, до своего просветления, когда я всё ещё был только лишь непросветлённым бодхисаттой, я также думал так:  ",
  "mn85:10.2": "«Удовольствие не добыть удовольствием. Удовольствие добывается через боль». ",
  "mn85:11.1": "Позже, царевич, будучи всё ещё черноволосым юношей, наделённым благословением молодости на первом этапе жизни, я обрил волосы и бороду, надел жёлтые одежды и оставил жизнь домохозяйскую ради жизни бездомной. ",
  "mn85:11.2": "Уйдя в бездомную жизнь, монахи, в поисках благого, ища непревзойдённое состояние высочайшего покоя, я отправился к [отшельнику] Алара Каламе и сказал ему: ",
  "mn85:11.3": "Друг Калама, я бы хотел вести святую жизнь в этой Дхамме и Винае».  ",
  "mn85:11.4": "Алара Калама ответил: ",
  "mn85:11.5": "«Достопочтенный может оставаться здесь. ",
  "mn85:11.6": "Эта Дхамма такова, что мудрец вскоре сможет войти и пребывать в ней, реализовав для себя посредством прямого знания доктрину своего учителя». ",
  "mn85:11.7": "И вскоре я быстро выучил ту Дхамму.  ",
  "mn85:11.8": "До той степени, до которой излагалось его учение посредством простой декламации губами и повторения [заученного],  я мог говорить со знанием и уверенностью, и я заявлял: «Я знаю и вижу». И были и другие, кто делал так же. ",
  "mn85:11.9": "И тогда я подумал:  ",
  "mn85:11.10": "«Не только за счёт одной веры Алара Калама заявляет: «Реализовав для себя посредством прямого знания, я вхожу и пребываю в этой Дхамме». ",
  "mn85:11.11": "Вне сомнений, Алара Калама [на самом деле] пребывает, зная и видя эту Дхамму». ",
  "mn85:12.1": "Тогда я отправился к Алара Каламе и сказал: ",
  "mn85:12.2": "«Друг Алара, каким образом ты заявляешь, что, реализовав для себя посредством прямого знания, ты входишь и пребываешь в этой Дхамме?» ",
  "mn85:12.3": "В ответ на это он заявил о сфере отсутствия всего.  ",
  "mn85:12.4": "И тогда я подумал:  ",
  "mn85:12.5": " «Не только Алара Калама имеет веру,  ",
  "mn85:12.6": "усердие, ",
  "mn85:12.7": "осознанность, ",
  "mn85:12.8": "сосредоточение ",
  "mn85:12.9": "и мудрость. У меня тоже есть вера, усердие, осознанность, сосредоточение и мудрость.  ",
  "mn85:12.10": "Что, если я постараюсь реализовать Дхамму, о которой Алара Калама заявляет, что входит и пребывает в ней, реализовав для себя посредством прямого знания»? ",
  "mn85:12.11": "И вскоре я быстро вошёл и пребывал в той Дхамме, реализовав [её] для себя посредством прямого знания. ",
  "mn85:12.12": "Тогда я отправился к Алара Каламе и сказал: ",
  "mn85:12.13": "«Друг Калама, таким ли образом ты заявляешь, что входишь и пребываешь в этой Дхамме, реализовав [её] для себя посредством прямого знания»? ",
  "mn85:12.14": "«Таким образом, друг». ",
  "mn85:12.15": "«Таким же образом, друг, я также вхожу и пребываю в этой Дхамме, реализовав [её] для себя посредством прямого знания». ",
  "mn85:12.16": "«Какое благо для нас, друг, какое огромное благо, ",
  "mn85:12.17": "что у нас есть такой достопочтенный, как наш товарищ по святой жизни. ",
  "mn85:12.18": "Та Дхамма, о которой я заявляю, что вхожу и пребываю в ней, реализовав [её] для себя посредством прямого знания, является [той же самой] Дхаммой, в которую ты входишь и пребываешь, реализовав [её] для себя посредством прямого знания.  ",
  "mn85:12.19": "И та Дхамма, в которую ты входишь и пребываешь, реализовав [её] для себя посредством прямого знания, является [той же самой], о которой я заявляю, что вхожу и пребываю в ней, реализовав [её] для себя посредством прямого знания.  ",
  "mn85:12.20": "Так что ты знаешь Дхамму, которую я знаю, и я знаю Дхамму, которую знаешь ты.  ",
  "mn85:12.21": "Каков я, таков и ты. Каков ты, таков и я.  ",
  "mn85:12.22": "Ну же, друг! Будем теперь вместе вести эту общину [учеников]».  ",
  "mn85:12.23": "Так мой учитель, Алара Калама, поставил меня, своего ученика, наравне с собой, и оказал мне наивысшее почтение.  ",
  "mn85:12.24": "И тогда я подумал:  ",
  "mn85:12.25": "«Эта Дхамма не ведёт к утрате очарованности, к бесстрастию, к прекращению, к покою, к прямому знанию, к просветлению, к ниббане,  но [ведёт только] к перерождению в сфере отсутствия всего». ",
  "mn85:12.26": "Не будучи удовлетворённым этой Дхаммой, разочарованный ею, я ушёл.  ",
  "mn85:12.27": "Будучи всё ещё в поисках благого, ища непревзойдённое состояние высочайшего покоя,  я отправился к [отшельнику] Уддака Рамапутте и сказал ему:  ",
  "mn85:12.28": "Друг, я бы хотел вести святую жизнь в этой Дхамме и Винае». ",
  "mn85:12.29": "Уддака Рамапутта ответил: ",
  "mn85:12.30": "«Достопочтенный может оставаться здесь. ",
  "mn85:12.31": "Эта Дхамма такова, что мудрец вскоре сможет войти и пребывать в ней, реализовав для себя посредством прямого знания доктрину своего учителя». ",
  "mn85:12.32": "И вскоре я быстро выучил ту Дхамму.  ",
  "mn85:12.33": "До той степени, до которой излагалось его учение посредством простой декламации губами и повторения [заученного],  я мог говорить со знанием и уверенностью, и я заявлял: «Я знаю и вижу». И были и другие, кто делал так же. ",
  "mn85:12.34": "И тогда я подумал:  ",
  "mn85:12.35": "«Не только за счёт одной веры Рама заявляет: «Реализовав для себя посредством прямого знания, я вхожу и пребываю в этой Дхамме». ",
  "mn85:12.36": "Вне сомнений, Рама [на самом деле] пребывает, зная и видя эту Дхамму». ",
  "mn85:13.1": "Тогда я отправился к [отшельнику] Уддака Рамапутте и сказал ему:  ",
  "mn85:13.2": "«Друг, каким образом Рама заявлял, что, реализовав для себя посредством прямого знания, он входил и пребывал в этой Дхамме?» ",
  "mn85:13.3": "В ответ на это Уддака Рамапутта заявил о сфере ни-восприятия-ни-не-восприятия. ",
  "mn85:13.4": "И тогда я подумал:  ",
  "mn85:13.5": "«Не только у Рамы были вера,  ",
  "mn85:13.6": "усердие, ",
  "mn85:13.7": "осознанность, ",
  "mn85:13.8": "сосредоточение ",
  "mn85:13.9": "и мудрость. У меня тоже есть вера, усердие, осознанность, сосредоточение и мудрость.  ",
  "mn85:13.10": "Что, если я постараюсь реализовать Дхамму, о которой Рама заявляет, что входит и пребывает в ней, реализовав для себя посредством прямого знания»? ",
  "mn85:13.11": "И вскоре я быстро вошёл и пребывал в той Дхамме, реализовав [её] для себя посредством прямого знания. ",
  "mn85:13.12": "Тогда я отправился к [отшельнику] Уддака Рамапутте и сказал ему:  ",
  "mn85:13.13": "«Друг, таким ли образом Рама заявлял, что входил и пребывал в этой Дхамме, реализовав [её] для себя посредством прямого знания»?  ",
  "mn85:13.14": "«Таким образом, друг».  ",
  "mn85:13.15": "«Таким же образом, друг, я также вхожу и пребываю в этой Дхамме, реализовав [её] для себя посредством прямого знания». ",
  "mn85:13.16": "«Какое благо для нас, друг, какое огромное благо, ",
  "mn85:13.17": "что у нас есть такой достопочтенный, как наш товарищ по святой жизни. ",
  "mn85:13.18": "Та Дхамма, о которой Рама заявлял, что входил и пребывал в ней, реализовав [её] для себя посредством прямого знания, является [той же самой] Дхаммой, в которую ты входишь и пребываешь, реализовав [её] для себя посредством прямого знания.  ",
  "mn85:13.19": "И та Дхамма, в которую ты входишь и пребываешь, реализовав [её] для себя посредством прямого знания, является [той же самой], о которой Рама заявлял, что входил и пребывал в ней, реализовав [её] для себя посредством прямого знания.  ",
  "mn85:13.20": "Так что ты знаешь Дхамму, которую знал Рама, и Рама знал Дхамму, которую знаешь ты.  ",
  "mn85:13.21": "Каков был Рама, таков и ты. Каков ты, таков был и Рама.  ",
  "mn85:13.22": "Ну же, друг! Ну же, друг, веди теперь эту общину [учеников]».  ",
  "mn85:13.23": "Так мой товарищ по святой жизни, Уддака Рамапутта, поставил меня учителем и оказал мне наивысшее почтение.  ",
  "mn85:13.24": "И тогда я подумал:  ",
  "mn85:13.25": "«Эта Дхамма не ведёт к утрате очарованности, к бесстрастию, к прекращению, к покою, к прямому знанию, к просветлению, к ниббане,  но [ведёт только] к перерождению в сфере ни-восприятия-ни-не-восприятия».  ",
  "mn85:13.26": "Не будучи удовлетворённым этой Дхаммой, разочарованный ею, я ушёл.  ",
  "mn85:14.1": "Будучи всё ещё в поисках благого, ища непревзойдённое состояние высочайшего покоя,  я странствовал переходами по стране Магадхов, пока со временем не прибыл в Урувелу, в Сенанигаму.  ",
  "mn85:14.2": "Там я увидел чудесную местность с восхитительной рощей, кристально чистой рекой с приятными пологими берегами и близлежащей деревней для сбора подаяний.  ",
  "mn85:14.3": "И тогда я подумал:  ",
  "mn85:14.4": "«Это чудесная местность с восхитительной рощей, кристально чистой рекой с приятными пологими берегами и с близлежащей деревней для сбора подаяний.  ",
  "mn85:14.5": "Это послужит старанию представителя клана, настроившегося на старание». ",
  "mn85:14.6": "И я сел там, думая:  ",
  "mn85:14.7": "«Это послужит старанию». ",
  "mn85:15.1": "Затем эти три образа – спонтанные и никогда прежде не слышанные – возникли во мне. ",
  "mn85:16.1": "Представь, царевич, как если бы мокрый кусок дерева лежал в воде,  ",
  "mn85:16.2": "и пришёл бы человек с верхней палкой для розжига, думая: ",
  "mn85:16.3": " «Я зажгу огонь, я произведу тепло».  ",
  "mn85:16.4": "Как ты думаешь, царевич? ",
  "mn85:16.5": "Смог бы он разжечь огонь и создать тепло трением верхней палки для розжига в мокром куске дерева, лежащем в воде?»  ",
  "mn85:16.6": "«Нет, уважаемый. ",
  "mn85:16.7": "И почему? ",
  "mn85:16.8": "Потому что кусок дерева мокрый и лежит в воде.  ",
  "mn85:16.9": "Со временем человека постигли бы усталость и разочарование».  ",
  "mn85:17.1": "«Так и с теми жрецами или отшельниками, которые живут, всё ещё телесно не отлучив себя от чувственных удовольствий,  и чьё чувственное желание, увлечение, любовь, жажда и страсть к чувственным удовольствиям не были полностью отброшены и сдержаны внутренне.  Даже если эти почтенные жрецы и отшельники испытывают болезненные, мучительные, пронзающие чувства из-за своего старания, они неспособны на знание и видение [а также] и на непревзойдённое просветление. Даже если эти почтенные жрецы и отшельники не испытывают болезненных, мучительных, пронзающих чувств из-за своего старания, они не способны на знание и видение, [а также] и на непревзойдённое просветление.  ",
  "mn85:17.2": "",
  "mn85:17.3": "",
  "mn85:17.4": "Таким был первый образ, что пришёл ко мне спонтанно, никогда прежде не слышанный.  ",
  "mn85:18.1": "Затем второй образ спонтанно пришёл ко мне, никогда прежде не слышанный.  ",
  "mn85:18.2": "Представь, царевич, как если бы мокрый кусок дерева лежал на сухой земле вдали от воды, ",
  "mn85:18.3": "и пришёл бы человек с верхней палкой для розжига, думая: ",
  "mn85:18.4": " «Я зажгу огонь, я произведу тепло».  ",
  "mn85:18.5": "Как ты думаешь, царевич? ",
  "mn85:18.6": "Смог бы он разжечь огонь и создать тепло трением верхней палки для розжига в мокром куске дерева, лежащем на сухой земле вдали от воды?» ",
  "mn85:18.7": "«Нет, уважаемый. ",
  "mn85:18.8": "И почему? ",
  "mn85:18.9": "Потому что кусок дерева мокрый, хоть и лежит на сухой земле вдали от воды.  ",
  "mn85:18.10": "Со временем человека постигли бы усталость и разочарование».  ",
  "mn85:18.11": "«Так и с теми жрецами или отшельниками, которые живут, телесно отлучив себя от чувственных удовольствий,  но чьё чувственное желание, увлечение, любовь, жажда и страсть к чувственным удовольствиям не были полностью отброшены и сдержаны внутренне.  Даже если эти почтенные жрецы и отшельники испытывают болезненные, мучительные, пронзающие чувства из-за своего старания, они неспособны на знание и видение [а также] и на непревзойдённое просветление. Даже если эти почтенные жрецы и отшельники не испытывают болезненных, мучительных, пронзающих чувств из-за своего старания, они не способны на знание и видение, [а также] и на непревзойдённое просветление.  ",
  "mn85:18.12": "",
  "mn85:18.13": "",
  "mn85:18.14": "Таким был второй образ, что пришёл ко мне спонтанно, никогда прежде не слышанный.  ",
  "mn85:19.1": "Затем третий образ спонтанно пришёл ко мне, никогда прежде не слышанный.  ",
  "mn85:19.2": "Представь, царевич, как если бы сухой, высохший кусок дерева лежал на сухой земле вдали от воды,  ",
  "mn85:19.3": "и пришёл бы человек с верхней палкой для розжига, думая: ",
  "mn85:19.4": " «Я зажгу огонь, я произведу тепло».  ",
  "mn85:19.5": "Как ты думаешь, царевич? ",
  "mn85:19.6": "Смог бы он разжечь огонь и создать тепло трением верхней палки для розжига в сухом, высохшем куске дерева, лежащем на сухой земле вдали от воды?»  ",
  "mn85:19.7": "«Да, уважаемый. ",
  "mn85:19.8": "И почему? ",
  "mn85:19.9": "Потому что кусок дерева сухой, высохший и лежит на сухой земле вдали от воды.  ",
  "mn85:19.10": "«Так и с теми жрецами или отшельниками, которые живут, телесно отлучив себя от чувственных удовольствий,  и чьё чувственное желание, увлечение, любовь, жажда и страсть к чувственным удовольствиям были полностью отброшены и сдержаны внутренне.  Даже если эти почтенные жрецы и отшельники испытывают болезненные, мучительные, пронзающие чувства из-за своего старания, они способны на знание и видение [а также] и на непревзойдённое просветление. Даже если эти почтенные жрецы и отшельники не испытывают болезненных, мучительных, пронзающих чувств из-за своего старания, они способны на знание и видение [а также] и на непревзойдённое просветление.  ",
  "mn85:19.11": "",
  "mn85:19.12": "",
  "mn85:19.13": "Таким был третий образ, что пришёл ко мне спонтанно, никогда прежде не слышанный.  ",
  "mn85:19.14": "Таковы были три образа, спонтанные и никогда прежде не слышанные, что возникли во мне. ",
  "mn85:20.1": "И тогда я подумал:  ",
  "mn85:20.2": "«Что, если я, стиснув зубы и поджав к нёбу язык, собью, сдержу и сокрушу свой ум своим умом?»  ",
  "mn85:20.3": "Так я принимал только чуть-чуть пищи, только горсть бобового супа, супа из чечевицы, супа из вика или супа из гороха.  ",
  "mn85:20.4": "По мере того как я делал так, пот лился ручьём из подмышек.  ",
  "mn85:20.5": "Подобно тому как сильный человек, схватив слабого за голову или плечи, мог бы сбивать его, сдерживать и сокрушать, –  ",
  "mn85:20.6": "Так и я,  стиснув зубы и поджав к нёбу язык, сбивал, сдерживал и сокрушал свой ум своим умом, и пот лился ручьём из подмышек.  ",
  "mn85:20.7": "И хотя неутомимое усердие было зарождено во мне и утверждена неослабевающая осознанность, моё тело было взволновано и неспокойно, поскольку я был истощён болезненным старанием.  ",
  "mn85:21.1": "И тогда я подумал:  ",
  "mn85:21.2": "«Что, если я буду практиковать медитацию не-дыхания?»  ",
  "mn85:21.3": "Так я прекратил вдохи и выдохи носом и ртом.  ",
  "mn85:21.4": "И по мере того как я делал так, громкий звук ветров исходил из моих ушей.  ",
  "mn85:21.5": "Подобно тому как из раздувающихся мехов кузнеца исходит громкий звук, – точно так же, когда я прекратил вдохи и выдохи носом и ртом, громкий звук ветров исходил из моих ушей.  ",
  "mn85:21.6": "",
  "mn85:21.7": "И хотя неутомимое усердие было зарождено во мне и утверждена неослабевающая осознанность, моё тело было взволновано и неспокойно, поскольку я был истощён болезненным старанием.  ",
  "mn85:22.1": "И тогда я подумал:  ",
  "mn85:22.2": "«Что, если я дальше буду практиковать медитацию не-дыхания?»  ",
  "mn85:22.3": "Тогда я прекратил вдохи и выдохи носом, ртом и ушами.  ",
  "mn85:22.4": "И по мере того как я делал так, жестокие ветры прорезали мою голову.  ",
  "mn85:22.5": "Подобно тому, как если бы сильный человек сокрушил мою голову концом острого меча, – точно так же, когда я прекратил вдохи и выдохи носом, ртом и ушами, жестокие ветры прорезали мою голову.  ",
  "mn85:22.6": "",
  "mn85:22.7": "И хотя неутомимое усердие было зарождено во мне и утверждена неослабевающая осознанность, моё тело было взволновано и неспокойно, поскольку я был истощён болезненным старанием.  ",
  "mn85:23.1": "И тогда я подумал:  ",
  "mn85:23.2": "«Что, если я дальше буду практиковать медитацию не-дыхания?»  ",
  "mn85:23.3": "Тогда я прекратил вдохи и выдохи носом, ртом и ушами.  ",
  "mn85:23.4": "По мере того как я делал так, жестокие боли возникали в моей голове.  ",
  "mn85:23.5": "Подобно тому, как если бы сильный человек затягивал на моей голове тюрбан из прочных кожаных ремней, – точно так же, когда я прекратил вдохи и выдохи носом, ртом и ушами, жестокие боли возникали в моей голове.  ",
  "mn85:23.6": "",
  "mn85:23.7": "И хотя неутомимое усердие было зарождено во мне и утверждена неослабевающая осознанность, моё тело было взволновано и неспокойно, поскольку я был истощён болезненным старанием.  ",
  "mn85:24.1": "И тогда я подумал:  ",
  "mn85:24.2": "«Что, если я дальше буду практиковать медитацию не-дыхания?»  ",
  "mn85:24.3": "Тогда я прекратил вдохи и выдохи носом, ртом и ушами.  ",
  "mn85:24.4": "По мере того как я делал так, жестокие ветры вскрывали мой живот.  ",
  "mn85:24.5": "Подобно тому как если бы умелый мясник или его ученик вскрывали брюхо быка острым мясницким ножом, – точно так же, когда я прекратил вдохи и выдохи носом, ртом и ушами, жестокие ветры вскрывали мой живот.  ",
  "mn85:24.6": "",
  "mn85:24.7": "И хотя неутомимое усердие было зарождено во мне и утверждена неослабевающая осознанность, моё тело было взволновано и неспокойно, поскольку я был истощён болезненным старанием.  ",
  "mn85:25.1": "И тогда я подумал:  ",
  "mn85:25.2": "«Что, если я дальше буду практиковать медитацию не-дыхания?»  ",
  "mn85:25.3": "Тогда я прекратил вдохи и выдохи носом, ртом и ушами.  ",
  "mn85:25.4": "По мере того как я делал так, моё тело жестоко горело.  ",
  "mn85:25.5": "Подобно тому как если бы два сильных человека, схватив слабого человека за руки, поджаривали его над ямой с горячими углями, – точно так же, когда я прекратил вдохи и выдохи носом, ртом и ушами, в моём теле было жестокое горение.  ",
  "mn85:25.6": "",
  "mn85:25.7": "И хотя неутомимое усердие было зарождено во мне и утверждена неослабевающая осознанность, моё тело было взволновано и неспокойно, поскольку я был истощён болезненным старанием.  ",
  "mn85:26.1": "Божества, увидев меня, сказали:  ",
  "mn85:26.2": "«Отшельник Готама мёртв».  ",
  "mn85:26.3": "Третьи божества сказали: ",
  "mn85:26.4": "«Он не мёртв, но умирает».  ",
  "mn85:26.5": "Третьи божества сказали: ",
  "mn85:26.6": "«Он ни мёртв, ни умирает,  а он – арахант, потому что таким образом живут араханты».  ",
  "mn85:27.1": "И тогда я подумал:  ",
  "mn85:27.2": "«Что, если я буду практиковать полностью без пищи?»  ",
  "mn85:27.3": "Тогда божества пришли ко мне и сказали:  ",
  "mn85:27.4": "«Почтенный, пожалуйста, не практикуйте полностью без пищи.  ",
  "mn85:27.5": "Если вы сделаете так, мы будем вливать через ваши поры кожи божественное питание, и на этом вы выживете».  ",
  "mn85:27.6": "И тогда я подумал:  ",
  "mn85:27.7": "«Если бы я заявил об абсолютном голодании, а эти божества стали бы вливать через поры моей кожи божественное питание, то я солгал бы [сам себе]».  ",
  "mn85:27.8": "А потому я приказал им уйти, сказав: «Довольно».  ",
  "mn85:28.1": "И тогда я подумал:  ",
  "mn85:28.2": "«Что, если я буду принимать только чуть-чуть пищи за один раз, только горсть бобового супа, супа из чечевицы, супа из вика или супа из гороха?»  ",
  "mn85:28.3": "Так я принимал только чуть-чуть пищи, только горсть бобового супа, супа из чечевицы, супа из вика или супа из гороха.  ",
  "mn85:28.4": "Моё тело стало неимоверно истощено.  ",
  "mn85:28.5": "Из-за того, что я так мало ел, мои члены тела стали похожи на соединённые части стеблей лозы или стеблей бамбука.  ",
  "mn85:28.6": "Из-за того, что я так мало ел, мои ягодицы стали похожи на верблюжье копыто…  ",
  "mn85:28.7": "мой позвоночник выступал, словно ожерелье из бусин…  ",
  "mn85:28.8": "мои рёбра выперли наружу, будто балки старого сарая без крыши…  ",
  "mn85:28.9": "Из-за того, что я так мало ел, блеск моих глаз утонул в глазницах, точно блеск воды, что утонул в глубоком колодце. ",
  "mn85:28.10": "Из-за того, что я так мало ел, кожа моей головы сморщилась и иссохла, подобно тому как зелёная горькая тыква высыхает и сморщивается на солнце и ветре. ",
  "mn85:28.11": "Из-за того, что я так мало ел, кожа моего живота настолько прилипла к позвоночнику, что когда я трогал живот, то касался также и позвоночника, а когда я трогал позвоночник, то касался также и кожи живота. ",
  "mn85:28.12": "Из-за того, что я так мало ел, если я мочился или испражнялся, я там же падал лицом вниз.  ",
  "mn85:28.13": "Из-за того, что я так мало ел, если я хотел расслабить тело, потерев его части руками, сгнившие у корней волосы выпадали с моего тела по мере того, как я его растирал. ",
  "mn85:29.1": "Люди, видя меня, говорили: «Отшельник Готама – чёрный».  ",
  "mn85:29.2": "Другие говорили: «Отшельник Готама не чёрный. Он коричневый».  ",
  "mn85:29.3": "Ещё другие говорили: «Отшельник Готама ни чёрный, ни коричневый,  у отшельника Готамы золотистая кожа».  ",
  "mn85:29.4": "Вот как сильно испортился чистый и яркий цвет моей кожи – из-за того, что я так мало ел.  ",
  "mn85:30.1": "И тогда я подумал:  ",
  "mn85:30.2": "«Какие бы жрецы и отшельники в прошлом ни испытывали болезненных, мучительных, пронзающих чувств из-за старания, это [моё болезненное чувство] – наивысшее, сильнее его нет. Какие бы жрецы и отшельники будущего ни испытали болезненных, мучительных, пронзающих чувств из-за старания, это [моё болезненное чувство] – наивысшее, сильнее его нет. Какие бы жрецы и отшельники настоящего ни испытывали болезненных, мучительных, пронзающих чувств из-за старания, это [моё болезненное чувство] – наивысшее, сильнее его нет.  ",
  "mn85:30.3": "",
  "mn85:30.4": "",
  "mn85:30.5": "Но этими мучительными аскезами я не достиг какого-либо сверхчеловеческого состояния, какого-либо отличия в знании и видении, достойного благородных.  ",
  "mn85:30.6": "Может ли существовать иной путь к просветлению?»  ",
  "mn85:31.1": "И тогда я подумал:  ",
  "mn85:31.2": "«Я помню, как однажды, когда мой отец из клана Сакьев работал, я сидел в прохладной тени миртового дерева, и тогда, отстранённый от чувственных удовольствий, отстранённый от неблагих состояний [ума], я вошёл и пребывал в первой джхане, которая сопровождалась направлением и удержанием [ума на объекте медитации] с восторгом и удовольствием, что возникли из-за [этой] отстранённости.  ",
  "mn85:31.3": "Могло ли это быть путём к просветлению?»  ",
  "mn85:31.4": "Вслед за этим воспоминанием пришло озарение:  ",
  "mn85:31.5": "-«Воистину, это путь к просветлению!»  ",
  "mn85:32.1": "И тогда я подумал:  ",
  "mn85:32.2": "«Так почему я боюсь этого удовольствия [джханы], которое не имеет ничего общего ни с чувственным удовольствием, ни с неблагими состояниями [ума]?»  ",
  "mn85:32.3": "И тогда я подумал:  ",
  "mn85:32.4": "«Я не боюсь этого удовольствия, ведь оно не имеет ничего общего ни с чувственным удовольствием, ни с неблагими состояниями [ума]».  ",
  "mn85:33.1": "И тогда я подумал:  ",
  "mn85:33.2": "«Непросто достичь этого удовольствия с настолько истощённым телом.  Что, если я приму какую-нибудь твёрдую пищу – немного варёного риса и каши?»  ",
  "mn85:33.3": "Так я принял твёрдую пищу – немного варёного риса и каши.  ",
  "mn85:33.4": "В то время пять монахов, которые ухаживали за мной, думали:  ",
  "mn85:33.5": "«Если наш отшельник Готама достигнет какого-либо высшего состояния, он скажет нам».  ",
  "mn85:33.6": "Но когда они увидели, как я ем твёрдую пищу – немного варёного риса и каши, – они в отвращении покинули меня, думая так:  ",
  "mn85:33.7": "«Отшельник Готама теперь живёт в роскоши. Он оставил своё старание и вернулся к роскоши».  ",
  "mn85:34-37.1": "И затем, когда я поел твёрдой пищи и восполнил силы, отстранённый от чувственных удовольствий, отстранённый от неблагих состояний [ума], я вошёл и пребывал в первой джхане, которая сопровождалась направлением и удержанием [ума на объекте медитации] с восторгом и удовольствием, что возникли из-за [этой] отстранённости.  ",
  "mn85:34-37.2": "С угасанием направления и удержания [ума на объекте] я вошёл и пребывал во второй джхане…  ",
  "mn85:34-37.3": "третьей джхане… ",
  "mn85:34-37.4": "четвёртой джхане… ",
  "mn85:34-37.5": "Когда мой ум стал таким сосредоточенным, очищенным, ярким, безупречным, избавленным от недостатков, гибким, податливым, устойчивым и непоколебимым, я направил его к знанию воспоминаний прошлых жизней.  ",
  "mn85:34-37.6": "Я вспомнил свои многочисленные прошлые жизни. Одну, две, три, четыре, пять, десять, двадцать, тридцать, сорок, пятьдесят, сто, тысячу, сто тысяч, многие циклы свёртывания мира, многие циклы развёртывания мира, многие циклы свёртывания и развёртывания мира. Так я вспомнил свои многочисленные прошлые жизни в подробностях и деталях. ",
  "mn85:34-37.7": "Это было первым истинным знанием, которое я обрёл в первую стражу ночи.  ",
  "mn85:34-37.8": "Неведение было выдворено; истинное знание появилось; тьма была выдворена, возник свет – так происходит с тем, кто пребывает прилежным, старательным и решительным.  ",
  "mn85:38.1": "Когда мой ум стал таким сконцентрированным, очищенным, ярким, незапятнанным, лишенным нечистоты, гибким, покоренным, устойчивым и погруженным в неколебимость, я направил к знанию смерти и перерождения существ. ",
  "mn85:38.2": "Посредством божественного видения, очищенного и превосходящего человеческое, я увидел как существа покидают жизнь и перерождаются, и  распознал низменных и высоких, прекрасных и уродливых, в счастливых уделах и в несчастливых уделах. Я понял, как существа переходят [из жизни в жизнь] в соответствии с их поступками. ",
  "mn85:39.1": "Это было вторым истинным знанием, которое я обрёл в среднюю стражу ночи.  Неведение было выдворено; истинное знание появилось; тьма была выдворена, возник свет – так происходит с тем, кто пребывает прилежным, старательным и решительным.  ",
  "mn85:40.1": "Когда мой ум стал таким сконцентрированным — очищенным, ярким, незапятнанным, лишенным нечистоты, гибким, покоренным, устойчивым и погруженным в неколебимость, я направил его к знанию уничтожения пятен [умственных загрязнений]. ",
  "mn85:40.2": "Я напрямую познал в соответствии с действительностью: «Вот страдание… Вот возникновение страдания… Вот прекращение страдания… Вот Путь ведущий к прекращению страдания»… ",
  "mn85:40.3": "Я напрямую познал в соответствии с действительностью: «Это – пятна [загрязнений ума]… Это – происхождение пятен… Это – прекращение пятен… Это – путь, ведущий к прекращению пятен». ",
  "mn85:41.1": "Когда я узнал и увидел это, мой ум освободился от пятна чувственного желания, от пятна существования, от пятна неведения.  ",
  "mn85:41.2": "Когда он освободился, пришло знание: «Он освобождён».  ",
  "mn85:41.3": "Я напрямую познал: «Рождение уничтожено, святая жизнь прожита, сделано то, что следовало сделать, не будет более появления в каком-либо состоянии существования». ",
  "mn85:42.1": "Это было третьим истинным знанием, которое я обрёл в последнюю стражу ночи.  ",
  "mn85:42.2": "Неведение было выдворено; истинное знание появилось; тьма была выдворена, возник свет – так происходит с тем, кто пребывает прилежным, старательным и решительным.  ",
  "mn85:43.1": "И тогда я подумал:  ",
  "mn85:43.2": "«Это Дхамма, которой я достиг, – глубока, трудно узреть её, трудно понять, [она] умиротворённа и возвышенна, недостижима одним лишь рассуждением, утончённа, может быть пережита [только] мудрыми.  ",
  "mn85:43.3": "Но это поколение наслаждается привязанностью, лелеет наслаждение в привязанности, радуется привязанности.  ",
  "mn85:43.4": "Такому поколению эту истину трудно узреть, то есть специфическую обусловленность, зависимое возникновение.  ",
  "mn85:43.5": "И эту истину [ему] также трудно узреть, то есть, успокоение всех формаций, оставление всех обретений, уничтожение жажды, бесстрастие, прекращение, ниббану.  ",
  "mn85:43.6": "Если бы я стал учить Дхамме и [при этом] другие не поняли бы меня, это было бы утомительно для меня, это было бы хлопотно».  ",
  "mn85:43.7": "И в этой связи такие поразительные строфы, никогда не слышанные прежде, спонтанно пришли ко мне:  ",
  "mn85:43.8": "Довольно с меня Дхамме учить,  ",
  "mn85:43.9": "Что даже мне далась нелегко.  ",
  "mn85:43.10": "Не сможет её никогда воспринять  ",
  "mn85:43.11": "Жаждой и злобою кто лишь живёт.  ",
  "mn85:43.12": "Окрашенный жаждой, окутанный тьмой,  ",
  "mn85:43.13": "Не сможет глубокую Дхамму узреть,  ",
  "mn85:43.14": "Она глубока, утончённа, трудна,  ",
  "mn85:43.15": "И против течения мира идёт. ",
  "mn85:43.16": "Когда я помыслил так, мой ум склонился к бездействию, а не к обучению [других] Дхамме.  ",
  "mn85:44.1": "И тогда, монахи, Брахма Сахампати, [напрямую] познав своим собственным умом мысль в моём уме, подумал:  ",
  "mn85:44.2": "«Ах! Мир пропал! Мир падёт! Ведь ум Татхагаты, совершенного и полностью просветлённого, склоняется к бездействию, а не к обучению Дхамме».  ",
  "mn85:44.3": "И тогда, также быстро, как сильный человек мог бы распрямить согнутую руку или согнуть распрямлённую, Брахма Сахампати исчез из мира брахм и возник передо мной.  ",
  "mn85:44.4": "Закинув внешнее одеяние за плечо, встав на правое колено, сложив ладони в почтительном приветствии ко мне, он сказал:  ",
  "mn85:44.5": "«Уважаемый, пусть Благословенный обучает Дхамме.  Пусть Высочайший обучает Дхамме.  ",
  "mn85:44.6": "Есть существа, у которых мало пыли в глазах  и которые падут, поскольку не услышат Дхамму.  ",
  "mn85:44.7": "Будут те, которые поймут Дхамму».  ",
  "mn85:44.8": "Так сказал Брахма Сахампати. ",
  "mn85:44.9": "И сказав это, он далее добавил:  ",
  "mn85:44.10": "В прошлом возникла Магадхов среди  ",
  "mn85:44.11": "Ложная Дхамма от тех, кто нечист.  ",
  "mn85:44.12": "Так распахни же в Бессмертное дверь, ",
  "mn85:44.13": "Пусть же услышат ту Дхамму они, что Не-Имеющий-Пятен открыл.  ",
  "mn85:44.14": "Вот, как стоящий на пике горы  ",
  "mn85:44.15": "Может увидеть людей всех вокруг,  ",
  "mn85:44.16": "Так же, Мудрейший, Всевидящий Взор,  ",
  "mn85:44.17": "В Дхаммы дворец вознесётся пускай.  ",
  "mn85:44.18": "Пусть Беспечальный узрит же людей,  ",
  "mn85:44.19": "Тех, что печалью поглощены, смертью, рождением кто угнетён.  ",
  "mn85:44.20": "Восстань же, Герой! В бою победивший, вожак каравана,  ",
  "mn85:44.21": "Скитайся же по миру, долг свой Отдавший,  ",
  "mn85:44.22": "Учи своей Дхамме, о Благословенный,  ",
  "mn85:44.23": "Найдутся такие, кто сможет понять!  ",
  "mn85:45.1": "И тогда я, услышав просьбу Брахмы, из сострадания к существам обозрел мир оком Будды.  ",
  "mn85:45.2": "Обозрев мир оком Будды, я увидел существ, у которых мало пыли в глазах и много пыли в глазах, с сильными качествами и со слабыми качествами, с хорошими свойствами и с плохими свойствами, которых легко обучать и которых трудно обучать, и некоторых, кто пребывал в видении неодобрения и страха перед иным миром.  ",
  "mn85:45.3": "Подобно тому как в озере с голубыми, или красными, или белыми лотосами некоторые лотосы, которые родились и выросли в воде, расцветают, будучи погружёнными в воду, так и не взойдя над поверхностью воды, некоторые лотосы родились в воде, растут в воде и покоятся на поверхности воды; и некоторые лотосы, которые родились в воде и росли в воде, всходят над водой и находятся там, будучи не замочены водой. ",
  "mn85:45.4": "",
  "mn85:45.5": "Тогда я ответил Брахме Сахампати строфой:  ",
  "mn85:45.6": "Открыты в Бессмертное для них врата:  ",
  "mn85:45.7": "Пусть ухо склоняющий веру взрастит.  ",
  "mn85:45.8": "Предвидев проблемы, я, Брахма, молчал  ",
  "mn85:45.9": "О Дхамме возвышенной и уточнённой.  ",
  "mn85:45.10": "И тогда Брахма Сахампати подумал: «Благословенный согласился с моей просьбой обучать Дхамме». Затем он поклонился мне и исчез прямо на том самом месте.  ",
  "mn85:46.1": "И тогда я подумал:  ",
  "mn85:46.2": "«Кого мне следует первого научить Дхамме?  ",
  "mn85:46.3": "Кто поймёт эту Дхамму быстро?»  ",
  "mn85:46.4": "И тогда я подумал:  ",
  "mn85:46.5": "«Алара Калама мудр, умён, проницателен. Долгое время у него было мало пыли в глазах.  ",
  "mn85:46.6": "Что, если я первого научу Дхамме Удакка Рамапутту?  ",
  "mn85:46.7": "Он поймёт её быстро».  ",
  "mn85:46.8": "Тогда божества подошли ко мне и сказали:  ",
  "mn85:46.9": "«Уважаемый, Алара Калама скончался семь дней назад».  ",
  "mn85:46.10": "И знание и видение [также] возникли во мне:  ",
  "mn85:46.11": "«Алара Калама скончался семь дней назад».  ",
  "mn85:46.12": "И тогда я подумал:  ",
  "mn85:46.13": "«Велика утрата Алара Каламы.  ",
  "mn85:46.14": "Если бы он услышал эту Дхамму, он бы понял её быстро».  ",
  "mn85:47.1": "И тогда я подумал:  ",
  "mn85:47.2": "«Кого мне следует первого научить Дхамме?  ",
  "mn85:47.3": "Кто поймёт эту Дхамму быстро?»  ",
  "mn85:47.4": "И тогда я подумал:  ",
  "mn85:47.5": "«Уддака Рамапутта мудр, умён, проницателен. Долгое время у него было мало пыли в глазах.  ",
  "mn85:47.6": "Что, если я первого научу Дхамме Удакка Рамапутту?  ",
  "mn85:47.7": "Он поймёт её быстро».  ",
  "mn85:47.8": "Тогда божества подошли ко мне и сказали:  ",
  "mn85:47.9": "«Уважаемый, Уддака Рамапутта скончался прошлой ночью».  ",
  "mn85:47.10": "И знание и видение [также] возникли во мне:  ",
  "mn85:47.11": "«Уддака Рамапутта скончался прошлой ночью».  ",
  "mn85:47.12": "И тогда я подумал:  ",
  "mn85:47.13": "«Велика утрата Уддаки Рамапутты.  ",
  "mn85:47.14": "Если бы он услышал эту Дхамму, он бы понял её быстро».  ",
  "mn85:48.1": "И тогда я подумал:  ",
  "mn85:48.2": "«Кого мне следует первого научить Дхамме?  ",
  "mn85:48.3": "Кто поймёт эту Дхамму быстро?»  ",
  "mn85:48.4": "И тогда я подумал:  ",
  "mn85:48.5": "«Монахи из группы пяти были очень полезны, они прислуживали мне, когда я был вовлечён в старания. ",
  "mn85:48.6": "Что, если я первых научу Дхамме их?»  ",
  "mn85:48.7": "И тогда я подумал:  ",
  "mn85:48.8": "«Где сейчас проживают монахи из группы пяти?»  ",
  "mn85:48.9": "И божественным глазом, очищенным и превосходящим человеческий, я увидел, что они проживали в Варанаси, в Оленьем парке, в Исипатане.  ",
  "mn85:49.1": "Затем, монахи, когда я побыл в Урувеле столько, сколько считал нужным, я отправился странствовать переходами в направлении Варанаси.  ",
  "mn85:49.2": "По дороге между Гаей и местом просветления меня увидел адживака Упака ",
  "mn85:49.3": "и сказал: ",
  "mn85:49.4": "«Друг, черты [твоего лица] чисты, цвет твоей кожи чистый и яркий.  ",
  "mn85:49.5": "Под чьим [учительством] ты ушёл в бездомную жизнь, друг?  Кто твой Учитель? Чьей Дхаммы ты придерживаешься?» ",
  "mn85:49.6": "Я ответил Упаке строфами: ",
  "mn85:49.7": "Я тот, кто знает всё, кто всё преодолел,  ",
  "mn85:49.8": "Отбросив всё, ничем я не запачкан. ",
  "mn85:49.9": "Освобождён я угасаньем жажды. ",
  "mn85:49.10": "Если я [сам] познал всё это для себя,  ",
  "mn85:49.11": "Кого учителем тогда назвать могу?  ",
  "mn85:49.12": "Нет у меня учителя, подобного мне нет. ",
  "mn85:49.13": "В мирах со всеми божествами ",
  "mn85:49.14": "Соперника мне нет.  ",
  "mn85:49.15": "Никто со мною в этом мире не сравнится. ",
  "mn85:49.16": "Учитель [в этом мире] величайший.  ",
  "mn85:49.17": "Один единственный я Просветлённый, ",
  "mn85:49.18": "Потухло пламя, полностью угасло. ",
  "mn85:49.19": "И ныне направляюсь в город Каси,  ",
  "mn85:49.20": "Чтоб привести в движение Дхаммы Колесо.  ",
  "mn85:49.21": "И в мире в том, что [снова] стал ослепшим,  ",
  "mn85:49.22": "Я собираюсь бить в Бессмертья барабан.  ",
  "mn85:49.23": "[Упака ответил]: «Судя по твоим заявлениям, друг, ты должен быть Вселенским Победителем».  ",
  "mn85:49.24": "[Благословенный ответил]: Победоносные подобны мне,  ",
  "mn85:49.25": "Достигли разрушения пятен.  ",
  "mn85:49.26": "Все состояния плохие одолел, ",
  "mn85:49.27": "Вот почему, Упака, я победоносный.  ",
  "mn85:49.28": "Когда так было сказано, адживака Упака сказал: «Пусть будет так, друг». Покачав головой, он свернул на боковую дорогу и ушёл.  ",
  "mn85:50.1": "Далее, монахи, странствуя переходами, со временем я прибыл в Варанаси, в Олений парк, в Исипатану ",
  "mn85:50.2": "И подошёл к монахам из группы пяти. Монахи увидели меня издали  ",
  "mn85:50.3": "и между собой решили:  ",
  "mn85:50.4": "«Друзья, вот идёт отшельник Готама,  который проживает в роскоши, который отбросил своё старание, вернулся к роскоши.  ",
  "mn85:50.5": "Не следует кланяться ему, вставать перед ним, принимать его чашу и внешнее одеяние, ",
  "mn85:50.6": "но можно приготовить для него сиденье. Если он захочет, может присесть».  ",
  "mn85:50.7": "Однако, когда я подошёл, те монахи не смогли сдержать своего уговора.  ",
  "mn85:50.8": "Один вышел повстречать меня и взял мою чашу и внешнее одеяние, другой приготовил сиденье, ещё другой выставил воду для [мытья] ног.  ",
  "mn85:50.9": "Однако они обратились ко мне по имени и [словом] «друг».  ",
  "mn85:51.1": "Когда так было сказано, я спросил их:  ",
  "mn85:51.2": "«Монахи, не обращайтесь к Татхагате по имени и [словом] «друг».  ",
  "mn85:51.3": "Татхагата – совершенный, полностью просветлённый.  ",
  "mn85:51.4": "Послушайте монахи, Бессмертное было достигнуто.  Я буду наставлять вас, я буду учить вас Дхамме.  ",
  "mn85:51.5": "Практикуя в соответствии с наставлением, реализовав для себя здесь и сейчас посредством прямого знания, вы вскоре войдёте и будете пребывать в высочайшей цели святой жизни,  ради которой представители клана праведно оставляют жизнь домохозяйскую ради жизни бездомной».  ",
  "mn85:51.6": "Когда так было сказано, монахи из группы пяти ответили мне так:  ",
  "mn85:51.7": "«Друг Готама, поведением, практикой, исполнением аскез, которые ты предпринимал, ты не достиг каких-либо сверхчеловеческих состояний, какого-либо отличия в знании и видении, что достойно благородных.  Поскольку ты теперь проживаешь в роскоши, оставив своё старание, вернувшись к роскоши, как могло произойти так, что ты достиг каких-либо сверхчеловеческих состояний, какого-либо отличия в знании и видении, что достойно благородных?»  ",
  "mn85:51.8": "Когда так было сказано, я спросил их:  ",
  "mn85:51.9": "«Татхагата не проживает в роскоши, как и не оставил своего старания и не вернулся к роскоши.  ",
  "mn85:51.10": "Татхагата – совершенный, полностью просветлённый.  ",
  "mn85:51.11": "Послушайте монахи, Бессмертное было достигнуто.  Я буду наставлять вас, я буду учить вас Дхамме.  ",
  "mn85:51.12": "Практикуя в соответствии с наставлением, реализовав для себя здесь и сейчас посредством прямого знания, вы вскоре войдёте и будете пребывать в высочайшей цели святой жизни,  ради которой представители клана праведно оставляют жизнь домохозяйскую ради жизни бездомной».  ",
  "mn85:51.13": "И во второй раз монахи из группы пяти сказали мне:  ",
  "mn85:51.14": "«Друг Готама, поведением, практикой… как могло произойти так, что ты достиг каких-либо сверхчеловеческих состояний, какого-либо отличия в знании и видении, что достойно благородных?»  ",
  "mn85:51.15": "И во второй раз я сказал им:  ",
  "mn85:51.16": "«Татхагата не проживает в роскоши… жизнь домохозяйскую ради жизни бездомной».  ",
  "mn85:51.17": "",
  "mn85:51.18": "",
  "mn85:51.19": "",
  "mn85:51.20": "И в третий раз монахи из группы пяти сказали мне:  ",
  "mn85:51.21": "«Друг Готама, поведением, практикой… как могло произойти так, что ты достиг каких-либо сверхчеловеческих состояний, какого-либо отличия в знании и видении, что достойно благородных?»  ",
  "mn85:52.1": "Когда так было сказано, я спросил их:  ",
  "mn85:52.2": "«Монахи, слышали ли вы, чтобы я говорил так прежде?»  ",
  "mn85:52.3": "«Нет, уважаемый». ",
  "mn85:52.4": "«Монахи, Татхагата – совершенный, полностью просветлённый.  ",
  "mn85:52.5": "Послушайте монахи, Бессмертное было достигнуто.  Я буду наставлять вас, я буду учить вас Дхамме.  ",
  "mn85:52.6": "Практикуя в соответствии с наставлением, реализовав для себя здесь и сейчас посредством прямого знания, вы вскоре войдёте и будете пребывать в высочайшей цели святой жизни,  ради которой представители клана праведно оставляют жизнь домохозяйскую ради жизни бездомной».  ",
  "mn85:53.1": "Я смог убедить монахов из группы пяти. ",
  "mn85:53.2": "И затем иногда я наставлял двух монахов, пока трое других ходили за подаяниями,  ",
  "mn85:53.3": "и мы шестеро жили на то, что те трое монахов приносили с хождения за подаяниями.  ",
  "mn85:53.4": "Иногда я наставлял трёх монахов, пока другие двое ходили за подаяниями, ",
  "mn85:53.5": "И мы шестеро жили на то, что те двое монахов приносили с хождения за подаяниями.  ",
  "mn85:54.1": "И затем монахи группы из пяти, вскоре после того, как они были обучены и наставлены мной, реализовав это для себя посредством прямого знания, здесь и сейчас вошли и пребывали в высочайшей цели святой жизни,  ради которой представители клана праведно оставляют жизнь домохозяйскую ради жизни бездомной».  ",
  "mn85:55.1": "Когда так было сказано, царевич Бодхи сказал Благословенному:  ",
  "mn85:55.2": "«Господин, когда монах находит Татхагату, который тренировал бы его, то сколько времени нужно на то, чтобы он, реализовав это для себя посредством прямого знания, здесь и сейчас вошёл бы пребывал в высочайшей цели святой жизни, ради которой представители клана праведно оставляют жизнь домохозяйскую ради жизни бездомной?»  ",
  "mn85:55.3": "«В этом случае, царевич, я задам тебе встречный вопрос. Отвечай так, как посчитаешь нужным. ",
  "mn85:55.4": "Как ты думаешь, царевич? ",
  "mn85:55.5": "Умелый ли ты в искусстве владения прутом для подгонки во время езды на слоне?»  ",
  "mn85:55.6": "«Да, уважаемый». ",
  "mn85:56.1": "«Как ты думаешь, царевич? ",
  "mn85:56.2": "Представь, как если бы сюда пришёл человек и подумал:  ",
  "mn85:56.3": "«Царевич Бодхи знает искусство владения прутом для подгонки во время езды на слоне.  ",
  "mn85:56.4": "Я буду обучаться у него этому искусству».  ",
  "mn85:56.5": "Если бы у него не было веры, ",
  "mn85:56.6": "то он бы не достиг того, что может быть достигнуто тем, у кого есть вера.  ",
  "mn85:56.7": "Если бы у него было много болезней,  ",
  "mn85:56.8": "он бы не достиг того, что может быть достигнуто тем, кто свободен от болезней.  ",
  "mn85:56.9": "Если бы он был неискренним и лживым,  ",
  "mn85:56.10": "то он бы не достиг того, что может быть достигнуто тем, кто честный и искренний.  ",
  "mn85:56.11": "Если бы он был ленив,  ",
  "mn85:56.12": "то он бы не достиг того, что может быть достигнуто тем, кто усерден.  ",
  "mn85:56.13": "Если бы он не был мудрым,  ",
  "mn85:56.14": "то он бы не достиг того, что может быть достигнуто тем, кто мудр.  ",
  "mn85:56.15": "Как ты думаешь, царевич? ",
  "mn85:56.16": "Мог бы этот человек обучаться у тебя искусству владения прутом для подгонки во время езды на слоне?»  ",
  "mn85:56.17": "«Господин, даже если бы у него был бы один такой недостаток, он не смог бы обучаться у меня, так что уж говорить о пяти?»  ",
  "mn85:57.1": "«Как ты думаешь, царевич? ",
  "mn85:57.2": "Представь, как если бы сюда пришёл человек и подумал:  ",
  "mn85:57.3": "«Царевич Бодхи знает искусство владения прутом для подгонки во время езды на слоне.  ",
  "mn85:57.4": "Я буду обучаться у него этому искусству».  ",
  "mn85:57.5": "Если бы у него была вера, ",
  "mn85:57.6": "то он бы достиг того, что может быть достигнуто тем, у кого есть вера.  ",
  "mn85:57.7": "Если бы у него не было много болезней,  ",
  "mn85:57.8": "он бы достиг того, что может быть достигнуто тем, кто свободен от болезней.  ",
  "mn85:57.9": "Если бы он был честным и искренним, ",
  "mn85:57.10": "то он бы достиг того, что может быть достигнуто тем, кто честный и искренний.  ",
  "mn85:57.11": "Если бы он был усердным, ",
  "mn85:57.12": "то он бы достиг того, что может быть достигнуто тем, кто усерден.  ",
  "mn85:57.13": "Если бы он был мудр,  ",
  "mn85:57.14": "то он бы достиг того, что может быть достигнуто тем, кто мудр.  ",
  "mn85:57.15": "Как ты думаешь, царевич? ",
  "mn85:57.16": "Мог бы этот человек обучаться у тебя искусству владения прутом для подгонки во время езды на слоне?»  ",
  "mn85:57.17": "«Господин, даже если бы у него было хотя бы одно из этих качеств, он смог бы обучаться у меня, так что уж говорить о пяти?»  ",
  "mn85:58.1": "«Точно также, царевич, есть эти пять факторов старания.  ",
  "mn85:58.2": "Какие пять? ",
  "mn85:58.3": "Вот благородный ученик обладает верой, он верит в просветление Татхагаты: ",
  "mn85:58.4": "«Благословенный – это тот, кто достиг совершенства, полностью просветлённый, совершенный в истинном знании и поведении, высочайший, знаток миров, непревзойдённый вожак тех, кто должен обуздать себя, учитель богов и людей, просветлённый, благословенный». ",
  "mn85:58.5": "Далее, он свободен от болезней и недугов,  обладает хорошим пищеварением, которое ни слишком холодное, ни слишком тёплое, но среднее, а также способен выдержать нагрузку от старания. ",
  "mn85:58.6": "Далее, он честный и искренний,  он в соответствии с действительностью раскрывает себя Учителю и своим товарищам по святой жизни.  ",
  "mn85:58.7": "Он усерден в оставлении неблагих состояний [ума] и в осуществлении благих состояний. Он твёрд, устойчив в старании, настойчив во взращивании благих состояний. ",
  "mn85:58.8": "Он мудр. Он наделён мудростью в отношении возрастания и исчезновения – благородной, проникающей, ведущей к полному уничтожению страданий. ",
  "mn85:58.9": "Таковы пять факторов старания.  ",
  "mn85:59.1": "Царевич, когда монах, который наделён этими пятью факторами старания, находит Татхагату, чтобы тренировать его, он может пребывать, [тренируясь],  ",
  "mn85:59.2": "семь лет, после чего, реализовав это для себя посредством прямого знания, здесь и сейчас он войдёт и будет пребывать в высочайшей цели святой жизни, ради которой представители клана праведно оставляют жизнь домохозяйскую ради жизни бездомной.  ",
  "mn85:59.3": "Но отставим в сторону эти семь лет, царевич.  ",
  "mn85:59.4": "Когда монах, который наделён этими пятью факторами старания находит Татхагату, чтобы тренировать его, он может пребывать, [тренируясь],  ",
  "mn85:59.5": "шесть лет, после чего, реализовав это для себя посредством прямого знания, здесь и сейчас он войдёт и будет пребывать в высочайшей цели святой жизни, ради которой представители клана праведно оставляют жизнь домохозяйскую ради жизни бездомной.  ",
  "mn85:59.6": "",
  "mn85:59.7": "",
  "mn85:59.8": "",
  "mn85:59.9": "",
  "mn85:59.10": "…один год… ",
  "mn85:59.11": "Но отставим в сторону один год, царевич.  ",
  "mn85:59.12": "Царевич, когда монах, который наделён этими пятью факторами старания, находит Татхагату, чтобы тренировать его, он может пребывать, [тренируясь],  ",
  "mn85:59.13": "семь месяцев, после чего, реализовав это для себя посредством прямого знания, здесь и сейчас он войдёт и будет пребывать в высочайшей цели святой жизни, ради которой представители клана праведно оставляют жизнь домохозяйскую ради жизни бездомной.  ",
  "mn85:59.14": "",
  "mn85:59.15": "",
  "mn85:59.16": "",
  "mn85:59.17": "",
  "mn85:59.18": "",
  "mn85:59.19": "",
  "mn85:59.20": "",
  "mn85:59.21": "",
  "mn85:59.22": "",
  "mn85:59.23": "",
  "mn85:59.24": "",
  "mn85:59.25": "",
  "mn85:59.26": "",
  "mn85:59.27": "",
  "mn85:59.28": "",
  "mn85:59.29": "",
  "mn85:59.30": "",
  "mn85:59.31": "",
  "mn85:59.32": "",
  "mn85:59.33": "",
  "mn85:59.34": "",
  "mn85:59.35": "",
  "mn85:59.36": "…дин день и [одну] ночь… ",
  "mn85:59.37": "Но отставим в сторону дин день и [одну] ночь, царевич.  ",
  "mn85:59.38": "Когда монах, который наделён этими пятью факторами старания находит Татхагату, чтобы тренировать его, то тогда, получив наставления вечером, он может прийти к отличию [уже] утром. Получив наставление утром, он может прийти к отличию [уже] вечером». ",
  "mn85:60.1": "Когда так было сказано, царевич Бодхи сказал Благословенному:  ",
  "mn85:60.2": "«О, Будда!  О, Дхамма! О, как прекрасно провозглашена Дхамма!  ",
  "mn85:60.3": "Ведь тот, кто получил наставления вечером, может прийти к отличию [уже] утром, а тот, кто получил наставления утром, может прийти к отличию [уже] вечером».  ",
  "mn85:61.1": "Когда так было сказано, брахманский ученик Саньджикапутта сказал царевичу Бодхи:  ",
  "mn85:61.2": "«Господин Бодхи говорит: «О, Будда! О, Дхамма! О, как прекрасно провозглашена Дхамма!»  ",
  "mn85:61.3": "",
  "mn85:61.4": "Но он не говорит: «Я принимаю прибежище в господине Готаме, а также в Дхамме и в Сангхе монахов».  ",
  "mn85:61.5": "«Я не говорю так, дорогой Саньджикапутта, я не говорю так.  ",
  "mn85:61.6": "Я слышал и выучил это из уст своей матери:  ",
  "mn85:61.7": "Однажды Благословенный проживал в Косамби в Парке Гхоситы.  ",
  "mn85:61.8": "И тогда моя мать, будучи беременной, отправилась к Благословенному, поклонилась ему, села рядом и сказала ему:  ",
  "mn85:61.9": "«Уважаемый, царевич или царевна в моей утробе, не важно кто, принимает прибежище в Благословенном, прибежище в Дхамме, и прибежище в Сангхе монахов.  ",
  "mn85:61.10": "Пусть Благословенный помнит [ребёнка] как мирского последователя, принявшего в нём прибежище с этого дня и на всю жизнь».  ",
  "mn85:61.11": "А также однажды Благословенный проживал здесь, в стране Бхаггов, в Сунсумарагире, в роще Бхесакалы, в Оленьем Парке.  ",
  "mn85:61.12": "И тогда моя нянька, носившая меня на бедре, отправилась к Благословенному, поклонилась ему, встала рядом и сказала ему:  ",
  "mn85:61.13": "«Уважаемый, этот царевич Бодхи принимает прибежище в Благословенном, прибежище в Дхамме и прибежище в Сангхе монахов.  ",
  "mn85:61.14": "Пусть Благословенный помнит его как мирского последователя, принявшего в нём прибежище с этого дня и на всю жизнь».  ",
  "mn85:61.15": "И теперь, дорогой Саньджикапутта, в третий раз я принимаю прибежище в Благословенном, прибежище в Дхамме и прибежище в Сангхе монахов.  ",
  "mn85:61.16": "Пусть Благословенный помнит меня как мирского последователя, принявшего в нём прибежище с этого дня и на всю жизнь». "
}