{
  "mn92:0.1": "Мадджхима Никая 92 ",
  "mn92:0.2": "К Селе ",
  "mn92:1.1": "Так я слышал. ",
  "mn92:1.2": "Однажды Благословенный путешествовал по стране Ангуттарапанов вместе с большой общиной монахов, с тысячью двумястами пятьюдесятью монахами, и со временем прибыл в город Ангуттарапанов под названием Апана.  ",
  "mn92:2.1": "Отшельник со спутанными волосами [по имени] Кения услышал:  ",
  "mn92:2.2": "«Отшельник Готама, сын Сакьев, ушедший из клана Сакьев в бездомную жизнь, странствовал по стране Ангуттарапанов с большой общиной монахов, с тысячью двумястами пятьюдесятью монахами, и прибыл в Апану.  ",
  "mn92:2.3": "И об этом господине Готаме распространилась такая славная молва: ",
  "mn92:2.4": "«Благословенный – это тот, кто достиг совершенства, полностью просветлённый, совершенный в истинном знании и поведении, высочайший, знаток миров, непревзойдённый вожак тех, кто должен обуздать себя, учитель богов и людей, просветлённый, благословенный». ",
  "mn92:2.5": "Он провозглашает этот мир с его богами и людьми, Марами и Брахмами, с его поколением жрецов и отшельников, князей и [простых] людей, который он сам реализовал посредством прямого знания. ",
  "mn92:2.6": "Он обучает Дхамме – прекрасной в начале, прекрасной в середине и прекрасной в конце – в правильных значениях и формулировках. Он раскрывает святую жизнь, всецело совершенную и чистую. ",
  "mn92:2.7": "Хорошо было бы увидеть таких арахантов». ",
  "mn92:3.1": "И тогда отшельник со спутанными волосами [по имени] Кения отправился к Благословенному и обменялся с ним приветствиями,  ",
  "mn92:3.2": "после обмена вежливыми приветствиями и любезностями он сел рядом. ",
  "mn92:3.3": "И Благословенный понуждал, побуждал и радовал его беседой по Дхамме.  ",
  "mn92:3.4": "И затем, наставленный, понуждённый, побуждённый и порадованный беседой по Дхамме, отшельник со спутанными волосами [по имени] Кения сказал Благословенному:  ",
  "mn92:3.5": "«Пусть господин Готама вместе с общиной монахов согласится принять от меня приглашение на завтрашний обед».  ",
  "mn92:3.6": "Когда так было сказано, Благословенный ответил:  ",
  "mn92:3.7": "«Община монахов огромна, Кения, состоит из тысячи двухсот пятидесяти монахов,  а ты выражаешь полное доверие брахманам».  ",
  "mn92:3.8": "И во второй раз отшельник со спутанными волосами [по имени] Кения сказал Благословенному:  ",
  "mn92:3.9": "«Хоть община монахов и огромна, господин Готама, и состоит из тысячи двухсот пятидесяти монахов, и хотя я выражаю полное доверие брахманам,  ",
  "mn92:3.10": "всё равно пусть господин Готама вместе с общиной монахов согласится принять от меня приглашение на завтрашний обед».  ",
  "mn92:3.11": "И во второй раз… Благословенный дал тот же ответ. ",
  "mn92:3.12": "",
  "mn92:3.13": "И в третий раз отшельник со спутанными волосами [по имени] Кения сказал Благословенному:  ",
  "mn92:3.14": "«Хоть община монахов и огромна, господин Готама, и состоит из тысячи двухсот пятидесяти монахов, и хотя я выражаю полное доверие брахманам,  ",
  "mn92:3.15": "всё равно пусть господин Готама вместе с общиной монахов согласится принять от меня приглашение на завтрашний обед».  ",
  "mn92:3.16": "Благословенный молча согласился. ",
  "mn92:4.1": "И тогда, осознав, что Благословенный согласился, отшельник со спутанными волосами [по имени] Кения поднялся со своего сиденья и отправился в свою собственную хижину отшельника,  Где обратился к своим друзьям и товарищам, родственникам и родным:  ",
  "mn92:4.2": "«Услышьте меня, почтенные, мои друзья и товарищи, родственники и родные!  ",
  "mn92:4.3": "Отшельник Готама вместе с Сангхой монахов был приглашён мной на завтрашний обед.  ",
  "mn92:4.4": "Сделайте для меня необходимые закупки и приготовления».  ",
  "mn92:4.5": "«Да, почтенный», – отвечали они. Кто-то стал выкапывать печи, кто-то рубить деревья, кто-то мыть посуду, кто-то выставлять кувшины с водой, кто-то готовил сиденья,  ",
  "mn92:4.6": "тогда как сам отшельник со спутанными волосами [по имени] Кения устанавливал шатёр.  ",
  "mn92:5.1": "И в то время брахман Села пребывал в Апане.  Он был знатоком Трёх Вед в их словарях, литургии, фонологии, этимологии, и исторей как пятое. Он хорошо знал филологию, грамматику и был прекрасно сведущ в натурфилософии и в знаках Великого Человека, и обучал декламации гимнов три сотни брахманских учеников.  ",
  "mn92:6.1": "И в то время отшельник со спутанными волосами [по имени] Кения выражал полное доверие брахману Селе.  ",
  "mn92:6.2": "И в то время отшельник со спутанными волосами [по имени] Кения выражал полное доверие брахману Селе.  ",
  "mn92:6.3": "Там он увидел как кто-то выкапывает печи, кто-то рубит деревья, кто-то моет посуду, кто-то выставляет кувшины с водой, кто-то готовит сиденья, тогда как сам отшельник со спутанными волосами [по имени] Кения устанавливает шатёр.  ",
  "mn92:7.1": "Когда он увидел это, он спросил отшельника со спутанными волосами [по имени] Кения:  ",
  "mn92:7.2": "«Господин Кения женится или выдаёт замуж?  Или [готовится] великое жертвование?  Или царь Сения Бимбисара из Магадхи был приглашён со своей большой свитой на завтрашний обед?»  ",
  "mn92:8.1": "«Я не женюсь, не выдаю замуж, господин Села, и царь Сения Бимбисара из Магадхи не был приглашён со своей большой свитой на завтрашний обед.  ",
  "mn92:8.2": "Но я планирую великое жертвование.  ",
  "mn92:8.3": "Отшельник Готама, сын Сакьев, ушедший из клана Сакьев в бездомную жизнь, путешествовал по стране Ангуттарапанов с большой общиной монахов, с тысячью двумястами пятьюдесятью монахами, и прибыл в Апану.  ",
  "mn92:8.4": "И об этом господине Готаме распространилась такая славная молва: ",
  "mn92:8.5": "«Благословенный – это тот, кто достиг совершенства, полностью просветлённый, совершенный в истинном знании и поведении, высочайший, знаток миров, непревзойдённый вожак тех, кто должен обуздать себя, учитель богов и людей, просветлённый, благословенный». ",
  "mn92:8.6": "Он был приглашён мной на завтрашний обед вместе с общиной монахов».  ",
  "mn92:9.1": "«Ты сказал «Будда», Кения?»  ",
  "mn92:9.2": "«Я сказал «Будда», Села».  ",
  "mn92:9.3": "«Ты сказал «Будда», Кения?»  ",
  "mn92:9.4": "«Я сказал «Будда», Села».  ",
  "mn92:10.1": "И тогда мысль пришла к брахману Селе:  ",
  "mn92:10.2": "«Даже звучание [этого слова] «Будда» редко встречается в мире.  ",
  "mn92:10.3": "А в наших гимнах дошли до нас тридцать два знака Великого Человека.  У Великого Человека, который наделён ими, есть только две возможных участи, и нет других. ",
  "mn92:10.4": "Если он живёт домохозяйской жизнью, он станет царём-миродержцем, праведным царём, который правит Дхаммой, покорителем четырёх сторон света, всепобедившим, утвердившим порядок в своей стране, владеющим семью сокровищами. ",
  "mn92:10.5": "У него есть эти семь сокровищ: ",
  "mn92:10.6": "сокровище-колесо, сокровище-слон, сокровище-конь, сокровище-самоцвет, сокровище-женщина, сокровище-распорядитель, сокровище-советник в качестве седьмого. ",
  "mn92:10.7": "У него более тысячи сыновей-героев, покорителей вражеских армий. ",
  "mn92:10.8": "Он правит, покорив эту охваченную морями землю, без палки и оружия, а только Дхаммой. ",
  "mn92:10.9": "Но если он оставляет жизнь домохозяйскую ради бездомной, то он станет Совершенным, Полностью Просветлённым, который сдёрнет завесу [неведения] с мира». ",
  "mn92:11.1": "[И тогда он сказал]: «Мой дорогой Кения, где сейчас проживает господин Готама, совершенный и полностью просветлённый?»  ",
  "mn92:11.2": "Когда так было сказано, отшельник со спутанными волосами [по имени] Кения вытянул свою правую руку и сказал:  ",
  "mn92:11.3": "«Вон там, где та зелёная полоса рощи, господин Села».  ",
  "mn92:12.1": "И тогда брахман Села вместе с тремя сотнями брахманских учеников отправился к Благословенному.  ",
  "mn92:12.2": "Он обратился к брахманским ученикам:  ",
  "mn92:12.3": "«Подходите тише, почтенные, ступайте аккуратнее.  ",
  "mn92:12.4": "Ведь к этим Благословенным трудно подступиться, [они] как лев, который бродит в одиночку.  ",
  "mn92:12.5": "Когда я буду говорить с отшельником Готамой, не встревайте и не перебивайте меня,  ",
  "mn92:12.6": "но ждите, пока разговор закончится».  ",
  "mn92:13.1": "И тогда брахман Села отправился к Благословенному и обменялся с ним приветствиями.  ",
  "mn92:13.2": "После обмена вежливыми приветствиями и любезностями он сел рядом ",
  "mn92:13.3": "и стал рассматривать тридцать два знака Великого Человека на теле Благословенного. ",
  "mn92:13.4": "До той или иной степени ему удалось распознать тридцать два знака на теле Благословенного кроме двух. ",
  "mn92:13.5": "Он сомневался и не был уверен по поводу двух знаков, не мог решить и сделать вывод: ",
  "mn92:13.6": "скрыт ли в оболочке мужской орган и действительно ли язык большой. ",
  "mn92:13.7": "И тогда мысль пришла Благословенному: ",
  "mn92:13.8": "«Этот брахман Села видит до той или иной степени тридцать два знака Великого Человека на мне, кроме двух. ",
  "mn92:13.9": "Он сомневается и не уверен по поводу двух знаков, не может решить и сделать вывод: ",
  "mn92:13.10": "скрыт ли в оболочке мужской орган и действительно ли язык большой». ",
  "mn92:14.1": "И тогда Благословенный совершил такое чудо посредством сверхъестественных сил, что брахман Села увидел, что мужской орган Благословенного скрыт в оболочке. ",
  "mn92:14.2": "Затем Благословенный высунул язык и поочерёдно дотронулся им до обоих ушей и обеих ноздрей, а затем покрыл своим языком весь лоб. ",
  "mn92:15.1": "И тогда мысль пришла к брахману Селе:  ",
  "mn92:15.2": "«Отшельник Готама наделён тридцатью двумя знаками Великого Человека. Они полные, а не неполные. ",
  "mn92:15.3": "Но я не знаю, Будда ли он, или же нет.  ",
  "mn92:15.4": "Однако, я слышал от пожилых старейшин-брахманов, которые говорят в соответствии с линией наследия учителей,  ",
  "mn92:15.5": "что те, кто являются совершенными и полностью просветлёнными, раскрывают себя, когда им возносится похвала. ",
  "mn92:15.6": "Что, если я вознесу похвалу, [обращаясь] напрямую к отшельнику Готаме, уместными строфами?»  ",
  "mn92:15.7": "И тогда он уместными строфами произнёс восхваление, [обращаясь] напрямую к Благословенному: ",
  "mn92:16.1": "О совершенный в теле; тот, кому благоволят,  ",
  "mn92:16.2": "Кто славно сложен; тот, кого приятно лицезреть;  ",
  "mn92:16.3": "Благословенный, цветом золота [блестишь],  ",
  "mn92:16.4": "Зубы белы твои, а также ты силён. ",
  "mn92:16.5": "И каждая видна твоя черта,  ",
  "mn92:16.6": "На хорошо рождённого указывает что,  ",
  "mn92:16.7": "Можно найти их все на теле на твоём,  ",
  "mn92:16.8": "Все эти знаки человека, что велик.  ",
  "mn92:16.9": "Глаза чисты, сияет выражение лица,  ",
  "mn92:16.10": "Ты грациозен, и прямой ты, словно пламя,  ",
  "mn92:16.11": "Средь группы этой всех отшельников других,  ",
  "mn92:16.12": "Сверкаешь ты, как солнце, что сияет.  ",
  "mn92:16.13": "Монах, на коего приятно так смотреть,  ",
  "mn92:16.14": "Кожа которого имеет злата цвет,  ",
  "mn92:16.15": "С редчайшей красотой такой зачем  ",
  "mn92:16.16": "Довольным быть отшельнической жизнью?  ",
  "mn92:16.17": "Ты годен быть царём и властелином колесниц,  ",
  "mn92:16.18": "Монархом, непрестанно кто вращает колесо,  ",
  "mn92:16.19": "И покорителем всех четырёх сторон,  ",
  "mn92:16.20": "Властителем над рощей дерева Джамбу.  ",
  "mn92:16.21": "И воины, как и все великие князья,  ",
  "mn92:16.22": "Все будут преданы, услужливы тебе.  ",
  "mn92:16.23": "Готама, должен править ты,  ",
  "mn92:16.24": "Как царь людей, который выше всех царей.  ",
  "mn92:17.1": "[Благословенный]: Но, Села, я ведь уже царь,  ",
  "mn92:17.2": "«Я величайший Дхаммы царь,  ",
  "mn92:17.3": "И Дхаммой этой я вращаю колесо,  ",
  "mn92:17.4": "Ничто не может ведь его остановить.  ",
  "mn92:18.1": "[Села]: Так говоришь, что ты всецело просветлён,  ",
  "mn92:18.2": "«Я величайший Дхаммы царь,  ",
  "mn92:18.3": "И Дхаммой этой я вращаю колесо».  ",
  "mn92:18.4": "Так говоришь ты, о Готама. ",
  "mn92:18.5": "Кто твой военачальник, этот ученик,  ",
  "mn92:18.6": "Который следует учительским путём?  ",
  "mn92:18.7": "Кто помогает колесо тебе вращать,  ",
  "mn92:18.8": "Которое в движение приведено тобой?»  ",
  "mn92:19.1": "«То колесо в движение привёл я сам»,  ",
  "mn92:19.2": "– Вот что Благословенный [Селе] отвечал.  ",
  "mn92:19.3": "«Непревзойдённое то Дхаммы колесо,  ",
  "mn92:19.4": "мне Сарипутта, сын Татхагаты,  ",
  "mn92:19.5": "вращать помогает. ",
  "mn92:19.6": "Что было нужно, то познал я,  ",
  "mn92:19.7": "Что было нужно, то развил,  ",
  "mn92:19.8": "Что было нужно, то оставил,  ",
  "mn92:19.9": "И потому, брахман, я – Будда.  ",
  "mn92:19.10": "Так что сомнения во мне развей, ",
  "mn92:19.11": "Решимость место их пускай займёт,  ",
  "mn92:19.12": "Ведь очень трудно [в мире] обрести  ",
  "mn92:19.13": "Случается отнюдь не часто.  ",
  "mn92:19.14": "Я – Просветлённый Полностью,  ",
  "mn92:19.15": "целитель лучший.  ",
  "mn92:19.16": "Я тот, присутствие чьё в мире  ",
  "mn92:19.17": "Случается отнюдь не часто.  ",
  "mn92:19.18": "Что он – святой, и равных нет ему,  ",
  "mn92:19.19": "кто орды войска Мары сокрушил, –   ",
  "mn92:19.20": "И когда всех своих врагов я одолел,  ",
  "mn92:19.21": "Возрадовался я, лишившись страха.  ",
  "mn92:20.1": "[Села]: Почтенные, услышьте сказанное им,  ",
  "mn92:20.2": "Того, кто видит ясно,  ",
  "mn92:20.3": "Целителя, могучего героя,  ",
  "mn92:20.4": "что рычит как будто лев в лесу.  ",
  "mn92:20.5": "Что он – святой, и равных нет ему,  ",
  "mn92:20.6": "кто орды войска Мары сокрушил, –   ",
  "mn92:20.7": "Неужто б не поверил бы ему, когда б узнал, ",
  "mn92:20.8": "пусть даже тот, вне варны кто рождён?  ",
  "mn92:20.9": "Кто хочет, пусть тогда последует за мной,  ",
  "mn92:20.10": "А кто не хочет, пусть тогда уйдёт.  ",
  "mn92:20.11": "Ведь посвящение у него я получу,  ",
  "mn92:20.12": "У человека с мудростью великой.  ",
  "mn92:21.1": "[Ученики]: О господин, ведь одобряешь ты  ",
  "mn92:21.2": "Учение того, кто просветлён.  ",
  "mn92:21.3": "Мы также посвящение получим у него,  ",
  "mn92:21.4": "У человека с мудростью великой.  ",
  "mn92:22.1": "[Села]: Вот здесь – брахманов триста,  ",
  "mn92:22.2": "Молят, руки все сложив:  ",
  "mn92:22.3": "«Можем ли мы вести святую жизнь  ",
  "mn92:22.4": "Благословенный, под учительством твоим?  ",
  "mn92:23.1": "[Благословенный]: И провозглашена святая жизнь вся хорошо,  ",
  "mn92:23.2": "– Вот что Благословенный [Селе] отвечал.  ",
  "mn92:23.3": "[Плоды] увидит здесь, не нужно будет ждать,  ",
  "mn92:23.4": "Кто с прилежанием тренироваться станет.  ",
  "mn92:23.5": "И плодотворным будет посвящение его.  ",
  "mn92:24.1": "И тогда брахман Села, а также его свита, получили младшее посвящение под [учительством] Благословенного, и они получили высшее посвящение.  ",
  "mn92:25.1": "И потом, когда минула ночь, отшельник со спутанными волосами [по имени] Кения приготовил разные виды превосходной еды в своей отшельнической хижине,  и когда пришло время, объявил Благословенному:  ",
  "mn92:25.2": "«Господин Готама, время пришло, кушанье готово». ",
  "mn92:25.3": "И тогда, утром, Благословенный оделся, взял чашу и внешнее одеяние и отправился с общиной монахов к отшельнической хижине отшельника со спутанными волосами [по имени] Кения, где сел на подготовленное сиденье.  ",
  "mn92:25.4": "Тогда отшельник со спутанными волосами [по имени] Кения собственноручно обслужил общину монахов во главе с Буддой различными видами превосходной еды.  ",
  "mn92:25.5": "Когда Благословенный поел и убрал чашу в сторону, отшельник со спутанными волосами [по имени] Кения выбрал более низкое сиденье и сел рядом.  ",
  "mn92:25.6": "Тогда Благословенный произнёс для него эти строфы как благословение:  ",
  "mn92:26.1": "Сожжённые даяния – слава костров.  ",
  "mn92:26.2": "Савитри же – гимнов ведических то слава.  ",
  "mn92:26.3": "Царь – вот что слава для людей.  ",
  "mn92:26.4": "А море – слава для текущих рек.  ",
  "mn92:26.5": "Луна – вот будет славой что для звёзд,  ",
  "mn92:26.6": "Солнце – слава всего, что лучезарно.  ",
  "mn92:26.7": "Заслуга – слава тех, кто устремлён.  ",
  "mn92:26.8": "Сангха – вот слава всех, кто [что-то] дарит.  ",
  "mn92:26.9": "Когда Благословенный дал благословение этими строфами, он поднялся со своего сиденья и ушёл.  ",
  "mn92:27.1": "И вскоре после получения полного посвящения, пребывая в уединении, в затворничестве, прилежными, старательными, решительными, достопочтенный Села и его свита, реализовав это для себя посредством прямого знания, здесь и сейчас вошли и пребывали в высочайшей цели святой жизни,  ради которой представители клана праведно оставляют жизнь домохозяйскую ради жизни бездомной».  ",
  "mn92:27.2": "Они напрямую познали: «Рождение уничтожено, святая жизнь прожита, сделано то, что следовало сделать, не будет более появления в каком-либо состоянии существования». ",
  "mn92:27.3": "Так достопочтенный Села со своей свитой стали арахантами.  ",
  "mn92:28.1": "И затем достопочтенный Села вместе со своей свитой отправился к Благословенному.  Он закинул своё внешнее одеяние за плечо, сложил ладони в почтительном приветствии Благословенного и сказал: ",
  "mn92:28.2": "Всевидящий, прошло уж восемь дней  ",
  "mn92:28.3": "Как приняли в тебе прибежище все мы.  ",
  "mn92:28.4": "Благословенный, эти семь ночей  ",
  "mn92:28.5": "Себя мы укрощали в Дхамме во твоей.  ",
  "mn92:28.6": "Ты – Будда, ты – Учитель,  ",
  "mn92:28.7": "Мудрец, что Мару победил.  ",
  "mn92:28.8": "Плохие склонности срубив,  ",
  "mn92:28.9": "переступил и человечество Ты за собой ведёшь.  ",
  "mn92:28.10": "Все обретения ты смог преодолеть,  ",
  "mn92:28.11": "Все пятна устранить сумел.  ",
  "mn92:28.12": "Ты – лев, свободный от цепляний.  ",
  "mn92:28.13": "Отбросил ты и ужас и боязнь.  ",
  "mn92:28.14": "Вот здесь – монахов триста.  ",
  "mn92:28.15": "Все чтят тебя, руки свои сложив.  ",
  "mn92:28.16": "Герой, так распрями же ноги,  ",
  "mn92:28.17": "Чтобы великие все эти существа смогли б перед Учителем склониться.  "
}