{
  "mn98:0.1": "Мадджхима Никая 98 ",
  "mn98:0.2": "К Васеттхе ",
  "mn98:1.1": "Так я слышал. ",
  "mn98:1.2": "Однажды Благословенный проживал в Иччханангале, в лесу, что рядом с Иччханангалой.  ",
  "mn98:2.1": "И в то время группа известных и зажиточных брахманов пребывала в Иччханангале,  а именно, ",
  "mn98:2.2": "брахман Чанки, брахман Таруккха, брахман Поккхарасати, брахман Джануссони, брахман Тодейя, и другие известные и зажиточные брахманы.  ",
  "mn98:3.1": "И тогда, по мере того как брахманские ученики Васеттха и Бхарадваджа ходили и бродили [тут и там] ради того, чтобы размяться, между ними случилась следующая беседа:  ",
  "mn98:3.2": "«Как человек становится брахманом?» ",
  "mn98:3.3": "Брахманский ученик Бхарадваджа сказал:  ",
  "mn98:3.4": "«Когда человек хорошо рождён с обеих сторон – как с материнской, так и с отцовской – у него чистейшая родословная, неопровержимая и безупречная в отношении происхождения до седьмого колена, ",
  "mn98:3.5": "то тогда он брахман».  ",
  "mn98:3.6": "Брахманский ученик Васеттха сказал:  ",
  "mn98:3.7": "«Когда человек нравственный и соблюдает предписания, ",
  "mn98:3.8": "то тогда он брахман».  ",
  "mn98:4.1": "Ни брахманский ученик Бхарадваджа не мог убедить брахманского ученика Васеттху, ни брахманский ученик Васеттха не мог убедить брахманского ученика Бхарадваджу.  ",
  "mn98:5.1": "И тогда брахманский ученик Васеттха сказал брахманскому ученику Бхарадвадже:  ",
  "mn98:5.2": "«Господин, отшельник Готама, сын Сакьев, который ушёл в бездомную жизнь из клана Сакьев, проживает в Иччханангале, в лесу, что рядом с Иччханангалой.  ",
  "mn98:5.3": "И об этом господине Готаме распространилась такая славная молва: ",
  "mn98:5.4": "«Благословенный – это тот, кто достиг совершенства, полностью просветлённый, совершенный в истинном знании и поведении, высочайший, знаток миров, непревзойдённый вожак тех, кто должен обуздать себя, учитель богов и людей, просветлённый, благословенный». ",
  "mn98:5.5": "Ну же, Бхарадваджа, пойдём к отшельнику Готаме и спросим его об этом.  ",
  "mn98:5.6": "Как он ответит, так мы это и запомним».  ",
  "mn98:5.7": "«Хорошо, господин» – ответил брахманский ученик Бхарадваджа.  ",
  "mn98:6.1": "И тогда двое брахманских учеников – Васеттха и Бхарадваджа – отправились к Благословенному и обменялись с ним приветствиями.  ",
  "mn98:6.2": "После обмена вежливыми приветствиями и любезностями они сели рядом, ",
  "mn98:6.3": "и тогда брахманский ученик Васеттха обратился к Благословенному строфами:  ",
  "mn98:7.1": "Другие признают, что мы Владеем знанием ",
  "mn98:7.2": "Трёх Вед.  ",
  "mn98:7.3": "Ведь ученик Поккхарасати я,  ",
  "mn98:7.4": "А он – Таруккхи ученик.  ",
  "mn98:7.5": "Чему ведические учат знатоки –  ",
  "mn98:7.6": "В этом смогли достичь мы мастерства.  ",
  "mn98:7.7": "Мы в филологии, грамматике сильны,  ",
  "mn98:7.8": "И в декламации мы как учителя.  ",
  "mn98:7.9": "Но, о Готама, спор возник у нас  ",
  "mn98:7.10": "Касается вопрос рождения и класса:  ",
  "mn98:7.11": "Ведь Бхарадваджа говорит,  ",
  "mn98:7.12": "Что человек рождением брахман.  ",
  "mn98:7.13": "А как по мне – брахманом стать поступком лишь возможно.  ",
  "mn98:7.14": "Провидец, знай, что в этом спор наш состоит.  ",
  "mn98:7.15": "И коль никто из нас не может убедить другого,  ",
  "mn98:7.16": "Или заставить его точку зрения принять,  ",
  "mn98:7.17": "Пришли спросить тебя мы, о почтенный  ",
  "mn98:7.18": "И широко известный всем как Будда.  ",
  "mn98:7.19": "И как ладони поднимают люди  ",
  "mn98:7.20": "К луне, как в фазу роста она входит,  ",
  "mn98:7.21": "Так в этом мире, о Готама, все чтят тебя,  ",
  "mn98:7.22": "Почтение выражают.  ",
  "mn98:7.23": "И потому, Готама, Взор, Возникший В Мире,  ",
  "mn98:7.24": "Пришли тебя мы вот о чём спросить:  ",
  "mn98:7.25": "Как стать брахманом – по рождению ",
  "mn98:7.26": " иль поступком?  ",
  "mn98:7.27": "Нам, кто не понимает, объясни,  ",
  "mn98:7.28": "Как следует брахмана распознать?»  ",
  "mn98:8.1": "«Я научу вас так, как есть на самом деле, Васеттха» –  ",
  "mn98:8.2": "– вот что Благословенный отвечал.  ",
  "mn98:8.3": "«Существ живых  ",
  "mn98:8.4": "деленьям родовым;  ",
  "mn98:8.5": "И ведь рождений много видов разных.  ",
  "mn98:8.6": "Во-первых, есть трава, деревья.  ",
  "mn98:8.7": "Хоть нет самосознания у них,  ",
  "mn98:8.8": "Рождение – их особая черта;  ",
  "mn98:8.9": "И ведь рождений много видов разных.  ",
  "mn98:8.10": "Затем есть бабочки, есть мотыльки,  ",
  "mn98:8.11": "Иные [насекомые], термиты, муравьи.  ",
  "mn98:8.12": "Рождение – их особая черта;  ",
  "mn98:8.13": "И ведь рождений много видов разных.  ",
  "mn98:8.14": "И также знай четвероногих виды –  ",
  "mn98:8.15": "Кои больших и малых есть размеров.  ",
  "mn98:8.16": "Рождение – их особая черта;  ",
  "mn98:8.17": "И ведь рождений много видов разных.  ",
  "mn98:8.18": "Есть те, чьи ноги – это животы  ",
  "mn98:8.19": "И это змеи с длинными телами.  ",
  "mn98:8.20": "Рождение – их особая черта;  ",
  "mn98:8.21": "И ведь рождений много видов разных.  ",
  "mn98:8.22": "Знай также и о рыбах, что в воде живут,  ",
  "mn98:8.23": "Которые пасутся в мире водяном.  ",
  "mn98:8.24": "Рождение – их особая черта;  ",
  "mn98:8.25": "И ведь рождений много видов разных.  ",
  "mn98:8.26": "И также знай о птицах, путь проложен чей крылом,  ",
  "mn98:8.27": "Которые скитаются в бескрайних небесах.  ",
  "mn98:8.28": "Рождение – их особая черта;  ",
  "mn98:8.29": "И ведь рождений много видов разных.  ",
  "mn98:9.1": "И хоть у всех этих родившихся существ  ",
  "mn98:9.2": "Рождение – их особая черта.  ",
  "mn98:9.3": "Среди людей рождение же их  ",
  "mn98:9.4": "Черты особой уж никак не создаёт. ",
  "mn98:9.5": "Ни в волосах, ни в голове,  ",
  "mn98:9.6": "Как ни в ушах и ни в глазах,  ",
  "mn98:9.7": "Как ни в носу, как ни во рту,  ",
  "mn98:9.8": "И ни в губах, и ни в бровях.  ",
  "mn98:9.9": "Как и ни в шее, ни в плечах,  ",
  "mn98:9.10": "Ни в животе, и ни в спине,  ",
  "mn98:9.11": "Ни в ягодицах, ни в груди,  ",
  "mn98:9.12": "Ни в гениталиях иль способах соитий.  ",
  "mn98:9.13": "И ни в руках, и ни в ногах,  ",
  "mn98:9.14": "Ни в пальцах, как и ни в ногтях,  ",
  "mn98:9.15": "И ни в коленях, ни в бедре,  ",
  "mn98:9.16": "Ни в цвете, и ни в голосе –  ",
  "mn98:9.17": "Рождение не создаёт черты особой уж какой,  ",
  "mn98:9.18": "Как то с другими видами рождений.  ",
  "mn98:9.19": "Ведь в теле человеческом как таковом  ",
  "mn98:9.20": "Нет ничего, что было бы особым.  ",
  "mn98:9.21": "Различие средь человеческих существ  ",
  "mn98:9.22": "Всего лишь устных слов обозначение.  ",
  "mn98:10.1": "А тот, среди людей  ",
  "mn98:10.2": "на жизнь кто добывает cельским хозяйством –  ",
  "mn98:10.3": "Ты знай его, Васеттха,  ",
  "mn98:10.4": "что их крестьянами зовут, Васеттха. И человек такой никак уж не брахман.  ",
  "mn98:10.5": "А тот, среди людей  ",
  "mn98:10.6": "кто добывает Различным ремеслом –  ",
  "mn98:10.7": "Ты знай его, Васеттха,  ",
  "mn98:10.8": "ремесленниками их называют. И человек такой никак уж не брахман.  ",
  "mn98:10.9": "А тот, среди людей  ",
  "mn98:10.10": "на жизнь кто добывает торговлей тем или иным –  ",
  "mn98:10.11": "Ты знай его, Васеттха,  ",
  "mn98:10.12": "что их торговцами зовут. И человек такой никак уж не брахман.  ",
  "mn98:10.13": "А тот, среди людей  ",
  "mn98:10.14": "на жизнь кто добывает различным услужением другим –  ",
  "mn98:10.15": "Ты знай его, Васеттха,  ",
  "mn98:10.16": "что их слугами зовут. И человек такой никак уж не брахман. ",
  "mn98:10.17": "А тот, среди людей  ",
  "mn98:10.18": "на жизнь кто добывает воровством –  ",
  "mn98:10.19": "Ты знай его, Васеттха,  ",
  "mn98:10.20": "их ворами называют. И человек такой никак уж не брахман.  ",
  "mn98:10.21": "А тот, среди людей  ",
  "mn98:10.22": "на жизнь кто добывает Стрельбой из лука –  ",
  "mn98:10.23": "Ты знай его, Васеттха,  ",
  "mn98:10.24": "их солдатами зовут. И человек такой никак уж не брахман.  ",
  "mn98:10.25": "А тот, среди людей  ",
  "mn98:10.26": "на жизнь кто добывает уменьем жреческим –  ",
  "mn98:10.27": "Ты знай его, Васеттха,  ",
  "mn98:10.28": "их жрецами называют. И человек такой никак уж не брахман.  ",
  "mn98:10.29": "А тот, среди людей  ",
  "mn98:10.30": "кто управляет Царством иль городом –  ",
  "mn98:10.31": "Ты знай его, Васеттха,  ",
  "mn98:10.32": "Его зовут правителем, Васеттха. И человек такой никак уж не брахман.  ",
  "mn98:11.1": "Не называю я брахманом потому лишь,  ",
  "mn98:11.2": "Что таково его рождение в родословной.  ",
  "mn98:11.3": "Но коль изъяны в нём ещё блуждают,  ",
  "mn98:11.4": "То он лишь тот, кто молвит «господин».  ",
  "mn98:11.5": "Он беспрепятственный и больше не цепляет ",
  "mn98:11.6": "Того брахманом называю я.  ",
  "mn98:11.7": "И тот, кто путы все отрезал  ",
  "mn98:11.8": "И от мучений не страдает,  ",
  "mn98:11.9": "Кто все узлы, объединённый, смог преодолеть,  ",
  "mn98:11.10": "Того брахманом называю я.  ",
  "mn98:11.11": "Кто все привязки и ремни отрезал,  ",
  "mn98:11.12": "А также и поводья и узду,  ",
  "mn98:11.13": "Тот, кто засов смог отодвинуть, пробуждённый,  ",
  "mn98:11.14": "Того брахманом называю я.  ",
  "mn98:11.15": "Обиды, и жестокости, неволю  ",
  "mn98:11.16": "Кто терпит даже без малейшей злобы  ",
  "mn98:11.17": "Силой терпения кто снаряжён,  ",
  "mn98:11.18": "Того брахманом называю я.  ",
  "mn98:11.19": "Кто раздражением не полыхает,  ",
  "mn98:11.20": "Прилежный, нравственный, и скромный,  ",
  "mn98:11.21": "Кто укрощён, с телом последним ходит,  ",
  "mn98:11.22": "Того брахманом называю я.  ",
  "mn98:11.23": "Кто точно дождь на лотосовых листьях,  ",
  "mn98:11.24": "Или горчичное зерно на острие иголки,  ",
  "mn98:11.25": "К усладам чувств кто не привязан вовсе,  ",
  "mn98:11.26": "Того брахманом называю я.  ",
  "mn98:11.27": "Тот, кто в себе познал уж в этой самой жизни  ",
  "mn98:11.28": "Уничтожение всяких загрязнений,  ",
  "mn98:11.29": "Кто, отсоединённый, тяжкий груз оставил,  ",
  "mn98:11.30": "Того брахманом называю я.  ",
  "mn98:11.31": "Кто в понимании глубок, кто мудр,  ",
  "mn98:11.32": "Сказать кто может что есть путь, а что не оный,  ",
  "mn98:11.33": "Тот, наивысшей цели кто достичь сумел,  ",
  "mn98:11.34": "Того брахманом называю я.  ",
  "mn98:11.35": "Того, кто сторонится ",
  "mn98:11.36": "И домохозяев и тех, ведёт кто жизнь без дома,  ",
  "mn98:11.37": "Кто [сам] скитается без дома и мечтаний,  ",
  "mn98:11.38": "Того брахманом называю я.  ",
  "mn98:11.39": "Того, кто дубину откинул,  ",
  "mn98:11.40": "Сильных и слабых существ [не колотит],  ",
  "mn98:11.41": "Не убивает сам, и убивать не заставляет,  ",
  "mn98:11.42": "Того брахманом называю я.  ",
  "mn98:11.43": "Того, кто не перечит среди тех, кто спорит,  ",
  "mn98:11.44": "Миролюбивый среди тех, жесток кто,  ",
  "mn98:11.45": "Среди цепляющихся не цепляет кто,  ",
  "mn98:11.46": "Того брахманом называю я.  ",
  "mn98:11.47": "Кто сбросил жажду всю и раздражение,  ",
  "mn98:11.48": "Презрение, самомнение оставил,  ",
  "mn98:11.49": "Точно горчичное зерно на острие иголки,  ",
  "mn98:11.50": "Того брахманом называю я.  ",
  "mn98:11.51": "Без грубости кто речи произносит,  ",
  "mn98:11.52": "Которые осмысленны, правдивы,  ",
  "mn98:11.53": "Которые не оскорбляют остальных,  ",
  "mn98:11.54": "Того брахманом называю я.  ",
  "mn98:11.55": "Кто в мире не возьмёт того, что ему не было дано:  ",
  "mn98:11.56": "Короткое иль длинное,  ",
  "mn98:11.57": "Большое или малое, чистое иль противное,  ",
  "mn98:11.58": "Того брахманом называю я.  ",
  "mn98:11.59": "Хотений внутренних кто больше не имеет  ",
  "mn98:11.60": "К этому миру, или миру, что наступит,  ",
  "mn98:11.61": "Живёт кто без хотений, отчуждённый,  ",
  "mn98:11.62": "Того брахманом называю я.  ",
  "mn98:11.63": "Тот, кто лишился всяких потаканий,  ",
  "mn98:11.64": "Лишился замешательства, поскольку знает;  ",
  "mn98:11.65": "Тот, прочно утвердился кто в Бессмертном,  ",
  "mn98:11.66": "Того брахманом называю я.  ",
  "mn98:11.67": "Преодолеть все узы кто сумел здесь –  ",
  "mn98:11.68": "Узы заслуг, а также злодеяний –  ",
  "mn98:11.69": "Кто беспечален, чист и незапятнан,  ",
  "mn98:11.70": "Того брахманом называю я.  ",
  "mn98:11.71": "Кто, чист и ясен, как луна без пятен,  ",
  "mn98:11.72": "В ком уничтожено как наслаждение,  ",
  "mn98:11.73": "Так и существование [даже],  ",
  "mn98:11.74": "Того брахманом называю я.  ",
  "mn98:11.75": "Тот, кто болото пересечь сумел всё,  ",
  "mn98:11.76": "Всё заблуждение, сансару всю, трясину,  ",
  "mn98:11.77": "Кто медитирует и пребывает в джханах, Смущений, колебаний не имеет,  ",
  "mn98:11.78": "И этим самым перешёл на берег дальний;  ",
  "mn98:11.79": "Достиг ниббаны, так как нет цепляний,  ",
  "mn98:11.80": "Того брахманом называю я.  ",
  "mn98:11.81": "Тот, кто отбросил все услады чувств,  ",
  "mn98:11.82": "Скитается теперь бездомным,  ",
  "mn98:11.83": "Существование, чувственные страсти одолев,  ",
  "mn98:11.84": "Того брахманом называю я.  ",
  "mn98:11.85": "И кто оставил [и другую] жажду также,  ",
  "mn98:11.86": "Скитается теперь бездомным,  ",
  "mn98:11.87": "Существование и жажду одолев,  ",
  "mn98:11.88": "Того брахманом называю я.  ",
  "mn98:11.89": "Оставил кто оковы все людские позади,  ",
  "mn98:11.90": "Отринул также и небесные оковы,  ",
  "mn98:11.91": "Отъединился всюду кто от всех оков,  ",
  "mn98:11.92": "Того брахманом называю я.  ",
  "mn98:11.93": "Неудовольствие и наслаждение кто оставил,  ",
  "mn98:11.94": "Угасший и без обретений,  ",
  "mn98:11.95": "Герой, преодолевший целый мир,  ",
  "mn98:11.96": "Того брахманом называю я.  ",
  "mn98:11.97": "Кто знает то, как умирают существа,  ",
  "mn98:11.98": "И в разных видах появляются потом,  ",
  "mn98:11.99": "Тот не зажат, высок и пробуждён,  ",
  "mn98:11.100": "Того брахманом называю я.  ",
  "mn98:11.101": "Тот, чей удел неясен  ",
  "mn98:11.102": "И для богов, и духов, и людей,  ",
  "mn98:11.103": "Архат, лишённый пятен загрязнений,  ",
  "mn98:11.104": "Того брахманом называю я.  ",
  "mn98:11.105": "Тот, у кого препятствий нет и вовсе:  ",
  "mn98:11.106": "Ни впереди, ни позади, ни между ними,  ",
  "mn98:11.107": "Он беспрепятственный и больше не цепляет ",
  "mn98:11.108": "Того брахманом называю я.  ",
  "mn98:11.109": "Герой он совершенный, и вожак он стада,  ",
  "mn98:11.110": "Провидец величайший, смог достичь победы,  ",
  "mn98:11.111": "Неколебим кто, чист и пробуждён,  ",
  "mn98:11.112": "Того брахманом называю я.  ",
  "mn98:11.113": "Кто знает свои прошлые рождения,  ",
  "mn98:11.114": "Кто видел небеса и ад,  ",
  "mn98:11.115": "И кто достиг рождений прекращения,  ",
  "mn98:11.116": "Того брахманом называю я.  ",
  "mn98:12.1": "Когда приписан кто-то к имени и клану,  ",
  "mn98:12.2": "То это просто лишь обозначения в мире.  ",
  "mn98:12.3": "Возникли из условностей они,  ",
  "mn98:12.4": "Предписывают людям их везде. ",
  "mn98:12.5": "Тот, кто не знает данности вот этой,  ",
  "mn98:12.6": "В том прочно взгляды ложные засели.  ",
  "mn98:12.7": "Не зная, они объявляют нам:  ",
  "mn98:12.8": "«Брахманом можно только лишь родиться».  ",
  "mn98:12.9": "Брахманом по рождению стать нельзя,  ",
  "mn98:12.10": "Как по рождению не стать и не-брахманом.  ",
  "mn98:12.11": "Но совершив поступок – ты брахман,  ",
  "mn98:12.12": "Поступком же и будешь не-брахманом.  ",
  "mn98:12.13": "Поступками покажешь, если ты крестьянин,  ",
  "mn98:12.14": "Поступками покажешь, коль ремесленник ты есть.  ",
  "mn98:12.15": "Поступками покажешь, если ты торговец,  ",
  "mn98:12.16": "Поступками покажешь также, если ты слуга.  ",
  "mn98:12.17": "Поступками покажешь, если ты разбойник,  ",
  "mn98:12.18": "Поступками покажешь также, если ты солдат.  ",
  "mn98:12.19": "Поступками покажешь, если ты священник,  ",
  "mn98:12.20": "Как по поступкам будет видно, коль правитель ты.  ",
  "mn98:13.1": "Вот таким образом мудрейший  ",
  "mn98:13.2": "Правдиво видит все поступки,  ",
  "mn98:13.3": "Возникновение зависимое видит таковой,  ",
  "mn98:13.4": "Умелый как в поступках, так и в их плодах.  ",
  "mn98:13.5": "Поступок – вот что этот целый мир вращает,  ",
  "mn98:13.6": "Поступок – это то, что чередует поколения.  ",
  "mn98:13.7": "Живые существа все скованы поступком,  ",
  "mn98:13.8": "Как сковано чекой повозки колесо.  ",
  "mn98:13.9": "Аскеза и святая жизнь,  ",
  "mn98:13.10": "Самоконтроль и самотренировка –  ",
  "mn98:13.11": "Вот из-за этого становятся брахманом,  ",
  "mn98:13.12": "И в этом – величайший брахманизм.  ",
  "mn98:13.13": "Кто обладает знанием троичным,  ",
  "mn98:13.14": "Спокойный, загрязнения уничтожил все:  ",
  "mn98:13.15": "Ты знай его, Васеттха,  ",
  "mn98:13.16": "Брахмой Или Саккой – коли другие могут это осознать.  ",
  "mn98:14.1": "Когда так было сказано, брахманские ученики Васеттха и Бхарадваджа сказали Благословенному:  ",
  "mn98:14.2": "«Великолепно, господин Готама! Великолепно! ",
  "mn98:14.3": "Как если бы он поставил на место то, что было перевёрнуто, раскрыл спрятанное, показал путь тому, кто потерялся, внёс лампу во тьму, чтобы зрячий да мог увидеть, точно также господин Готама различными способами прояснил Дхамму. ",
  "mn98:14.4": "Мы принимаем прибежище в господине Готаме, прибежище в Дхамме и прибежище в Сангхе монахов. ",
  "mn98:14.5": "Пусть господин Готама помнит нас как мирских последователей, принявших в нём прибежище с этого дня и на всю жизнь». "
}