{
  "an10.222:0.1": "Восходящие Наставления 10.222",
  "an10.222:0.2": "Глава Саманнья",
  "an10.222:0.3": "",
  "an10.222:1.1": "“Монахи, обладая двадцатью качествами, [после смерти] некий человек оказывается в аду, как если бы его туда затянули [силой].",
  "an10.222:1.2": "Какими двадцатью?",
  "an10.222:1.3": "Он уничтожает жизнь и поощряет других уничтожать жизнь,",
  "an10.222:1.4": "берёт то, что не дано…",
  "an10.222:1.5": "пускается в неблагое сексуальное поведение…",
  "an10.222:1.6": "лжёт…",
  "an10.222:1.7": "своей речью сеет распри…",
  "an10.222:1.8": "грубит…",
  "an10.222:1.9": "пустословит…",
  "an10.222:1.10": "полон жажды…",
  "an10.222:1.11": "имеет недоброжелательный ум…",
  "an10.222:1.12": "придерживается неправильных воззрений и поощряет других к [утверждению в] неправильных воззрениях.",
  "an10.222:1.13": "Обладая этими двадцатью качествами, [после смерти] некий человек оказывается в аду, как если бы его туда затянули [силой].",
  "an10.222:2.1": "Обладая двадцатью качествами, [после смерти] некий человек оказывается в небесном мире, как если бы его туда затянули [силой].",
  "an10.222:2.2": "Какими двадцатью?",
  "an10.222:2.3": "Он воздерживается от уничтожения жизни и поощряет других к воздержанию от уничтожения жизни…",
  "an10.222:2.4": "",
  "an10.222:2.5": "",
  "an10.222:2.6": "",
  "an10.222:2.7": "",
  "an10.222:2.8": "",
  "an10.222:2.9": "",
  "an10.222:2.10": "не имеет жажды…",
  "an10.222:2.11": "доброжелательный…",
  "an10.222:2.12": "придерживается правильных воззрений и поощряет других [утверждаться] в правильных воззрениях.",
  "an10.222:2.13": "Обладая этими двадцатью качествами, [после смерти] некий человек оказывается в небесном мире, как если бы его туда затянули [силой]”."
}