{
  "an10.38:0.1": "Восходящие Наставления 10.38",
  "an10.38:0.2": "Глава Упали",
  "an10.38:0.3": "Сутта Согласие в Сангхе",
  "an10.38:1.1": "“Почтенный, “согласие в Сангхе, согласие в Сангхе” – так говорят.",
  "an10.38:1.2": "Каким образом, почтенный, имеет место согласие в Сангхе?”",
  "an10.38:1.3": "“Упали, вот монахи Объясняют Не-Дхамму как Не-Дхамму, а Дхамму как Дхамму. Они объясняют Не-Винаю как Не-Винаю, а Винаю как Винаю. Они объясняют то, что не было утверждено и произнесено Татхагатой как то, что не было утверждено и произнесено им, а также то, что было утверждено и произнесено Татхагатой как то, что было утверждено и произнесено им. Они объясняют то, что не практиковалось Татхагатой как то, что не практиковалось им, и что практиковалось Татхагатой как то, что практиковалось им. Они объясняют то, что не было предписано Татхагатой как то, что не было предписано им, и то, что было предписано Татхагатой как то, что было предписано им. На этих десяти основаниях они не удаляются и не расходятся.",
  "an10.38:1.4": "Они не совершают правомерные процедуры раздельно и не декламируют Патимоккху раздельно.",
  "an10.38:1.5": "Таким образом, Упали, имеет место согласие в Сангхе”.",
  "an10.38:1.6": "Восьмая."
}