{
  "an10.40:0.1": "Восходящие Наставления 10.40",
  "an10.40:0.2": "Глава Упали",
  "an10.40:0.3": "Вторая Сутта Ананада",
  "an10.40:1.1": "“Почтенный, “согласие в Сангхе, согласие в Сангхе” – так говорят. ",
  "an10.40:1.2": "Каким образом, почтенный, имеет место согласие в Сангхе?”",
  "an10.40:1.3": "“Ананда, вот монахи объясняют Не-Дхамму как Не-Дхамму, а Дхамму как Дхамму. Они объясняют Не-Винаю как Не-Винаю, а Винаю как Винаю. Они объясняют то, что не было утверждено и произнесено Татхагатой как то, что не было утверждено и произнесено им, а также то, что было утверждено и произнесено Татхагатой как то, что было утверждено и произнесено им. Они объясняют то, что не практиковалось Татхагатой как то, что не практиковалось им, и что практиковалось Татхагатой как то, что практиковалось им. Они объясняют то, что не было предписано Татхагатой как то, что не было предписано им, и то, что было предписано Татхагатой как то, что было предписано им. ",
  "an10.40:1.4": "На этих десяти основаниях они не удаляются и не расходятся. Они не совершают правомерные процедуры раздельно и не декламируют Патимоккху раздельно. ",
  "an10.40:1.5": "Таким образом, Ананда, имеет место согласие в Сангхе”.",
  "an10.40:2.1": "“Но, почтенный, когда кто-либо воссоединяет расколотую Сангху, что он порождает?”",
  "an10.40:2.2": "“Он порождает божественную заслугу, Ананда”.",
  "an10.40:2.3": "“Но, почтенный, что это за божественная заслуга?”",
  "an10.40:2.4": "“Он радуется в небесном мире в течение каппы, Ананда”. ",
  "an10.40:3.1": "“Согласие в Сангхе приятно,",
  "an10.40:3.2": "А также и взаимопомощь Средь тех, живёт кто без разладов.",
  "an10.40:3.3": "Он наслаждается согласием, И утверждён в [истинной] Дхамме,",
  "an10.40:3.4": "Не отпадает от защиты от оков.",
  "an10.40:3.5": "Свершил кто единение в Сангхе,",
  "an10.40:3.6": "Тот каппу наслаждается на небесах”.",
  "an10.40:3.7": "Десятая.",
  "an10.40:3.8": "Глава Упали Четвертая.",
  "an10.40:4.0": "Оглавление",
  "an10.40:4.1": "",
  "an10.40:4.2": "",
  "an10.40:4.3": "",
  "an10.40:4.4": ""
}