{
  "an10.2:0.1": "Восходящие Наставления 10.2",
  "an10.2:0.2": "Глава Анисамса",
  "an10.2:0.3": "Сутта Намерение",
  "an10.2:1.1": "“Монахи, нравственному человеку, тому, кто обладает нравственным поведением, нет необходимости прилагать [усилие] воли:",
  "an10.2:1.2": "“Пусть не-сожаление возникнет во мне!”.",
  "an10.2:1.3": "Не-сожаление естественным образом возникает в том, кто нравственен, чьё поведение нравственно.",
  "an10.2:1.4": "Тому, кто не имеет сожаления, нет необходимости прилагать [усилие] воли:",
  "an10.2:1.5": "“Пусть радость возникнет во мне!”.",
  "an10.2:1.6": "Радость естественным образом возникает в том, кто не имеет сожаления.",
  "an10.2:1.7": "Тому, кто рад, нет необходимости прилагать [усилие] воли:",
  "an10.2:1.8": "“Пусть восторг возникнет во мне!”.",
  "an10.2:1.9": "Восторг естественным образом возникает в том, кто рад.",
  "an10.2:1.10": "Тому, у кого ум [насыщен] восторгом, нет необходимости прилагать [усилие] воли:",
  "an10.2:1.11": "“Пусть моё тело станет безмятежным!”.",
  "an10.2:1.12": "Тело [становится] безмятежным естественным образом у того, чей ум [насыщен] восторгом.",
  "an10.2:1.13": "Тому, у кого тело безмятежно, нет необходимости прилагать [усилие] воли:",
  "an10.2:1.14": "“Пусть я буду переживать удовольствие!”.",
  "an10.2:1.15": "Тот, у кого тело безмятежно, естественным образом переживает удовольствие.",
  "an10.2:1.16": "Тому, кто переживает удовольствие, нет необходимости прилагать [усилие] воли:",
  "an10.2:1.17": "“Пусть мой ум будет сосредоточенным!”.",
  "an10.2:1.18": "Ум того, кто переживает удовольствие, естественным образом [становится] сосредоточенным.",
  "an10.2:1.19": "Тому, кто сосредоточен, нет необходимости прилагать [усилие] воли:",
  "an10.2:1.20": "“Пусть я буду знать и видеть вещи в соответствии с действительностью!”",
  "an10.2:1.21": "Тот, кто сосредоточен, естественным образом знает и видит вещи в соответствии с действительностью.",
  "an10.2:1.22": "Тому, кто знает и видит вещи в соответствии с действительностью, нет необходимости прилагать [усилие] воли:",
  "an10.2:1.23": "“Пусть я буду разочарован и бесстрастен!”.",
  "an10.2:1.24": "Тот, кто знает и видит вещи в соответствии с действительностью, естественным образом [становится] разочарованным и бесстрастным.",
  "an10.2:1.25": "Тому, кто разочарован и бесстрастен, нет необходимости прилагать [усилие] воли:",
  "an10.2:1.26": "“Пусть я реализую знание и видение освобождения!”.",
  "an10.2:1.27": "Тот, кто разочарован и бесстрастен, естественным образом реализует знание и видение освобождения.",
  "an10.2:2.1": "Так, монахи, знание и видение освобождения является смыслом и пользой разочарования и бесстрастия.",
  "an10.2:2.2": "Разочарование и бесстрастие является смыслом и пользой знания и видения вещей в соответствии с действительностью.",
  "an10.2:2.3": "Знание и видение вещей в соответствии с действительностью, является смыслом и пользой сосредоточения.",
  "an10.2:2.4": "Сосредоточение является смыслом и пользой удовольствия.",
  "an10.2:2.5": "Удовольствие является смыслом и пользой безмятежности.",
  "an10.2:2.6": "Безмятежность является смыслом и пользой восторга.",
  "an10.2:2.7": "Восторг является смыслом и пользой радости.",
  "an10.2:2.8": "Радость является смыслом и пользой не-сожаления.",
  "an10.2:2.9": "Не-сожаление является смыслом и пользой нравственного поведения.",
  "an10.2:2.10": "Так, монахи, один этап перетекает в следующий этап; один этап заполняет следующий этап, чтобы [можно было] перебраться с ближнего берега на берег дальний”.",
  "an10.2:2.11": "Вторая."
}