{
 "an10.140:0.1": "Восходящие Наставления 10.140",
 "an10.140:0.2": "Глава Садху",
 "an10.140:0.3": "Сутта Порицаемое",
 "an10.140:1.1": "Порицаемое, монахи, явление объясню и не-порицаемое.",
 "an10.140:1.2": "Услышьте это…",
 "an10.140:1.3": "“И что такое, монахи, порицаемое явление?",
 "an10.140:1.4": "Ошибочный взгляд… ошибочное освбождение—",
 "an10.140:1.5": "об этом говорится, монахи, порицаемое явление.",
 "an10.140:1.6": "И что такое, монахи, не-порицаемое явление?",
 "an10.140:1.7": "Правильный взгляд… правильное освобождение—",
 "an10.140:1.8": "об этом говорится, монахи, не-порицаемое явление.",
 "an10.140:1.9": "Седьмая."
}