{
  "an10.29:0.1": "Восходящие Наставления 10.29",
  "an10.29:0.2": "Большая Глава",
  "an10.29:0.3": "Сутта Косала Первая",
  "an10.29:1.1": "“Монахи, Там, докуда простирается Каси и Косала, докуда простирается царство царя Пасенади Косальского, царь Пасенади Косальский считается наивысшим.",
  "an10.29:1.2": "Но даже в царе Пасенади существуют перемены, существуют изменения.",
  "an10.29:1.3": "Видя это так, обученный ученик Благородных разочаровывается этим.",
  "an10.29:1.4": "Будучи разочарованным, он становится бесстрастным к наивысшему, не говоря уже о низком.",
  "an10.29:2.1": "Монахи, там, докуда вращающиеся луна и солнце освещают своим светом [все] направления, простирается тысячичастный мир.",
  "an10.29:2.2": "В этом тысячечастном мире тысяча лун, тысяча солнц, тысяча царей гор Сумеру, тысяча [континентов] Джамбудипы, тысяча [континентов] Апарагояны, тысяча [континентов] Уттаракуру, тысяча [континентов] Пуббавидехи, тысяча четырёх великих океанов; тысяча Четырёх Великих Царей, тысяча [небесных миров, управляемых] Четырьмя Великими Царями, тысяча [небесных миров] Таватимсы, тысяча [небесных миров] Ямы, тысяча [небесных миров] Туситы, тысяча [небесных миров] дэвов, наслаждающихся творениями, тысяча [небесных миров] дэвов, имеющими власть над творениями других, тысяча миров брахм.",
  "an10.29:2.3": "И там, монахи, докуда простирается этот феномен тысячечастного мира, Маха Брахма считается наивысшим.",
  "an10.29:2.4": "Но даже в Маха Брахме существуют перемены, существуют изменения.",
  "an10.29:2.5": "Видя это так, обученный ученик Благородных разочаровывается этим.",
  "an10.29:2.6": "Будучи разочарованным, он становится бесстрастным к наивысшему, не говоря уже о низком.",
  "an10.29:3.1": "Приходит время, монахи, когда этот мир распадается.",
  "an10.29:3.2": "Когда мир распадается, то существа, по большей части, переселяются к дэвам лучезарного сияния.",
  "an10.29:3.3": "Там они существуют [в телах], созданных-из-разума, питаются восторгом, излучают сияние, движутся по небу, живут в блаженстве, и остаются таковыми очень долгое время.",
  "an10.29:3.4": "Когда мир распадается, то дэвы лучезарного сияния считаются наивысшими.",
  "an10.29:3.5": "Но даже в этих дэвах существуют перемены, существуют изменения.",
  "an10.29:3.6": "Видя это так, обученный ученик Благородных разочаровывается этим.",
  "an10.29:3.7": "Будучи разочарованным, он становится бесстрастным к наивысшему, не говоря уже о низком.",
  "an10.29:4.1": "Монахи, существуют эти десять сфер тотальностей.",
  "an10.29:4.2": "Какие десять?",
  "an10.29:4.3": "Вот [практикующий] воспринимает тотальность земли – вверху, внизу, по сторонам, недвойственную, безмерную.",
  "an10.29:4.4": "Он воспринимает тотальность воды…",
  "an10.29:4.5": "тотальность огня…",
  "an10.29:4.6": "тотальность воздуха…",
  "an10.29:4.7": "тотальность голубого…",
  "an10.29:4.8": "тотальность жёлтого…",
  "an10.29:4.9": "тотальность красного…",
  "an10.29:4.10": "тотальность белого…",
  "an10.29:4.11": "тотальность пространства…",
  "an10.29:4.12": "тотальность сознания – вверху, внизу, по сторонам, недвойственную, безмерную.",
  "an10.29:4.13": "Таковы десять сфер тотальностей.",
  "an10.29:5.1": "Из этих десяти сфер тотальностей вот какая является наивысшей, а именно – когда [практикующий] воспринимает тотальность сознания – вверху, внизу, по сторонам, недвойственную, безмерную.",
  "an10.29:5.2": "Есть существа, которые воспринимают таким образом.",
  "an10.29:5.3": "Но даже в этих существах, которые воспринимают таким образом, существуют перемены, существуют изменения.",
  "an10.29:5.4": "Видя это так, обученный ученик Благородных разочаровывается этим.",
  "an10.29:5.5": "Будучи разочарованным, он становится бесстрастным к наивысшему, не говоря уже о низком.",
  "an10.29:6.1": "Монахи, существуют эти восемь [медитативных] сфер преодоления.",
  "an10.29:6.2": "Какие восемь?",
  "an10.29:6.3": "Вот [практикующий], воспринимая формы внутренне, видит формы внешне – ограниченные, красивые или уродливые. Преодолев их, он воспринимает так:",
  "an10.29:6.4": "“Я знаю, я вижу”.",
  "an10.29:6.5": "Такова первая сфера преодоления.",
  "an10.29:7.1": "Вот [практикующий], воспринимая формы внутренне, видит формы внешне – безмерные, красивые или уродливые.",
  "an10.29:7.2": "Преодолев их, он воспринимает так: “Я знаю, я вижу”.",
  "an10.29:7.3": "Такова вторая сфера преодоления.",
  "an10.29:8.1": "Вот [практикующий], не воспринимая формы внутренне, видит формы внешне – ограниченные, красивые или уродливые.",
  "an10.29:8.2": "Преодолев их, он воспринимает так: “Я знаю, я вижу”.",
  "an10.29:8.3": "Такова третья сфера преодоления.",
  "an10.29:9.1": "Вот [практикующий], не воспринимая формы внутренне, видит формы внешне – безмерные, красивые или уродливые. Преодолев их, он воспринимает так:",
  "an10.29:9.2": "“Я знаю, я вижу”.",
  "an10.29:9.3": "Такова четвёртая сфера преодоления.",
  "an10.29:10.1": "Вот [практикующий], не воспринимая формы внутренне, видит формы внешне – голубые, голубого цвета, с голубым тоном, с голубым оттенком.",
  "an10.29:10.2": "Подобно голубому цветку льна, который голубого цвета, с голубым тоном, с голубым оттенком, или же точно ткань из Варанаси, что разглажена с обоих концов, могла бы быть голубой, голубого цвета, с голубым тоном, с голубым оттенком –",
  "an10.29:10.3": "точно также [практикующий], не воспринимая формы внутренне, видит формы внешне – голубые, голубого цвета, с голубым тоном, с голубым оттенком.",
  "an10.29:10.4": "Преодолев их, он воспринимает так: “Я знаю, я вижу”.",
  "an10.29:10.5": "Такова пятая сфера преодоления.",
  "an10.29:11.1": "Вот [практикующий], не воспринимая формы внутренне, видит формы внешне – жёлтые, жёлтого цвета, с жёлтым тоном, с жёлтым оттенком.",
  "an10.29:11.2": "Подобно жёлтому цветку каникары, который жёлтого цвета, с жёлтым тоном, с жёлтым оттенком, или же точно ткань из Варанаси, что разглажена с обоих концов, могла бы быть жёлтой, жёлтого цвета, с жёлтым тоном, с жёлтым оттенком –",
  "an10.29:11.3": "точно также [практикующий], не воспринимая формы внутренне, видит формы внешне – жёлтые, жёлтого цвета, с жёлтым тоном, с жёлтым оттенком.",
  "an10.29:11.4": "Преодолев их, он воспринимает так: “Я знаю, я вижу”.",
  "an10.29:11.5": "Такова шестая сфера преодоления.",
  "an10.29:12.1": "Вот [практикующий], не воспринимая формы внутренне, видит формы внешне – красные, красного цвета, с красным тоном, с красным оттенком.",
  "an10.29:12.2": "Подобно красному цветку бандхудживаки, который красного цвета, с красным тоном, с красным оттенком, или же точно ткань из Варанаси, что разглажена с обоих концов, могла бы быть красной, красного цвета, с красным тоном, с красным оттенком –",
  "an10.29:12.3": "точно также [практикующий], не воспринимая формы внутренне, видит формы внешне – красные, красного цвета, с красным тоном, с красным оттенком.",
  "an10.29:12.4": "Преодолев их, он воспринимает так: “Я знаю, я вижу”.",
  "an10.29:12.5": "Такова седьмая сфера преодоления.",
  "an10.29:13.1": "Вот [практикующий], не воспринимая формы внутренне, видит формы внешне – белые, белого цвета, с белым тоном, с белым оттенком.",
  "an10.29:13.2": "Подобно белой утренней звезде, которая белого цвета, с белым тоном, с белым оттенком, или же точно ткань из Варанаси, что разглажена с обоих концов, могла бы быть белой, белого цвета, с белым тоном, с белым оттенком –",
  "an10.29:13.3": "точно также [практикующий], не воспринимая формы внутренне, видит формы внешне – белые, белого цвета, с белым тоном, с белым оттенком.",
  "an10.29:13.4": "Преодолев их, он воспринимает так: “Я знаю, я вижу”.",
  "an10.29:13.5": "Такова восьмая сфера преодоления.",
  "an10.29:13.6": "Таковы восемь сфер преодоления.",
  "an10.29:14.1": "Из этих восьми сфер вот какая является наивысшей, а именно – когда [практикующий], не воспринимая формы внутренне, видит формы внешне – белые, белого цвета, с белым тоном, с белым оттенком.",
  "an10.29:14.2": "Преодолев их, он воспринимает так: “Я знаю, я вижу”.",
  "an10.29:14.3": "Есть существа, которые воспринимают таким образом.",
  "an10.29:14.4": "Но даже в этих существах, которые воспринимают таким образом, существуют перемены, существуют изменения.",
  "an10.29:14.5": "Видя это так, обученный ученик Благородных разочаровывается этим.",
  "an10.29:14.6": "Будучи разочарованным, он становится бесстрастным к наивысшему, не говоря уже о низком.",
  "an10.29:15.1": "Монахи, существуют эти четыре состояния практики.",
  "an10.29:15.2": "Какие четыре?",
  "an10.29:15.3": "Болезненная практика с медленным [наступлением] прямого знания;",
  "an10.29:15.4": "болезненная практика с быстрым [наступлением] прямого знания;",
  "an10.29:15.5": "приятная практика с медленным [наступлением] прямого знания;",
  "an10.29:15.6": "приятная практика с быстрым [наступлением] прямого знания.",
  "an10.29:15.7": "Таковы четыре состояния практики.",
  "an10.29:16.1": "Из этих четырёх состояний вот какое является наивысшим, а именно – приятная практика с быстрым [наступлением] прямого знания.",
  "an10.29:16.2": "Есть существа, которые практикуют так.",
  "an10.29:16.3": "Но даже в существах, которые практикуют так, существуют перемены, существуют изменения.",
  "an10.29:16.4": "Видя это так, обученный ученик Благородных разочаровывается этим.",
  "an10.29:16.5": "Будучи разочарованным, он становится бесстрастным к наивысшему, не говоря уже о низком.",
  "an10.29:17.1": "Монахи, существуют эти четыре состояния [медитативного] восприятия.",
  "an10.29:17.2": "Какие четыре?",
  "an10.29:17.3": "Вот [практикующий] воспринимает ограниченное.",
  "an10.29:17.4": "Другой [практикующий] воспринимает возвышенное.",
  "an10.29:17.5": "Ещё другой [практикующий] воспринимает безмерное.",
  "an10.29:17.6": "Ещё другой, [практикующий, воспринимая]: “Здесь ничего нет”, воспринимает сферу отсутствия всего.",
  "an10.29:17.7": "Это, монахи, четыре сознавания.",
  "an10.29:18.1": "Это вершина, монахи, четырёх сознаваний в частности: когда “Здесь ничего нет”, сознается одна сфера отсутствия всего.",
  "an10.29:18.2": "Есть существа, которые воспринимают так.",
  "an10.29:18.3": "Но даже в существах, которые воспринимают так, существуют перемены, существуют изменения.",
  "an10.29:18.4": "Видя это так, обученный ученик Благородных разочаровывается этим.",
  "an10.29:18.5": "Будучи разочарованным, он становится бесстрастным к наивысшему, не говоря уже о низком.",
  "an10.29:19.1": "Монахи, среди [всех] спекулятивных воззрений, которых придерживаются люди, внешние [по отношению к Учению Будды],",
  "an10.29:19.2": "вот какое является наивысшим:",
  "an10.29:19.3": "“Я мог бы не быть, этого могло бы не быть у меня. Меня не будет, [и] этого не будет у меня”. [И почему?].",
  "an10.29:19.4": "Потому что можно ожидать в отношении того, кто придерживается такого воззрения, что он не будет [оставаться] не испуганным существованием, и что не будет напуган прекращением существования.",
  "an10.29:19.5": "Есть существа, которые придерживаются такого воззрения.",
  "an10.29:19.6": "Но даже в существах, которые придерживаются такого воззрения, существуют перемены, существуют изменения.",
  "an10.29:19.7": "Видя это так, обученный ученик Благородных разочаровывается этим.",
  "an10.29:19.8": "Будучи разочарованным, он становится бесстрастным к наивысшему, не говоря уже о низком.",
  "an10.29:20.1": "Монахи, есть некоторые жрецы и отшельники, провозглашающие высочайшее [духовное] очищение.",
  "an10.29:20.2": "Среди тех, кто провозглашает высочайшее очищение, вот каковое является наивысшим, а именно – с полным преодолением сферы отсутствия всего, [практикующий] входит и пребывает в сфере ни восприятия, ни не-восприятия.",
  "an10.29:20.3": "Они обучают своей Дхамме ради прямого знания и реализации этого.",
  "an10.29:20.4": "Есть существа, которые провозглашают так.",
  "an10.29:20.5": "Но даже в тех, кто провозглашает так, существуют перемены, существуют изменения.",
  "an10.29:20.6": "Видя это так, обученный ученик Благородных разочаровывается этим.",
  "an10.29:20.7": "Будучи разочарованным, он становится бесстрастным к наивысшему, не говоря уже о низком.",
  "an10.29:21.1": "Монахи, есть некоторые жрецы и отшельники, провозглашающие высочайшую ниббану в этой самой жизни.",
  "an10.29:21.2": "Среди тех, кто провозглашает высочайшую ниббану в этой самой жизни, вот каковая является наивысшей, а именно – освобождение посредством не-цепляния после того, как [практикующий] увидел в соответствии с действительностью происхождение и исчезновение, наслаждение, опасность и спасение в отношении шести сфер контакта.",
  "an10.29:21.3": "Монахи, хотя я утверждаю и провозглашаю [своё учение] таким образом, некоторые жрецы и отшельники неправедно, безосновательно, ложно и ошибочно истолковывают [сказанное] мной:",
  "an10.29:21.4": "“Отшельник Готама не провозглашает полного понимания чувственных удовольствий, полного понимания форм, или полного понимания чувств”.",
  "an10.29:21.5": "Но монахи, я утверждаю, что провозглашаю полное понимание чувственных удовольствий, полное понимание форм, полное понимание чувств. В этой самой жизни, не имеющий потребности, угасший и охлаждённый, я провозглашаю окончательную ниббану посредством не-цепляния”.",
  "an10.29:21.6": "Девятая."
}