{
 "an10.180:0.1": "Восходящие Наставления 10.180",
 "an10.180:0.2": "Глава Садху",
 "an10.180:0.3": "Сутта Неблаготворное",
 "an10.180:1.1": "Что есть неблаготворное, монахи, преподам и что благотворное.",
 "an10.180:1.2": "Услышьте это…",
 "an10.180:1.3": "“И что такое, монахи, неблаготворное?",
 "an10.180:1.4": "Уменьшение жизни…",
 "an10.180:1.5": "ошибочный взгляд—",
 "an10.180:1.6": "об этом говорится, монахи, неблаготворное.",
 "an10.180:2.1": "И что такое, монахи, благотворное?",
 "an10.180:2.2": "Отторжение уменьшения жизни…",
 "an10.180:2.3": "правильный взгляд—",
 "an10.180:2.4": "об этом говорится, монахи, благотворное.",
 "an10.180:2.5": "Третья."
}