{
 "an10.199-210:0.1": "Восходящие Наставления 10.199-210",
 "an10.199-210:0.2": "Глава Пуггала Другая",
 "an10.199-210:0.3": "Сутты начинающиеся с Несвязываться",
 "an10.199-210:1.1": "С десятью, монахи, явлениями наделенной личностью не нужно связываться (ассоциироваться).",
 "an10.199-210:1.2": "Какими десятью?",
 "an10.199-210:1.3": "Уменьшение жизни; неданное даяние; ошибочное поведение в желаниях; ложное утверждение; рознящая речь; жёсткая речь; пустословие; алчность; враждебность; ошибочный взгляд",
 "an10.199-210:1.4": "С этими, монахи, десятью явлениями наделенной личностью не нужно связываться.",
 "an10.199-210:2.1": "С десятью, монахи, явлениями наделенной личностью нужно связываться.",
 "an10.199-210:2.2": "Какими десятью?",
 "an10.199-210:2.3": "Отвержение уменьшения жизни; отвержение неданного даяния; отвержение ошибоного поведения в желаниях; отвержение ложного утверждения; отвержение рознящей речи; отвержение грубой речи; отвержение пустословия, не-алчность, невраждебность, правильный взгляд.",
 "an10.199-210:2.4": "С этими, монахи, десятью явлениями наделенной личностью нужно связываться.",
 "an10.199-210:3.1": "С этими, монахи, десятью явлениями наделенной личностью не нужно общаться…",
 "an10.199-210:3.2": "нужно общаться…",
 "an10.199-210:3.3": "к нему не нужно присаживаться…",
 "an10.199-210:3.4": "нужно присаживаться…",
 "an10.199-210:3.5": "не почитаемый…",
 "an10.199-210:3.6": "почитаемый…",
 "an10.199-210:3.7": "не достойный похвалы…",
 "an10.199-210:3.8": "достойный похвалы…",
 "an10.199-210:3.9": "не достойный уважения…",
 "an10.199-210:3.10": "достойный уважения…",
 "an10.199-210:3.11": "не стоит выказывать почтение…",
 "an10.199-210:3.12": "стоит выказывать почтение…",
 "an10.199-210:3.13": "не является успешным…",
 "an10.199-210:3.14": "является успешным…",
 "an10.199-210:3.15": "не очищается…",
 "an10.199-210:3.16": "очищается…",
 "an10.199-210:3.17": "не преодолевает самомнения…",
 "an10.199-210:3.18": "преодолевает самомнение…",
 "an10.199-210:3.19": "не возрастает в понимании…",
 "an10.199-210:3.20": "возрастает в понимании…",
 "an10.199-210:4.1": "Десятью, монахи, явлениями наделенная личность порождает много плохого…",
 "an10.199-210:4.2": "порождает много заслуг…",
 "an10.199-210:4.3": "Какими десятью?",
 "an10.199-210:4.4": "Отвержение уменьшения жизни; отвержение неданного даяния; отвержение ошибоного поведения в желаниях; отвержение ложного утверждения; отвержение рознящей речи; отвержение грубой речи; отвержение пустословия, не-алчность, невраждебность, правильный взгляд.",
 "an10.199-210:4.5": "Этими, Монахи, десятью качествами, наделённая личность порождает много заслуг.",
 "an10.199-210:4.6": "Глава Пуггала Первая.",
 "an10.199-210:4.7": "Четвёртая Пятидесятка Завершена."
}