{
  "an10.132:0.1": "Восходящие Наставления 10.132",
  "an10.132:0.2": "Глава Парисуддха ",
  "an10.132:0.3": "Сутта Десятая ",
  "an10.132:1.1": "“Эти десять, монахи, ошибочностей. ",
  "an10.132:1.2": "Какие десять? ",
  "an10.132:1.3": "Ошибочный взгляд, ошибочное намерение-заготовка, ошибочная речь, ошибочные действия, ошибочный быт, ошибочное старание, ошибочное памятование, ошибочное объединение опыта, ошибочное знание, ошибочное освбождение. ",
  "an10.132:1.4": "Эти, монахи, десять ошибочностей”.",
  "an10.132:1.5": "Десятая."
}