{
 "an10.137:0.1": "Восходящие Наставления 10.137",
 "an10.137:0.2": "Глава Садху",
 "an10.137:0.3": "Сутта Значение",
 "an10.137:1.1": "Цель, монахи, преподам и не-цель.",
 "an10.137:1.2": "Услышьте это…",
 "an10.137:1.3": "“И что такое, монахи, не-цель?",
 "an10.137:1.4": "Ошибочный взгляд… ошибочное освбождение—",
 "an10.137:1.5": "об этом говорится, монахи, не-цель.",
 "an10.137:1.6": "И что такое, монахи, цель?",
 "an10.137:1.7": "Правильный взгляд… правильное освобождение—",
 "an10.137:1.8": "об этом говорится, монахи, цель.",
 "an10.137:1.9": "Четвёртая."
}