{
  "an10.100:0.1": "Восходящие Наставления 10.100",
  "an10.100:0.2": "Глава Упали",
  "an10.100:0.3": "Сутта Неспособен",
  "an10.100:1.1": "“Монахи, не отбросив этих десяти вещей, человек неспособен реализовать арахантство.",
  "an10.100:1.2": "Каких десяти?",
  "an10.100:1.3": "Страсти, злобы, заблуждения, злости, враждебности, клеветы, презрения, зависти, скупости, самомнения.",
  "an10.100:1.4": "Не отбросив этих десяти вещей, человек неспособен реализовать арахантство.",
  "an10.100:2.1": "Монахи, отбросив эти десять вещей, человек способен реализовать арахантство.",
  "an10.100:2.2": "Какие десять?",
  "an10.100:2.3": "Страсть, злобу, заблуждение, злость, враждебность, клевету, презрение, зависть, скупость, самомнение.",
  "an10.100:2.4": "Отбросив эти десять вещей, человек способен реализовать арахантство”.",
  "an10.100:2.5": "Десятая.",
  "an10.100:2.6": "Глава Упали Пятая.",
  "an10.100:3.0": "Оглавление",
  "an10.100:3.1": "",
  "an10.100:3.2": "",
  "an10.100:3.3": "",
  "an10.100:3.4": "",
  "an10.100:3.5": ""
}