{
 "an10.79:0.1": "Восходящие Наставления 10.79",
 "an10.79:0.2": "Глава Аканкха",
 "an10.79:0.3": "Сутта Основания Первая",
 "an10.79:1.1": "“Монахи, существуют эти десять оснований для негодования.",
 "an10.79:1.2": "Какие десять?",
 "an10.79:1.3": "“Они сделали это, чтобы навредить мне” – человек питает негодование.",
 "an10.79:1.4": "“Они делают это, чтобы навредить мне” – …",
 "an10.79:1.5": "“Они сделают это, чтобы навредить мне” – …",
 "an10.79:1.6": "“Они сделали это, чтобы навредить тому, кто мил и приятен мне” – …",
 "an10.79:1.7": "“Они делают это, чтобы навредить тому, кто мил и приятен мне” – …",
 "an10.79:1.8": "“Они сделают это, чтобы навредить тому, кто мил и приятен мне” – …",
 "an10.79:1.9": "“Они сделали это ради блага того, кто не мил и неприятен мне” – …",
 "an10.79:1.10": "“Они делают это ради блага того, кто не мил и неприятен мне” – …",
 "an10.79:1.11": "“Они сделают это ради блага того, кто не мил и неприятен мне” – …",
 "an10.79:1.12": "Или он начинает злиться без причины.",
 "an10.79:1.13": "Таковы, монахи, эти десять оснований для негодования”.",
 "an10.79:1.14": "Девятая."
}