{
  "an10.173:0.1": "Восходящие Наставления 10.173",
  "an10.173:0.2": "Глава Паччорохани",
  "an10.173:0.3": "Сутта Не-Дхамма Вторая",
  "an10.173:1.1": "“Монахи, следует понимать, что такое не-Дхамма и [что такое] Дхамма,",
  "an10.173:1.2": "а также что такое вредное и [что такое] полезное.",
  "an10.173:1.3": "Поняв, что такое не-Дхамма и Дхамма, а также что такое вредное и полезное, следует практиковать в соответствии с Дхаммой и тем, что полезно.",
  "an10.173:2.1": "И что такое, монахи, не-Дхамма и Дхамма.",
  "an10.173:2.2": "Что такое вредное и полезное?",
  "an10.173:2.3": "Уничтожение жизни – это не-Дхамма",
  "an10.173:2.4": "Отвержение уничтожения жизни – это Дхамма",
  "an10.173:2.5": "Многочисленные плохие, неблагие качества, возникающие из уничтожения жизни, как причиной: это является вредным.",
  "an10.173:2.6": "Многочисленные благие качества, имеющие причиной отверждение уничтожения жинзни, что достигают осуществления посредством развития: это является полезным.",
  "an10.173:3.1": "неданное даяние – это не-Дхамма",
  "an10.173:3.2": "отвержение неданного даяния – это Дхамма",
  "an10.173:3.3": "ошибочное поведение в желаниях – это не-Дхамма",
  "an10.173:3.4": "отвержение ошибоного поведения в желаниях – это Дхамма",
  "an10.173:3.5": "ложное утверждение – это не-Дхамма",
  "an10.173:3.6": "отвержение ложного утверждения – это Дхамма",
  "an10.173:3.7": "рознящая речь – это не-Дхамма",
  "an10.173:3.8": "отвержение рознящей речи – это Дхамма",
  "an10.173:3.9": "жёсткая речь – это не-Дхамма",
  "an10.173:3.10": "отвержение жёсткой речи – это Дхамма",
  "an10.173:3.11": "пустословие – это не-Дхамма",
  "an10.173:3.12": "отвержение пустословия – это Дхамма",
  "an10.173:3.13": "алчность – это не-Дхамма",
  "an10.173:3.14": "не-алчность – это Дхамма",
  "an10.173:3.15": "враждебность – это не-Дхамма",
  "an10.173:3.16": "невраждебность – это Дхамма",
  "an10.173:4.1": "ошибочный взгляд – это не-Дхамма",
  "an10.173:4.2": "правильный взгляд – это Дхамма",
  "an10.173:4.3": "Многочисленные плохие, неблагие качества, возникающие с ошибочным взглядом как причиной: это является вредным.",
  "an10.173:4.4": "Многочисленные благие качества, имеющие причиной правильный взгляд, что достигают осуществления посредством развития: это является полезным.",
  "an10.173:5.1": "Когда так было сказано: “Монахи, следует понимать, что такое не-Дхамма и [что такое] Дхамма,",
  "an10.173:5.2": "а также что такое вредное и [что такое] полезное.",
  "an10.173:5.3": "Поняв, что такое не-Дхамма и Дхамма, а также что такое вредное и полезное, следует практиковать в соответствии с Дхаммой и тем, что полезно” –",
  "an10.173:5.4": "то в отношении этого так было сказано”.",
  "an10.173:5.5": "Седьмая."
}