{
  "an10.125:0.1": "Восходящие Наставления 10.125",
  "an10.125:0.2": "Глава Парисуддха",
  "an10.125:0.3": "Сутта Третья",
  "an10.125:1.1": "“Монахи, эти десять вещей приносят великий плод и пользу нигде более, кроме как в дисциплине Счастливого.",
  "an10.125:1.2": "Какие десять?",
  "an10.125:1.3": "Правильный взгляд, правильное намерение-заготовка, правильная речь, правильные действия, правильный быт, правильное старание, правильное памятование, правильное объединение опыта, правильное знание, правильное освобождение.",
  "an10.125:1.4": "Монахи, эти десять вещей приносят великий плод и пользу нигде более, кроме как в дисциплине Счастливого”.",
  "an10.125:1.5": "Третья."
}