{
  "an10.57:0.1": "Восходящие Наставления 10.57",
  "an10.57:0.2": "Глава Сачитта ",
  "an10.57:0.3": "Сутта Восприятие Вторая ",
  "an10.57:1.1": "“Монахи, эти десять восприятий, будучи развитыми и взращенными, приносят великий плод и пользу, завершаются в бессмертном и имеют бессмертное своим завершением. ",
  "an10.57:1.2": "Какие десять? ",
  "an10.57:1.3": "Восприятие непостоянства; восприятие безличностности; восприятие смерти; восприятие отвратительности еды; восприятие не-восхищения целым миром; восприятие скелета; восприятие червивого трупа; восприятие синевато-багрового трупа; восприятие расчленённого трупа; восприятие вздутого трупа. ",
  "an10.57:1.4": "Эти десять восприятий, будучи развитыми и взращенными, приносят великий плод и пользу, завершаются в бессмертном и имеют бессмертное своим завершением”.",
  "an10.57:1.5": "Седьмая."
}