{
  "an10.13:0.1": "Восходящие Наставления 10.13",
  "an10.13:0.2": "Глава Натха",
  "an10.13:0.3": "Сутта Оковы",
  "an10.13:1.1": "“Монахи, существуют эти десять оков.",
  "an10.13:1.2": "Какие десять?",
  "an10.13:1.3": "Пять ближних связанностей, пять восходящих связанностей.",
  "an10.13:1.4": "Какие пять ближних связанностей?",
  "an10.13:1.5": "Воззрение о существовании “я”, сомнение, цепляние за правила поведения и предписания, чувственное желание, недоброжелательность.",
  "an10.13:1.6": "Эти пять ближних связанностей.",
  "an10.13:2.1": "Какие пять восходящих связанностей?",
  "an10.13:2.2": "страсть к форме, страсть к бесформенному, самомнение, неугомонность, невежество.",
  "an10.13:2.3": "Таковы пять высших оков.",
  "an10.13:2.4": "Таковы, монахи, десять оков”.",
  "an10.13:2.5": "Третья."
}