{
 "an10.185:0.1": "Восходящие Наставления 10.185",
 "an10.185:0.2": "Глава Садху",
 "an10.185:0.3": "Сутта Обжигающее",
 "an10.185:1.1": "Обжигающее, монахи, явление объясню и не-обжигающие.",
 "an10.185:1.2": "Услышьте это…",
 "an10.185:1.3": "“И что такое, монахи, обжигающее явление?",
 "an10.185:1.4": "Уменьшение жизни…",
 "an10.185:1.5": "ошибочный взгляд—",
 "an10.185:1.6": "об этом говорится, монахи, обжигающее явление.",
 "an10.185:2.1": "И что такое, монахи, не-обжигающее явление?",
 "an10.185:2.2": "отвергание уменьшения жизни…",
 "an10.185:2.3": "правильный взгляд—",
 "an10.185:2.4": "об этом говорится, монахи, не-обжигающее явление.",
 "an10.185:2.5": "Восьмая."
}