{
  "an10.119:0.1": "Восходящие Наставления 10.119",
  "an10.119:0.2": "Глава Паччорохани",
  "an10.119:0.3": "Первая Сутта Паччорохани ",
  "an10.119:1.1": "И тогда в день Упосатхи брахман Джануссони встал рядом, неподалёку от Благословенного, с помытой головой, новыми льняными одеждами, держа в руке пучок мокрой травы кусы. ",
  "an10.119:2.1": "",
  "an10.119:2.2": "Благословенный увидел, что тот стоит там, и сказал ему:",
  "an10.119:2.3": "“Брахман, почему в день Упосатхи ты стоишь с помытой головой, новыми льняными одеждами, держа в руке пучок мокрой травы кусы? ",
  "an10.119:2.4": "Что происходит ныне с кланом брахманов?”",
  "an10.119:2.5": "“Сегодня, Мастер Готама, брахманское празднество паччорохани”.",
  "an10.119:3.1": "“И как брахманы соблюдают паччорохани?”",
  "an10.119:3.2": "“Так вот же, Мастер Готама, в день Упосатхи брахманы моют свои головы, надевают новые льняные одежды. Затем они смазывают землю свежим коровьим навозом, покрывают это зелёной травой кусы и ложатся между оградой и домом для огня. ",
  "an10.119:3.3": "Посреди ночи они встают три раза и с почтительным приветствием поклоняются огню: ",
  "an10.119:3.4": "“Мы спускаемся в честь благоговейного. Мы спускаемся в честь благоговейного”. ",
  "an10.119:3.5": "Они подносят обилие топлёного масла, масла, взбитого масла огню. ",
  "an10.119:3.6": "По истечении ночи они подносят различную превосходную пищу брахманам. ",
  "an10.119:3.7": "Вот таким образом, Мастер Готама, брахманы соблюдают празднование паччорохани”.",
  "an10.119:4.1": "“В дисциплине Благородных, брахман, празднование паччорохани отличается от празднования паччорохани брахманов”.",
  "an10.119:4.2": "“Но как, Мастер Готама, празднование паччорохани соблюдается в дисциплине Благородных? ",
  "an10.119:4.3": "Было бы хорошо, если бы Мастер Готама научил меня Дхамме, объяснив то, как празднование паччорохани соблюдается в дисциплине Благородных”.",
  "an10.119:5.1": "“В таком случае, брахман, слушай внимательно. Я буду говорить”.",
  "an10.119:5.2": "“Да, Почтенный” – ответил брахман Джануссони. ",
  "an10.119:5.3": "Благословенный сказал:",
  "an10.119:6.1": "“Вот, брахман, ученик Благородных размышляет так: ",
  "an10.119:6.2": "“Результат неправильного воззрения плох ",
  "an10.119:6.3": "и в этой жизни и в будущих жизнях”. ",
  "an10.119:6.4": "Рассмотрев это таким образом, он отбрасывает неправильное воззрение. ",
  "an10.119:6.5": "Он спускается с неправильного воззрения.",
  "an10.119:7.1": "Далее, брахман, ученик Благородных размышляет так: “Результат неправильного устремления… ",
  "an10.119:7.2": "",
  "an10.119:7.3": "",
  "an10.119:7.4": "",
  "an10.119:8.1": "неправильной речи… ",
  "an10.119:8.2": "",
  "an10.119:8.3": "",
  "an10.119:8.4": "",
  "an10.119:9.1": "неправильных действий… ",
  "an10.119:9.2": "",
  "an10.119:9.3": "",
  "an10.119:9.4": "",
  "an10.119:10.1": "неправильных средств к жизни… ",
  "an10.119:10.2": "",
  "an10.119:10.3": "",
  "an10.119:10.4": "",
  "an10.119:11.1": "неправильного усилия… ",
  "an10.119:11.2": "",
  "an10.119:11.3": "",
  "an10.119:11.4": "",
  "an10.119:12.1": "неправильной осознанности… ",
  "an10.119:12.2": "",
  "an10.119:12.3": "",
  "an10.119:12.4": "",
  "an10.119:13.1": "неправильного сосредоточения… ",
  "an10.119:13.2": "",
  "an10.119:13.3": "",
  "an10.119:13.4": "",
  "an10.119:14.1": "неправильного знания…",
  "an10.119:14.2": "",
  "an10.119:14.3": "",
  "an10.119:14.4": "",
  "an10.119:15.1": "Далее, брахман, ученик Благородных размышляет так: “Результат неправильного освобождения плох ",
  "an10.119:15.2": "и в этой жизни и в будущих жизнях”. ",
  "an10.119:15.3": "Рассмотрев это таким образом, он отбрасывает неправильное освобождение. ",
  "an10.119:15.4": "Он спускается с неправильного освобождения.",
  "an10.119:15.5": "Вот таким образом, брахман, празднование паччорохани соблюдается в дисциплине Благородных”.",
  "an10.119:16.1": "“Празднование паччорохани в дисциплине Благородных, Мастер Готама, довольно-таки отличается от празднования паччорохани брахманов. ",
  "an10.119:16.2": "И празднование паччорохани брахманов не стоит и одной шестнадцатой празднования паччорохани в дисциплине Благородных.",
  "an10.119:16.3": "Великолепно, Мастер Готама! Великолепно, Мастер Готама!… ",
  "an10.119:16.4": "Пусть Мастер Готама помнит меня как мирского последователя, принявшего прибежище с этого дня и на всю жизнь”.",
  "an10.119:16.5": "Седьмая."
}