{
  "an10.12:0.1": "Восходящие Наставления 10.12",
  "an10.12:0.2": "Глава Натха",
  "an10.12:0.3": "Сутта Пять факторов",
  "an10.12:1.1": "“Монахи, монах, который отбросил пять факторов и наделён пятью факторами, зовётся в этой Дхамме и Винае наивысшим человеком, который совершенен и целиком прожил святую жизнь.",
  "an10.12:1.2": "И каким образом монах отбросил пять факторов?",
  "an10.12:1.3": "Вот монах отбросил: Чувственное желание, недоброжелательность, лень и апатию, неугомонность и сожаление, сомнение.",
  "an10.12:1.4": "Вот таким образом монах отбросил пять факторов.",
  "an10.12:2.1": "И каким образом монах наделён пятью факторами?",
  "an10.12:2.2": "Вот монах обладает: совокупностью нравственного поведения того, кто окончил тренировку; совокупностью сосредоточения того, кто окончил тренировку; совокупностью мудрости того, кто окончил тренировку; совокупностью освобождения того, кто окончил тренировку; совокупностью знания и видения освобождения того, кто окончил тренировку.",
  "an10.12:2.3": "Вот таким образом монах наделён пятью факторами.",
  "an10.12:3.1": "Монахи, монах, который отбросил пять факторов и наделён пятью факторами, зовётся в этой Дхамме и Винае наивысшим человеком, который совершенен и целиком прожил святую жизнь.",
  "an10.12:4.1": "“Когда желания чувств и злоба,",
  "an10.12:4.2": "Сонливость и апатия,",
  "an10.12:4.3": "А также беспокойность и сомнение",
  "an10.12:4.4": "Отсутствуют в монахе;",
  "an10.12:5.1": "И если обладает таковой",
  "an10.12:5.2": "И поведением нравственным и сосредоточением",
  "an10.12:5.3": "Того, кто вышел за пределы тренировки,",
  "an10.12:5.4": "И [равным образом] освобождением и знанием –",
  "an10.12:6.1": "То обладая этими пятью вещами,",
  "an10.12:6.2": "И устранив другие пять вещей,",
  "an10.12:6.3": "Воистину зовётся совершенным он",
  "an10.12:6.4": "В Учении и Дисциплине [Будды]”.",
  "an10.12:6.5": "Вторая."
}