{
  "an10.39:0.1": "Восходящие Наставления 10.39",
  "an10.39:0.2": "Глава Упали",
  "an10.39:0.3": "Первая Сутта Ананада",
  "an10.39:1.1": "И тогда Достопочтенный Ананда подошёл к Благословенному, поклонился ему, сел рядом и сказал ему:",
  "an10.39:1.2": "“Почтенный, “раскол в Сангхе, раскол в Сангхе” – так говорят. ",
  "an10.39:1.3": "Каким образом, почтенный, имеет место раскол в Сангхе?”",
  "an10.39:1.4": "“Ананда, вот монахи объясняют Не-Дхамму как Дхамму, а Дхамму как Не-Дхамму. Они объясняют Не-Винаю как Винаю…",
  "an10.39:1.5": "и то, что было предписано Татхагатой как то, что не было предписано им. ",
  "an10.39:1.6": "На этих десяти основаниях они удаляются и расходятся. Они совершают правомерные процедуры раздельно и декламируют Патимоккху раздельно. ",
  "an10.39:1.7": "Таким образом, Ананда, имеет место раскол в Сангхе”.",
  "an10.39:2.1": "“Но, почтенный, когда кто-либо совершает раскол в единомыслящей Сангхе, что он порождает?”",
  "an10.39:2.2": "“Он порождает зло, длящееся в течение каппы, Ананда”.",
  "an10.39:2.3": "“Но, почтенный, что это за зло, длящееся в течение каппы?”",
  "an10.39:2.4": "“Он мучается в аду в течение каппы, Ананда”. ",
  "an10.39:3.1": "“Кто раскол в Сангхе совершает, тот катится в удел лишений,",
  "an10.39:3.2": "Привязан он к [перерождению] в аду, где каппу будет пребывать.",
  "an10.39:3.3": "Он радуется разделению, и утверждён он в ложной Дхамме,",
  "an10.39:3.4": "Отпал он от защиты от оков.",
  "an10.39:3.5": "Свершив раскол в единодушной Сангхе,",
  "an10.39:3.6": "В аду он мучается каппу”.",
  "an10.39:3.7": "Девятая."
}