{
  "an10.43:0.1": "Восходящие Наставления 10.43",
  "an10.43:0.2": "Глава Аккоса",
  "an10.43:0.3": "Сутта Корень Вторая",
  "an10.43:1.1": "“Почтенный, сколько существует корней полемики?”",
  "an10.43:1.2": "“Упали, существует десять корней полемики.",
  "an10.43:1.3": "Какие десять?",
  "an10.43:1.4": "Вот, Монахи объясняют то, что не является нарушением как нарушение и то, что является нарушением как отсутствие нарушения. Они объясняют лёгкое нарушение как серьёзное нарушение, и серьёзное нарушение как лёгкое нарушение. Они объясняют грубое нарушение как негрубое нарушение, и негрубое нарушение как грубое нарушение. Они объясняют исправимое нарушение как неисправимое нарушение, и неисправимое нарушение как исправимое нарушение. Они объясняют нарушение с компенсацией как нарушение без компенсации, и нарушение без компенсации как нарушение с компенсацией.",
  "an10.43:1.5": "Таковы, Упали, десять корней полемики”.",
  "an10.43:1.6": "Третья."
}