{
  "an10.49:0.1": "Восходящие Наставления 10.49",
  "an10.49:0.2": "Глава Аккоса ",
  "an10.49:0.3": "Сутта Существуют посредством тела ",
  "an10.49:1.1": "“Монахи, эти десять вещей существуют посредством тела. ",
  "an10.49:1.2": "Какие десять? ",
  "an10.49:1.3": "Холод, жара, голод, жажда, испражнение, мочеиспускание, телесное обуздание, словесное обуздание, обуздание в средствах к жизни, формирователь cуществования, что ведёт к новому существованию. ",
  "an10.49:1.4": "Таковы десять вещей, что существуют посредством тела”.",
  "an10.49:1.5": "Девятая."
}