{
  "an10.1:0.1": "Восходящие Наставления 10.1",
  "an10.1:0.2": "Глава Анисамса",
  "an10.1:0.3": "Сутта В чём смысл?",
  "an10.1:1.1": "Так я слышал.",
  "an10.1:1.2": "Однажды Благословенный пребывал в Саваттхи в роще Джеты в монастыре Анатхапиндики.",
  "an10.1:1.3": "И тогда Достопочтенный Ананда подошёл к Благословенному, поклонился ему, сел рядом и сказал ему:",
  "an10.1:2.1": "“Почтенный, в чём смысл и польза благого нравственного поведения?”",
  "an10.1:2.2": "“Ананда, смысл и польза благого нравственного поведения – в не-сожалении”.",
  "an10.1:3.1": "“А в чём, почтенный, смысл и польза не-сожаления?”",
  "an10.1:3.2": "“Смысл и польза не-сожаления – в радости”.",
  "an10.1:4.1": "“А в чём, почтенный, смысл и польза радости?”",
  "an10.1:4.2": "“Смысл и польза радости – в восторге”.",
  "an10.1:5.1": "“А в чём, почтенный, смысл и польза восторга?”",
  "an10.1:5.2": "“Смысл и польза восторга – в безмятежности”.",
  "an10.1:6.1": "“А в чём, почтенный, смысл и польза безмятежности?”",
  "an10.1:6.2": "“Смысл и польза безмятежности – в удовольствии”.",
  "an10.1:7.1": "“А в чём, почтенный, смысл и польза удовольствия?”",
  "an10.1:7.2": "“Смысл и польза удовольствия – в сосредоточении”.",
  "an10.1:8.1": "“А в чём, почтенный, смысл и польза сосредоточения?”",
  "an10.1:8.2": "“Смысл и польза сосредоточения – в знании и видении вещей в соответствии с действительностью”.",
  "an10.1:9.1": "“А в чём, почтенный, смысл и польза знания и видения вещей в соответствии с действительностью?”",
  "an10.1:9.2": "“Смысл и польза знания и видения вещей в соответствии с действительностью – в разочаровании и бесстрастии”.",
  "an10.1:10.1": "“А в чём, почтенный, смысл и польза разочарования и бесстрастия?”",
  "an10.1:10.2": "“Смысл и польза разочарования и бесстрастия – в знании и видении освобождения.",
  "an10.1:11.1": "Так, Ананда, смысл и польза благого нравственного поведения – в не-сожалении.",
  "an10.1:11.2": "Смысл и польза не-сожаления – в радости.",
  "an10.1:11.3": "Смысл и польза радости – в восторге.",
  "an10.1:11.4": "Смысл и польза восторга – в безмятежности.",
  "an10.1:11.5": "Смысл и польза безмятежности – в удовольствии.",
  "an10.1:11.6": "Смысл и польза удовольствия – в сосредоточении.",
  "an10.1:11.7": "Смысл и польза сосредоточения – в знании и видении вещей в соответствии с действительностью.",
  "an10.1:11.8": "Смысл и польза знания и видения вещей в соответствии с действительностью – в разочаровании и бесстрастии.",
  "an10.1:11.9": "А смысл и польза разочарования и бесстрастия – в знании и видении освобождения.",
  "an10.1:11.10": "Так, Ананда, благое нравственное поведение последовательно ведёт к высочайшему”.",
  "an10.1:11.11": "Первая."
}