{
 "an10.170:0.1": "Восходящие Наставления 10.170",
 "an10.170:0.2": "Глава Джануссони",
 "an10.170:0.3": "Сутта Ближний",
 "an10.170:1.1": "“Монахи, я научу вас ближнему берегу и берегу дальнему.",
 "an10.170:1.2": "Услышьте это…",
 "an10.170:1.3": "“И что такое, монахи, ближний берег и берег дальний?",
 "an10.170:1.4": "“Уменьшение жизни, монахи, - ближний берег, отвержение уменьшения жизни - другой берег.",
 "an10.170:1.5": "Неданное даяние - ближний берег, отвержение неданного даяния - другой берег.",
 "an10.170:1.6": "Ошибочное поведение в желаниях - ближний берег, отвержение ошибоного поведения в желаниях - другой берег.",
 "an10.170:1.7": "Ложное утверждение - ближний берег, отвержение ложного утверждения - другой берег.",
 "an10.170:1.8": "Рознящая речь - ближний берег, отвержение рознящей речи - другой берег.",
 "an10.170:1.9": "Жёсткая речь - ближний берег, отвержение жёсткой речи - другой берег.",
 "an10.170:1.10": "Пустословие - ближний берег, отвержение пустословия - другой берег.",
 "an10.170:1.11": "Алчность - ближний берег, не-алчность - другой берег.",
 "an10.170:1.12": "Враждебность - ближний берег, невраждебность - другой берег.",
 "an10.170:1.13": "Ошибочный взгляд - ближний берег, правильный взгляд - другой берег.",
 "an10.170:1.14": "Одно, брахман, это берег ближний; другое – берег другой”.",
 "an10.170:2.1": "“Как мало тех среди людей,",
 "an10.170:2.2": "Кто перешёл на берег тот,",
 "an10.170:2.3": "А остальные все бегут",
 "an10.170:2.4": "На этом [ближнем] берегу.",
 "an10.170:3.1": "Коль Дхамма была праведно раскрыта,",
 "an10.170:3.2": "Те, кто в согласии с Дхаммой практикует,",
 "an10.170:3.3": "Являются людьми, что перейдут",
 "an10.170:3.4": "То царство Смерти, кое сложно пересечь.",
 "an10.170:4.1": "Тёмные качества оставив позади,",
 "an10.170:4.2": "Мудрейший должен яркие развить.",
 "an10.170:4.3": "Покинув дом, в бездомье перейдя,",
 "an10.170:4.4": "Которым столь непросто наслаждаться,",
 "an10.170:5.1": "В уединении он ищет наслаждение,",
 "an10.170:5.2": "Оставив позади услады чувств.",
 "an10.170:5.3": "Мудрейший, не владеющий ничем,",
 "an10.170:5.4": "Пускай очистится от умственных пороков.",
 "an10.170:6.1": "И тот, чей ум был развит хорошо",
 "an10.170:6.2": "В тех факторах, ведут что к пробуждению,",
 "an10.170:6.3": "Кто не-цеплянием находит наслаждение",
 "an10.170:6.4": "В отбрасывании всякого цепляния:",
 "an10.170:6.5": "Тот, лучезарный, пятна уничтожив,",
 "an10.170:6.6": "Является погасшим в этом мире”.",
 "an10.170:6.7": "Четвёртая."
}