{
  "an10.121:0.1": "Восходящие Наставления 10.121",
  "an10.121:0.2": "Глава Пассорохани ",
  "an10.121:0.3": "Сутта Предтеча ",
  "an10.121:1.1": "“Монахи, подобно тому, как рассвет является предтечей и предшественником восхода солнца, ",
  "an10.121:1.2": "точно также правильные воззрения являются предтечей и предшественником благих качеств. ",
  "an10.121:1.3": "У того, у кого имеются правильные воззрения, возникает правильное устремление. У того, у кого имеется правильное устремление, возникает правильная речь. У того, у кого имеется правильная речь, возникают правильные действия. У того, у кого имеются правильные действия, возникают правильные средства к жизни. У того, у кого имеются правильные средства к жизни, возникает правильное усилие. У того, у кого имеется правильное усилие, возникает правильная осознанность. У того, у кого имеется правильная осознанность, возникает правильное сосредоточение. У того, у кого имеется правильное сосредоточение, возникает правильное знание. У того, у кого имеется правильное знание, возникает правильное освобождение”.",
  "an10.121:1.4": "Девятая."
}