{
  "an10.61:0.1": "Восходящие Наставления 10.61",
  "an10.61:0.2": "Глава Ямака",
  "an10.61:0.3": "Сутта Питание невежества",
  "an10.61:1.1": "“Монахи, первого момента невежества не увидеть, благодаря чему можно было бы сказать:",
  "an10.61:1.2": "“Прежде невежества не было, затем оно появилось”. Но, монахи, хотя так сказано, тем не менее, можно увидеть, что у невежества есть особая причина.",
  "an10.61:2.1": "Невежество, монахи, имеет своё питание. Оно не без питания.",
  "an10.61:2.2": "И что является питанием невежества?",
  "an10.61:2.3": "“Пять помех” – так следует ответить.",
  "an10.61:2.4": "У пяти помех, монахи, есть питание, они не без питания.",
  "an10.61:2.5": "И что является питанием пяти помех?",
  "an10.61:2.6": "“Три вида неправильного поведения” – так следует ответить.",
  "an10.61:2.7": "У трёх видов неправильного поведения, монахи, есть питание. Они не без питания.",
  "an10.61:2.8": "И что является питанием трёх видов неправильного поведения?",
  "an10.61:2.9": "“Недостаток сдержанности чувств” – так следует ответить.",
  "an10.61:2.10": "У недостатка сдержанности чувств, монахи, есть питание. Он не без питания.",
  "an10.61:2.11": "И что является питанием недостатка сдержанности чувств?",
  "an10.61:2.12": "“Недостаток осознанности и бдительности” – так следует ответить.",
  "an10.61:2.13": "У недостатка осознанности и бдительности, монахи, есть питание. Он не без питания.",
  "an10.61:2.14": "И что является питанием недостатка осознанности и бдительности?",
  "an10.61:2.15": "“Немудрое внимание” – так следует ответить.",
  "an10.61:2.16": "У немудрого внимания, монахи, есть питание. Оно не без питания.",
  "an10.61:2.17": "И что является питанием немудрого внимания?",
  "an10.61:2.18": "“Недостаток веры” – так следует ответить.",
  "an10.61:2.19": "У недостатка веры, монахи, есть питание. Он не без питания.",
  "an10.61:2.20": "И что является питанием недостатка веры?",
  "an10.61:2.21": "“Слушание того, что не является подлинной Дхаммой” – так следует ответить.",
  "an10.61:2.22": "У слушания того, что не является подлинной Дхаммой, монахи, есть питание. Оно не без питания.",
  "an10.61:2.23": "И что является питанием слушания того, что не является подлинной Дхаммой?",
  "an10.61:2.24": "“Общение с неправильными людьми” – так следует ответить.",
  "an10.61:3.1": "Точно таким же образом, монахи, общение с неправильными людьми ведёт к преобладанию слушания того, что не является подлинной Дхаммой. Слушание того, что не является подлинной Дхаммой, ведёт к преобладанию недостатка веры. Недостаток веры ведёт к преобладанию немудрого внимания. Немудрое внимание ведёт к преобладанию недостатка осознанности и бдительности. Недостаток осознанности и бдительности ведёт к преобладанию недостатка сдержанности чувств. Недостаток сдержанности чувств ведёт к преобладанию трёх видов неправильного поведения. Три вида неправильного поведения ведут к преобладанию пяти помех. Пять помех ведут к преобладанию невежества.",
  "an10.61:3.2": "Таким образом [всё это] является питанием для невежества, и таким образом это ведёт к преобладанию невежества.",
  "an10.61:4.1": "Монахи, подобно тому, как дождь проливается на вершины гор, и водяные потоки устремляются вниз по склонам, наполняя расселины, овраги, ручьи. Когда расселины, овраги и ручьи переполнены, они наполняют пруды. Когда пруды переполнены, они наполняют озёра. Когда озёра переполнены, они наполняют речушки. Когда речушки переполнены, они наполняют полноводные реки. Когда полноводные реки переполнены, они наполняют великий океан.",
  "an10.61:4.2": "Таким образом [всё это] является питанием для океана, и таким образом наполняется океан.",
  "an10.61:5.1": "Точно также имеется питание для невежества, и таким образом это ведёт к преобладанию невежества. Точно также, монахи, общение с неправильными людьми ведёт к преобладанию слушания того, что не является подлинной Дхаммой…",
  "an10.61:5.2": "Таким образом [всё это] является питанием для невежества, и таким образом это ведёт к преобладанию невежества.",
  "an10.61:6.1": "Монахи, Освобождение посредством прямого знания, я говорю вам, также имеет питание. Оно не без питания.",
  "an10.61:6.2": "И что является питанием освобождения посредством прямого знания?",
  "an10.61:6.3": "“Семь факторов просветления” – так следует ответить.",
  "an10.61:6.4": "Семь факторов просветления, монахи, также имеют питание. Они не без питания.",
  "an10.61:6.5": "И что является питанием семи факторов просветления?",
  "an10.61:6.6": "“Четыре основы осознанности” – так следует ответить.",
  "an10.61:6.7": "Четыре основы осознанности, монахи, также имеют питание. Они не без питания.",
  "an10.61:6.8": "И что является питанием четырёх основ осознанности?",
  "an10.61:6.9": "“Три вида правильного поведения” – так следует ответить.",
  "an10.61:6.10": "Три вида правильного поведения, монахи, также имеют питание. Они не без питания.",
  "an10.61:6.11": "И что является питанием трёх видов правильного поведения?",
  "an10.61:6.12": "“Сдержанность чувств” – так следует ответить.",
  "an10.61:6.13": "Сдержанность чувств, монахи, также имеет питание. Она не без питания.",
  "an10.61:6.14": "И что является питанием сдержанности чувств?",
  "an10.61:6.15": "“Осознанность и бдительность” – так следует ответить.",
  "an10.61:6.16": "Осознанность и бдительность, монахи, также имеют питание. Они не без питания.",
  "an10.61:6.17": "И что является питанием осознанности и бдительности?",
  "an10.61:6.18": "“Мудрое внимание” – так следует ответить.",
  "an10.61:6.19": "Мудрое внимание, монахи, также имеет питание. Оно не без питания.",
  "an10.61:6.20": "И что является питанием мудрого внимания?",
  "an10.61:6.21": "“Вера” – так следует ответить.",
  "an10.61:6.22": "Вера, монахи, также имеет питание. Она не без питания.",
  "an10.61:6.23": "И что является питанием веры?",
  "an10.61:6.24": "“Слушание подлинной Дхаммы” – так следует ответить.",
  "an10.61:6.25": "Слушание подлинной Дхаммы, монахи, также имеет питание. Оно не без питания.",
  "an10.61:6.26": "И что является питанием слушания подлинной Дхаммы?",
  "an10.61:6.27": "“Общение с правильными людьми” – так следует ответить.",
  "an10.61:7.1": "Точно таким же образом, монахи, общение с правильными людьми ведёт к преобладанию слушания подлинной Дхаммы. Слушание подлинной Дхаммы ведёт к преобладанию веры. Вера ведёт к преобладанию мудрого внимания. Мудрое внимание ведёт к преобладанию осознанности и бдительности. Осознанность и бдительность ведут к преобладанию сдержанности чувств. Сдержанность чувств ведёт к преобладанию трёх видов правильного поведения. Три вида правильного поведения ведут к преобладанию четырёх основ осознанности. Четыре основы осознанности ведут к преобладанию семи факторов просветления. Семь факторов просветления ведут к преобладанию освобождения посредством прямого знания.",
  "an10.61:7.2": "Таким образом [всё это] является питанием для освобождения посредством прямого знания, и таким образом это ведёт к преобладанию прямого знания.",
  "an10.61:8.1": "Монахи, подобно тому, как дождь проливается на вершины гор, и водяные потоки устремляются вниз по склонам, наполняя расселины, овраги, ручьи. Когда расселины, овраги и ручьи переполнены, они наполняют пруды. Когда пруды переполнены, они наполняют озёра. Когда озёра переполнены, они наполняют речушки. Когда речушки переполнены, они наполняют полноводные реки. Когда полноводные реки переполнены, они наполняют великий океан.",
  "an10.61:8.2": "Таким образом [всё это] является питанием для океана, и таким образом наполняется океан.",
  "an10.61:9.1": "Точно также имеется питание для освобождения посредством прямого знания, и таким образом это ведёт к преобладанию освобождения. Точно также, монахи, общение с правильными людьми ведёт к преобладанию слушания подлинной Дхаммы…",
  "an10.61:9.2": "Таким образом [всё это] является питанием для освобождения посредством прямого знания, и таким образом это ведёт к преобладанию прямого знания”.",
  "an10.61:9.3": "Первая."
}