{
 "an10.190:0.1": "Восходящие Наставления 10.190",
 "an10.190:0.2": "Глава Ариямагга",
 "an10.190:0.3": "Сутта Тёмный Путь",
 "an10.190:1.1": "Тёмный путь, монахи, явление объясню и светлый путь.",
 "an10.190:1.2": "Услышьте это…",
 "an10.190:1.3": "“И что такое, монахи, тёмный путь?",
 "an10.190:1.4": "Уменьшение жизни…",
 "an10.190:1.5": "ошибочный взгляд—",
 "an10.190:1.6": "об этом говорится, монахи, тёмный путь.",
 "an10.190:2.1": "И что такое, монахи, светлый путь?",
 "an10.190:2.2": "отвергание уменьшения жизни…",
 "an10.190:2.3": "правильный взгляд—",
 "an10.190:2.4": "об этом говорится, монахи, светлый путь.",
 "an10.190:2.5": "Вторая."
}