{
  "an10.223:0.1": "Восходящие Наставления 10.223",
  "an10.223:0.2": "Глава Саманнья",
  "an10.223:0.3": "",
  "an10.223:1.1": "“Монахи, обладая тридцатью качествами, [после смерти] некий человек оказывается в аду, как если бы его туда затянули [силой].",
  "an10.223:1.2": "Какими тридцатью?",
  "an10.223:1.3": "Он Уничтожает жизнь, поощряет других уничтожать жизнь, одобряет уничтожение жизни…",
  "an10.223:1.4": "берёт то, что не дано…",
  "an10.223:1.5": "пускается в неблагое сексуальное поведение…",
  "an10.223:1.6": "лжёт…",
  "an10.223:1.7": "своей речью сеет распри…",
  "an10.223:1.8": "грубит…",
  "an10.223:1.9": "пустословит…",
  "an10.223:1.10": "полон жажды…",
  "an10.223:1.11": "имеет недоброжелательный ум…",
  "an10.223:1.12": "придерживается неправильных воззрений, поощряет других к [утверждению в] неправильных воззрениях и одобряет [утверждение] в неправильных воззрениях.",
  "an10.223:1.13": "Обладая этими тридцатью качествами, [после смерти] некий человек оказывается в аду, как если бы его туда затянули [силой].",
  "an10.223:2.1": "Обладая тридцатью качествами, [после смерти] некий человек оказывается в небесном мире, как если бы его туда затянули [силой].",
  "an10.223:2.2": "Какими тридцатью?",
  "an10.223:2.3": "Он воздерживается от уничтожения жизни, поощряет других к воздержанию от уничтожения жизни, одобряет воздержание от уничтожения жизни…",
  "an10.223:2.4": "",
  "an10.223:2.5": "",
  "an10.223:2.6": "",
  "an10.223:2.7": "",
  "an10.223:2.8": "",
  "an10.223:2.9": "",
  "an10.223:2.10": "",
  "an10.223:2.11": "",
  "an10.223:2.12": "придерживается правильных воззрений, поощряет других [утверждаться] в правильных воззрениях, одобряет [утверждение] в правильных воззрениях.",
  "an10.223:2.13": "Обладая этими тридцатью качествами, [после смерти] некий человек оказывается в небесном мире, как если бы его туда затянули [силой]”."
}