{
 "an10.18:0.1": "Восходящие Наставления 10.18",
 "an10.18:0.2": "Глава Натха",
 "an10.18:0.3": "Сутта Защитник Вторая",
 "an10.18:1.1": "Так я слышал—",
 "an10.18:1.2": "Однажды Благословенный располагается в Саваттхи в роще Джеты, в монастыре Анаттхапиндики.",
 "an10.18:1.3": "Там Благословенный обратился к монахам:",
 "an10.18:1.4": "Монахи.",
 "an10.18:1.5": "Достопочтенный - монахи ответили Благословенному.",
 "an10.18:1.6": "Благословенный так сказал:",
 "an10.18:2.1": "“Монахи, живите с защитником, а не без защитника.",
 "an10.18:2.2": "Тот, кто живёт без защитника, живёт в дискомфорте.",
 "an10.18:2.3": "Существуют эти десять качеств, что служат как защитник.",
 "an10.18:2.4": "Какие десять?",
 "an10.18:2.5": "Вот монах нравственен. Он пребывает, обуздывая себя Патимоккхой, обладая хорошим поведением и [подобающими] средствами, видя опасность в мельчайших проступках. Возложив на себя правила тренировки, он тренируется в них. [Увидев]:",
 "an10.18:2.6": "“Этот монах действительно нравственен. Он пребывает, обуздывая себя Патимоккхой, обладая хорошим поведением и [подобающими] средствами, видя опасность в мельчайших проступках” – старшие монахи, среднего срока пребывания [в монашестве], младшие монахи считают, что он достоин того, чтобы его поправлять и обучать.",
 "an10.18:2.7": "Поскольку все они имеют сострадание к нему, то в его случае можно ожидать лишь только возрастания благих качеств, а не упадка.",
 "an10.18:2.8": "Таково качество, что служит как защитник.",
 "an10.18:3.1": "Далее, монах много изучал, помнит то, что учил, накапливает [в своём уме] то, что он изучил… тщательно проникал в них воззрением…",
 "an10.18:3.2": "",
 "an10.18:3.3": "",
 "an10.18:3.4": "Таково качество, что служит как защитник.",
 "an10.18:4.1": "Далее, у монаха есть хорошие друзья, хорошие спутники, хорошие товарищи…",
 "an10.18:4.2": "",
 "an10.18:4.3": "",
 "an10.18:4.4": "Таково качество, что служит как защитник.",
 "an10.18:5.1": "Далее, монаха легко поправить, и он обладает качеством, благодаря которому его легко поправить. Он терпелив и с уважением получает наставление…",
 "an10.18:5.2": "",
 "an10.18:5.3": "",
 "an10.18:5.4": "Таково качество, что служит как защитник.",
 "an10.18:6.1": "Далее, монах умелый и прилежный в исполнении различных бытовых работ, которые следует делать для его товарищей-монахов. Он судит об этих работах уже только после их выполнения, чтобы довести их до конца и выполнить их подобающим образом…",
 "an10.18:6.2": "",
 "an10.18:6.3": "",
 "an10.18:6.4": "Таково качество, что служит как защитник.",
 "an10.18:7.1": "Далее, монах любит Дхамму, одобряет [её] в своих утверждениях, наполнен великой радостью в отношении Дхаммы и Винаи…",
 "an10.18:7.2": "",
 "an10.18:7.3": "",
 "an10.18:7.4": "Таково качество, что служит как защитник.",
 "an10.18:8.1": "Далее, монах зарождает усердие к отбрасыванию неблагих качеств и к обретению благих качеств. Он решителен, упорен в своём старании, не оставляет обязанности по взращиванию благих качеств [в себе]…",
 "an10.18:8.2": "",
 "an10.18:8.3": "",
 "an10.18:8.4": "Таково качество, что служит как защитник.",
 "an10.18:9.1": "Далее, монах довольствуется любым видом одеяния, еды, жилища, лекарств и обеспечения для больных [монахов]….",
 "an10.18:9.2": "",
 "an10.18:9.3": "",
 "an10.18:9.4": "Таково качество, что служит как защитник.",
 "an10.18:10.1": "Далее, монах осознан, наделён высочайшей осознанностью и настороженностью, хранит в памяти и помнит то, что было сделано и сказано давным-давно. Поскольку монах осознан…",
 "an10.18:10.2": "",
 "an10.18:10.3": "",
 "an10.18:10.4": "то это также является качеством, служащим как защитник.",
 "an10.18:11.1": "Далее, монах мудр. Он обладает мудростью, которая различает происхождение и исчезновение – благородной, проницательной, ведущей к полному уничтожению боли.",
 "an10.18:11.2": "“Этот монах действительно мудр. Он обладает мудростью, которая различает происхождение и исчезновение – благородной, проницательной, ведущей к полному уничтожению боли” – старшие монахи, среднего срока пребывания [в монашестве], младшие монахи считают, что он достоин того, чтобы его поправлять и обучать.",
 "an10.18:11.3": "Поскольку все они имеют сострадание к нему, то в его случае можно ожидать лишь только возрастания благих качеств, а не упадка.",
 "an10.18:11.4": "Это также является качеством, служащим как защитник.",
 "an10.18:12.1": "Монахи, живите с защитником, а не без защитника.",
 "an10.18:12.2": "Тот, кто живёт без защитника, живёт в дискомфорте.",
 "an10.18:12.3": "Таковы десять качеств, что служат как защитник”.",
 "an10.18:12.4": "Так сказал Благословенный.",
 "an10.18:12.5": "Довольные монахи обрадовались речи Благословенного.",
 "an10.18:12.6": "Восьмая."
}