{
 "an10.120:0.1": "Восходящие Наставления 10.120",
 "an10.120:0.2": "Глава Пассорохани",
 "an10.120:0.3": "Сутта Паччорохани Вторая",
 "an10.120:1.1": "“Монахи, я научу вас благородному празднованию паччорохани.",
 "an10.120:1.2": "Слушайте…",
 "an10.120:1.3": "“И что такое, монахи, благородное празднование паччорохани?",
 "an10.120:1.4": "Вот ученик Благородных размышляет так:",
 "an10.120:1.5": "“Результат ошибочного взгляда плох",
 "an10.120:1.6": "и в видимой действительности и в последующей”.",
 "an10.120:1.7": "Рассмотрев это таким образом, он отбрасывает ошибочный взглядо.",
 "an10.120:1.8": "Он спускается с ошибочного взгляда.",
 "an10.120:1.9": "“Результат ошибочного устремления…",
 "an10.120:1.10": "ошибочной речи…",
 "an10.120:1.11": "ошибочных действий…",
 "an10.120:1.12": "ошибочных средств к жизни…",
 "an10.120:1.13": "ошибочного усилия…",
 "an10.120:1.14": "ошибочной осознанности…",
 "an10.120:1.15": "ошибочного сосредоточения…",
 "an10.120:1.16": "ошибочного знания…",
 "an10.120:1.17": "“Результат ошибочного освобождения плох",
 "an10.120:1.18": "и в видимой действительности и в последующей”.",
 "an10.120:1.19": "Рассмотрев это таким образом, он отбрасывает ошибочное освобождение.",
 "an10.120:1.20": "Он спускается с ошибочного освобождения.",
 "an10.120:1.21": "Это называется благородным празднованием паччорохани”.",
 "an10.120:1.22": "Восьмая."
}