{
  "an10.42:0.1": "Восходящие Наставления 10.42",
  "an10.42:0.2": "Глава Аккоса",
  "an10.42:0.3": "Сутта Корень Первая",
  "an10.42:1.1": "“Почтенный, сколько существует корней полемики?”",
  "an10.42:1.2": "“Упали, существует десять корней полемики.",
  "an10.42:1.3": "Какие десять?",
  "an10.42:1.4": "“Упали, вот монахи Объясняют Не-Дхамму как Дхамму, а Дхамму как Не-Дхамму. Они объясняют Не-Винаю как Винаю, а Винаю как Не-Винаю. Они объясняют то, что не было утверждено и произнесено Татхагатой как то, что было утверждено и произнесено им, а также то, что было утверждено и произнесено Татхагатой как то, что не было утверждено и произнесено им. Они объясняют то, что не практиковалось Татхагатой как то, что практиковалось им, и что практиковалось Татхагатой как то, что не практиковалось им. Они объясняют то, что не было предписано Татхагатой как то, что было предписано им, и то, что было предписано Татхагатой как то, что не было предписано им.",
  "an10.42:1.5": "Таковы, Упали, десять корней полемики”.",
  "an10.42:1.6": "Вторая."
}