{
 "an10.141:0.1": "Восходящие Наставления 10.141",
 "an10.141:0.2": "Глава Садху",
 "an10.141:0.3": "Сутта Обжигающее",
 "an10.141:1.1": "Обжигающее, монахи, явление объясню и не-обжигающие.",
 "an10.141:1.2": "Услышьте это…",
 "an10.141:1.3": "“И что такое, монахи, обжигающее явление?",
 "an10.141:1.4": "Ошибочный взгляд… ошибочное освбождение—",
 "an10.141:1.5": "об этом говорится, монахи, обжигающее явление.",
 "an10.141:1.6": "И что такое, монахи, не-обжигающее явление?",
 "an10.141:1.7": "Правильный взгляд… правильное освобождение—",
 "an10.141:1.8": "об этом говорится, монахи, не-обжигающее явление.",
 "an10.141:1.9": "Восьмая."
}