{
 "an10.9:0.1": "Восходящие Наставления 10.9",
 "an10.9:0.2": "Глава Анисамса",
 "an10.9:0.3": "Сутта Умиротворённые",
 "an10.9:1.1": "“Монахи, монах Может обладать верой, но он безнравственен…",
 "an10.9:1.2": "…обладать верой и быть нравственным, но не быть учёным…",
 "an10.9:1.3": "…учёным, но не являться проповедником Дхаммы…",
 "an10.9:1.4": "…являться проповедником Дхаммы, но не тем, кто часто посещает собрания…",
 "an10.9:1.5": "…тем, кто часто посещает собрания, но не тем, кто уверенно учит Дхамме собрание…",
 "an10.9:1.6": "…тем, кто уверенно учит Дхамме собрание, но не являться экспертом по Винае…",
 "an10.9:1.7": "…являться экспертом по Винае, но не быть тем, кто, отправившись в уединённые жилища, проживает в лесу…",
 "an10.9:1.8": "…тем, кто, отправившись в уединённые жилища, проживает в лесу, но не тем, кто касается телом и пребывает в тех умиротворённых освобождениях, превосходящих формы, являющихся бесформенными…",
 "an10.9:1.9": "…тем, кто касается телом и пребывает в тех умиротворённых освобождениях, превосходящих формы, являющихся бесформенными, но не тем, кто за счёт уничтожения умственных загрязнений прямо [здесь и сейчас] в этой самой жизни входит и пребывает в незапятнанном освобождении ума, освобождении мудростью, напрямую зная и проявляя это для себя самостоятельно.",
 "an10.9:1.10": "Таким образом, он неполноценен в отношении этого фактора.",
 "an10.9:1.11": "Ему следует исполнить этот фактор [с помощью такого рассуждения]:",
 "an10.9:1.12": "“Как мне обладать верой… …быть тем, кто за счёт уничтожения умственных загрязнений прямо [здесь и сейчас] в этой самой жизни входит и пребывает в незапятнанном освобождении ума, освобождении мудростью, напрямую зная и проявляя это для себя самостоятельно?”",
 "an10.9:2.1": "Но когда монах обладает верой… …а также является тем, кто за счёт уничтожения умственных загрязнений, прямо [здесь и сейчас] в этой самой жизни входит и пребывает в незапятнанном освобождении ума освобождении мудростью, напрямую зная и проявляя это для себя самостоятельно –",
 "an10.9:2.2": "то в этом случае он полноценен в отношении этого фактора.",
 "an10.9:2.3": "Монах, который обладает этими десятью качествами, является тем, кто вселяет уверенность во всех отношениях, и тем, кто полноценен во всех аспектах”.",
 "an10.9:2.4": "Девятая."
}