{
  "an10.239:0.1": "Восходящие Наставления 10.239",
  "an10.239:0.2": "Сокращение Страсть ",
  "an10.239:0.3": "",
  "an10.239:1.1": "Для познания страсти, монахи, десять явлений должны быть развиты. ",
  "an10.239:1.2": "Какие десять? ",
  "an10.239:1.3": "Правильный взгляд, правильное намерение-заготовка, правильная речь, правильные действия, правильные быт, правильное старание, правильное памятование, правильное объединение опыта, правильное знание, правильное освобождение— ",
  "an10.239:1.4": "для познания страсти, монахи, десять явлений должны быть развиты."
}