{
 "an10.187:0.1": "Восходящие Наставления 10.187",
 "an10.187:0.2": "Глава Садху",
 "an10.187:0.3": "Сутта Болезненные Всходы",
 "an10.187:1.1": "Болезненные всходы, монахи, объясню и приятные всходы.",
 "an10.187:1.2": "Услышьте это…",
 "an10.187:1.3": "“И что такое, монахи, болезненные всходы?",
 "an10.187:1.4": "Уменьшение жизни…",
 "an10.187:1.5": "ошибочный взгляд—",
 "an10.187:1.6": "об этом говорится, монахи, болезненные всходы.",
 "an10.187:2.1": "И что такое, монахи, приятные всходы?",
 "an10.187:2.2": "отвергание уменьшения жизни…",
 "an10.187:2.3": "правильный взгляд—",
 "an10.187:2.4": "об этом говорится, монахи, приятные всходы.",
 "an10.187:2.5": "Десятая."
}