{
  "an10.112:0.1": "Восходящие Наставления 10.112",
  "an10.112:0.2": "Глава Саманасаннья",
  "an10.112:0.3": "Сутта Тот, кто окончил тренировку Вторая",
  "an10.112:1.1": "“Монахи, таковы десять качеств того, кто окончил тренировку.",
  "an10.112:1.2": "Какие десять?",
  "an10.112:1.3": "Правильные воззрения того, кто окончил тренировку; правильное устремление… правильная речь… правильные действия… правильные средства к жизни… правильное усилие… правильная осознанность… правильное сосредоточение… правильное знание… правильное освобождение того, окончил тренировку.",
  "an10.112:1.4": "Таковы десять качеств того, кто окончил тренировку”.",
  "an10.112:1.5": "Двенадцатая.",
  "an10.112:1.6": "Глава Саманасаннья Первая.",
  "an10.112:2.0": "Оглавление",
  "an10.112:2.1": "",
  "an10.112:2.2": "",
  "an10.112:2.3": "",
  "an10.112:2.4": ""
}