{
  "an6.91:0.1": "Восходящие Наставления 6.91",
  "an6.91:0.2": "Глава Сити ",
  "an6.91:0.3": "Сутта Не способен ",
  "an6.91:1.1": "«Монахи, тот, кто реализовал совершенство в воззрениях, не способен вызвать эти шесть вещей. ",
  "an6.91:1.2": "Какие шесть? ",
  "an6.91:1.3": "Воззрение о существовании «я», сомнение, цепляние за правила и предписания, жажду, ведущую в состояние лишений, злобу, ведущую в состояние лишений, заблуждение, ведущее в состояние лишений. ",
  "an6.91:1.4": "Тот, кто реализовал совершенство в воззрениях, не способен вызвать эти шесть вещей».",
  "an6.91:1.5": "Седьмая."
}