{
  "an6.21:0.1": "Восходящие Наставления 6.21",
  "an6.21:0.2": "Глава Ануттария ",
  "an6.21:0.3": "Сутта Самака ",
  "an6.21:1.1": "Однажды Благословенный пребывал в стране Сакьев в Самагамаке возле лотосового пруда. ",
  "an6.21:1.2": "И когда наступила глубокая ночь, некий дэва, [обладающий] поразительной красотой, освещая всю рощу Джеты, подошёл к Благословенному, поклонился, встал рядом, и сказал Благословенному: ",
  "an6.21:2.1": "«Господин, есть эти три качества, что ведут к упадку монаха. ",
  "an6.21:2.2": "Какие три? ",
  "an6.21:2.3": "Наслаждение работой, наслаждение разговорами, наслаждение сном, ",
  "an6.21:2.4": "Таковы три качества, что ведут к упадку монаха». ",
  "an6.21:2.5": "Так сказал тот дэва. ",
  "an6.21:2.6": "Учитель одобрил. ",
  "an6.21:2.7": "Затем то божество, подумав: «Учитель согласен со мной», поклонилось Благословенному, обошло его с правой стороны, и прямо там и исчезло. ",
  "an6.21:3.1": "И когда минула ночь, Благословенный обратился к монахам: ",
  "an6.21:3.2": "«Прошлой ночью, монахи, когда наступила глубокая ночь, некий дэва, [обладающий] поразительной красотой, освещая всю рощу Джеты, подошёл ко мне, поклонился, встал рядом, и сказал мне: ",
  "an6.21:3.3": "«Господин, есть эти три качества, которые ведут к упадку монаха. ",
  "an6.21:3.4": "Какие три? ",
  "an6.21:3.5": "Наслаждение работой, наслаждение разговорами, наслаждение сном. ",
  "an6.21:3.6": "Таковы три качества, которые ведут к упадку монаха». ",
  "an6.21:3.7": "Так сказал тот дэва. ",
  "an6.21:3.8": "Затем это божество поклонилось мне, обошло меня с правой стороны, и прямо там и исчезло. ",
  "an6.21:3.9": "Монахи, большое несчастье и потеря для тех из вас, о ком даже божества знают, что вы ниспадаете в благих качествах. ",
  "an6.21:4.1": "Я научу вас, монахи, другим трём качествам, которые ведут к упадку. ",
  "an6.21:4.2": "Слушайте внимательно. Я буду говорить». ",
  "an6.21:4.3": "«Да, Учитель» – отвечали те монахи. ",
  "an6.21:4.4": "Благословенный сказал так: ",
  "an6.21:4.5": "«И каковы, монахи, [иные] три качества, которые ведут к упадку? ",
  "an6.21:4.6": "Наслаждение компанией, трудность исправить, дружба с плохими друзьями. ",
  "an6.21:4.7": "Таковы [иные] три качества, которые ведут к упадку. ",
  "an6.21:5.1": "Монахи, все те, кто в прошлом ниспадали в благих качествах, ниспадали из-за этих шести качеств. ",
  "an6.21:5.2": "Все те, кто в будущем ниспадут в благих качествах, ниспадут из-за этих шести качеств. ",
  "an6.21:5.3": "Все те, кто в настоящем ниспадают в благих качествах, ниспадают из-за этих шести качеств».",
  "an6.21:5.4": "Первая."
}