{
  "an6.96:0.1": "Восходящие Наставления 6.96",
  "an6.96:0.2": "Глава Анисамса ",
  "an6.96:0.3": "Сутта Проявление ",
  "an6.96:1.1": "«Монахи, проявление этих шести вещей является редким в мире. ",
  "an6.96:1.2": "Каких шести? ",
  "an6.96:1.3": "Появление Татхагаты, Араханта, Полностью Просветлённого является редким в мире. Тот, кто может учить Дхамме и Винае, которые были провозглашены Татхагатой, является редким в мире. Перерождение в сфере Благородных является редким в мире. Обладание неповреждёнными органами чувств является редким в мире. Обладание умом и проницательностью является редким в мире. Желание благой Дхаммы является редким в мире. ",
  "an6.96:1.4": "Проявление этих шести вещей является редким в мире».",
  "an6.96:1.5": "Первая."
}