{
  "an6.110:0.1": "Восходящие Наставления 6.110",
  "an6.110:0.2": "Глава Тика ",
  "an6.110:0.3": "Сутта Восприятия ",
  "an6.110:1.1": "«Монахи, есть эти три вещи. ",
  "an6.110:1.2": "Какие три? ",
  "an6.110:1.3": "Чувственное восприятие, недоброжелательное восприятие, восприятие причинения вреда. ",
  "an6.110:1.4": "Таковы три вещи. ",
  "an6.110:1.5": "Три [иные] вещи следует развить ради отбрасывания этих трёх вещей. ",
  "an6.110:1.6": "Какие три? ",
  "an6.110:1.7": "Восприятие отречения следует развить для отбрасывания чувственного восприятия. Доброжелательное восприятие следует развить для отбрасывания недоброжелательного восприятия. Восприятие безвредности следует развить для отбрасывания восприятия причинения вреда. ",
  "an6.110:1.8": "Эти три вещи следует развить ради отбрасывания первых трёх вещей».",
  "an6.110:1.9": "Четвёртая."
}