{
  "an6.88:0.1": "Восходящие Наставления 6.88",
  "an6.88:0.2": "Глава Сити ",
  "an6.88:0.3": "Сутта Желает слушать ",
  "an6.88:1.1": "«Монахи, обладая шестью качествами, даже во время слушания благой Дхаммы человек не способен вступить на твёрдый путь правильности [в отношении] благих качеств. ",
  "an6.88:1.2": "Какими шестью? ",
  "an6.88:1.3": "Когда учат Дхамме и Винае, которые были провозглашены Татхагатой, человек не желает слушать, не склоняет [к этому] ухо, не настраивает свой ум на понимание, неправильно ухватывает смысл, отбрасывает суть, придерживается убеждения, не совпадающего [с Дхаммой]. ",
  "an6.88:1.4": "Обладая этими шестью качествами, даже во время слушания благой Дхаммы человек не способен вступить на твёрдый путь правильности [в отношении] благих качеств. ",
  "an6.88:2.1": "Обладая шестью качествами, во время слушания благой Дхаммы человек способен вступить на твёрдый путь правильности [в отношении] благих качеств. ",
  "an6.88:2.2": "Какими шестью? ",
  "an6.88:2.3": "Когда учат Дхамме и Винае, которые были провозглашены Татхагатой, человек желает слушать, склоняет [к этому] ухо, настраивает свой ум на понимание, ухватывает смысл, отбрасывает несущественное, придерживается убеждения, совпадающего [с Дхаммой]. ",
  "an6.88:2.4": "Обладая этими шестью качествами, во время слушания благой Дхаммы человек способен вступить на твёрдый путь правильности [в отношении] благих качеств».",
  "an6.88:2.5": "Четвёртая."
}