{
  "an6.113:0.1": "Восходящие Наставления 6.113",
  "an6.113:0.2": "Глава Тика ",
  "an6.113:0.3": "Сутта Недовольство ",
  "an6.113:1.1": "«Монахи, есть эти три вещи. ",
  "an6.113:1.2": "Какие три? ",
  "an6.113:1.3": "Недовольство, причинение вреда, поведение, противоположное Дхамме. ",
  "an6.113:1.4": "Таковы три вещи. ",
  "an6.113:1.5": "Три [иные] вещи следует развить ради отбрасывания этих трёх вещей. ",
  "an6.113:1.6": "Какие три? ",
  "an6.113:1.7": "Сорадование следует развить для отбрасывания недовольства. Безвредность следует развить для отбрасывания причинения вреда. Поведение в соответствии с Дхаммой следует развить для отбрасывания поведения, противоположного Дхамме. ",
  "an6.113:1.8": "Эти три вещи следует развить ради отбрасывания первых трёх вещей».",
  "an6.113:1.9": "Седьмая."
}