{
  "an6.81:0.1": "Восходящие Наставления 6.81",
  "an6.81:0.2": "Глава Аранатство ",
  "an6.81:0.3": "Сутта Ад Первая ",
  "an6.81:1.1": "«Монахи, обладая шестью качествами, человек оказывается в аду, как если бы его туда затянули силой. ",
  "an6.81:1.2": "Какими шестью? ",
  "an6.81:1.3": "Он уничтожает жизнь, берёт то, что не дано, пускается в неблагое сексуальное поведение, говорит ложь, имеет порочные желания, придерживается неправильных воззрений. ",
  "an6.81:1.4": "Обладая этими шестью качествами, человек оказывается в аду, как если бы его туда затянули силой. ",
  "an6.81:2.1": "Монахи, обладая шестью качествами, человек оказывается в небесном мире, как если бы его туда затянули силой. ",
  "an6.81:2.2": "Какими шестью? ",
  "an6.81:2.3": "Он воздерживается от уничтожения жизни, воздерживается от взятия того, что не дано, воздерживается от неблагого сексуального поведения, воздерживается от лжи, имеет мало желаний и придерживается правильных воззрений. ",
  "an6.81:2.4": "Обладая этими шестью качествами, человек оказывается в небесном мире, как если бы его туда затянули силой».",
  "an6.81:2.5": "Седьмая."
}