{
  "an6.32:0.1": "Восходящие Наставления 6.32",
  "an6.32:0.2": "Глава Девата",
  "an6.32:0.3": "Сутта Прилежание",
  "an6.32:1.1": "И когда наступила глубокая ночь, некий дэва, [обладающий] поразительной красотой, освещая всю рощу Джеты, подошёл к Благословенному, поклонился ему, встал рядом и сказал Благословенному:",
  "an6.32:2.1": "«Господин, есть эти шесть качеств, что ведут к не-упадку монаха.",
  "an6.32:2.2": "Какие шесть?",
  "an6.32:2.3": "Уважение к Учителю, уважение к Дхамме, уважение к Сангхе, уважение к практике, уважение к прилежанию, уважение к гостеприимству.",
  "an6.32:2.4": "Эти шесть качеств ведут к не-упадку монаха».",
  "an6.32:2.5": "Так сказал тот дэва.",
  "an6.32:2.6": "Учитель одобрил.",
  "an6.32:2.7": "И тогда тот дэва, [думая]: «Учитель согласен со мной», поклонился Благословенному и, обойдя его с правой стороны, прямо там и исчез.",
  "an6.32:3.1": "И по истечении ночи Благословенный обратился к монахам:",
  "an6.32:3.2": "«Прошлой ночью, монахи, когда наступила глубокая ночь, некий дэва, [обладающий] поразительной красотой… и сказал мне:",
  "an6.32:3.3": "«Господин, есть эти шесть качеств, что ведут к не-упадку монаха.",
  "an6.32:3.4": "Какие шесть?",
  "an6.32:3.5": "Уважение к Учителю… к гостеприимству.",
  "an6.32:3.6": "Эти шесть качеств ведут к не-упадку монаха».",
  "an6.32:3.7": "Так сказал тот дэва.",
  "an6.32:3.8": "Затем это божество поклонилось мне, обошло меня с правой стороны, и прямо там и исчезло».",
  "an6.32:4.1": "«Он уважителен к Учителю, И Дхамму уважает он,",
  "an6.32:4.2": "И глубоко [монахов] Сангху чтит.",
  "an6.32:4.3": "Как чтит и прилежание,",
  "an6.32:4.4": "Как чтит гостеприимство:",
  "an6.32:4.5": "Такой монах не сможет больше пасть,",
  "an6.32:4.6": "Так как к ниббане близок он».",
  "an6.32:4.7": "Вторая."
}