{
  "an6.105:0.1": "Восходящие Наставления 6.105",
  "an6.105:0.2": "Глава Анисамса",
  "an6.105:0.3": "Сутта Существование",
  "an6.105:1.1": "«Монахи, есть эти три вида существования, которые следует отбросить; [и] следует тренироваться в трёх тренировках.",
  "an6.105:1.2": "И какие три вида существования следует отбросить?",
  "an6.105:1.3": "Существование в мире чувств, существование в мире форм, существование в бесформенном мире.",
  "an6.105:1.4": "Таковы три вида существования, которые следует отбросить.",
  "an6.105:1.5": "И в каких трёх тренировках следует тренироваться?",
  "an6.105:1.6": "в высшем нравственном поведении, в высшем уме, в высшей мудрости.",
  "an6.105:1.7": "Следует тренироваться в этих трёх тренировках.",
  "an6.105:1.8": "Когда монах отбросил эти три вида существования и выполнил эти три тренировки,",
  "an6.105:1.9": "то он зовётся монахом, который отрезал жажду, сбросил оковы, и, полностью пробившись сквозь самомнение, положил конец страданиям».",
  "an6.105:1.10": "Десятая."
}