{
  "an6.68:0.1": "Восходящие Наставления 6.68",
  "an6.68:0.2": "Глава Девата ",
  "an6.68:0.3": "СуттаНаслаждение компанией ",
  "an6.68:1.1": "«Монахи, Не может быть такого, чтобы монах, который наслаждается компанией, рад компании, предаётся наслаждению компанией; который наслаждается сообществом, рад сообществу, предаётся наслаждению сообществом – наслаждался бы уединением, когда он один. ",
  "an6.68:1.2": "Не может быть такого, чтобы тот, кто не наслаждается уединением, когда он один, обрёл бы образ ума. ",
  "an6.68:1.3": "Не может быть такого, чтобы тот, кто не обретает образа ума, исполнил бы правильные воззрения. ",
  "an6.68:1.4": "Не может быть такого, чтобы тот, кто не исполняет правильных воззрений, исполнил бы правильное сосредоточение. ",
  "an6.68:1.5": "Не может быть такого, чтобы тот, кто не исполняет правильного сосредоточения, отбросил бы оковы. ",
  "an6.68:1.6": "Не отбросив оков, не может быть такого, чтобы он реализовал ниббану. ",
  "an6.68:2.1": "Монахи, есть возможность, что монах, который не наслаждается компанией, не рад компании, не предаётся наслаждению компанией; который не наслаждается сообществом, не рад сообществу, не предаётся наслаждению сообществом – будет наслаждаться, когда он один. ",
  "an6.68:2.2": "Есть возможность, что тот, кто наслаждается уединением, когда он один, обретёт образ ума. ",
  "an6.68:2.3": "Есть возможность, что тот, кто обретает образ ума, исполнит правильные воззрения. ",
  "an6.68:2.4": "Есть возможность, что тот, кто исполняет правильные воззрения, исполнит правильное сосредоточение. ",
  "an6.68:2.5": "Есть возможность, что тот, кто исполняет правильное сосредоточение, отбросит оковы. ",
  "an6.68:2.6": "Отбросив оковы, есть возможность, что он реализует ниббану».",
  "an6.68:2.7": "Четвёртая."
}