{
  "an6.6:0.1": "Восходящие Наставления 6.6",
  "an6.6:0.2": "Глава Ахунейя ",
  "an6.6:0.3": "Сутта Чистокровный скакун Вторая ",
  "an6.6:1.1": "«Монахи, обладая шестью факторами, царский превосходный чистокровный скакун достоин царя, является принадлежностью царя, считается одним из факторов царствования. ",
  "an6.6:1.2": "Какими шестью? ",
  "an6.6:1.3": "Вот царский превосходный скакун терпеливо выносит Формы, терпеливо выносит звуки… запахи… вкусы… тактильные ощущения и наделён силой. ",
  "an6.6:1.4": "Обладая этими шестью факторами, царский превосходный чистокровный скакун достоин царя, является принадлежностью царя, считается одним из факторов царствования. ",
  "an6.6:2.1": "Точно также, обладая шестью качествами, монах достоин даров, достоин гостеприимства, достоин подношений, достоин почтительного приветствия – непревзойдённое поле заслуг для мира. ",
  "an6.6:2.2": "Какими шестью? ",
  "an6.6:2.3": "Вот монах терпеливо выносит Формы, терпеливо выносит звуки… запахи… вкусы… тактильные ощущения… ментальные феномены. ",
  "an6.6:2.4": "Обладая этими шестью качествами, монах достоин даров, достоин гостеприимства, достоин подношений, достоин почтительного приветствия – непревзойдённое поле заслуг для мира».",
  "an6.6:2.5": "Шестая."
}