{
  "an6.50:0.1": "Восходящие Наставления 6.50",
  "an6.50:0.2": "Глава Дхаммика",
  "an6.50:0.3": "Сутта Сдерживание Индрий",
  "an6.50:1.1": "«Монахи, когда [у человека] нет сдержанности органов чувств, когда он неполноценен в сдержанности органов чувств, [то тогда] у нравственного поведения отсутствует его непосредственная причина.",
  "an6.50:1.2": "Когда [у человека] нет нравственного поведения, когда он неполноценен в нравственном поведении, [то тогда] у правильного сосредоточения отсутствует его непосредственная причина.",
  "an6.50:1.3": "Когда [у человека] нет правильного сосредоточения, когда он неполноценен в правильном сосредоточении, [то тогда] у знания и видения вещей в соответствии с действительностью отсутствует его непосредственная причина.",
  "an6.50:1.4": "Когда [у человека] нет знания и видения вещей в соответствии с действительностью, когда он неполноценен в знании и видении вещей в соответствии с действительностью, [то тогда] у разочарования и бесстрастия отсутствует их непосредственная причина.",
  "an6.50:1.5": "Когда [у человека] нет разочарования и бесстрастия, когда он неполноценен в разочаровании и бесстрастии, [то тогда] у знания и видения освобождения отсутствует его непосредственная причина.",
  "an6.50:1.6": "Представьте, как если бы у дерева недоставало ветвей и листвы. ",
  "an6.50:1.7": "В таком случае его ростки не достигли бы полного разрастания. И также и кора, заболонь, и сердцевина не достигли бы полного разрастания.",
  "an6.50:1.8": "Точно также, когда [у человека] нет осознанности и бдительности…",
  "an6.50:1.9": "[то тогда] у знания и видения освобождения отсутствует его непосредственная причина.",
  "an6.50:2.1": "Монахи, когда [у человека] есть сдержанность органов чувств, у того, кто осуществляет сдержанность в отношении органов чувств, [у того] нравственное поведение имеет свою непосредственную причину.",
  "an6.50:2.2": "Когда [у человека] есть нравственное поведение, у того, чьё поведение нравственно, [у того] правильное сосредоточение имеет свою непосредственную причину.",
  "an6.50:2.3": "Когда [у человека] есть правильное сосредоточение, у того, кто обладает правильным сосредоточением, [у того] знание и видение вещей в соответствии с действительностью имеет свою непосредственную причину.",
  "an6.50:2.4": "Когда [у человека] есть знание и видение вещей в соответствии с действительностью, у того, кто обладает знанием и видением вещей в соответствии с действительностью, [у того] разочарование и бесстрастие имеет свою непосредственную причину.",
  "an6.50:2.5": "Когда [у человека] есть разочарование и бесстрастие, у того, кто обладает разочарованием и бесстрастием, [у того] знание и видение освобождения имеет свою непосредственную причину.",
  "an6.50:2.6": "Представьте, как если бы у дерева были ветви и листва. В таком случае его ростки достигли бы полного разрастания. И также и кора, заболонь, и сердцевина достигли бы полного разрастания.",
  "an6.50:2.7": "Точно также, когда [у человека] есть осознанность и бдительность… ",
  "an6.50:2.8": "знание и видение освобождения имеет свою непосредственную причину».",
  "an6.50:2.9": "Восьмая."
}