{
  "an6.143-169:0.1": "Восходящие Наставления 6.143-169",
  "an6.143-169:0.2": "Сокращение Страсть ",
  "an6.143-169:0.3": "",
  "an6.143-169:1.1": "Для полного понимания страсти, монахи… ",
  "an6.143-169:1.2": "исчерпывания… ",
  "an6.143-169:1.3": "покидания… ",
  "an6.143-169:1.4": "исчерпания… ",
  "an6.143-169:1.5": "исчезновения… ",
  "an6.143-169:1.6": "бесстрастия… ",
  "an6.143-169:1.7": "истечения… ",
  "an6.143-169:1.8": "отказа… ",
  "an6.143-169:1.9": "отдаления шесть явлений должны быть развиты."
}