{
  "an6.24:0.1": "Восходящие Наставления 6.24",
  "an6.24:0.2": "Глава Ануттария ",
  "an6.24:0.3": "Сутта Гималаи ",
  "an6.24:1.1": "«Монахи, обладая шестью качествами, монах может расколоть Гималаи, царя всех гор, что уж говорить о гадком невежестве! ",
  "an6.24:1.2": "Какими шестью? ",
  "an6.24:1.3": "Вот монах умелый в достижении сосредоточения, умелый в поддержании сосредоточения, умелый в выходе из сосредоточения, умелый в гибкости сосредоточения, умелый в области сосредоточения, умелый в решимости в отношении сосредоточения. ",
  "an6.24:1.4": "Обладая этими шестью качествами, монах может расколоть Гималаи, царя всех гор, что уж говорить о гадком невежестве!»",
  "an6.24:1.5": "Четвёртая."
}