{
  "sn1.1:0.1": "Связанные Наставления 1.1 ",
  "sn1.1:0.2": "1. Глава Тростника ",
  "sn1.1:0.3": "Пересечение наводнения ",
  "sn1.1:1.1": "Так я слышал. ",
  "sn1.1:1.2": "Однажды Благословенный пребывал в Саваттхи в роще Джеты в монастыре Анатхапиндики. ",
  "sn1.1:1.3": "И когда наступила глубокая ночь, некий дэва, обладающий поразительной красотой, освещая всю рощу Джеты, подошёл к Благословенному. Подойдя, он поклонился Благословенному, встал рядом и сказал ему: ",
  "sn1.1:1.4": "“Как вы, Господин, пересекли наводнение?” ",
  "sn1.1:1.5": "“«Не останавливаясь, друг, но и не напрягаясь, я пересёк наводнение».” ",
  "sn1.1:1.6": "“Но каким образом, Господин, не останавливаясь и не напрягаясь, вы пересекли наводнение?” ",
  "sn1.1:1.7": "“Когда я останавливался, друг, то я тонул. ",
  "sn1.1:1.8": "А когда я боролся, то меня сносило. ",
  "sn1.1:1.9": "Вот так, друг, не останавливаясь, но и не напрягаясь, я пересёк наводнение” ",
  "sn1.1:2.1": "“Долго искал, и, наконец, я вижу",
  "sn1.1:2.2": "Брахмана, полностью угас который: ",
  "sn1.1:2.3": "Не останавливаясь и не напрягаясь, ",
  "sn1.1:2.4": "Привязанности к миру смог он пересечь” ",
  "sn1.1:3.1": "Так сказал дэва. ",
  "sn1.1:3.2": "Учитель одобрил.  ",
  "sn1.1:3.3": "",
  "sn1.1:3.4": "И тогда тот дэва, подумав: «Учитель согласен со мной», поклонился Благословенному и, обойдя его с правой стороны, прямо там и исчез."
}