{
  "an3.111:0.1": "Восходящие Наставления 3.111",
  "an3.111:0.2": "Глава Самбодха",
  "an3.111:0.3": "Сутта Причина Первая",
  "an3.111:1.1": "«Монахи, есть эти три причины возникновения действий. ",
  "an3.111:1.2": "Какие три? ",
  "an3.111:1.3": "Алчность является причиной возникновения действий. Злоба является причиной возникновения действий. Заблуждение является причиной возникновения действий.",
  "an3.111:1.4": "Любое действие, монахи, сформированное через алчность, рождённое из алчности, обусловленное алчностью, возникшее из алчности, является неблагим, достойно порицания, созревает [в виде] боли. Это действие ведёт к возникновению действий, а не к прекращению действий.",
  "an3.111:1.5": "Любое действие, сформированное через злобу… ведёт к возникновению действий, а не к прекращению действий.",
  "an3.111:1.6": "Любое действие, сформированное через заблуждение… ведёт к возникновению действий, а не к прекращению действий.",
  "an3.111:1.7": "Таковы три причины возникновения действий. ",
  "an3.111:2.1": "Монахи, есть эти три [иные] причины возникновения действий. ",
  "an3.111:2.2": "Какие три? ",
  "an3.111:2.3": "Не-алчность является причиной возникновения действий. Не-злоба является причиной возникновения действий. Не-заблуждение является причиной возникновения действий.",
  "an3.111:2.4": "Любое действие, монахи, сформированное через не-алчность, рождённое из не-алчности, обусловленное не-алчностью, возникшее из не-алчности, является благим, безукоризненным, созревает [в виде] приятного. Это действие ведёт к прекращению действий, а не к возникновению действий.",
  "an3.111:2.5": "Любое действие, сформированное через не-злобу… ",
  "an3.111:2.6": "не-заблуждение… является благим, безукоризненным, созревает [в виде] приятного. Это действие ведёт к прекращению действий, а не к возникновению действий.",
  "an3.111:2.7": "Таковы три [иные] причины возникновения действий».",
  "an3.111:2.8": "Девятая."
}