{
  "an3.137:0.1": "Восходящие Наставления 3.137",
  "an3.137:0.2": "Глава Йодхаджива",
  "an3.137:0.3": "Сутта Шерстяное покрывало",
  "an3.137:1.1": "«Монахи, шерстяное покрывало считается наихудшим из вязаных предметов.",
  "an3.137:1.2": "Шерстяное покрывало холодное в холодную погоду, жаркое в жаркую погоду, безобразное, дурно пахнущее, дискомфортное для прикосновения.",
  "an3.137:1.3": "Точно также, доктрина Маккхали считается наихудшей из доктрин разных отшельников.",
  "an3.137:2.1": "Этот пустоголовый Маккхали учит [такой] доктрине и воззрению:",
  "an3.137:2.2": "«Нет действия, нет поступка, нет усердия».",
  "an3.137:2.3": "Монахи, Благословенные, Араханты, Полностью Просветлённые прошлого учили доктрине действия, доктрине поступка, доктрине усердия.",
  "an3.137:2.4": "И всё же этот пустоголовый Маккхали противоречит им, [заявляя]:",
  "an3.137:2.5": "«Нет действия, нет поступка, нет усердия».",
  "an3.137:2.6": "Благословенные, Араханты, Полностью Просветлённые будущего будут учить доктрине действия, доктрине поступка, доктрине усердия.",
  "an3.137:2.7": "И всё же этот пустоголовый Маккхали противоречит им, [заявляя]:",
  "an3.137:2.8": "«Нет действия, нет поступка, нет усердия».",
  "an3.137:2.9": "В настоящее время я являюсь Арахантом, Полностью Просветлённым, и я учу доктрине действия, доктрине поступка, доктрине усердия.",
  "an3.137:2.10": "И всё же этот пустоголовый Маккхали противоречит мне, [заявляя]:",
  "an3.137:2.11": "«Нет действия, нет поступка, нет усердия».",
  "an3.137:3.1": "Подобно ловушке, поставленной в устье реки, которая приносит вред, боль, беду и несчастье многочисленным рыбам,",
  "an3.137:3.2": "точно также пустоголовый Маккхали подобен «ловушке для людей», которая возникла в мире ради вреда, боли, беды и несчастья многочисленных существ».",
  "an3.137:3.3": "Пятая."
}