{
 "an3.16:0.1": "Восходящие Наставления 3.16",
 "an3.16:0.2": "Глава Ратхакара",
 "an3.16:0.3": "Сутта Бесспорное",
 "an3.16:1.1": "“Тремя, монахи, качествами снабженный монах является практикующим гарантированную практику, зародившим начало исчерпанию брожений.",
 "an3.16:1.2": "Какими тремя?",
 "an3.16:1.3": "Вот, монахи, монах в способностях охраняющий дверь, в еде знающий меру,",
 "an3.16:2.1": "И как, монахи, монах в способностях охраняющий дверь?",
 "an3.16:2.2": "Вот, монахи, монах глазом объект увидев ",
 "an3.16:2.3": "не хватающийся за признаки, не хватающийся за \"приправление\".",
 "an3.16:2.4": "Из-за этого передела его способность глаза пребывающую несдержанной алчность-недовольство вредные не-полезные явления приплыли этому-этого сдерживание практикует, охраняет способность глаза, в способности глаза сдерживание достигает.",
 "an3.16:2.5": "Ухом звук услышав…",
 "an3.16:2.6": "Носом запах учуяв…",
 "an3.16:2.7": "Языком вкус вкусив…",
 "an3.16:2.8": "Телом касаемого коснувшись…",
 "an3.16:2.9": "Умом-представлением явление различив",
 "an3.16:2.10": "",
 "an3.16:3.1": "",
 "an3.16:3.2": "",
 "an3.16:3.3": "",
 "an3.16:3.4": "Так, монахи, монах в способностях охраняющий дверь.",
 "an3.16:4.1": "И как, монахи, монах в еде знающий меру?",
 "an3.16:4.2": "",
 "an3.16:4.3": "",
 "an3.16:4.4": "Так, монахи, монах в еде знающий меру.",
 "an3.16:4.5": "Шестая."
}