{
  "an3.41:0.1": "Восходящие Наставления 3.41",
  "an3.41:0.2": "Малая Глава ",
  "an3.41:0.3": "Сутта Наличествует",
  "an3.41:1.1": "«Монахи, когда наличествуют три вещи, представитель клана, обладающий верой, порождает множество заслуг. ",
  "an3.41:1.2": "Какие три? ",
  "an3.41:1.3": "Когда наличествует вера, представитель клана, обладающий верой, порождает множество заслуг. ",
  "an3.41:1.4": "Когда наличествует предмет, который он намеревается подарить, представитель клана обладает верой и порождает множество заслуг. ",
  "an3.41:1.5": "Когда наличествуют те, кто достойны подношений, представитель клана, обладающий верой, порождает множество заслуг».",
  "an3.41:1.6": "",
  "an3.41:1.7": "Первая."
}