{
  "an3.4:0.1": "Восходящие Наставления 3.4",
  "an3.4:0.2": "Глава Бала",
  "an3.4:0.3": "Сутта Поступающий",
  "an3.4:1.1": "«Монахи, того, кто обладает тремя качествами, следует знать глупцом. ",
  "an3.4:1.2": "Какими тремя? ",
  "an3.4:1.3": "Он не видит в своём проступке проступка. Когда он видит в своём проступке проступок, он не исправляет его в соответствии с Дхаммой. Когда другой человек сознаётся ему в [собственном] проступке, он не принимает его в соответствии с Дхаммой. ",
  "an3.4:1.4": "Того, кто обладает этими тремя качествами, следует знать глупцом.",
  "an3.4:2.1": "Того, кто обладает [другими] тремя качествами, следует знать мудрецом. ",
  "an3.4:2.2": "Какими тремя? ",
  "an3.4:2.3": "Он видит в своём проступке проступок. Когда он видит в своём проступке проступок, он исправляет его в соответствии с Дхаммой. Когда другой человек сознаётся ему в [собственном] проступке, он принимает его в соответствии с Дхаммой. ",
  "an3.4:2.4": "Того, кто обладает этими тремя качествами, следует знать мудрецом.",
  "an3.4:2.5": "Поэтому…",
  "an3.4:2.6": "Четвёртая."
}