{
  "an3.104:0.1": "Восходящие Наставления 3.104",
  "an3.104:0.2": "Глава Самбодха",
  "an3.104:0.3": "Сутта Привлекательность Первая",
  "an3.104:1.1": "«Монахи, я отправился на поиски привлекательности мира. Какая бы привлекательность мира ни существовала – её я открыл. ",
  "an3.104:1.2": "Я чётко увидел мудростью то, насколько далеко простирается привлекательность мира.",
  "an3.104:1.3": "Монахи, я отправился на поиски опасности мира. Какая бы опасность мира ни существовала – её я открыл. ",
  "an3.104:1.4": "Я чётко увидел мудростью то, насколько далеко простирается опасность мира.",
  "an3.104:1.5": "Монахи, я отправился на поиски спасения от мира. Какое бы спасение от мира ни существовало – его я открыл. ",
  "an3.104:1.6": "Я чётко увидел мудростью то, насколько далеко простирается спасение от мира.",
  "an3.104:1.7": "Пока, монахи, я напрямую не узнал в соответствии с действительностью привлекательность мира как привлекательность, опасность как опасность, спасение как спасение от него, я не заявлял о том, что пробудился в непревзойдённое совершенное просветление в этом мире с его дэвами, Марой, Брахмой, с его поколениями жрецов и отшельников, богов и людей. ",
  "an3.104:1.8": "Но когда я напрямую узнал привлекательность мира как привлекательность, опасность как опасность, спасение как спасение от него, то тогда я заявил, что пробудился в непревзойдённое совершенное просветление в этом мире… богов и людей.",
  "an3.104:1.9": "Знание и видение возникло во мне: ",
  "an3.104:1.10": "«Непоколебимо моё освобождение ума. Это моё последнее рождение. Не будет нового существования».",
  "an3.104:1.11": "Вторая."
}