{
  "an3.146:0.1": "Восходящие Наставления 3.146",
  "an3.146:0.2": "Глава Мангала",
  "an3.146:0.3": "Сутта Неблагое",
  "an3.146:1.1": "«Монахи, тот, кто обладает тремя качествами, оказывается в аду, как если бы его туда затянули силой.",
  "an3.146:1.2": "Какими тремя?",
  "an3.146:1.3": "Неблагим телесным действием, неблагим словесным действием, неблагим умственным действием.",
  "an3.146:1.4": "Тот, кто обладает этими тремя качествами, оказывается в аду, как если бы его туда затянули силой.",
  "an3.146:2.1": "Монахи, тот, кто обладает тремя качествами, оказывается в небесном мире, как если бы его туда затянули силой.",
  "an3.146:2.2": "Какими тремя?",
  "an3.146:2.3": "Благим телесным… словесным… умственным действием.",
  "an3.146:2.4": "Монахи, тот, кто обладает этими тремя качествами, оказывается в небесном мире, как если бы его туда затянули силой.",
  "an3.146:2.5": "Первая."
}