{
  "an3.54:0.1": "Восходящие Наставления 3.54",
  "an3.54:0.2": "Глава Брахман",
  "an3.54:0.3": "Сутта Странник",
  "an3.54:1.1": "И тогда некий брахман-странник подошёл к Благословенному и обменялся с ним вежливыми приветствиями. После обмена вежливыми приветствиями и любезностями он сел рядом и сказал ему: ",
  "an3.54:1.2": "«Мастер Готама, «напрямую видимая Дхамма, напрямую видимая Дхамма» – так говорят. ",
  "an3.54:1.3": "В каком смысле Дхамма видна напрямую, не зависит от времени, приглашает пойти и увидеть, ведёт к цели, познаётся мудрыми самостоятельно?»",
  "an3.54:2.1": "«Брахман, [вот] некий человек возбуждён страстью, одолеваем страстью, с умом, охваченным ей, планирует [совершить что-либо, что принесёт] несчастье самому себе, несчастье другим, несчастье обоим, и он переживает умственное страдание и уныние. ",
  "an3.54:2.2": "Но когда страсть отброшена, то он не планирует [совершить что-либо, что принесёт] несчастье самому себе, несчастье другим, несчастье обоим, и он не переживает умственного страдания и уныния.",
  "an3.54:3.1": "Тот, кто возбуждён страстью, одолеваем страстью, с умом, охваченным ей, пускается в неблагое поведение телом, речью, и умом. ",
  "an3.54:3.2": "Но когда страсть отброшена, он не пускается в неблагое поведение телом, речью, и умом.",
  "an3.54:4.1": "Тот, кто возбуждён страстью, одолеваем страстью, с умом, охваченным ей, не понимает в соответствии с действительностью собственного блага, блага других, блага обоих. ",
  "an3.54:4.2": "Но когда страсть отброшена, он понимает в соответствии с действительностью собственное благо, благо других, благо обоих.",
  "an3.54:4.3": "Вот каким образом Дхамма видна напрямую, не зависит от времени, приглашает пойти и увидеть, ведёт к цели, познаётся мудрыми самостоятельно.",
  "an3.54:5.1": "[Вот] некий человек полон ненависти… ",
  "an3.54:5.2": "[Вот] некий человек полон заблуждения, одолеваем заблуждением, с умом, охваченным им, планирует [совершить что-либо, что принесёт] несчастье… переживает умственное страдание и уныние… ",
  "an3.54:5.3": "Но когда заблуждение отброшено, то он не планирует… не переживает умственного страдания и уныния.",
  "an3.54:6.1": "Тот, кто заблуждается, одолеваем заблуждением, с умом, охваченным им, пускается в неблагое поведение телом, речью, и умом. ",
  "an3.54:6.2": "Но когда заблуждение отброшено, он не пускается в неблагое поведение телом, речью, и умом.",
  "an3.54:7.1": "Тот, кто заблуждается, одолеваем заблуждением, с умом, охваченным им, не понимает в соответствии с действительностью собственного блага, блага других, блага обоих. ",
  "an3.54:7.2": "Но когда заблуждение отброшено, он понимает в соответствии с действительностью собственное благо, благо других, благо обоих.",
  "an3.54:7.3": "И таким образом также Дхамма видна напрямую… познаётся мудрыми самостоятельно».",
  "an3.54:8.1": "«Великолепно, Мастер Готама! Великолепно, Мастер Готама!…",
  "an3.54:8.2": "Пусть Мастер Готама помнит меня как мирского последователя, принявшего прибежище с этого дня и на всю жизнь».",
  "an3.54:8.3": "Четвёртая."
}