{
  "an3.28:0.1": "Восходящие Наставления 3.28",
  "an3.28:0.2": "Глава Личность",
  "an3.28:0.3": "Сутта Речь, Подобная Навозу",
  "an3.28:1.1": "«Монахи, есть три типа личностей в мире. ",
  "an3.28:1.2": "Какие три?",
  "an3.28:1.3": "Тот, чья речь подобна навозу; тот, чья речь подобна цветам; тот, чья речь подобна мёду.",
  "an3.28:1.4": "И каков, монахи, человек, чья речь подобна навозу? ",
  "an3.28:1.5": "Вот, если его вызывают на совещание, на собрание, в присутствие родственников, в его гильдию или на суд, и спрашивают его как свидетеля: «Итак, почтенный, расскажи, что ты знаешь», и тогда он, не зная, говорит «Я знаю», или, зная, он говорит «Я не знаю»; не видя, он говорит «Я вижу», или же, видя, он говорит «Я не вижу». Таким образом он сознательно говорит неправду ради собственной выгоды, ради выгоды другого, или же ради какой-нибудь мирской ерунды. ",
  "an3.28:1.6": "Такой зовётся человеком, чья речь подобна навозу.",
  "an3.28:2.1": "И каков человек, чья речь подобна цветам? ",
  "an3.28:2.2": "Вот, если его вызывают на совещание, на собрание, в присутствие родственников, в его гильдию или на суд, и спрашивают его как свидетеля: «Итак, почтенный, расскажи, что ты знаешь», и тогда он, не зная, говорит «Я не знаю», или, зная, он говорит «Я знаю»; не видя, он говорит «Я не вижу», или же, видя, он говорит «Я вижу». Таким образом не говорит сознательно неправды ради собственной выгоды, ради выгоды другого, или же ради какой-нибудь мирской ерунды. ",
  "an3.28:2.3": "Такой зовётся человеком, чья речь подобна цветам.",
  "an3.28:3.1": "И каков человек, чья речь подобна мёду? ",
  "an3.28:3.2": "Вот некий человек, отбросив грубую речь, воздерживается от грубой речи. ",
  "an3.28:3.3": "Он говорит слова, которые мягкие, приятные уху, любящие, идущие из сердца, вежливые, привлекательные и нравящиеся большинству людей. ",
  "an3.28:3.4": "Таков человек, чья речь подобна мёду.",
  "an3.28:3.5": "Таковы, монахи, три типа личностей, существующих в мире».",
  "an3.28:3.6": "Восьмая."
}