{
  "an3.35:0.1": "Восходящие Наставления 3.35",
  "an3.35:0.2": "Глава Посланник Божеств",
  "an3.35:0.3": "Сутта Хаттхака",
  "an3.35:1.1": "Так я слышал.",
  "an3.35:1.2": "Однажды Благословенный пребывал в Алави на куче листьев, расстелённых на коровьей тропе в роще симсаповых деревьев. ",
  "an3.35:1.3": "И тогда Хаттхака из Алави, прогуливаясь и разминаясь, увидел Благословенного, сидящего там. ",
  "an3.35:1.4": "Тогда он подошёл к Благословенному, поклонился ему, сел рядом и сказал Благословенному:",
  "an3.35:1.5": "«Почтенный, я надеюсь, Благословенный спал спокойно?»",
  "an3.35:1.6": "«Да, принц, я спал спокойно. ",
  "an3.35:1.7": "Я из тех в мире, кто спит спокойно».",
  "an3.35:2.1": "«Но, почтенный, зимние ночи холодны. Сейчас восьмидневный период, когда выпадает снег. Земля, истоптанная коровьими копытами, груба, а подстилка из листвы тонкая. Листьев на деревьях мало, в жёлтых одеждах [монаха] холодно, да и дуют сильные холодные ветра. ",
  "an3.35:2.2": "И всё же, Благословенный говорит так: ",
  "an3.35:2.3": "«Да, принц, я спал спокойно. ",
  "an3.35:2.4": "Я из тех в мире, кто спит спокойно».",
  "an3.35:3.1": "«Что ж, принц, в таком случае я задам тебе вопрос на эту тему. Отвечай так, как сочтёшь нужным. ",
  "an3.35:3.2": "Как ты думаешь, принц? ",
  "an3.35:3.3": "У домохозяина или сына домохозяина может быть дом с остроконечной крышей, покрытый штукатуркой изнутри и снаружи, не пропускающий сквозняков, с запертыми ставнями и засовами. Там у него может быть диван с пледами, одеялами, накидками, с превосходным покрытием из шкуры антилопы, с навесом наверху и красными подушками по обеим сторонам. ",
  "an3.35:3.4": "Горела бы лампа ",
  "an3.35:3.5": "и его четыре жены обслуживали бы его неимоверно приятными способами. ",
  "an3.35:3.6": "Как ты считаешь, спокойно бы он спал или же нет, ",
  "an3.35:3.7": "или что ты об этом думаешь?»",
  "an3.35:3.8": "«Он бы спал спокойно, почтенный. ",
  "an3.35:3.9": "Он был бы одним из тех в мире, кто спит спокойно».",
  "an3.35:4.1": "«Но как ты считаешь, принц? ",
  "an3.35:4.2": "Мог бы в этом домохозяине или сыне домохозяина возникнуть телесный и умственный жар, рождённый страстью, который мучил бы его так, что он спал бы беспокойно?»",
  "an3.35:4.3": "«Мог бы, почтенный».",
  "an3.35:5.1": "«В этом домохозяине или сыне домохозяина мог бы возникнуть телесный и умственный жар, рождённый страстью, который мучил бы его так, что он спал бы беспокойно. Но Татхагата отбросил эту страсть, срубил её под корень, сделал её подобной обрубку пальмы, уничтожил так, что она более не сможет возникнуть в будущем. ",
  "an3.35:5.2": "Поэтому я спал спокойно.",
  "an3.35:6.1": "Как ты считаешь, принц? ",
  "an3.35:6.2": "Мог бы в этом домохозяине или сыне домохозяина возникнуть телесный и умственный жар, рождённый ненавистью… ",
  "an3.35:6.3": "заблуждением, который мучил бы его так, что он спал бы беспокойно?»",
  "an3.35:6.4": "«Мог бы, почтенный».",
  "an3.35:7.1": "«В этом домохозяине или сыне домохозяина мог бы возникнуть телесный и умственный жар, рождённый заблуждением, который мучил бы его так, что он спал бы беспокойно. Но Татхагата отбросил это заблуждение, срубил его под корень, сделал его подобным обрубку пальмы, уничтожил так, что оно более не сможет возникнуть в будущем. ",
  "an3.35:7.2": "Поэтому я спал спокойно». ",
  "an3.35:8.1": "«Всегда он спит спокойно,",
  "an3.35:8.2": "Ниббаны брахман достигший –",
  "an3.35:8.3": "Угас он, лишён обретений,",
  "an3.35:8.4": "Усладой он чувств не запятнан.",
  "an3.35:9.1": "Отрезав любые цепляния,",
  "an3.35:9.2": "Отбросив мучения в сердце,",
  "an3.35:9.3": "Он спит хорошо, он спокоен,",
  "an3.35:9.4": "Покоя в уме ведь достиг он».",
  "an3.35:9.5": "Пятая."
}