{
  "an3.103:0.1": "Восходящие Наставления 3.103",
  "an3.103:0.2": "Глава Самбодха",
  "an3.103:0.3": "Сутта Перед Пробуждением",
  "an3.103:1.1": "«Монахи, до моего просветления, пока я всё ещё был непросветлённым бодхисаттой, мысль пришла ко мне: ",
  "an3.103:1.2": "«В чём привлекательность мира, в чём состоит его опасность, каково спасение от него?»",
  "an3.103:1.3": "И тогда, монахи, мысль пришла ко мне: ",
  "an3.103:1.4": "«Удовольствие и радость, что возникают в зависимости от мира – это является привлекательностью мира. ",
  "an3.103:1.5": "То, что мир непостоянен, болезненнен, подвержен изменению – это является опасностью мира. ",
  "an3.103:1.6": "Устранение и отбрасывание импульсов страсти к миру – это является спасением от мира».",
  "an3.103:1.7": "Пока, монахи, я напрямую не узнал в соответствии с действительностью привлекательность мира как привлекательность, опасность как опасность, спасение как спасение от него, я не заявлял о том, что пробудился в непревзойдённое совершенное просветление в этом мире с его дэвами, Марой, Брахмой, с его поколениями жрецов и отшельников, богов и людей. ",
  "an3.103:1.8": "Но когда я напрямую узнал привлекательность мира как привлекательность, опасность как опасность, спасение как спасение от него, то тогда я заявил, что пробудился в непревзойдённое совершенное просветление в этом мире… богов и людей.",
  "an3.103:1.9": "Знание и видение возникло во мне: ",
  "an3.103:1.10": "«Непоколебимо моё освобождение ума. Это моё последнее рождение. Не будет нового существования»..",
  "an3.103:1.11": "Первая."
}