{
  "an3.25:0.1": "Восходящие Наставления 3.25",
  "an3.25:0.2": "Глава Личность",
  "an3.25:0.3": "Сутта Алмаз",
  "an3.25:1.1": "«Монахи, есть три типа личностей в мире. ",
  "an3.25:1.2": "Какие три?",
  "an3.25:1.3": "Тот, чей ум подобен открытой язве; тот, чей ум подобен молнии; тот, чей ум подобен алмазу.",
  "an3.25:1.4": "И каков, монахи, человек, чей ум подобен открытой язве? ",
  "an3.25:1.5": "Вот некий человек склонен к злобе и легко раздражается. ",
  "an3.25:1.6": "Если его хоть немного покритикуют, он выходит из себя, становится раздражительным, враждебным, упрямым. Он проявляет злость, ненависть, и горечь. ",
  "an3.25:1.7": "Подобно тому, как если гнойную язву задеть палкой или острым обломком, вытечет лишь ещё больше гноя, ",
  "an3.25:1.8": "то точно также некий человек склонен к злобе… ",
  "an3.25:1.9": "проявляет злость, ненависть, и горечь. ",
  "an3.25:1.10": "Об этом человеке говорится, что его ум подобен открытой язве.",
  "an3.25:2.1": "И каков человек, чей ум подобен молнии? ",
  "an3.25:2.2": "Вот некий человек понимает в соответствии с действительностью: «Это – боль», и «Это – скапливание боли», и «Это – истечение боли», и «Это – к истечению боли ведущая практика». ",
  "an3.25:2.3": "Подобно тому как в кромешной тьме ночи человек с хорошим зрением мог бы увидеть формы, освещённые [вспышкой] молнии,",
  "an3.25:2.4": "точно также некий человек понимает в соответствии с действительностью: Это – боль»… «Это – к истечению боли ведущая практика». ",
  "an3.25:2.5": "Об этом человеке говорится, что его ум подобен молнии.",
  "an3.25:3.1": "И каков человек, чей ум подобен алмазу? ",
  "an3.25:3.2": "Вот за счёт уничтожения пятен [умственных загрязнений] прямо [здесь и сейчас] в этой самой жизни некий человек входит и пребывает в незапятнанном освобождении ума, освобождении мудростью, напрямую зная и проявляя это для себя самостоятельно. ",
  "an3.25:3.3": "Подобно тому, как нет ничего, что не мог бы разрезать алмаз, будь то самоцвет или камень,",
  "an3.25:3.4": "точно также за счёт уничтожения пятен… для себя самостоятельно. ",
  "an3.25:3.5": "Об этом человеке говорится, что его ум подобен алмазу.",
  "an3.25:3.6": "Таковы, монахи, три типа личностей, существующих в мире».",
  "an3.25:3.7": "Пятая."
}