{
  "an3.86:0.1": "Восходящие Наставления 3.86",
  "an3.86:0.2": "Глава Шаман",
  "an3.86:0.3": "Сутта Тренировка Первая",
  "an3.86:1.1": "«Монахи, каждые полмесяца декламируются более ста пятидесяти правил [монашеской] тренировки. ",
  "an3.86:1.2": "Представитель клана, желающий собственного благополучия, должен тренироваться в них. Все они включены в эти три тренировки. ",
  "an3.86:1.3": "В какие три? ",
  "an3.86:1.4": "В тренировку высшей нравственности, в тренировку высшего ума, и в тренировку высшей мудрости. ",
  "an3.86:1.5": "Таковы три тренировки, в которые всё это включено.",
  "an3.86:2.1": "Монахи, вот монах исполняет нравственное поведение, но взращивает сосредоточение и мудрость только до некоторой степени. ",
  "an3.86:2.2": "Он совершает нарушения [правил тренировки] в отношении незначительных и меньших правил и исправляется. ",
  "an3.86:2.3": "И почему? ",
  "an3.86:2.4": "Потому что я не сказал, что он неспособен на это. ",
  "an3.86:2.5": "Но в отношении тех правил тренировки, которые являются основополагающими для святой жизни, которые соответствуют святой жизни, его поведение является постоянным и устойчивым. Предприняв правила тренировки, он тренируется в них. ",
  "an3.86:2.6": "С полным уничтожением трёх [нижних] оков он является вступившим в поток, непреклонным в своей участи, никогда более не способным [родиться] в низших мирах, устремлённым к просветлению.",
  "an3.86:3.1": "Другой монах исполняет нравственное поведение, но взращивает сосредоточение и мудрость только до некоторой степени. ",
  "an3.86:3.2": "Он совершает нарушения [правил тренировки] в отношении незначительных и меньших правил и исправляется. ",
  "an3.86:3.3": "И почему? ",
  "an3.86:3.4": "Потому что я не сказал, что он неспособен на это. ",
  "an3.86:3.5": "Но в отношении тех правил тренировки, которые являются основополагающими для святой жизни, которые соответствуют святой жизни, его поведение является постоянным и устойчивым. Предприняв правила тренировки, он тренируется в них. ",
  "an3.86:3.6": "С полным уничтожением трёх [нижних] оков, а также с уменьшением жажды, злобы, и заблуждения, он является однажды-возвращающимся – тем, кто, вернувшись назад в этот мир лишь ещё один раз, положит конец страданиям.",
  "an3.86:4.1": "Другой монах исполняет нравственное поведение и сосредоточение, но взращивает мудрость только до некоторой степени. ",
  "an3.86:4.2": "Он совершает нарушения [правил тренировки] в отношении незначительных и меньших правил и исправляется. ",
  "an3.86:4.3": "И почему? ",
  "an3.86:4.4": "Потому что я не сказал, что он неспособен на это. ",
  "an3.86:4.5": "Но в отношении тех правил тренировки, которые являются основополагающими для святой жизни, которые соответствуют святой жизни, его поведение является постоянным и устойчивым. Предприняв правила тренировки, он тренируется в них. ",
  "an3.86:4.6": "С полным уничтожением пяти нижних оков, он является тем, кто родится спонтанно [в мире Чистых Обителей] и обретёт там окончательную ниббану, никогда более не возвращаясь обратно из того мира [в этот].",
  "an3.86:5.1": "Другой монах исполняет нравственное поведение, сосредоточение, и мудрость. ",
  "an3.86:5.2": "Он совершает нарушения [правил тренировки] в отношении незначительных и меньших правил и исправляется. ",
  "an3.86:5.3": "И почему? ",
  "an3.86:5.4": "Потому что я не сказал, что он неспособен на это. ",
  "an3.86:5.5": "Но в отношении тех правил тренировки, которые являются основополагающими для святой жизни, которые соответствуют святой жизни, его поведение является постоянным и устойчивым. Предприняв правила тренировки, он тренируется в них. ",
  "an3.86:5.6": "За счёт уничтожения пятен [умственных загрязнений], в этой самой жизни он входит и пребывает в незапятнанном освобождении ума, освобождении мудростью, зная и проявляя эти состояния для себя самостоятельно посредством прямого знания.",
  "an3.86:6.1": "Так, монахи, тот, кто развивается частично, частично и преуспевает. Тот, кто развивается полностью, достигает совершенства. ",
  "an3.86:6.2": "Эти правила тренировки не бесплодны, я говорю вам».",
  "an3.86:6.3": "Шестая."
}