{
  "an3.70:0.1": "Восходящие Наставления 3.70",
  "an3.70:0.2": "Больая Глава",
  "an3.70:0.3": "Сутта Упосатха",
  "an3.70:1.1": "Так я слышал. ",
  "an3.70:1.2": "Однажды Благословенный пребывал в Саваттхи в особняке Мигараматы в Восточном Парке. ",
  "an3.70:1.3": "И тогда на день Упосатхи Висакха Мигарамата подошла к Благословенному, поклонилась ему и села рядом. Тогда Благословенный сказал ей:",
  "an3.70:1.4": "«Почему, Висакха, ты пришла средь бела дня?»",
  "an3.70:1.5": "«Сегодня, почтенный, я соблюдаю Упосатху».",
  "an3.70:2.1": "«Висакха, есть три вида Упосатхи. ",
  "an3.70:2.2": "Какие три? ",
  "an3.70:2.3": "Пастушья Упосатха. Упосатха Нигантхов. Упосатха Благородных.",
  "an3.70:2.4": "И как, Висакха, соблюдается пастушья Упосатха? ",
  "an3.70:2.5": "Представь, Висакха, как вечером пастух возвращает коров своим владельцам. Он рассуждает так: ",
  "an3.70:2.6": "«Сегодня коровы кормились в таком-то и таком-то месте, и пили воду в таком-то и таком-то месте. ",
  "an3.70:2.7": "Завтра коровы будут кормиться в таком-то и таком-то месте, и пить воду в таком-то и таком-то месте». ",
  "an3.70:2.8": "Точно также, бывает так, когда некий человек, соблюдая Упосатху, рассуждает так: ",
  "an3.70:2.9": "«Сегодня я ем ту и эту еду. Сегодня я ем ту и эту пищу. ",
  "an3.70:2.10": "Завтра я буду есть ту и эту еду. Завтра я буду есть ту и эту пищу». ",
  "an3.70:2.11": "Таким образом он проводит день с жаждой и влечением в своём уме. ",
  "an3.70:2.12": "Вот каким образом соблюдается пастушья Упосатха. ",
  "an3.70:2.13": "Подобным образом соблюдаемая пастушья Упосатха не приносит большого плода и результата, как и не является неимоверно сверкающей и всепроникающей.",
  "an3.70:3.1": "И как, Висакха, соблюдается Упосатха Нигантхов? ",
  "an3.70:3.2": "Висакха, есть отшельники, которые зовутся Нигантхами. ",
  "an3.70:3.3": "Они предписывают своим последователям следующее: ",
  "an3.70:3.4": "«Ну же, почтенный, отбрось дубину по отношению к живым существам, проживающим на расстоянии более сотни йоджан в восточной части света. ",
  "an3.70:3.5": "Отбрось дубину по отношению к живым существам, проживающим на расстоянии более сотни йоджан в западной… ",
  "an3.70:3.6": "северной… ",
  "an3.70:3.7": "южной части света». ",
  "an3.70:3.8": "Так они предписывают им быть благожелательными и сострадательными к некоторым живым существам, но не к другим.",
  "an3.70:3.9": "На день Упосатхи они предписывают своим последователям следующее: ",
  "an3.70:3.10": "«Ну же, почтенный, отложив все вещи, декламируй: ",
  "an3.70:3.11": "«Я нигде не являюсь принадлежностью кого-либо, как и нет ничего где-либо в любом месте, которое моё»3. ",
  "an3.70:3.12": "Однако, его родители знают: ",
  "an3.70:3.13": "«Это наш сын». ",
  "an3.70:3.14": "И он знает: ",
  "an3.70:3.15": "«Это мои родители». ",
  "an3.70:3.16": "Его жена и дети знают: ",
  "an3.70:3.17": "«Это тот, кто нас содержит». ",
  "an3.70:3.18": "И он знает: ",
  "an3.70:3.19": "«Это моя жена и дети». ",
  "an3.70:3.20": "Его рабы, рабочие и слуги знают: ",
  "an3.70:3.21": "«Это наш хозяин». ",
  "an3.70:3.22": "И он знает: ",
  "an3.70:3.23": "«Это мои рабы, рабочие и слуги». ",
  "an3.70:3.24": "Таким образом, в том случае, когда им следует предписывать [соблюдение] правдивости, [Нигантхи] предписывают им говорить ложь. ",
  "an3.70:3.25": "Это, я говорю тебе, является лживой речью. ",
  "an3.70:3.26": "Когда прошла ночь, он пользуется имуществом, которое ему не было дано. ",
  "an3.70:3.27": "Это, я говорю тебе, является взятием того, что не было дано. ",
  "an3.70:3.28": "Вот каким образом соблюдается Упосатха Нигантхов. ",
  "an3.70:3.29": "Подобным образом соблюдаемая Упосатха Нигантхов не приносит большого плода и результата, как и не является неимоверно сверкающей и всепроникающей.",
  "an3.70:4.1": "И как, Висакха, соблюдается Упосатха Благородных?",
  "an3.70:4.2": "Загрязнённый ум очищается приложением старания. ",
  "an3.70:4.3": "И как загрязнённый ум очищается приложением старания? ",
  "an3.70:4.4": "Вот, Висакха, ученик Благородных памятует о Татхагате так: ",
  "an3.70:4.5": "«Благословенный – арахант, полностью просветлённый, совершенный в истинном знании и поведении, счастливый, знаток мира, непревзойдённый учитель тех, кто готов обучаться, учитель богов и людей, просветлённый, благословенный». ",
  "an3.70:4.6": "Когда ученик Благородных памятует о Татхагате, его ум становится безмятежным, возникает радость, и загрязнения ума отбрасываются точно также, как если грязную голову вымыть с приложением старания.",
  "an3.70:5.1": "И как, Висакха, человек моет грязную голову с приложением старания? ",
  "an3.70:5.2": "С помощью чистящей пасты, глины, воды, и соответствующих усилий со стороны человека. Именно так его голова, будучи грязной, очищается приложением старания. ",
  "an3.70:5.3": "Точно также загрязнённый ум очищается приложением старания. ",
  "an3.70:6.1": "И как загрязнённый ум очищается приложением старания? ",
  "an3.70:6.2": "Вот, Висакха, ученик Благородных памятует о Татхагате:",
  "an3.70:6.3": "«Благословенный – арахант, полностью просветлённый, совершенный в истинном знании и поведении, счастливый, знаток мира, непревзойдённый учитель тех, кто готов обучаться, учитель богов и людей, просветлённый, благословенный». ",
  "an3.70:6.4": "его ум становится безмятежным, возникает радость, и загрязнения ума отбрасываются.",
  "an3.70:6.5": "Такой человек зовётся ",
  "an3.70:6.6": "учеником Благородных, который соблюдает Упосатху Брахмы, который пребывает с Брахмой, и размышляя о Брахме, его ум становится безмятежным, возникает радость, и загрязнения ума отбрасываются. ",
  "an3.70:6.7": "Вот каким образом загрязнённый ум очищается приложением старания.",
  "an3.70:7.1": "Загрязнённый ум, Висакха, очищается приложением старания. ",
  "an3.70:7.2": "И как загрязнённый ум очищается приложением старания? ",
  "an3.70:7.3": "Вот, Висакха, ученик Благородных памятует о Дхамме так: ",
  "an3.70:7.4": "«Дхамма превосходно разъяснена Благословенным, видимая здесь и сейчас, не зависящая от времени, приглашающая пойти и увидеть, ведущая к цели, познаваемая мудрыми самостоятельно». ",
  "an3.70:7.5": "Когда ученик Благородных памятует о Дхамме, его ум становится безмятежным, возникает радость, и загрязнения ума отбрасываются точно также, как если грязное тело вымыть с приложением старания.",
  "an3.70:8.1": "И как, Висакха, человек моет грязное тело с приложением старания? ",
  "an3.70:8.2": "С помощью банной щётки, порошка извести, воды, и соответствующих усилий со стороны человека. ",
  "an3.70:8.3": "Именно так его тело, будучи грязным, очищается приложением старания. ",
  "an3.70:8.4": "Точно также загрязнённый ум очищается приложением старания. ",
  "an3.70:9.1": "И как загрязнённый ум очищается приложением старания? ",
  "an3.70:9.2": "Вот, Висакха, ученик Благородных памятует о Дхамме:",
  "an3.70:9.3": "«Дхамма превосходно разъяснена Благословенным, видимая здесь и сейчас, не зависящая от времени, приглашающая пойти и увидеть, ведущая к цели, познаваемая мудрыми самостоятельно». ",
  "an3.70:9.4": "его ум становится безмятежным, возникает радость, и загрязнения ума отбрасываются.",
  "an3.70:9.5": "Такой человек зовётся учеником Благородных, который соблюдает Упосатху Дхаммы, который пребывает с Дхаммой, и размышляя о Дхамме, его ум становится безмятежным, возникает радость, и загрязнения ума отбрасываются. ",
  "an3.70:9.6": "Вот каким образом загрязнённый ум очищается приложением старания.",
  "an3.70:10.1": "Загрязнённый ум, Висакха, очищается приложением старания. ",
  "an3.70:10.2": "И как загрязнённый ум очищается приложением старания? ",
  "an3.70:10.3": "Вот, Висакха, ученик Благородных памятует о Сангхе так: ",
  "an3.70:10.4": "«Сангха учеников Благословенного, идущих по хорошему пути, идущих по прямому пути, идущих по верному пути, идущих по совершенному пути, другими словами, четыре пары или восемь типов личностей – это Сангха учеников Благословенного: достойная даров, достойная гостеприимства, достойная подношений, достойная уважения, непревзойдённое поле заслуг для мира». ",
  "an3.70:10.5": "Когда ученик Благородных памятует о Сангхе, его ум становится безмятежным, возникает радость, и загрязнения ума отбрасываются точно также, как если грязную ткань вымыть с приложением старания.",
  "an3.70:11.1": "И как, Висакха, человек моет грязную ткань с приложением старания? ",
  "an3.70:11.2": "С помощью тепла, щёлока, коровьего навоза, воды, и соответствующих усилий со стороны человека. ",
  "an3.70:11.3": "Именно так эта грязная ткань очищается приложением старания. ",
  "an3.70:11.4": "Точно также загрязнённый ум очищается приложением старания. ",
  "an3.70:12.1": "И как загрязнённый ум очищается приложением старания? ",
  "an3.70:12.2": "Вот, Висакха, ученик Благородных памятует о Сангхе:",
  "an3.70:12.3": "«Сангха учеников Благословенного, идущих по хорошему пути… непревзойдённое поле заслуг для мира». ",
  "an3.70:12.4": "его ум становится безмятежным, возникает радость, и загрязнения ума отбрасываются.",
  "an3.70:12.5": "Такой человек зовётся учеником Благородных, который соблюдает Упосатху Сангхи, который пребывает с Сангхой, и размышляя о Сангхе, его ум становится безмятежным, возникает радость, и загрязнения ума отбрасываются. ",
  "an3.70:12.6": "Вот каким образом загрязнённый ум очищается приложением старания.",
  "an3.70:13.1": "Загрязнённый ум, Висакха, очищается приложением старания. ",
  "an3.70:13.2": "И как загрязнённый ум очищается приложением старания? ",
  "an3.70:13.3": "Вот, Висакха, ученик Благородных памятует о своём нравственном поведении как о прочном, цельном, незапятнанном, освобождающем, восхваляемом мудрецами, ярком, ведущем к сосредоточению. ",
  "an3.70:13.4": "Когда ученик Благородных памятует о своём нравственном поведении, его ум становится безмятежным, возникает радость, и загрязнения ума отбрасываются точно также, как если грязное зеркало вымыть с приложением старания.",
  "an3.70:14.1": "И как, Висакха, человек моет грязное зеркало с приложением старания? ",
  "an3.70:14.2": "С помощью масла, пепла, свёрнутой ткани, и соответствующих усилий со стороны человека. ",
  "an3.70:14.3": "Именно так это грязное зеркало очищается приложением старания. ",
  "an3.70:14.4": "Точно также загрязнённый ум очищается приложением старания. ",
  "an3.70:15.1": "И как загрязнённый ум очищается приложением старания? ",
  "an3.70:15.2": "Вот, Висакха, ученик Благородных памятует о своём нравственном поведении… ",
  "an3.70:15.3": "его ум становится безмятежным, возникает радость, и загрязнения ума отбрасываются.",
  "an3.70:15.4": "Такой человек зовётся учеником Благородных, который соблюдает Упосатху нравственного поведения, который пребывает с нравственным поведением, и размышляя о нравственном поведении, его ум становится безмятежным, возникает радость, и загрязнения ума отбрасываются. ",
  "an3.70:15.5": "Вот каким образом загрязнённый ум очищается приложением старания.",
  "an3.70:16.1": "Загрязнённый ум, Висакха, очищается приложением старания. ",
  "an3.70:16.2": "И как загрязнённый ум очищается приложением старания? ",
  "an3.70:16.3": "Вот, Висакха, ученик Благородных памятует о божествах так: ",
  "an3.70:16.4": "«Существуют дэвы [мира] Четырёх Великих Царей, дэвы Таватимсы, дэвы Ямы, дэвы Туситы, дэвы, наслаждающиеся творениями, дэвы, которые имеют власть над творениями других, дэвы свиты Брахмы и дэвы, что превыше этих. ",
  "an3.70:16.5": "Наделённые таким-то [уровнем] веры, они, умерев здесь [в этой жизни], переродились там. Точно такая же вера есть и у меня тоже. ",
  "an3.70:16.6": "Наделённые таким-то [уровнем] нравственного поведения… ",
  "an3.70:16.7": "учёности… ",
  "an3.70:16.8": "щедрости… ",
  "an3.70:16.9": "мудрости, они, умерев в этой жизни, переродились там. Точно такая же мудрость есть и у меня тоже». ",
  "an3.70:16.10": "Когда ученик Благородных памятует о вере, нравственности, учёности, щедрости, и мудрости в себе, как и в тех божествах, его ум становится безмятежным, возникает радость, и загрязнения ума отбрасываются точно также, как если загрязнённое золото очистить с приложением старания.",
  "an3.70:17.1": "И как, Висакха, человек очищает загрязнённое золото с приложением старания? ",
  "an3.70:17.2": "С помощью печи, соли, красного мела, мехов и щипцов, и соответствующих усилий со стороны человека. ",
  "an3.70:17.3": "Именно так это загрязнённое золото очищается приложением старания. ",
  "an3.70:17.4": "Точно также загрязнённый ум очищается приложением старания. ",
  "an3.70:18.1": "И как загрязнённый ум очищается приложением старания? ",
  "an3.70:18.2": "Вот, Висакха, ученик Благородных памятует о божествах:",
  "an3.70:18.3": "«Существуют дэвы [мира] Четырёх Великих Царей, дэвы Таватимсы… и дэвы, что превыше этих. ",
  "an3.70:18.4": "Наделённые таким-то [уровнем] веры, они, умерев здесь [в этой жизни], переродились там. Точно такая же вера есть и у меня тоже. ",
  "an3.70:18.5": "Наделённые таким-то [уровнем] нравственного поведения… ",
  "an3.70:18.6": "учёности… ",
  "an3.70:18.7": "щедрости… ",
  "an3.70:18.8": "мудрости, они, умерев в этой жизни, переродились там. Точно такая же мудрость есть и у меня тоже». ",
  "an3.70:18.9": "Когда ученик Благородных памятует о вере, нравственности, учёности, щедрости, и мудрости в себе, как и в тех божествах, его ум становится безмятежным, возникает радость, и загрязнения ума отбрасываются точно также, как если загрязнённое золото очистить с приложением старания. его ум становится безмятежным, возникает радость, и загрязнения ума отбрасываются.",
  "an3.70:18.10": "Такой человек зовётся учеником Благородных, который соблюдает Упосатху божеств, который пребывает с божествами, и размышляя о божествах, его ум становится безмятежным, возникает радость, и загрязнения ума отбрасываются. ",
  "an3.70:18.11": "Вот каким образом загрязнённый ум очищается приложением старания.",
  "an3.70:19.1": "Этот ученик Благородных, Висакха, рассуждает так: ",
  "an3.70:19.2": "«Покуда они живы, араханты отбрасывают [убийство] и воздерживаются от уничтожения жизни. Они пребывают в сострадании ко всем живым существам, отбросив дубину и оружие, добросовестные и милосердные. ",
  "an3.70:19.3": "Сегодня, в течение этой ночи и дня, я также отброшу и буду воздерживаться от уничтожения жизни. Я также буду пребывать в сострадании ко всем живым существам, отбросив дубину и оружие, добросовестным и милосердным. ",
  "an3.70:19.4": "Так, в этом отношении, я буду подражать арахантам и буду соблюдать Упосатху.",
  "an3.70:20.1": "Покуда они живы, араханты отбрасывают [воровство] и воздерживаются от взятия того, что не дано. Они берут только то, что [им] дали, ожидают только того, что было дано, пребывают честными, не имея мыслей о воровстве. ",
  "an3.70:20.2": "Сегодня, в течение этой ночи и дня, я также отброшу и буду воздерживаться от взятия того, что не дано. Буду пребывать честным, не имея мыслей о воровстве. ",
  "an3.70:20.3": "Так, в этом отношении, я буду подражать арахантам и буду соблюдать Упосатху.",
  "an3.70:21.1": "Покуда они живы, араханты отбрасывают сексуальную активность и соблюдают целомудрие, живут отдельно, воздерживаясь от половых сношений, которые привычны среди простых людей. ",
  "an3.70:21.2": "Сегодня, в течение этой ночи и дня, я также отброшу сексуальную активность, буду жить отдельно, воздерживаясь от половых сношений, которые привычны среди простых людей. ",
  "an3.70:21.3": "Так, в этом отношении, я буду подражать арахантам и буду соблюдать Упосатху.",
  "an3.70:22.1": "Покуда они живы, араханты отбрасывают [ложь] и воздерживаются от лжи. Они говорят правду, твёрдо придерживаются правды. Они заслуживают доверия и надёжны, не обманывают мир. ",
  "an3.70:22.2": "Сегодня, в течение этой ночи и дня, я также отброшу [ложь] и буду воздерживаться от лжи. Буду говорить правду, твёрдо придерживаться правды, буду заслуживать доверия, буду надёжен, не буду обманывать мир. ",
  "an3.70:22.3": "Так, в этом отношении, я буду подражать арахантам и буду соблюдать Упосатху.",
  "an3.70:23.1": "Покуда они живы, араханты отбрасывают [спиртное] и воздерживаются от спиртных напитков, вина, одурманивающих веществ, что являются основой для беспечности. ",
  "an3.70:23.2": "Сегодня, в течение этой ночи и дня, я также отброшу [спиртное] и буду воздерживаться от спиртных напитков, вина, одурманивающих веществ, что являются основой для беспечности. ",
  "an3.70:23.3": "Так, в этом отношении, я буду подражать арахантам и буду соблюдать Упосатху.",
  "an3.70:24.1": "Покуда они живы, араханты едят один раз в день, воздерживаются от принятия пищи ночью и вне положенного времени. ",
  "an3.70:24.2": "Сегодня, в течение этой ночи и дня, я также буду есть один раз в день, воздерживаться от принятия пищи ночью и вне положенного времени. ",
  "an3.70:24.3": "Так, в этом отношении, я буду подражать арахантам и буду соблюдать Упосатху.",
  "an3.70:25.1": "Покуда они живы, араханты воздерживаются от танцев, пения, музыки, неуместных зрелищ, а также от украшения себя и наведения красоты посредством ношения гирлянд, применения ароматов и мазей. ",
  "an3.70:25.2": "Сегодня, в течение этой ночи и дня, я также буду воздерживаться от танцев, пения, музыки, неуместных зрелищ, а также от украшения себя и наведения красоты посредством ношения гирлянд, применения ароматов и мазей. ",
  "an3.70:25.3": "Так, в этом отношении, я буду подражать арахантам и буду соблюдать Упосатху.",
  "an3.70:26.1": "Покуда они живы, араханты отбрасывают [роскошные постели] и воздерживаются от использования высоких и роскошных постелей. ",
  "an3.70:26.2": "Они ложатся на постель низкую, либо на небольшую кровать, либо на соломенную циновку. ",
  "an3.70:26.3": "Сегодня, в течение этой ночи и дня, я также отброшу [роскошные постели] и буду воздерживаться от использования высоких и роскошных постелей. Я лягу на постель низкую, либо на небольшую кровать, либо на соломенную циновку. Так, в этом отношении, я буду подражать арахантам и буду соблюдать Упосатху».",
  "an3.70:27.1": "Вот каким образом, Висакха, соблюдается Упосатха Благородных. ",
  "an3.70:27.2": "Когда кто-либо соблюдал Упосатху так, как это делают Благородные, то это приносит великий плод и пользу, она неимоверно сверкающая и всепроникающая.",
  "an3.70:28.1": "И до какой степени она приносит великий плод и пользу? ",
  "an3.70:28.2": "Представь, Висакха, как если бы человек осуществлял бы владычество и царствование над этими шестнадцатью великими странами, имея в обилии семь драгоценностей, а именно, ",
  "an3.70:28.3": "[страны] Ангов, Магадхов, Касиев, Косал, Вадджей, Маллов, Четиев, Вангов, Куру, Панчал, Маччхов, Сурасенов, Ассаков, Авантиев, Гандхарцев, Камбоджиев. Это не стоило бы и одной шестнадцатой соблюдения Упосатхи, полной в восьми факторах. ",
  "an3.70:28.4": "И почему? ",
  "an3.70:28.5": "Потому что царствование людей ничтожно по сравнению с небесным счастьем.",
  "an3.70:29.1": "Ведь для дэвов, [управляемых] четырьмя великими [божественными] царями, одна ночь и один день равняются пятидесяти человеческим годам. ",
  "an3.70:29.2": "Тридцать таких дней составляют месяц, ",
  "an3.70:29.3": "а двенадцать таких месяцев составляют год. ",
  "an3.70:29.4": "Жизненный срок этих дэвов – пятьсот таких небесных лет. ",
  "an3.70:29.5": "И есть возможность, Висакха, что мужчина или женщина, соблюдающая Упосатху в восьми полных факторах, с распадом тела, после смерти, переродится среди дэвов, [управляемых] четырьмя великими [божественными] царями. ",
  "an3.70:29.6": "В отношении этого я сказал, ",
  "an3.70:29.7": "что царствование людей ничтожно по сравнению с небесным счастьем.",
  "an3.70:30.1": "Для дэвов Таватимсы одна ночь и один день равняются сотне человеческих лет. ",
  "an3.70:30.2": "Тридцать таких дней составляют месяц, ",
  "an3.70:30.3": "а двенадцать таких месяцев составляют год. ",
  "an3.70:30.4": "Жизненный срок этих дэвов – тысяча таких небесных лет. ",
  "an3.70:30.5": "И есть возможность, Висакха, что мужчина или женщина, соблюдающая Упосатху в восьми полных факторах, с распадом тела, после смерти, переродится среди дэвов Таватимсы. ",
  "an3.70:30.6": "В отношении этого я сказал, что ",
  "an3.70:30.7": "царствование людей ничтожно по сравнению с небесным счастьем.",
  "an3.70:31.1": "Для дэвов Ямы одна ночь и один день равняются двум сотням человеческих лет. ",
  "an3.70:31.2": "Тридцать таких дней составляют месяц, ",
  "an3.70:31.3": "а двенадцать таких месяцев составляют год. ",
  "an3.70:31.4": "Жизненный срок этих дэвов – две тысячи таких небесных лет. ",
  "an3.70:31.5": "И есть возможность… переродится среди дэвов Ямы…",
  "an3.70:31.6": "",
  "an3.70:31.7": "",
  "an3.70:32.1": "Для дэвов Туситы одна ночь и один день равняются четырём сотням человеческих лет. ",
  "an3.70:32.2": "Тридцать таких дней составляют месяц, ",
  "an3.70:32.3": "а двенадцать таких месяцев составляют год. ",
  "an3.70:32.4": "Жизненный срок этих дэвов – четыре тысячи таких небесных лет. ",
  "an3.70:32.5": "И есть возможность… переродится среди дэвов Туситы…",
  "an3.70:32.6": "",
  "an3.70:32.7": "",
  "an3.70:33.1": "Для дэвов, наслаждающихся творениями, одна ночь и один день равняются восьми сотням человеческих лет. ",
  "an3.70:33.2": "Тридцать таких дней составляют месяц, ",
  "an3.70:33.3": "а двенадцать таких месяцев составляют год. ",
  "an3.70:33.4": "Жизненный срок этих дэвов – восемь тысяч таких небесных лет. ",
  "an3.70:33.5": "И есть возможность… переродится среди дэвов, наслаждающихся творениями…",
  "an3.70:33.6": "",
  "an3.70:33.7": "",
  "an3.70:34.1": "Для дэвов, управляющих творениями других, одна ночь и один день равняются шестнадцати сотням человеческих лет. ",
  "an3.70:34.2": "Тридцать таких дней составляют месяц, ",
  "an3.70:34.3": "а двенадцать таких месяцев составляют год. ",
  "an3.70:34.4": "Жизненный срок этих дэвов – шестнадцать тысяч таких небесных лет. ",
  "an3.70:34.5": "И есть возможность, Висакха, что мужчина или женщина, соблюдающая Упосатху в восьми полных факторах, с распадом тела, после смерти, переродится среди дэвов, управляющих творениями других. ",
  "an3.70:34.6": "В отношении этого я сказал, что ",
  "an3.70:34.7": "царствование людей ничтожно по сравнению с небесным счастьем». ",
  "an3.70:35.1": "«Не должно убивать живых существ, Или брать то, что не было дано.",
  "an3.70:35.2": "Не должно говорить неправду, пить вино.",
  "an3.70:35.3": "От сексуальности, нечистоты, воздерживай себя,",
  "an3.70:35.4": "И в неуместный час не принимай еду.",
  "an3.70:36.1": "Гирлянды не носи, о благовониях забудь.",
  "an3.70:36.2": "Спи на кровати низкой иль подстилке на земле.",
  "an3.70:36.3": "Вот какова, как говорят, Упосатха восьми –",
  "an3.70:36.4": "Буддой провозглашённая, Тем, кто достиг страданий всяческих конца.",
  "an3.70:37.1": "И там, до куда достают и солнце и луна,",
  "an3.70:37.2": "И проливают свет, что столь чудесным взору предстаёт,",
  "an3.70:37.3": "По небосводу что плывут, рассеивают тьму,",
  "an3.70:37.4": "Они сияют в небе, освещая целый мир.",
  "an3.70:38.1": "И всё богатство, в этой области что есть –",
  "an3.70:38.2": "И жемчуга, алмазы, превосходнейший берилл,",
  "an3.70:38.3": "И рог из золота, из золота гора,",
  "an3.70:38.4": "Как и естественное золото, зовут что «хатака» –",
  "an3.70:39.1": "Даже одной шестнадцатой не стоит это всё ",
  "an3.70:39.2": "Упосатхи из восьми факторов что состоит.",
  "an3.70:39.3": "Как и скопление звёзд не сопоставится никак [Даже с одной шестнадцатой] сияния луны.",
  "an3.70:40.1": "Так, добродетельная женщина иль муж,",
  "an3.70:40.2": "Кто соблюдал Упосатху из факторов восьми",
  "an3.70:40.3": "К счастью ведущих, сотворив много заслуг,",
  "an3.70:40.4": "Безукоризненный, стремится к небесам».",
  "an3.70:40.5": "Десятая.",
  "an3.70:40.6": "Большая Глава Седьмая.",
  "an3.70:41.0": "Оглавление",
  "an3.70:41.1": "",
  "an3.70:41.2": "",
  "an3.70:41.3": "",
  "an3.70:41.4": ""
}