{
  "an3.120:0.1": "Восходящие Наставления 3.120",
  "an3.120:0.2": "Глава Апаика ",
  "an3.120:0.3": "Сутта Чистота Первая",
  "an3.120:1.1": "«Монахи, есть эти три чистоты. ",
  "an3.120:1.2": "Какие три? ",
  "an3.120:1.3": "Телесная чистота, словесная чистота, умственная чистота.",
  "an3.120:1.4": "И что такое телесная чистота? ",
  "an3.120:1.5": "Вот некий человек воздерживается от уничтожения жизни, от взятия того, что не дано, от неблагого сексуального поведения. ",
  "an3.120:1.6": "Это называется телесной чистотой.",
  "an3.120:2.1": "И что такое словесная чистота? ",
  "an3.120:2.2": "Вот некий человек воздерживается от лжи, от сеющей распри речи, от грубой речи, от пустой болтовни. ",
  "an3.120:2.3": "Это называется словесной чистотой.",
  "an3.120:3.1": "И что такое умственная чистота? ",
  "an3.120:3.2": "Вот некий человек не имеет жажды, недоброжелательности, придерживается правильного воззрения. ",
  "an3.120:3.3": "Это называется умственной чистотой.",
  "an3.120:3.4": "Таковы, монахи, три чистоты».",
  "an3.120:3.5": "Восьмая."
}