{
  "an3.17:0.1": "Восходящие Наставления 3.17",
  "an3.17:0.2": "Глава Ратхакара",
  "an3.17:0.3": "Сутта Собственное",
  "an3.17:1.1": "«Монахи, эти три качества ведут к собственному несчастью, к несчастью других, к несчастью обоих. ",
  "an3.17:1.2": "Какие три?",
  "an3.17:1.3": "Телесное неблагое поведение, словесное неблагое поведение, умственное неблагое поведение.",
  "an3.17:1.4": "Эти три качества ведут к собственному несчастью, к несчастью других, к несчастью обоих. ",
  "an3.17:2.1": "Эти [другие] три качества не ведут к собственному несчастью, к несчастью других, к несчастью обоих. ",
  "an3.17:2.2": "Какие три? ",
  "an3.17:2.3": "Телесное… словесное… умственное благое поведение. ",
  "an3.17:2.4": "Эти три качества не ведут к собственному несчастью, к несчастью других, к несчастью обоих».",
  "an3.17:2.5": "Седьмая."
}