{
  "an3.132:0.1": "Восходящие Наставления 3.132",
  "an3.132:0.2": "Глава Бхаранду",
  "an3.132:0.3": "Сутта Прочерченная на камне линия",
  "an3.132:1.1": "«Монахи, в мире есть три типа личностей. ",
  "an3.132:1.2": "Какие три?",
  "an3.132:1.3": "Человек, подобный прочерченной линии на камне. Человек, подобный прочерченной линии на земле. Человек, подобный прочерченной линии на воде.",
  "an3.132:1.4": "И какой человек подобен прочерченной линии на камне? ",
  "an3.132:1.5": "Бывает так, когда некий человек часто злится, ",
  "an3.132:1.6": "и его злость остаётся [в нём] на долгое время. ",
  "an3.132:1.7": "Подобно тому как прочерченная на камне линия не быстро стирается ветром и водой, но остаётся [на нём] на долгое время, ",
  "an3.132:1.8": "точно также некий человек часто злится, ",
  "an3.132:1.9": "и его злость остаётся [в нём] на долгое время. ",
  "an3.132:1.10": "Такой зовётся человеком, подобным прочерченной линии на камне.",
  "an3.132:2.1": "И какой человек подобен прочерченной линии на земле? ",
  "an3.132:2.2": "Бывает так, когда некий человек часто злится, ",
  "an3.132:2.3": "но его злость не остаётся [в нём] на долгое время. ",
  "an3.132:2.4": "Подобно тому как прочерченная на земле линия быстро стирается ветром и водой и не остаётся [на ней] на долгое время, ",
  "an3.132:2.5": "точно также некий человек часто злится, ",
  "an3.132:2.6": "но его злость не остаётся [в нём] на долгое время. ",
  "an3.132:2.7": "Такой зовётся человеком, подобным прочерченной линии на земле.",
  "an3.132:3.1": "И какой человек подобен прочерченной линии на воде? ",
  "an3.132:3.2": "Бывает так, когда некий человек, даже если к нему обращаются грубым и резким словом, неприятным образом, остаётся в дружеских отношениях [с тем, кто к нему так обратился], общается [с ним], приветствует [его]. ",
  "an3.132:3.3": "Подобно тому как прочерченная на воде линия быстро полностью исчезает и не остаётся надолго, ",
  "an3.132:3.4": "точно также, монахи, когда некий человек, даже если к нему обращаются грубым и резким словом, неприятным образом, остаётся в дружеских отношениях [с тем, кто к нему так обратился], общается [с ним], приветствует [его]. ",
  "an3.132:3.5": "Такой зовётся человеком, подобным прочерченной линии на воде.",
  "an3.132:3.6": "Таковы, монахи, три типа личностей в мире».",
  "an3.132:3.7": "Десятая.",
  "an3.132:3.8": "Глава Кусинара Третья.",
  "an3.132:4.0": "Оглавление",
  "an3.132:4.1": "",
  "an3.132:4.2": "",
  "an3.132:4.3": "",
  "an3.132:4.4": ""
}