{
  "an3.65:0.1": "Восходящие Наставления 3.65",
  "an3.65:0.2": "Большая Глава",
  "an3.65:0.3": "Сутта Калама",
  "an3.65:1.1": "Так я слышал.",
  "an3.65:1.2": "Однажды Благословенный странствовал по стране Косал вместе с большой Сангхой монахов, когда прибыл в город Калам под названием Кесапутта. ",
  "an3.65:1.3": "Каламы из Кесапутты услышали: ",
  "an3.65:1.4": "«Говорят, отшельник Готама, сын Сакьев, ушедший из клана Сакьев в бездомную жизнь, прибыл в Кесапутту. ",
  "an3.65:1.5": "И об этом Мастере Готаме распространилась славная молва: ",
  "an3.65:1.6": "«В самом деле Благословенный… ",
  "an3.65:1.7": "Хорошо было бы увидеть таких арахантов».",
  "an3.65:2.1": "И тогда Каламы из Кесапутты отправились к Благословенному. Некоторые, поклонившись ему, сели рядом. Некоторые обменялись с ним вежливыми приветствиями и после обмена вежливыми приветствиями и любезностями сели рядом. Некоторые из них сели рядом, поприветствовав его [в почтении] сложенными у груди ладонями. Некоторые из них сели рядом, объявив своё имя и имя клана. Некоторые из них сели рядом [просто] молча. Сидя рядом, Каламы сказали Благословенному:",
  "an3.65:3.1": "«Почтенный, есть некоторые жрецы и отшельники, которые приходят в Кесапутту. ",
  "an3.65:3.2": "Они объясняют и проясняют свои собственные доктрины, но принижают, чернят, осмеивают и осуждают доктрины других. ",
  "an3.65:3.3": "Но затем некие другие жрецы и отшельники приходят в Кесапутту, ",
  "an3.65:3.4": "и они также объясняют и проясняют свои собственные доктрины, но принижают, чернят, осмеивают и осуждают доктрины других. ",
  "an3.65:3.5": "Господин, мы находимся в сомнениях и замешательстве в плане того, ",
  "an3.65:3.6": "какие из этих хороших отшельников говорят истину, а какие говорят ложь».",
  "an3.65:3.7": "«Само собой, Каламы, что вы находитесь в замешательстве, само собой, что вы находитесь в сомнениях. ",
  "an3.65:3.8": "Сомнение возникло в вас в отношении того, что приводит в замешательство. ",
  "an3.65:4.1": "Ну же, Каламы, не принимайте чего-либо только на основании устной традиции, наследия учения, слухов, собрания текстов, логических рассуждений, умозаключений, раздумий, согласия с мнением после его обдумывания, кажущейся осведомлённости [говорящего], или же если когда ты думаешь: «[Этот] отшельник – наш гуру».",
  "an3.65:4.2": "Но когда вы знаете сами: ",
  "an3.65:4.3": "«Эти вещи являются неблагими, эти вещи достойны порицания, эти вещи порицаются мудрыми, эти вещи, если принять и предпринимать их, ведут к вреду и страданию» – то тогда вам следует отбросить их.",
  "an3.65:5.1": "Как вы думаете, Каламы? ",
  "an3.65:5.2": "Когда алчность возникает в человеке, это ведёт к его благополучию или к его вреду?»",
  "an3.65:6.1": "«К его вреду, почтенный».",
  "an3.65:7.1": "«Каламы, алчущий человек, одолеваемый алчностью, с умом, охваченным ей, уничтожает жизнь, берёт то, что [ему] не было дано, совершает проступок с чужой женой, лжёт; и он побуждает других поступать также. Приведёт ли это к его вреду и боли на долгое время?»",
  "an3.65:8.1": "«Да, почтенный».",
  "an3.65:9.1": "«Как вы думаете, Каламы? ",
  "an3.65:9.2": "Когда злоба возникает в человеке, это ведёт к его благополучию или к его вреду?»",
  "an3.65:10.1": "«К его вреду, почтенный».",
  "an3.65:11.1": "«Каламы, полный злобы человек, одолеваемый злобой, с умом, охваченным ей, уничтожает жизнь, берёт то, что [ему] не было дано, совершает проступок с чужой женой, лжёт; и он побуждает других поступать также. Приведёт ли это к его вреду и боли на долгое время?»",
  "an3.65:12.1": "«Да, почтенный».",
  "an3.65:13.1": "«Как вы думаете, Каламы? ",
  "an3.65:13.2": "Когда заблуждение возникает в человеке, это ведёт к его благополучию или к его вреду?»",
  "an3.65:14.1": "«К его вреду, почтенный».",
  "an3.65:15.1": "«Каламы, заблуждающийся человек, одолеваемый заблуждением, с умом, охваченным им, уничтожает жизнь, берёт то, что [ему] не было дано, совершает проступок с чужой женой, лжёт; и он побуждает других поступать также. Приведёт ли это к его вреду и боли на долгое время?»",
  "an3.65:16.1": "«Да, почтенный».",
  "an3.65:17.1": "«Как вы думаете, Каламы? Эти вещи являются благими или неблагими?»",
  "an3.65:18.1": "«Неблагими, почтенный».",
  "an3.65:19.1": "«Порицаемыми или безукоризненными?»",
  "an3.65:20.1": "«Порицаемыми, почтенный».",
  "an3.65:21.1": "«Критикуемыми или восхваляемыми мудрыми?»",
  "an3.65:22.1": "«Критикуемыми мудрыми, почтенный».",
  "an3.65:23.1": "«Если их принять и предпринимать, они ведут к вреду и страданию или же нет, ",
  "an3.65:23.2": "или как вы считаете?»",
  "an3.65:24.1": "«Если их принять и предпринимать, они ведут к вреду и страданию. ",
  "an3.65:24.2": "Вот как мы считаем».",
  "an3.65:25.1": "«Поэтому, Каламы, когда мы сказали: ",
  "an3.65:25.2": "«Ну же, Каламы, ",
  "an3.65:25.3": "не принимайте чего-либо только на основании устной традиции… ",
  "an3.65:25.4": "но когда вы знаете сами… ",
  "an3.65:25.5": "эти вещи, если принять и предпринимать их, ведут к вреду и страданию – то тогда вам следует отбросить их» – ",
  "an3.65:25.6": "то вот почему так было сказано.",
  "an3.65:26.1": "Ну же, Каламы, не принимайте чего-либо только на основании устной традиции, наследия учения, слухов, собрания [священных] текстов, логических рассуждений, умозаключений, раздумий, согласия с мнением после его обдумывания, кажущейся осведомлённости [говорящего], или же если когда ты думаешь: «[Этот] отшельник – наш гуру».",
  "an3.65:26.2": "Но когда вы знаете сами: ",
  "an3.65:26.3": "«Эти вещи являются благими, эти вещи безукоризненны, эти вещи восхваляются мудрыми, эти вещи, если принять и предпринимать их, ведут к благополучию и счастью» – то тогда вам следует жить в соответствии с ними.",
  "an3.65:27.1": "Как вы думаете, Каламы? ",
  "an3.65:27.2": "Когда не-алчность возникает в человеке, это ведёт к его благополучию или к его вреду?»",
  "an3.65:28.1": "«К его благополучию, почтенный».",
  "an3.65:29.1": "«Каламы, человек, не имеющий алчности, не одолеваемый алчностью, с умом, не охваченным ей, не уничтожает жизнь, не берёт то, что [ему] не было дано, не совершает проступок с чужой женой, не лжёт; и не поощряет других поступать так. Приведёт ли это к его благополучию и приятному на долгое время?»",
  "an3.65:30.1": "«Да, почтенный».",
  "an3.65:31.1": "«Как вы думаете, Каламы? ",
  "an3.65:31.2": "Когда не-злоба возникает в человеке… ",
  "an3.65:31.3": "Когда не-заблуждение возникает в человеке…",
  "an3.65:31.4": "Приведёт ли это к его благополучию и приятному на долгое время?»",
  "an3.65:32.1": "«Да, почтенный».",
  "an3.65:33.1": "«Как вы думаете, Каламы? Эти вещи являются благими или неблагими?»",
  "an3.65:34.1": "«Благими, почтенный».",
  "an3.65:35.1": "«Порицаемыми или безукоризненными?»",
  "an3.65:36.1": "«Безукоризненными, почтенный».",
  "an3.65:37.1": "«Критикуемыми или восхваляемыми мудрыми?»",
  "an3.65:38.1": "«Восхваляемыми мудрыми, почтенный».",
  "an3.65:39.1": "«Если их принять и предпринимать, они ведут к благополучию и счастью или же нет, ",
  "an3.65:39.2": "или как вы считаете?»",
  "an3.65:40.1": "«Если их принять и предпринимать, они ведут к благополучию и счастью. ",
  "an3.65:40.2": "Вот как мы считаем».",
  "an3.65:41.1": "«Поэтому, Каламы, когда мы сказали: ",
  "an3.65:41.2": "«Ну же, Каламы, ",
  "an3.65:41.3": "не принимайте чего-либо только на основании устной традиции… ",
  "an3.65:41.4": "но когда вы знаете сами… ",
  "an3.65:41.5": "эти вещи, если принять и предпринимать их, ведут к благополучию и счастью – то тогда вам следует жить в соответствии с ними» – ",
  "an3.65:41.6": "то вот почему так было сказано.",
  "an3.65:42.1": "Затем, Каламы, этот ученик Благородных, который подобным образом лишён влечения, лишён недоброжелательности, не сбит с толку, бдителен, всегда осознан, пребывает, наполняя первую сторону света умом, наделённым доброжелательностью… ",
  "an3.65:42.2": "состраданием… ",
  "an3.65:42.3": "сорадованием… ",
  "an3.65:42.4": "невозмутимостью, равно как и вторую сторону, третью сторону, и четвёртую сторону. Так, вверху, внизу, вокруг и всюду, как ко всем как к самому себе, он наполняет весь мир умом, насыщенным невозмутимостью – обильным, обширным, безмерным, не имеющим враждебности и недоброжелательности.",
  "an3.65:43.1": "Этот ученик Благородных, Каламы, чей ум подобным образом лишён вражды, не имеет недоброжелательности, не загрязнён и чист, ",
  "an3.65:43.2": "добился четырёх гарантий в этой самой жизни.",
  "an3.65:43.3": "Вот какова первая гарантия, которой он добился: «Если есть следующий мир, и если есть плод и результат благих и плохих поступков, то есть возможность, что после распада тела, после смерти, я перерожусь в благом уделе, в небесном мире».",
  "an3.65:44.1": "Вот какова вторая гарантия, которой он добился: «Если нет следующего мира, и если нет плода и результата благих и плохих поступков, то уже прямо здесь, в этой самой жизни, я поддерживаю себя в счастье, не имея вражды и недоброжелательности, будучи свободным от неприятностей».",
  "an3.65:45.1": "Вот какова третья гарантия, которой он добился: «Что если зло приходит к тому, кто творит зло? ",
  "an3.65:45.2": "В таком случае, поскольку у меня нет злых намерений к кому бы то ни было, то как страдание может одолеть меня, ведь я не совершаю никаких плохих поступков?»",
  "an3.65:46.1": "Вот какова четвёртая гарантия, которой он добился: «Что если зло не приходит к тому, кто творит зло? В таком случае, прямо здесь я чист в обоих отношениях».",
  "an3.65:47.1": "Этот ученик Благородных, Каламы, чей ум подобным образом лишён вражды, не имеет недоброжелательности, не загрязнён и чист, ",
  "an3.65:47.2": "добился этих четырёх гарантий в этой самой жизни».",
  "an3.65:48.1": "«Так оно, Благословенный! Так оно, Счастливый! ",
  "an3.65:48.2": "Этот ученик Благородных, чей ум подобным образом лишён вражды, не имеет недоброжелательности, не загрязнён и чист, ",
  "an3.65:48.3": "добился четырёх гарантий в этой самой жизни. ",
  "an3.65:48.4": "Вот какова первая гарантия, которой он добился… ",
  "an3.65:49.1": "",
  "an3.65:50.1": "",
  "an3.65:51.1": "",
  "an3.65:52.1": "",
  "an3.65:52.2": "добился этих четырёх гарантий в этой самой жизни.",
  "an3.65:53.1": "Великолепно, Мастер Готама!…",
  "an3.65:53.2": "Мы принимаем прибежище в Мастере Готаме, прибежище в Дхамме, и прибежище в Сангхе монахов. ",
  "an3.65:53.3": "Пусть Мастер Готама помнит нас как мирских последователей, принявших прибежище с этого дня и на всю жизнь».",
  "an3.65:53.4": "Пятая."
}