{
  "an3.134:0.1": "Восходящие Наставления 3.134",
  "an3.134:0.2": "Глава Йодхаджива",
  "an3.134:0.3": "Сутта Собрания",
  "an3.134:1.1": "«Монахи, есть эти три вида собраний. ",
  "an3.134:1.2": "Какие три?",
  "an3.134:1.3": "Собрание, обученное бесполезным разговорам, собрание, обученное вопрошанию, собрание, обученное до [возможных] пределов.",
  "an3.134:1.4": "Таковы три вида собраний».",
  "an3.134:1.5": "Вторая."
}