{
  "an3.135:0.1": "Восходящие Наставления 3.135",
  "an3.135:0.2": "Глава Йодхаджива",
  "an3.135:0.3": "Сутта Друг",
  "an3.135:1.1": "«Монахи, следует общаться с другом, который обладает тремя факторами. ",
  "an3.135:1.2": "Какими тремя? ",
  "an3.135:1.3": "Вот монах даёт то, что трудно дать. Он делает то, что трудно сделать. Он терпит то, что трудно вытерпеть. ",
  "an3.135:1.4": "Следует общаться с другом, который обладает этими тремя факторами».",
  "an3.135:1.5": "Третья."
}