{
  "an3.30:0.1": "Восходящие Наставления 3.30",
  "an3.30:0.2": "Глава Личность",
  "an3.30:0.3": "Сутта Перевёрнутый",
  "an3.30:1.1": "«Монахи, есть три типа личностей в мире. ",
  "an3.30:1.2": "Какие три?",
  "an3.30:1.3": "Человек с перевёрнутой мудростью, человек с надколенной мудростью, человек с широкой мудростью.",
  "an3.30:1.4": "И каков, монахи, человек с перевёрнутой мудростью? ",
  "an3.30:1.5": "Бывает так, когда некий человек часто посещает монастырь, чтобы послушать от монахов Дхамму. ",
  "an3.30:1.6": "Монахи учат его Дхамме: прекрасной в начале, прекрасной в середине, и прекрасной в конце, правильной и в духе и букве. Они раскрывают ему святую жизнь в совершенстве полную и чистую. ",
  "an3.30:1.7": "По мере того как он сидит там на своём сиденье, он не уделяет внимания этой беседе в начале, в середине, или в конце. ",
  "an3.30:1.8": "После того как он встал со своего сиденья, он всё ещё не уделяет внимания этой беседе в начале, в середине, или в конце.",
  "an3.30:1.9": "Подобно тому как если перевернуть вверх тормашками горшок, вода, которая налилась в него, выливается и не остаётся в нём, ",
  "an3.30:1.10": "то точно также, бывает так, когда некий человек… ",
  "an3.30:1.11": "",
  "an3.30:1.12": "",
  "an3.30:1.13": "не уделяет внимания этой беседе в начале, в середине, или в конце. ",
  "an3.30:1.14": "Такой зовётся человеком с перевёрнутой мудростью.",
  "an3.30:2.1": "И каков человек с надколенной мудростью? ",
  "an3.30:2.2": "Бывает так, когда некий человек часто посещает монастырь, чтобы послушать от монахов Дхамму. ",
  "an3.30:2.3": "Монахи учат его Дхамме: прекрасной в начале, прекрасной в середине, и прекрасной в конце, правильной и в духе и букве. Они раскрывают ему святую жизнь в совершенстве полную и чистую. ",
  "an3.30:2.4": "По мере того как он сидит там на своём сиденье, он уделяет внимание этой беседе в начале, в середине, и в конце. ",
  "an3.30:2.5": "Но после того как он встал со своего сиденья, он не уделяет внимания этой беседе в начале, в середине, или в конце.",
  "an3.30:2.6": "Подобно тому, как если бы человек разложил у себя на коленях различную еду: ",
  "an3.30:2.7": "зёрна кунжута, рисовые зёрна, лепёшки, ююбы – ",
  "an3.30:2.8": "если он утратит осознанность, когда встанет с этого сиденья, то он разбросает всё это по полу. ",
  "an3.30:2.9": "Точно также, некий человек часто посещает монастырь, чтобы послушать от монахов Дхамму… ",
  "an3.30:2.10": "",
  "an3.30:2.11": "",
  "an3.30:2.12": "Но после того как он встал со своего сиденья, он не уделяет внимания этой беседе в начале, в середине, или в конце. ",
  "an3.30:2.13": "Такой зовётся человеком с надколенной мудростью.",
  "an3.30:3.1": "И каков человек с широкой мудростью? ",
  "an3.30:3.2": "Бывает так, когда некий человек часто посещает монастырь, чтобы послушать от монахов Дхамму. ",
  "an3.30:3.3": "Монахи учат его Дхамме: прекрасной в начале, прекрасной в середине, и прекрасной в конце, правильной и в духе и букве. Они раскрывают ему святую жизнь в совершенстве полную и чистую. ",
  "an3.30:3.4": "По мере того как он сидит там на своём сиденье, он уделяет внимание этой беседе в начале, в середине, и в конце. ",
  "an3.30:3.5": "После того как он встал со своего сиденья, он вновь уделяет внимание этой беседе в начале, в середине, и в конце.",
  "an3.30:3.6": "Подобно тому, как если правильно поставить горшок, вода, которая налилась в него, остаётся в нём и не выливается, ",
  "an3.30:3.7": "то точно также, некий человек часто посещает монастырь, чтобы послушать от монахов Дхамму… ",
  "an3.30:3.8": "",
  "an3.30:3.9": "",
  "an3.30:3.10": "После того как он встал со своего сиденья, он вновь уделяет внимание этой беседе в начале, в середине, и в конце. ",
  "an3.30:3.11": "Такой зовётся человеком с широкой мудростью.",
  "an3.30:3.12": "Таковы, монахи, три типа личностей, существующих в мире». ",
  "an3.30:4.1": "«Тот человек, чья мудрость перевёрнута,",
  "an3.30:4.2": "Глупым является, [вещей] не различает.",
  "an3.30:4.3": "Он ходит часто ",
  "an3.30:4.4": "навестить монахов,",
  "an3.30:5.1": "Но уловить тот человек не может",
  "an3.30:5.2": "Хотя бы толики из этой вот беседы",
  "an3.30:5.3": "В её конце, начале, середине,",
  "an3.30:5.4": "Так как всецело мудрости лишён он.",
  "an3.30:6.1": "Тот, мудрость чья подобна надколенной,",
  "an3.30:6.2": "Лучшим считается в сравнении с прежним.",
  "an3.30:6.3": "Он также ходит ",
  "an3.30:6.4": "навещать монахов,",
  "an3.30:7.1": "Когда сидит он на своём сиденье,",
  "an3.30:7.2": "Слова беседы может ухватить он",
  "an3.30:7.3": "В её конце, начале, середине.",
  "an3.30:7.4": "Когда он встал – ",
  "an3.30:7.5": "уже не понимает,",
  "an3.30:7.6": "Но забывает всё, о чём он сам услышал.",
  "an3.30:8.1": "А человек с мудростью широчайшей",
  "an3.30:8.2": "Лучшим считается в сравнении с ними.",
  "an3.30:8.3": "Он также ходит ",
  "an3.30:8.4": "навещать монахов,",
  "an3.30:9.1": "Слова и фразы тут же постигает",
  "an3.30:9.2": "В конце, в начале, также в середине",
  "an3.30:9.3": "Когда сидит он на своём сиденье,",
  "an3.30:9.4": "Умом единодушным ",
  "an3.30:10.1": "[всё он] помнит.",
  "an3.30:10.2": "Намерением он лучшим обладает,",
  "an3.30:10.3": "И, практикуя в соответствии с Дхаммой,",
  "an3.30:10.4": "Конец страданиям положить он может».",
  "an3.30:10.5": "Десятая.",
  "an3.30:10.6": "Глава Личность Третья.",
  "an3.30:11.0": "Оглавление",
  "an3.30:11.1": "",
  "an3.30:11.2": "",
  "an3.30:11.3": "",
  "an3.30:11.4": ""
}