{
  "an3.15:0.1": "Восходящие Наставления 3.15",
  "an3.15:0.2": "Глава Ратхакара",
  "an3.15:0.3": "Сутта Сачетана или Пачетана",
  "an3.15:1.1": "Однажды Благословенный пребывал в Варанаси в Оленьем Парке в Исипатане. ",
  "an3.15:1.2": "Там Благословенный обратился к монахам: ",
  "an3.15:1.3": "«Монахи!»",
  "an3.15:1.4": "«Достопочтенный!» – ответили те монахи. ",
  "an3.15:1.5": "Благословенный сказал:",
  "an3.15:2.1": "«Монахи, в прошлом был царь по имени Пачетана. ",
  "an3.15:2.2": "И вот царь Пачетана обратился к своему изготовителю колесниц: ",
  "an3.15:2.3": "«Дорогой изготовитель колесниц, через шесть месяцев будет битва. ",
  "an3.15:2.4": "Можешь ли ты сделать для меня новую пару колёс?» – ",
  "an3.15:2.5": "«Могу, почтенный» – ответил изготовитель колесниц.",
  "an3.15:2.6": "Спустя шесть месяцев без шести дней изготовитель колесниц закончил одно колесо. ",
  "an3.15:2.7": "Царь Пачетана обратился к изготовителю колесниц: ",
  "an3.15:2.8": "«Через шесть дней будет битва. Готова ли новая пара колёс?» – ",
  "an3.15:2.9": "«За шесть месяцев без шести дней я закончил одно колесо» – ",
  "an3.15:2.10": "«Но, дорогой изготовитель колесниц, можешь ли ты закончить для меня второе колесо за шесть дней?» – ",
  "an3.15:2.11": "«Могу, почтенный» – ответил изготовитель колесниц. И тогда за следующие шесть дней изготовитель колесниц закончил второе колесо. Он принёс новую пару колёс царю Пачетане и сказал: ",
  "an3.15:2.12": "«Вот новая пара колёс, которую я сделал для вас, почтенный» – ",
  "an3.15:2.13": "«Но в чём отличие, дорогой изготовитель колесниц, между колесом, работа над которым заняла шесть месяцев без шести дней, и тем, работа над которым заняла шесть дней? ",
  "an3.15:2.14": "Я не вижу каких-либо отличий между ними» – ",
  "an3.15:2.15": "«Есть отличие, почтенный. ",
  "an3.15:2.16": "Понаблюдайте отличие».",
  "an3.15:3.1": "И тогда изготовитель колесниц крутанул колесо, работа над которым заняла шесть дней. ",
  "an3.15:3.2": "Оно вращалось, пока сила движения поддерживала его, а затем задрожало и упало на землю. ",
  "an3.15:3.3": "Но колесо, работа над которым заняла шесть месяцев без шести дней, вращалось, пока сила движения поддерживала его, ",
  "an3.15:3.4": "а затем замерло, как если было бы прикреплено к оси. ",
  "an3.15:4.1": "«Но почему, дорогой изготовитель колесниц, колесо, работа над которым заняла шесть дней, вращалось, пока сила движения поддерживала его, а затем оно задрожало и упало на землю, ",
  "an3.15:4.2": "тогда как колесо, работа над которым заняла шесть месяцев без шести дней, вращалось, пока сила движения поддерживала его, а затем оно замерло, как если было бы прикреплено к оси?» ",
  "an3.15:4.3": "«Колесо, работа над которым заняла шесть дней, почтенный, имеет кривой обод с изъянами и дефектами; кривые спицы с изъянами и дефектами; кривую ступицу с изъянами и дефектами. ",
  "an3.15:4.4": "Вот почему оно вращалось, пока сила движения поддерживала его, а затем задрожало и упало на землю. ",
  "an3.15:4.5": "Но колесо, работа над которым заняла шесть месяцев без шести дней, имеет ровный обод без изъянов и дефектов; у него ровные спицы без изъянов и дефектов; у него ровная ступица без изъянов и дефектов. ",
  "an3.15:4.6": "Вот почему оно вращалось, пока сила движения поддерживала его, а затем замерло, как если было бы прикреплено к оси».",
  "an3.15:5.1": "«Быть может, монахи, вы подумаете: ",
  "an3.15:5.2": "«В том случае изготовителем колесниц был кто-то другой». ",
  "an3.15:5.3": "Но вам не следует думать так. ",
  "an3.15:5.4": "В том случае изготовителем колесниц был я сам. ",
  "an3.15:5.5": "В то время я был умелым в [вопросах] искривления, изъянов и дефектов дерева. ",
  "an3.15:5.6": "Но теперь я Арахант, Полностью Просветлённый, умелый в [вопросах] искривления, изъянов и дефектов тела; умелый в [вопросах] искривления, изъянов и дефектов речи; умелый в [вопросах] искривления, изъянов и дефектов ума.",
  "an3.15:5.7": "Любой монах или монахиня, которые не отбросили искривления, изъянов и дефектов тела, речи, и ума, отпали от этой Дхаммы и Винаи, подобно колесу, работа над которым заняла шесть дней.",
  "an3.15:6.1": "Любой монах или монахиня, которые отбросили искривление, изъяны и дефекты тела, речи, и ума, утвердились в этой Дхамме и Винае, подобно колесу, работа над которым заняла шесть месяцев без шести дней.",
  "an3.15:7.1": "Поэтому, монахи, вот как вы должны тренировать себя: ",
  "an3.15:7.2": "«Мы отбросим искривление, изъяны и дефекты тела; мы отбросим искривление, изъяны и дефекты речи; мы отбросим искривление, изъяны и дефекты ума». ",
  "an3.15:7.3": "Вот как вы должны тренировать себя».",
  "an3.15:7.4": "Пятая."
}