{
  "an3.85:0.1": "Восходящие Наставления 3.85",
  "an3.85:0.2": "Глава Шаман",
  "an3.85:0.3": "Сутта Ученик",
  "an3.85:1.1": "И тогда некий монах подошёл к Благословенному, поклонился ему, сел рядом и сказал ему: ",
  "an3.85:2.1": "«Почтенный, «ученик, ученик» – так говорят. ",
  "an3.85:2.2": "В каком случае кто-либо является учеником?»",
  "an3.85:2.3": "«Он тренируется, монах, поэтому он зовётся учеником. ",
  "an3.85:2.4": "И в чём он тренируется? ",
  "an3.85:2.5": "Он тренируется в высшей нравственности. Он тренируется в высшем уме. Он тренируется в высшей мудрости. ",
  "an3.85:2.6": "Он тренируется, монах, поэтому он зовётся учеником». ",
  "an3.85:3.1": "«Тренирует себя ученик,",
  "an3.85:3.2": "По прямому пути он идёт.",
  "an3.85:3.3": "И вначале появится в нём О разрушении знание.",
  "an3.85:3.4": "Вслед за тем и конечное знание возникает ",
  "an3.85:4.1": "Когда знанием конечным он освобождён,",
  "an3.85:4.2": "То приходит ещё одно знание:",
  "an3.85:4.3": "«Непреклонно освобождение»",
  "an3.85:4.4": "Путы существования отбросив.",
  "an3.85:4.5": "Пятая."
}