{
  "an3.93:0.1": "Восходящие Наставления 3.93",
  "an3.93:0.2": "Глава Лонакапалла",
  "an3.93:0.3": "Сутта Уединение",
  "an3.93:1.1": "«Монахи, странники-приверженцы других учений предписывают эти три вида уединения. ",
  "an3.93:1.2": "Какие три? ",
  "an3.93:1.3": "Уединение в отношении одеяний, уединение в отношении еды, полученной с подаяний, и уединение в отношении жилищ.",
  "an3.93:2.1": "Вот, монахи, что странники-приверженцы других учений предписывают в качестве уединения в отношении одеяний: они носят одежду из пеньки, из парусины, из савана, из выброшенных лохмотьев, из древесной коры, из шкур антилопы, из обрезков шкур антилопы, из травы кусы, из материала из коры, из материала из стружек; [носят] накидку, [сделанную] из волос с головы, из шерсти дикого животного, из совиных крыльев. ",
  "an3.93:2.2": "Вот что странники-приверженцы других учений предписывают в качестве уединения в отношении одеяний.",
  "an3.93:3.1": "Вот что странники-приверженцы других учений предписывают в качестве уединения в отношении еды, полученной с подаяний: ",
  "an3.93:3.2": "они едят [только] зелень; или просо; или дикий рис; или обрезки шкуры; или мох; или рисовые отруби; или рисовую накипь; или кунжутную муку; или траву; или коровий навоз. Они живут на лесных кореньях и фруктах. Они кормятся упавшими фруктами. ",
  "an3.93:3.3": "Вот что странники-приверженцы других учений предписывают в качестве уединения в отношении еды, полученной с подаяний.",
  "an3.93:4.1": "Вот что странники-приверженцы других учений предписывают в качестве уединения в отношении жилищ: лес, подножье дерева, кладбище, уединённые обиталища в лесах и рощах, открытую местность, стог соломы, шалаш из соломы. ",
  "an3.93:4.2": "Вот что странники-приверженцы других учений предписывают в качестве уединения в отношении жилищ.",
  "an3.93:4.3": "Таковы три вида уединения, которые предписывают странники-приверженцы других учений.",
  "an3.93:5.1": "В этой Дхамме и Винае, монахи, есть эти три вида уединения для монаха. ",
  "an3.93:5.2": "Какие три?",
  "an3.93:5.3": "Вот монах нравственный. Он отбросил безнравственность и пребывает уединённым от неё. ",
  "an3.93:5.4": "Он придерживается правильных воззрений. Он отбросил неправильные воззрения и пребывает уединённым от них. ",
  "an3.93:5.5": "Он является тем, чьи пятна [умственных загрязнений] уничтожены. Он отбросил пятна [умственных загрязнений] и пребывает уединённым от них.",
  "an3.93:5.6": "Когда монах нравственный, является тем, кто отбросил безнравственность и пребывает уединённым от неё; ",
  "an3.93:5.7": "придерживается правильных воззрений… ",
  "an3.93:5.8": "является тем, чьи пятна [умственных загрязнений] уничтожены… ",
  "an3.93:5.9": "то тогда он зовётся монахом, который достиг высочайшего, достиг сердцевины, [зовётся] тем, кто чист и утверждён в сердцевине.",
  "an3.93:6.1": "Представьте, монахи, фермера, у которого бы созрел горный рис. ",
  "an3.93:6.2": "Фермер бы спешно срезал побеги. ",
  "an3.93:6.3": "Затем он бы спешно собрал побеги. ",
  "an3.93:6.4": "Затем он бы спешно перевёз их. ",
  "an3.93:6.5": "Затем он бы спешно собрал бы их в кучу, ",
  "an3.93:6.6": "обмолотил их, ",
  "an3.93:6.7": "убрал солому, ",
  "an3.93:6.8": "убрал высевки, ",
  "an3.93:6.9": "просеял бы его. ",
  "an3.93:6.10": "Затем он бы спешно перевёз эти [зёрна], ",
  "an3.93:6.11": "истолок бы их, ",
  "an3.93:6.12": "убрал шелуху. ",
  "an3.93:6.13": "Вот каким образом рисовые зёрна этого фермера были бы высочайшими, достигли сердцевины, были бы чистыми и утверждёнными в сердцевине.",
  "an3.93:7.1": "Точно также, монахи, когда монах нравственный… ",
  "an3.93:7.2": "",
  "an3.93:7.3": "",
  "an3.93:7.4": "чист и утверждён в сердцевине».",
  "an3.93:7.5": "Вторая."
}