{
  "an3.14:0.1": "Восходящие Наставления 3.14",
  "an3.14:0.2": "Глава Ратхакара",
  "an3.14:0.3": "Сутта Царь Вращающий Колесо",
  "an3.14:1.1": "«Монахи, даже царь-миродержец, праведный царь, который правит Дхаммой, не запускает колесо, не имея царя над собой».",
  "an3.14:1.2": "Когда так было сказано, некий монах сказал Благословенному: ",
  "an3.14:1.3": "«Но, почтенный, кто же является этим царём над царём-миродержцем, праведным царём, который правит Дхаммой?»",
  "an3.14:1.4": "«Это [сама] Дхамма, монах» – ответил Благословенный. ",
  "an3.14:1.5": "«Монах, царь-миродержец, праведный царь, который правит Дхаммой, полагается только на Дхамму, чтит, уважает и почитает Дхамму, берёт Дхамму в качестве мерила, знамени, авторитета, предоставляя праведную защиту, убежище, охрану людям при своём дворе.",
  "an3.14:2.1": "Далее, царь-миродержец, праведный царь, который правит Дхаммой, полагается только на Дхамму, чтит, уважает и почитает Дхамму, берёт Дхамму в качестве мерила, знамени, авторитета, предоставляя праведную защиту, убежище, охрану своим кхаттийским князьям, своей армии, брахманам и домохозяевам, людям из селений и городов, жрецам и отшельникам, животным и птицам. ",
  "an3.14:2.2": "Предоставив такую праведную защиту, убежище, охрану всем этим существам, этот царь-миродержец, праведный царь, который правит Дхаммой, вращает колесо исключительно Дхаммой, ",
  "an3.14:2.3": "колесо, которое не может повернуть вспять любое враждебное человеческое существо.",
  "an3.14:3.1": "Точно также, монахи, Татхагата, Арахант, Полностью Просветлённый, праведный царь Дхаммы, полагается только на Дхамму, чтит, уважает и почитает Дхамму, берёт Дхамму в качестве мерила, знамени, авторитета, предоставляя праведную защиту, убежище, охрану в отношении телесного действия, говоря: ",
  "an3.14:3.2": "«Такое телесное действие следует развивать. Такое телесное действие не следует развивать».",
  "an3.14:4.1": "Далее, Татхагата… в отношении словесного действия, говоря: ",
  "an3.14:4.2": "«Такое словесное действие следует развивать. Такое словесное действие не следует развивать»…",
  "an3.14:4.3": "«Такое умственное действие следует развивать. Такое умственное действие не следует развивать».",
  "an3.14:5.1": "Предоставив такую праведную защиту, убежище, охрану в отношении телесного действия, словесного действия, умственного действия, Татхагата, Арахант, Полностью Просветлённый, праведный царь Дхаммы, приводит в движение непревзойдённое колесо Дхаммы исключительно Дхаммой, ",
  "an3.14:5.2": "колесо, которое не может повернуть вспять какой-либо жрец, отшельник, дэва, Мара или Брахма, или кто бы то ни было в мире».",
  "an3.14:5.3": "Четвёртая."
}