{
  "an3.92:0.1": "Восходящие Наставления 3.92",
  "an3.92:0.2": "Глава Лонакапалла",
  "an3.92:0.3": "Сутта Срочное",
  "an3.92:1.1": "«Монахи, есть эти три неотложных задачи у фермера. ",
  "an3.92:1.2": "Какие три? ",
  "an3.92:1.3": "Вначале фермер спешно, но тщательно вспахивает поле, и спешно, но тщательно боронит его. ",
  "an3.92:1.4": "Затем он спешно сеет семена. ",
  "an3.92:1.5": "И затем он спешно орошает и осушает поле. ",
  "an3.92:1.6": "Таковы три неотложных задачи у фермера.",
  "an3.92:1.7": "У этого фермера нет сверхъестественных сил или духовного могущества [посредством чего он мог бы повелевать]: ",
  "an3.92:1.8": "«Пусть мой урожай начнёт расти сегодня! Пусть он созреет завтра! Пусть он плодоносит послезавтра!» ",
  "an3.92:1.9": "Но с изменением времён года наступает время, когда урожай растёт, созревает, плодоносит.",
  "an3.92:2.1": "Точно также, монахи, есть эти три неотложных задачи у монаха. ",
  "an3.92:2.2": "Какие три? ",
  "an3.92:2.3": "Осуществление тренировки в высшей нравственности. Осуществление тренировки в высшем уме. Осуществление тренировки в высшей мудрости. ",
  "an3.92:2.4": "Таковы три неотложных задачи у монаха.",
  "an3.92:2.5": "У этого монаха нет сверхъестественных сил или духовного могущества [посредством чего он мог бы повелевать]: ",
  "an3.92:2.6": "«Пусть мой ум будет освобождён от пятен [загрязнений ума] посредством не-цепляния сегодня, или завтра, или послезавтра!» ",
  "an3.92:2.7": "Но по мере того как этот монах тренируется в высшей нравственности, высшем уме, высшей мудрости, приходит время, когда его ум освобождается от пятен посредством не-цепляния.",
  "an3.92:3.1": "Поэтому, монахи, вот как вы должны тренировать себя: ",
  "an3.92:3.2": "«У нас будет острое желание осуществлять тренировку в высшей нравственности… в высшем уме… в высшей мудрости». ",
  "an3.92:3.3": "Вот как вы должны тренировать себя».",
  "an3.92:3.4": "Первая."
}