{
  "an1.140:0.1": "Восходящие Наставления 1.140-149",
  "an1.140:0.2": "Глава не-Дхамма",
  "an1.140:1.0": "1",
  "an1.140:1.1": "«Монахи, те монахи, которые объясняют не-Дхамму как не-Дхамму, действуют ради благополучия многих людей, ради счастья многих людей, ради блага, благополучия, и счастья многих людей и божеств. ",
  "an1.140:1.2": "Эти монахи порождают множество благих заслуг и продлевают эту благую Дхамму».",
  "an1.140:1.3": "Первая.",
  "an1.141:1.0": "2",
  "an1.141:1.1": "«Монахи, те монахи, которые объясняют Дхамму как Дхамму, действуют ради благополучия многих людей, ради счастья многих людей, ради блага, благополучия, и счастья многих людей и божеств. ",
  "an1.141:1.2": "Эти монахи порождают множество благих заслуг и продлевают эту благую Дхамму».",
  "an1.141:1.3": "Вторая.",
  "an1.142-149:1.0": "3-10",
  "an1.142-149:1.1": "«Монахи, те монахи, которые объясняют объясняют не-Винаю как не-Винаю… объясняют Винаю как Винаю… то, что не было утверждено и сказано Татхагатой как не утверждённое… то, что было утверждено и сказано Татхагатой как утверждённое… то, что не практиковалось Татхагатой как то, что не практиковалось им… то, что практиковалось Татхагатой как то, что практиковалось им… то, что не было предписано Татхагатой как то, что не было предписано им… то, что было предписано Татхагатой как то, что было предписано им, ",
  "an1.142-149:1.2": "действуют ради благополучия многих людей, ради счастья многих людей, ради блага, благополучия, и счастья многих людей и божеств. ",
  "an1.142-149:1.3": "Эти монахи порождают множество благих заслуг и продлевают эту благую Дхамму».",
  "an1.142-149:1.4": "Десятая.",
  "an1.142-149:1.5": "Глава не-Дхамма Одиннадцатая."
}