{
  "an1.198:0.1": "Восходящие Наставления 1.198-208",
  "an1.198:0.2": "Глава Вторая",
  "an1.198:1.1": "«Монахи, самым выдающимся моим учеником среди монахов, которые создают тело состоящее-из-разума, является Чуллапантхака».",
  "an1.199:1.1": "…среди монахов, которые умелые в умственном преобразовании, является Чуллапантхака».",
  "an1.200:1.1": "…среди монахов, которые умелые в преобразовании восприятия, является Махапантхака».",
  "an1.201:1.1": "…среди монахов, которые живут без конфликтов, является Субхути».",
  "an1.202:1.1": "…среди монахов, которые [наиболее] достойны даров, является Субхути».",
  "an1.203:1.1": "…среди монахов, которые проживают в лесу, является Ревата Кхадиравания».",
  "an1.204:1.1": "…среди монахов, которые медитируют, является Канкхаревата».",
  "an1.205:1.1": "…среди монахов, которые зарождают усердие, является Сона Коливиса».",
  "an1.206:1.1": "…среди монахов, которые являются превосходными ораторами, является Сона Кутиканна».",
  "an1.207:1.1": "…среди монахов, которые получают обретения, является Сивали».",
  "an1.208:1.1": "…среди монахов, которые обрели решительность посредством веры, является Ваккали».",
  "an1.208:1.2": "Глава Вторая."
}