{
  "an1.209:0.1": "Восходящие Наставления 1.209-218",
  "an1.209:0.2": "Глава Третья",
  "an1.209:1.1": "«Монахи, самым выдающимся моим учеником среди монахов, которые [больше других] желают тренироваться, является Рахула».",
  "an1.210:1.1": "…среди монахов, которые ушли в бездомную жизнь благодаря вере, является Раттхапала».",
  "an1.211:1.1": "…среди монахов, которые первыми достают обеденный билет, является Кундадхана».",
  "an1.212:1.1": "…среди монахов, которые сочиняют вдохновенные строфы, является Вангиса».",
  "an1.213:1.1": "…среди монахов, которые во всех отношениях внушают доверие, является Упасена Вангантапутта».",
  "an1.214:1.1": "…среди монахов, которые назначают обиталища, является Дабба Маллапутта».",
  "an1.215:1.1": "…среди монахов, которые милы и приятны божествам, является Пилиндаваччха».",
  "an1.216:1.1": "…среди монахов, которые быстро достигают прямого знания, является Бахия Даручирийо».",
  "an1.217:1.1": "…среди монахов, которые обладали разносторонней речью, является Кумара Кассапа».",
  "an1.218:1.1": "…среди монахов, которые достигли аналитических знаний, является Махакоттхита».",
  "an1.218:1.2": "Глава Третья."
}