{
  "an1.333:0.1": "Восходящие Наставления 1.333-377",
  "an1.333:0.2": "Глава Четвёртая",
  "an1.333:1.0": "1",
  "an1.333:1.1": "«Монахи, подобно тому, как на этом [континенте] Джамбудипы мало прекрасных парков, рощ, ландшафтов, лотосовых прудов, ",
  "an1.333:1.2": "но куда больше склонов и холмов, рек, которые трудно пересечь, мест с колючками и пнями, труднопроходимых гор, ",
  "an1.333:1.3": "то точно также мало тех существ, которые рождаются на суше. Куда больше тех существ, которые рождаются в воде».",
  "an1.334:1.0": "2",
  "an1.334:1.1": "«…мало тех существ, которые перерождаются среди людей. ",
  "an1.334:1.2": "Куда больше тех существ, которые переродились где-либо ещё помимо [мира] людей». ",
  "an1.335:1.0": "3",
  "an1.335:1.1": "«…мало тех существ, которые перерождаются в срединных областях [Индии]. ",
  "an1.335:1.2": "Куда больше тех, которые переродились во внешних областях среди грубых чужеземцев». ",
  "an1.336:1.0": "4",
  "an1.336:1.1": "«…мало тех существ, которые мудры, умны, проницательны, способны понять значение того, что было хорошо сказано и плохо сказано. ",
  "an1.336:1.2": "Куда больше тех, кто немудр, глуп, туп, неспособен понять значение того, что было хорошо сказано и плохо сказано». ",
  "an1.337:1.0": "5",
  "an1.337:1.1": "«…мало тех существ, которые наделены благородным оком мудрости. ",
  "an1.337:1.2": "Куда больше тех существ, которые сбиты с толку и погружены в невежество». ",
  "an1.338:1.0": "6",
  "an1.338:1.1": "«…мало тех существ, которым удаётся увидеть Татхагату. ",
  "an1.338:1.2": "Куда больше тех существ, которым не удаётся увидеть его». ",
  "an1.339:1.0": "7",
  "an1.339:1.1": "«…мало тех существ, которым удаётся услышать Дхамму и Винаю, которые были провозглашены Татхагатой. ",
  "an1.339:1.2": "Куда больше тех, которым не удаётся услышать этого». ",
  "an1.340:1.0": "8",
  "an1.340:1.1": "«…мало тех существ, которые, услышав Дхамму, удерживают её в уме. ",
  "an1.340:1.2": "Куда больше тех, которые, услышав Дхамму, не удерживают её в уме». ",
  "an1.341:1.0": "9",
  "an1.341:1.1": "«…мало тех существ, которые изучают смысл учений, которые удержали в уме. ",
  "an1.341:1.2": "Куда больше тех, которые не изучают…» ",
  "an1.342:1.0": "10",
  "an1.342:1.1": "«…мало тех существ, которые понимают смысл и Дхамму, а затем практикуют в соответствии с Дхаммой. ",
  "an1.342:1.2": "Куда больше тех, которые не понимают смысл и Дхамму и не практикуют в соответствии с Дхаммой». ",
  "an1.343:1.0": "11",
  "an1.343:1.1": "«…мало тех существ, которые обретают чувство безотлагательности в отношении тех вещей, которые вызывают ощущение безотлагательности [практиковать]. ",
  "an1.343:1.2": "Куда больше тех, которые не обретают…» ",
  "an1.344:1.0": "12",
  "an1.344:1.1": "«…мало тех существ, которые, воодушевлённые чувством безотлагательности, стараются [практиковать] тщательно. ",
  "an1.344:1.2": "Куда больше тех, которые, воодушевлённые чувством безотлагательности, не стараются тщательно». ",
  "an1.345:1.0": "13",
  "an1.345:1.1": "«…мало тех существ, которые обретают сосредоточение, однонаправленность ума, основанную на оставлении. ",
  "an1.345:1.2": "Куда больше тех, которые не обретают…» ",
  "an1.346:1.0": "14",
  "an1.346:1.1": "«…мало тех существ, которые обретают уточнённый вкус изысканной еды. ",
  "an1.346:1.2": "Куда больше тех, которые не обретают такой еды, но живут на объедках, носимых в чаше». ",
  "an1.347:1.0": "15",
  "an1.347:1.1": "«…мало тех существ, которые обретают вкус значения, вкус Дхаммы, вкус освобождения. ",
  "an1.347:1.2": "Но куда больше тех, которые не обретают вкуса значения, вкуса Дхаммы, вкуса освобождения. ",
  "an1.347:1.3": "Поэтому монахи, вот как вы должны тренировать себя: ",
  "an1.347:1.4": "«Мы будем обретать вкус значения, вкус Дхаммы, вкус освобождения». ",
  "an1.347:1.5": "Вот как вы должны тренировать себя». ",
  "an1.348-350:1.0": "16-18",
  "an1.348-350:1.1": "",
  "an1.348-350:1.2": "",
  "an1.348-350:1.3": "«…мало тех существ, которые после смерти человеком перерождаются среди людей… Но куда больше тех, которые после смерти человеком перерождаются в аду… в мире животных… в мире духов…»",
  "an1.351-353:1.0": "19-21",
  "an1.351-353:1.1": "«…мало тех существ, которые после смерти человеком перерождаются среди божеств… ",
  "an1.351-353:1.2": "Но куда больше тех, которые после смерти человеком перерождаются в аду… в мире животных… в мире духов…»",
  "an1.354-356:1.0": "22-24",
  "an1.354-356:1.1": "«…мало тех существ, которые после смерти божеством перерождаются среди божеств… ",
  "an1.354-356:1.2": "Но куда больше тех, которые после смерти божеством перерождаются в аду… в мире животных… в мире духов…»",
  "an1.357-359:1.0": "25-27",
  "an1.357-359:1.1": "«…мало тех существ, которые после смерти божеством перерождаются среди людей… ",
  "an1.357-359:1.2": "Но куда больше тех, которые после смерти божеством перерождаются в аду… в мире животных… в мире духов…»",
  "an1.360-362:1.0": "28-30",
  "an1.360-362:1.1": "«…мало тех существ, которые после смерти в аду перерождаются среди людей… ",
  "an1.360-362:1.2": "Но куда больше тех, которые после смерти в аду перерождаются в аду… в мире животных… в мире духов…»",
  "an1.363-365:1.0": "31-33",
  "an1.363-365:1.1": "«…мало тех существ, которые после смерти в аду перерождаются среди божеств… ",
  "an1.363-365:1.2": "Но куда больше тех, которые после смерти в аду перерождаются в аду… в мире животных… в мире духов…»",
  "an1.366-368:1.0": "34-36",
  "an1.366-368:1.1": "«…мало тех существ, которые после смерти в мире животных перерождаются среди людей… ",
  "an1.366-368:1.2": "Но куда больше тех, которые после смерти в мире животных перерождаются в аду… в мире животных… в мире духов…»",
  "an1.369-371:1.0": "37-39",
  "an1.369-371:1.1": "«…мало тех существ, которые после смерти в мире животных перерождаются среди божеств… ",
  "an1.369-371:1.2": "Но куда больше тех, которые после смерти в мире животных перерождаются в аду… в мире животных… в мире духов…»",
  "an1.372-374:1.0": "40-42",
  "an1.372-374:1.1": "«…мало тех существ, которые после смерти в мире духов перерождаются среди людей… ",
  "an1.372-374:1.2": "Но куда больше тех, которые после смерти в мире духов перерождаются в аду… в мире животных… в мире духов…»",
  "an1.375-377:1.0": "43-45",
  "an1.375-377:1.1": "«…мало тех существ, которые после смерти в мире духов перерождаются среди божеств… ",
  "an1.375-377:1.2": "Но куда больше тех, которые после смерти в мире духов перерождаются в аду… в мире животных… в мире духов…»",
  "an1.375-377:1.3": "Глава Четвёртая.",
  "an1.375-377:1.4": "(Сокращение Джамбудипа закончено.)"
}