{
  "an1.316:0.1": "Восходящие Наставления 1.316-332",
  "an1.316:0.2": "Глава Третья",
  "an1.316:1.0": "1",
  "an1.316:1.1": "«Монахи, есть один человек, который возникает в мире ради вреда многих людей, ради несчастья многих людей, ради погибели, вреда и несчастья многих божеств и людей. ",
  "an1.316:1.2": "Кто этот один человек? ",
  "an1.316:1.3": "Этот тот, кто придерживается неправильного воззрения и имеет неправильную точку зрения. ",
  "an1.316:1.4": "Он уводит многих людей от благой Дхаммы и утверждает их в плохой Дхамме. ",
  "an1.316:1.5": "Таков этот человек, который возникает в мире ради вреда многих людей, ради несчастья многих людей, ради погибели, вреда и несчастья многих божеств и людей».",
  "an1.317:1.0": "2",
  "an1.317:1.1": "«Монахи, есть один человек, который возникает в мире ради благополучия многих людей, ради счастья многих людей, ради блага, благополучия и счастья многих божеств и людей. ",
  "an1.317:1.2": "Кто этот один человек? ",
  "an1.317:1.3": "Этот тот, кто придерживается правильного воззрения и имеет правильную точку зрения. ",
  "an1.317:1.4": "Он уводит многих людей от плохой Дхаммы и утверждает их в благой Дхамме. ",
  "an1.317:1.5": "Таков этот человек, который возникает в мире ради благополучия многих людей, ради счастья многих людей, ради блага, благополучия и счастья многих божеств и людей».",
  "an1.318:1.0": "3",
  "an1.318:1.1": "«Монахи, я не вижу ни одной настолько порицаемой вещи как неправильные воззрения. ",
  "an1.318:1.2": "Неправильные воззрения наихудшая среди вещей, достойных порицания»",
  "an1.319:1.0": "4",
  "an1.319:1.1": "«Монахи, я не вижу ни одной личности, которая настолько бы действовала ради вреда многих людей, ради несчастья многих людей, ради погибели, вреда и страдания многих людей и божеств, как [этот] пустоголовый Маккхали. ",
  "an1.319:1.2": "Подобно ловушке, поставленной в устье реки, которая приносит вред, страдание, беду и несчастье многочисленным рыбам,",
  "an1.319:1.3": "точно также пустоголовый Маккхали подобен «ловушке для людей», которая возникла в мире ради вреда, страдания, беды и несчастья многочисленных существ». ",
  "an1.320:1.0": "5",
  "an1.320:1.1": "«Монахи, тот, кто поддерживает [других] в плохо разъяснённой Дхамме и Винае, и тот, кого он поддерживает, и тот, кто будучи поддерживаемым так, практикует в соответствии с этим все они порождают множество неблагих заслуг. ",
  "an1.320:1.2": "И почему? ",
  "an1.320:1.3": "Потому что Дхамма плохо разъяснена».",
  "an1.321:1.0": "6",
  "an1.321:1.1": "«Монахи, тот, кто поддерживает [других] в хорошо разъяснённой Дхамме и Винае, и тот, кого он поддерживает, и тот, кто будучи поддерживаемым так, практикует в соответствии с этим все они порождают множество благих заслуг. ",
  "an1.321:1.2": "И почему? ",
  "an1.321:1.3": "Потому что Дхамма хорошо разъяснена».",
  "an1.322:1.0": "7",
  "an1.322:1.1": "«Монахи, в плохо разъяснённой Дхамме и Винае умеренность следует знать дающему [дар], а не получающему. ",
  "an1.322:1.2": "И почему? ",
  "an1.322:1.3": "Потому что Дхамма плохо разъяснена» ",
  "an1.323:1.0": "8",
  "an1.323:1.1": "«Монахи, в хорошо разъяснённой Дхамме и Винае умеренность следует знать получающему [дар], а не дающему. ",
  "an1.323:1.2": "И почему? ",
  "an1.323:1.3": "Потому что Дхамма хорошо разъяснена». ",
  "an1.324:1.0": "9",
  "an1.324:1.1": "«Монахи, любой человек, который зарождает усердие в плохо разъяснённой Дхамме и Винае, пребывает в страдании. ",
  "an1.324:1.2": "И почему? ",
  "an1.324:1.3": "Потому что Дхамма плохо разъяснена».",
  "an1.325:1.0": "10",
  "an1.325:1.1": "«Монахи, любой человек, который ленив в хорошо разъяснённой Дхамме и Винае, пребывает в страдании. ",
  "an1.325:1.2": "И почему? ",
  "an1.325:1.3": "Потому что Дхамма хорошо разъяснена».",
  "an1.326:1.0": "11",
  "an1.326:1.1": "«Монахи, любой человек, который ленив в плохо разъяснённой Дхамме и Винае, пребывает в счастье. ",
  "an1.326:1.2": "И почему? ",
  "an1.326:1.3": "Потому что Дхамма плохо разъяснена».",
  "an1.327:1.0": "12",
  "an1.327:1.1": "«Монахи, любой человек, который зарождает усердие в хорошо разъяснённой Дхамме и Винае, пребывает в счастье. ",
  "an1.327:1.2": "И почему? ",
  "an1.327:1.3": "Потому что Дхамма хорошо разъяснена».",
  "an1.328:1.0": "13",
  "an1.328:1.1": "«Монахи, подобно тому, как даже мельчайшая частица экскрементов является зловонной,",
  "an1.328:1.2": "точно также, я не восхваляю даже мельчайшей частицы существования, [даже] которое [длится] лишь [то время, за которое] можно щёлкнуть пальцами».",
  "an1.329:1.0": "14",
  "an1.329:1.1": "даже мельчайшая частица мочи является зловонной… даже мельчайшая частица слюны является зловонной… даже мельчайшая частица гноя является зловонной… даже мельчайшая частица крови является зловонной…",
  "an1.329:1.2": "точно также, я не восхваляю даже мельчайшей частицы существования, [даже] которое [длится] лишь [то время, за которое] можно щёлкнуть пальцами».",
  "an1.329:1.3": "Глава Третья."
}