{
  "an7.33:0.1": "Восходящие Наставления 7.33",
  "an7.33:0.2": "Глава Девата",
  "an7.33:0.3": "Сутта Стыд",
  "an7.33:1.1": "«Прошлой ночью, монахи, когда наступила глубокая ночь, некий дэва, [обладающий] поразительной красотой, освещая всю рощу Джеты, подошёл ко мне, поклонился, встал рядом, и сказал мне:",
  "an7.33:1.2": "«Господин, есть эти семь качеств, что ведут к не-упадку монаха.",
  "an7.33:1.3": "Какие семь?",
  "an7.33:1.4": "Уважение к Учителю, уважение к Дхамме, уважение к Сангхе, уважение к практике, уважение к сосредоточению, уважение к чувству стыда, уважение к боязни совершить проступок.",
  "an7.33:1.5": "",
  "an7.33:1.6": "",
  "an7.33:1.7": "",
  "an7.33:2.1": "«Он уважителен к Учителю, И Дхамму уважает он,",
  "an7.33:2.2": "И глубоко [монахов] Сангху чтит.",
  "an7.33:2.3": "Старательный, он ценит сосредоточение,",
  "an7.33:2.4": "И уважение глубокое имеет к тренировке,",
  "an7.33:3.1": "Он наделён стыдом, боязнью совершить проступок,",
  "an7.33:3.2": "Выказывает он почтение и выражает уважение:",
  "an7.33:3.3": "Такой монах не сможет больше пасть,",
  "an7.33:3.4": "Так как к ниббане близок он».",
  "an7.33:3.5": "Вторая."
}