{
  "an7.59:0.1": "Восходящие Наставления 7.59",
  "an7.59:0.2": "Глава Абьяката",
  "an7.59:0.3": "Сутта Кимбила",
  "an7.59:1.1": "Так я слышал.",
  "an7.59:1.2": "Однажды Благословенный пребывал в Кимбиле в никуловой роще.",
  "an7.59:1.3": "И тогда Достопочтенный Кимбила подошёл к Благословенному, поклонился ему, сел рядом и сказал:",
  "an7.59:1.4": "«Учитель, в чём условие и причина того, что благая Дхамма не продлится долго после того, как Татхагата достигнет окончательной ниббаны?»",
  "an7.59:2.1": "«Вот, Кимбила, после того, как Татхагата достиг окончательной ниббаны, монахи, монахини, миряне и мирянки пребывают без уважения и почтения к Учителю;… к Дхамме;… к Сангхе;… к практике;… к сосредоточению;… к прилежанию; они пребывают без уважения и почтения к гостеприимству.",
  "an7.59:2.2": "В этом условие и причина того, что благая Дхамма не продлится долго после того, как Татхагата достигнет окончательной ниббаны».",
  "an7.59:3.1": "«Учитель, в чём условие и причина того, что благая Дхамма продлится долго после того, как Татхагата достигнет окончательной ниббаны?»",
  "an7.59:3.2": "«Вот, Кимбила, после того, как Татхагата достиг окончательной ниббаны, монахи, монахини, миряне и мирянки пребывают c уважением и почтением к Учителю… гостеприимству.",
  "an7.59:3.3": "В этом условие и причина того, что благая Дхамма продлится долго после того, как Татхагата достигнет окончательной ниббаны».",
  "an7.59:3.4": "Шестая."
}