{
  "an7.616:0.1": "Восходящие Наставления 7.616",
  "an7.616:0.2": "Сокращение Страсть ",
  "an7.616:0.3": "",
  "an7.616:1.1": "Для познания страсти, монахи, семь явлений должны быть развиты. ",
  "an7.616:1.2": "Какие семь? ",
  "an7.616:1.3": "Сознавание ненадёжности, сознавание без-личности, сознавание  бес-прекрас, сознавание опасности, сознавание покидания, сознавание бесстрастия, сознавание истечения— ",
  "an7.616:1.4": "Для познания страсти, монахи, семь явлений должны быть развиты."
}