{
  "an7.645-1124:0.1": "Восходящие Наставления 7.645-1124",
  "an7.645-1124:0.2": "Сокращение Страсть ",
  "an7.645-1124:0.3": "",
  "an7.645-1124:1.1": "Для познания злобы, монахи… ",
  "an7.645-1124:1.2": "заблуждения… ",
  "an7.645-1124:1.3": "ворчания… ",
  "an7.645-1124:1.4": "жестокости… ",
  "an7.645-1124:1.5": "умаления… ",
  "an7.645-1124:1.6": "завистливого соперничества… ",
  "an7.645-1124:1.7": "ревности… ",
  "an7.645-1124:1.8": "жадности… ",
  "an7.645-1124:1.9": "притворства… ",
  "an7.645-1124:1.10": "хитрости… ",
  "an7.645-1124:1.11": "упрямства… ",
  "an7.645-1124:1.12": "агрессии… ",
  "an7.645-1124:1.13": "самомнения… ",
  "an7.645-1124:1.14": "завышенной самооценки… ",
  "an7.645-1124:1.15": "опьянения ",
  "an7.645-1124:1.16": "беспечности познания… ",
  "an7.645-1124:1.17": "полного понимания… ",
  "an7.645-1124:1.18": "исчерпывания… ",
  "an7.645-1124:1.19": "покидания… ",
  "an7.645-1124:1.20": "исчерпания… ",
  "an7.645-1124:1.21": "исчезновения… ",
  "an7.645-1124:1.22": "бесстрастия… ",
  "an7.645-1124:1.23": "истечения… ",
  "an7.645-1124:1.24": "отказа… ",
  "an7.645-1124:1.25": "отдаления  ",
  "an7.645-1124:1.26": "эти семь явлений должны быть развиты. ",
  "an7.645-1124:2.1": "Так сказал Благословенный . ",
  "an7.645-1124:2.2": "Удовлетворенные те монахи обрадовались речи Благословенного. ",
  "an7.645-1124:2.3": "Сокращение Страсть Закончено. ",
  "an7.645-1124:2.4": "Собрание Семёрок Закончено."
}