{
  "an7.615:0.1": "Восходящие Наставления 7.615",
  "an7.615:0.2": "Сокращение Страсть ",
  "an7.615:0.3": "",
  "an7.615:1.1": "Для познания страсти, монахи, семь явлений должны быть развиты. ",
  "an7.615:1.2": "Какие семь? ",
  "an7.615:1.3": "Аспект пробуждения вамятование…  ",
  "an7.615:1.4": "аспект пробуждения видение-как-есть… ",
  "an7.615:1.5": "Для познания страсти, монахи, семь явлений должны быть развиты."
}