{
  "an7.618-644:0.1": "Восходящие Наставления 7.618-644",
  "an7.618-644:0.2": "Сокращение Страсть ",
  "an7.618-644:0.3": "",
  "an7.618-644:1.1": "Для полного понимания страсти, монахи… ",
  "an7.618-644:1.2": "исчерпывания… ",
  "an7.618-644:1.3": "покидания… ",
  "an7.618-644:1.4": "исчерпания… ",
  "an7.618-644:1.5": "исчезновения… ",
  "an7.618-644:1.6": "бесстрастия… ",
  "an7.618-644:1.7": "истечения… ",
  "an7.618-644:1.8": "отказа… ",
  "an7.618-644:1.9": "отдаления от страсти, семь явлений должны быть развиты."
}