{
  "an7.617:0.1": "Восходящие Наставления 7.617",
  "an7.617:0.2": "Сокращение Страсть ",
  "an7.617:0.3": "",
  "an7.617:1.1": "Для познания страсти, монахи, семь явлений должны быть развиты. ",
  "an7.617:1.2": "Какие семь? ",
  "an7.617:1.3": "Сознавание бес-прекрас, сознавание смерти, в пище сознавание отстраняющего, ко всему свету сознавание невосхищения, сознавание ненадёжного, в ненадёжном сознавание болезненного, в болезненном сознавание без-личности— ",
  "an7.617:1.4": "Для познания страсти, монахи, семь явлений должны быть развиты."
}