{
  "sn16.1:0.1": "Саньютта Никая 16.1 ",
  "sn16.1:0.2": "1. Кассапа ",
  "sn16.1:0.3": "Довольствующийся ",
  "sn16.1:1.1": "В Саваттхи. ",
  "sn16.1:1.2": "[Благословенный сказал]: «Монахи, этот Кассапа довольствуется любым одеянием, он восхваляет довольствование любым одеянием ",
  "sn16.1:1.3": "и не пускается в неправильные поиски, в недолжное, ради одеяния. Если ему не удаётся заполучить одеяние, он не волнуется, А если заполучает, он использует его, будучи непривязанным к нему, не очаровываясь им, без слепой поглощённости в нём, видя опасность в нём и понимая спасение. ",
  "sn16.1:2.1": "Монахи, этот Кассапа довольствуется любой пищей, полученной как подаяние… ",
  "sn16.1:3.1": "Монахи, этот Кассапа довольствуется любым жилищем… ",
  "sn16.1:4.1": "Монахи, этот Кассапа довольствуется любыми лекарствами… ",
  "sn16.1:5.1": "Таким образом, монахи, вот как вы должны тренировать себя: «Мы будем довольствоваться любым одеянием, мы будем восхвалять довольствование любым одеянием и не будем пускаться в неправильные поиски, в недолжное, ради одеяния.  ",
  "sn16.1:5.2": "Если нам не удастся заполучить одеяние, мы не будем волноваться,  А если получим, то будем использовать его, будучи непривязанными к нему, не очаровываясь им, без слепой поглощённости в нём, видя опасность в нём и понимая спасение». ",
  "sn16.1:5.3": "(Все должно быть проговорено полностью таким же образом). ",
  "sn16.1:6.1": "«Мы будем довольствоваться любой пищей…  ",
  "sn16.1:6.2": "Мы будем довольствоваться любым жилищем…  ",
  "sn16.1:6.3": "Мы будем довольствоваться любыми лекарствами… любыми лекарствами… …видя опасность в них и понимая спасение».  ",
  "sn16.1:6.4": "Вот как вам следует тренировать себя. ",
  "sn16.1:6.5": "Монахи, я буду давать вам совет, приводя в пример Кассапу или такого [монаха], как Кассапа.  Получив совет, вам следует практиковать соответствующе». "
}