{
  "sn16.3:0.1": "Саньютта Никая 16.3 ",
  "sn16.3:0.2": "1. Кассапа ",
  "sn16.3:0.3": "Подобный луне ",
  "sn16.3:1.1": "В Саваттхи. ",
  "sn16.3:1.2": "[Благословенный сказал]: «Монахи, вам следует посещать семьи подобно луне –  ",
  "sn16.3:1.3": "сдерживая тело и ум, каждый раз действуя так, как если бы приходил впервые, без наглости в отношении семей.  ",
  "sn16.3:1.4": "Подобно тому, как если бы человек смотрел бы вниз в старый колодец или в пропасть или с крутого обрыва берега реки,  ",
  "sn16.3:1.5": "ссдерживая тело и ум,  ",
  "sn16.3:1.6": "точно также и вы должны посещать семьи: ",
  "sn16.3:1.7": "сдерживая тело и ум, каждый раз действуя так, как если бы приходил впервые, без наглости в отношении семей.  ",
  "sn16.3:2.1": "Монахи, Кассапа посещает семьи подобно луне –  ",
  "sn16.3:2.2": "сдерживая тело и ум, каждый раз действуя так, как если бы приходил впервые, без наглости в отношении семей.  ",
  "sn16.3:2.3": "Как вы думаете монахи? ",
  "sn16.3:2.4": "Как вы думаете, монахи, какой монах достоин того, чтобы посещать семьи?» ",
  "sn16.3:2.5": "«Уважаемый, наши учения укоренены в Благословенном, направляемы Благословенным, находят пристанище в Благословенном. Было бы хорошо, если бы Благословенный прояснил значение этих слов. Услышав это из его уст, монахи запомнят это». ",
  "sn16.3:3.1": "И тогда Благословенный провёл по воздуху рукой и сказал:  ",
  "sn16.3:3.2": "«Монахи, подобно тому, как эта рука не застревает в воздухе, не сдерживается им, не связывается им,  ",
  "sn16.3:3.3": "то точно также, когда монах посещает семьи, его ум не застревает, не сдерживается, не связывается в семьях, а думает так:  ",
  "sn16.3:3.4": "«Пусть те, кто желают обретений, получат обретения! Пусть те, кто желают заслуг, совершат заслуги!».  ",
  "sn16.3:3.5": "[Подобным образом] он воодушевлён и счастлив в отношении обретений других, как и в отношении обретений собственных.  ",
  "sn16.3:3.6": "Такой монах достоин того, чтобы посещать семьи. ",
  "sn16.3:4.1": "Монахи, когда Кассапа посещает семьи, его ум не застревает, не сдерживается, не связывается в семьях, а думает так:  ",
  "sn16.3:4.2": "«Пусть те, кто желают обретений, получат обретения! Пусть те, кто желают заслуг, совершат заслуги!».  ",
  "sn16.3:4.3": "[Подобным образом] он воодушевлён и счастлив в отношении обретений других, как и в отношении обретений собственных. ",
  "sn16.3:4.4": "",
  "sn16.3:5.1": "Как вы думаете монахи? ",
  "sn16.3:5.2": "В каком случае обучение монахом Дхамме является нечистым, и в каком случае обучение им Дхамме является чистым?» ",
  "sn16.3:5.3": "«Уважаемый, наши учения укоренены в Благословенном, направляемы Благословенным, находят пристанище в Благословенном. Было бы хорошо, если бы Благословенный прояснил значение этих слов. Услышав это из его уст, монахи запомнят это». ",
  "sn16.3:5.4": "«Тогда, монахи, слушайте внимательно то, о чём я буду говорить». ",
  "sn16.3:5.5": "«Да, Учитель», – отвечали они. ",
  "sn16.3:5.6": "Благословенный сказал следующее: ",
  "sn16.3:6.1": "«Вот монах обучает Дхамме других с мыслью:  ",
  "sn16.3:6.2": "«О! Пусть они услышат от меня Дхамму! Услышав, пусть они обретут доверие к Дхамме! Обладая доверием, пусть они смогут выразить своё доверие мне!».  ",
  "sn16.3:6.3": "Вот каким образом обучение монахом Дхамме является нечистым. ",
  "sn16.3:7.1": "Но бывает, когда монах обучает Дхамме других с [иной] мыслью:  ",
  "sn16.3:7.2": "«Дхамма превосходно разъяснена Благословенным, видимая здесь и сейчас, не зависящая от времени, приглашающая пойти и увидеть, ведущая к цели, познаваемая мудрыми самостоятельно.  ",
  "sn16.3:7.3": "«О! Пусть они услышат от меня Дхамму! Услышав, пусть они поймут Дхамму! Поняв, пусть они практикуют соответствующе!».  ",
  "sn16.3:7.4": "Так он обучает Дхамме других из-за присущего Дхамме совершенства. Он обучает Дхамме других из сострадания и сочувствия, с благосклонным намерением.  ",
  "sn16.3:7.5": "Вот каким образом обучение монахом Дхамме является чистым. ",
  "sn16.3:8.1": "Монахи, Кассапа обучает других Дхамме с мыслью:  ",
  "sn16.3:8.2": "«Дхамма превосходно разъяснена Благословенным, видимая здесь и сейчас, не зависящая от времени, приглашающая пойти и увидеть, ведущая к цели, познаваемая мудрыми самостоятельно.  ",
  "sn16.3:8.3": "«О! Пусть они услышат от меня Дхамму! Услышав, пусть они поймут Дхамму! Поняв, пусть они практикуют соответствующе!».  ",
  "sn16.3:8.4": "Он обучает Дхамме других из-за присущего Дхамме совершенства. Он обучает Дхамме других из сострадания и сочувствия, с благосклонным намерением. ",
  "sn16.3:8.5": "Монахи, я буду давать вам совет, приводя в пример Кассапу или такого [монаха], как Кассапа.  Получив совет, вам следует практиковать соответствующе». "
}