{
  "an1.1:0.1": "Ангуттара Никая 1.1–10 ",
  "an1.1:0.2": "I. Овладение умом. ",
  "an1.1:1.0": "1 ",
  "an1.1:1.1": "Так я слышал. ",
  "an1.1:1.2": "Однажды Благословенный пребывал в Саваттхи в роще Джеты в монастыре Анатхапиндики. ",
  "an1.1:1.3": "Там Благословенный обратился к монахам: ",
  "an1.1:1.4": "«Монахи!»",
  "an1.1:1.5": "«Учитель!» – ответили те монахи. ",
  "an1.1:1.6": "Благословенный сказал: ",
  "an1.1:2.1": "«Монахи, я не вижу ни одной другой формы, которая бы так овладевала умом мужчины, как форма женщины. ",
  "an1.1:2.2": "Форма женщины овладевает умом мужчины». ",
  "an1.2:1.0": "2 ",
  "an1.2:1.1": "«Монахи, я не вижу ни одного другого звука, который бы так овладевал умом мужчины, как звук женщины. ",
  "an1.2:1.2": "Звук женщины овладевает умом мужчины». ",
  "an1.3:1.0": "3 ",
  "an1.3:1.1": "«Монахи, я не вижу ни одного другого запаха, который бы так овладевал умом мужчины, как запах женщины. ",
  "an1.3:1.2": "Запах женщины овладевает умом мужчины». ",
  "an1.4:1.0": "4 ",
  "an1.4:1.1": "«Монахи, я не вижу ни одного другого вкуса, который бы так овладевал умом мужчины, как вкус женщины. ",
  "an1.4:1.2": "Вкус женщины овладевает умом мужчины». ",
  "an1.5:1.0": "5 ",
  "an1.5:1.1": "«Монахи, я не вижу ни одного другого прикосновения, которое бы так овладевало умом мужчины, как прикосновение женщины. ",
  "an1.5:1.2": "Прикосновение женщины овладевает умом мужчины». ",
  "an1.6:1.0": "6 ",
  "an1.6:1.1": "«Монахи, я не вижу ни одной другой формы, которая бы так овладевала умом женщины, как форма мужчины. ",
  "an1.6:1.2": "Форма мужчины овладевает умом женщины». ",
  "an1.7:1.0": "7 ",
  "an1.7:1.1": "«Монахи, я не вижу ни одного другого звука, который бы так овладевал умом женщины, как звук мужчины. ",
  "an1.7:1.2": "Звук мужчины овладевает умом женщины». ",
  "an1.8:1.0": "8 ",
  "an1.8:1.1": "«Монахи, я не вижу ни одного другого запаха, который бы так овладевал умом женщины, как запах мужчины. ",
  "an1.8:1.2": "Запах мужчины овладевает умом женщины». ",
  "an1.9:1.0": "9 ",
  "an1.9:1.1": "«Монахи, я не вижу ни одного другого вкуса, который бы так овладевал умом женщины, как вкус мужчины. ",
  "an1.9:1.2": "Вкус мужчины овладевает умом женщины». ",
  "an1.10:1.0": "10 ",
  "an1.10:1.1": "Монахи, я не вижу ни одного другого прикосновения, которое бы так овладевало умом женщины, как прикосновение мужчины. ",
  "an1.10:1.2": "Прикосновение мужчины овладевает умом женщины». "
}