{
  "an1.258:0.1": "Восходящие Наставления 1.258-267",
  "an1.258:0.2": "Глава Седьмая",
  "an1.258:1.1": "«Монахи, самой выдающейся моей ученицей среди мирянок, которые первыми приняли прибежище, является Суджата, дочь Сенани.",
  "an1.259:1.1": "…среди мирянок, которые являются жертвователями, является Висакха Мигарамата».",
  "an1.260:1.1": "…среди мирянок, которые учёные, является Кхудджуттара».",
  "an1.261:1.1": "…среди мирянок, которые пребывают в доброжелательности, является Самавати».",
  "an1.262:1.1": "…среди мирянок, которые медитируют, является Уттара Нандамата».",
  "an1.263:1.1": "…среди мирянок, которые дают превосходные [вещи], является Суппаваса, дочь Колиев».",
  "an1.264:1.1": "…среди мирянок, которые ухаживают за больными, является мирянка Суппия».",
  "an1.265:1.1": "…среди мирянок, которые обладают непоколебимым доверием, является Катияни».",
  "an1.266:1.1": "…среди мирянок, которые являются близкими друзьями, является домохозяйка Накуламата».",
  "an1.267:1.1": "…среди мирянок, чьё доверие основано на слухах, является мирянка Кали из Курарагхары».",
  "an1.267:1.2": "Глава Седьмая.",
  "an1.267:1.3": "(Глава Этот главный окончена.)"
}