{
  "sn38.12:0.1": "Связанные Наставления 4.4.1.12",
  "sn38.12:0.2": "Глава Джамбукхадака",
  "sn38.12:0.3": "Сутта Вопрос о Поддавании",
  "sn38.12:1.1": "“Поддавание, поддавание”, товарищ Сарипутта, говорят. ",
  "sn38.12:1.2": "Что такое, товарищ, поддавание?",
  "sn38.12:1.3": "“Эти четыре, товарищ, поддавания—",
  "sn38.12:1.4": "поддавание желания, поддавание взгляда, поддавание поведения и обещаний, поддавание само-утверждения —",
  "sn38.12:1.5": "эти, товарищ, четыре поддавания.”",
  "sn38.12:1.6": "“Но есть ли, товарищ, путь, есть ли практика отбрасывания этих поддаваний?”",
  "sn38.12:1.7": "“Есть, товарищ, путь, есть практика отбрасывания этих поддаваний.”",
  "sn38.12:1.8": "“И каков же, товарищ, путь, какова практика отбрасывания этих поддаваний?”",
  "sn38.12:1.9": "“Это именно этот, товарищ, Благородный Восьмеричный Путь, для отбрасывания этих поддаваний, в частности — ",
  "sn38.12:1.10": "правильный взгляд… правильное объединение опыта. ",
  "sn38.12:1.11": "Это, товарищ, путь, это практика отбрасывания этих поддаваний.” ",
  "sn38.12:1.12": "“Отличный, товарищ, путь, отличная практика отбрасывания этих поддаваний. ",
  "sn38.12:1.13": "Стоит того, товарищ Сарипутта, чтобы приложить усилия.”",
  "sn38.12:1.14": "Двенадцатая."
}