{
  "sn38.11:0.1": "Связанные Наставления 4.4.1.11",
  "sn38.11:0.2": "Глава Джамбукхадака",
  "sn38.11:0.3": "Сутта Вопрос о Наводнении",
  "sn38.11:1.1": "“Наводнение, наводнение”, товарищ Сарипутта, говорят. ",
  "sn38.11:1.2": "Что такое, товарищ, наводнение?",
  "sn38.11:1.3": "“Эти четыре, товарищ, наводнения—",
  "sn38.11:1.4": "наводнение желания, наводнение случая, наводнение взгляда, наводнение незнания—",
  "sn38.11:1.5": "эти, товарищ, четыре наводнения.”",
  "sn38.11:1.6": "“Но есть ли, товарищ, путь, есть ли практика отбрасывания этих наводнений?”",
  "sn38.11:1.7": "“Есть, товарищ, путь, есть практика отбрасывания этих наводнений.”",
  "sn38.11:1.8": "“И каков же, товарищ, путь, какова практика отбрасывания этих наводнений?”",
  "sn38.11:1.9": "“Это именно этот, товарищ, Благородный Восьмеричный Путь, для отбрасывания этих наводнений, в частности — ",
  "sn38.11:1.10": "правильный взгляд… правильное объединение опыта. ",
  "sn38.11:1.11": "Это, товарищ, путь, это практика отбрасывания этих наводнений.” ",
  "sn38.11:1.12": "“Отличный, товарищ, путь, отличная практика отбрасывания этих наводнений. ",
  "sn38.11:1.13": "Стоит того, товарищ Сарипутта, чтобы приложить усилия.”",
  "sn38.11:1.14": "Одиннадцатая."
}