{
  "sn38.4:0.1": "Связанные Наставления 4.4.1.4 ",
  "sn38.4:0.2": "1. Джамбукхадакавагга ",
  "sn38.4:0.3": "Какова цель? ",
  "sn38.4:1.1": "“Какова цель, товарищ Сарипутта, вести святую жизнь по отшельнику Готаме?” ",
  "sn38.4:1.2": "“Для полного понимания боли, товарищ, вести святую жизнь по Благословенному.” ",
  "sn38.4:1.3": "“Но есть ли, товарищ, путь, есть ли практика полного понимания этой боли?” ",
  "sn38.4:1.4": "“Есть, товарищ, путь, есть практика полного понимания этой боли.” ",
  "sn38.4:1.5": "“И каков же, товарищ, путь, какова практика полного понимания этой боли?” ",
  "sn38.4:2.1": "“Это именно этот, товарищ, Благородный Восьмеричный Путь, для полного понимания этой боли, в частности —",
  "sn38.4:2.2": "правильный взгляд … правильная медитация. ",
  "sn38.4:2.3": "Это, товарищ, путь, это практика полного понимания этой боли.” ",
  "sn38.4:2.4": "“Отличный, товарищ, путь, отличная практика, полного понимания этой боли. ",
  "sn38.4:2.5": "Стоит того, товарищ Сарипутта, чтобы приложить усилия.” ",
  "sn38.4:2.6": "Четвертая. "
}