<screen>
<string>ca /и/</string>
<string>na /не/</string>
<string>ti /знак цитирования/</string>
<string>pe /знак повторения/</string>
<string>vā /или/</string>
<string>kho /же/</string>
<string>bhikkhu /монах/</string>
<string>hoti /является/</string>
<string>dhammo /учение/</string>
<string>so /он/</string>
</screen>
<screen>
<string>uppajjati /возникает/</string>
<string>paccayo /предпосылка/</string>
<string>tattha /там/</string>
<string>paṭicca /обусловленный/</string>
<string>taṃ /то/</string>
<string>dhammā /(умственные) качества/</string>
<string>te /те, они/</string>
<string>evaṃ /так/</string>
<string>pana /и вот, но/</string>
<string>tassa /его/</string>
</screen>
<screen>
<string>no /нас, нет/</string>
<string>ekaṃ /один/</string>
<string>tīṇi /три, трех/</string>
<string>tesaṃ /им, их/</string>
<string>me /мой, мне, мной/</string>
<string>bhagavā /Благословенный/</string>
<string>bhante /уважаемый, господин/</string>
<string>dve /два, две/</string>
<string>ayaṃ /вот этот/</string>
<string>atha /и тогда, а также/</string>
</screen>
<screen>
<string>hetu /причина/</string>
<string>nava /новый; девять/</string>
<string>atthi /есть/</string>
<string>yo /который/</string>
<string>āmantā /да, конечно/</string>
<string>cittaṃ /ум/</string>
<string>khandhā /совокупности/</string>
<string>rūpaṃ /тело, форма/</string>
<string>pañca /пять/</string>
<string>viharati /пребывает, живет/</string>
</screen>
<screen>
<string>āvuso /друг/</string>
<string>vuccati /называется/</string>
<string>idaṃ /это/</string>
<string>eva /именно/</string>
<string>āpatti /проступок/</string>
<string>ko /кто/</string>
<string>nāma /имя, название/</string>
<string>idha /здесь/</string>
<string>yattha /в том месте где/</string>
<string>yathā /подобно тому как/</string>
</screen>
<screen>
<string>siyā /если бы был/</string>
<string>saṅkhittaṃ /вкратце/</string>
<string>natthi /нет, не существует/</string>
<string>satta /существо; семь/</string>
<string>hi /ведь, однако, ибо/</string>
<string>mahārāja /великий царь, император/</string>
<string>tato /из-за того, что/</string>
<string>puggalo /личность/</string>
<string>vattabbe /которые следует сказать/</string>
<string>iti /так; знак цитирования/</string>
</screen>
<screen>
<string>āyasmā /досточтимый/</string>
<string>tayo /трое, трех/</string>
<string>nu /разве/</string>
<string>samaya /время, случай; собрание/</string>
<string>avoca /сказал/</string>
<string>ahaṃ /я/</string>
<string>kiṃ /что, какое/</string>
<string>tvaṃ /ты/</string>
<string>ekamantaṃ /сбоку/</string>
<string>vedanā /чувство/</string>
</screen>
<screen>
<string>dukkhaṃ /страдание/</string>
<string>samannāgato /одаренный, обладающий/</string>
<string>maṃ /меня/</string>
<string>jhānaṃ /джхана/</string>
<string>upasaṅkamitvā /подойдя/</string>
<string>cattāri /четыре/</string>
<string>katamo /какой (из), который/</string>
<string>kataṃ /сделанное/</string>
<string>kathaṃ /каким образом/</string>
<string>pajānāti /распознает/</string>
</screen>

<screen>
<string>loka /мир/</string>
<string>katvā /делая, сделав/</string>
<string>paraṃ /после, за, далее, выше/</string>
<string>seyyathā /подобно тому, как/</string>

<string>puna /снова, опять/</string>
<string>ñāṇaṃ /знание/</string>
<string>bho /уважаемый, господин/</string>
<string>yathābhūtaṃ /как есть/</string>
<string>cha /шесть/</string>
<string>kusalo /умелый; добродетель/</string>
</screen>
<screen>
<string>ārammaṇa /опора (сосредоточения)/</string>
<string>sabbe /все/</string>
<string>saṅgho /Община/</string>
<string>sace /если/</string>
<string>vata /увы/</string>
<string>sā /она/</string>
<string>ce /если/</string>
<string>paññā /мудрость/</string>
<string>evameva /точно так же/</string>
<string>paṭhamaṃ /первое/</string>
</screen>
<screen>
<string>viññāṇaṃ /сознание/</string>
<string>atthaṃ /смысл, польза/</string>
<string>upapajjanta /возникший/</string>
<string>mā /запретительная частица/</string>
<string>upasampajja /приняв на себя/</string>
<string>akusalā /неумелые/</string>
<string>gacchati /идет/</string>
<string>vigata /ушедший/</string>
<string>upanissaya /опора, поддержка/</string>
<string>kāya /тело (человека)/</string>
</screen>
<screen>
<string>dukkaṭa /дурное поведение/</string>
<string>saddhiṃ /вместе/</string>
<string>etad /это/</string>
<string>tathā /таким образом/</string>
<string>buddho /Будда, Пробудившийся/</string>
<string>jānāti /знает/</string>
<string>sukhaṃ /счастье/</string>
<string>sati /при наличии; памятование/</string>
<string>rājā /царь/</string>
<string>bhāveti /развивает/</string>
</screen>
<screen>
<string>mama /мой/</string>
<string>ahosi /был/</string>
<string>maraṇā /смерть/</string>
<string>tathāgato /достигший Таковости/</string>
<string>nirujjhati /прекращается/</string>
<string>karoti /делает/</string>
<string>vatthuṃ /место; основание/</string>
<string>puriso /мужчина, человек/</string>
<string>maggo /путь/</string>
<string>phalaṃ /плод/</string>
</screen>
<screen>
<string>dassana /видение, постижение/</string>
<string>mayaṃ /мы/</string>
<string>sabbaṃ /всё/</string>
<string>aññaṃ /иное/</string>
<string>bhavissati /будет/</string>
<string>passati /видит/</string>
<string>gahapati /домохозяин/</string>
<string>kammaṃ /камма, карма/</string>
<string>ajjhattaṃ /внутреннее/</string>
<string>tatra /там/</string>
</screen>
<screen>
<string>disvā /увидев/</string>
<string>ārabbha /начиная, начав/</string>
<string>cakkhu /глаз/</string>
<string>āyatanaṃ /сфера (восприятия)/</string>
<string>indriyaṃ /способность (восприятия)/</string>
<string>saccaṃ /истина/</string>
<string>tadā /тогда/</string>
<string>sammā /правильно; совершенно/</string>
<string>tasmā /поэтому/</string>
<string>abyākato /неопределенный/</string>
</screen>
<screen>
<string>āpajjati /подходит, впадает в/</string>
<string>saṅkhārā /процессы конструирования/</string>
</screen>
