{
  "an5.286:0.1": "Восходящие Наставления 5.286",
  "an5.286:0.2": "Сокращение Сиккхапада ",
  "an5.286:0.3": " Сутта Монах ",
  "an5.286:1.1": "«Монахи, обладая пятью качествами, монах перерождается в аду, как если бы его туда затянули силой. ",
  "an5.286:1.2": "Какими пятью? ",
  "an5.286:1.3": "Он уничтожает жизнь, берёт то, что не дано, не соблюдает целомудрия, лжёт, потакает [употреблению] вина, спиртного, одурманивающих веществ, что являются основой для беспечности. ",
  "an5.286:1.4": "Обладая этими пятью качествами, монах перерождается в аду, как если бы его туда затянули силой. ",
  "an5.286:2.1": "Монахи, обладая пятью качествами, монах перерождается в небесном мире, как если бы его туда затянули силой. ",
  "an5.286:2.2": "Какими пятью? ",
  "an5.286:2.3": "Он воздерживается от уничтожения жизни, от взятия того, что [ему] не было дано, от сексуальной активности, от лжи, от вина, спиртного, одурманивающих веществ, что являются основой для беспечности. ",
  "an5.286:2.4": "Обладая этими пятью качествами, монах перерождается в небесном мире, как если бы его туда затянули силой».",
  "an5.286:2.5": "Первая."
}