{
  "an5.241:0.1": "Восходящие Наставления 5.241",
  "an5.241:0.2": "Глава Дуччарита ",
  "an5.241:0.3": "Сутта Плохое Поведение Первая ",
  "an5.241:1.1": "«Монахи, есть эти пять опасностей неблагого поведения. ",
  "an5.241:1.2": "Какие пять? ",
  "an5.241:1.3": "Человек винит сам себя. ",
  "an5.241:1.4": "Мудрый человек, изучив его, порицает его. ",
  "an5.241:1.5": "Он обретает плохую репутацию. ",
  "an5.241:1.6": "Он умирает [со] спутанным [умом]. ",
  "an5.241:1.7": "После распада тела, после смерти, он перерождается в состоянии лишений, в плохом уделе, в нижних мирах, в аду. ",
  "an5.241:1.8": "Таковы пять опасностей неблагого поведения. ",
  "an5.241:2.1": "Монахи, есть эти пять благ благого поведения. ",
  "an5.241:2.2": "Какие пять? ",
  "an5.241:2.3": "Человек не винит сам себя. ",
  "an5.241:2.4": "Мудрый человек, изучив его, хвалит его. ",
  "an5.241:2.5": "Он обретает хорошую репутацию. ",
  "an5.241:2.6": "Он не умирает [со] спутанным [умом]. ",
  "an5.241:2.7": "После распада тела, после смерти, он перерождается в благом уделе, в небесном мире. ",
  "an5.241:2.8": "Таковы пять благ благого поведения».",
  "an5.241:2.9": "Первая."
}