{
  "an5.303:0.1": "Восходящие Наставления 5.303",
  "an5.303:0.2": "Сокращение Страсть",
  "an5.303:0.3": "",
  "an5.303:1.1": "Для познания страсти, монахи, пять явлений должны быть развиты.",
  "an5.303:1.2": "Какие пять?",
  "an5.303:1.3": "Сознавание бес-прекрас, сознавание смерти, сознавание опасности, в пище сознавание отстраняющего, ко всему свету сознавание не восхищения—",
  "an5.303:1.4": "для познания страсти, монахи, эти пять явлений должны быть развиты."
}