{
  "an5.304:0.1": "Восходящие Наставления 5.304",
  "an5.304:0.2": "Сокращение Страсть ",
  "an5.304:0.3": "",
  "an5.304:1.1": "Для познания страсти, монахи, пять явлений должны быть развиты. ",
  "an5.304:1.2": "Какие пять? ",
  "an5.304:1.3": "Сознавание ненадёжности, сознавание без-личности, сознавание смерти, в пище сознавание отстраняющего, ко всему свету сознавание не восхищения— ",
  "an5.304:1.4": "для познания страсти, монахи, эти пять явлений должны быть развиты."
}