{
  "an5.181:0.1": "Восходящие Наставления 5.181",
  "an5.181:0.2": "Глава Араннья ",
  "an5.181:0.3": "Сутта Проживающий в Лесу ",
  "an5.181:1.1": " «Монахи, есть пять видов тех, кто живёт в лесу. ",
  "an5.181:1.2": "Какие пять? ",
  "an5.181:1.3": "Некий человек начинает жить в лесу из-за глупости и тупости; некий человек начинает жить в лесу потому, что имеет порочные желания, из-за того, что он движим порочными желаниями; некий человек начинает жить в лесу потому, что он сумасшедший, душевнобольной; некий человек начинает жить в лесу потому, что это восхвалялось буддами и учениками будд; некий человек начинает жить в лесу ради малого количества желаний, ради довольствования [тем, что у него есть], ради уничтожения [пятен загрязнений ума], ради уединения, ради простоты [в жизни]. ",
  "an5.181:1.4": "Есть эти пять видов тех, кто живёт в лесу. ",
  "an5.181:1.5": "Тот, кто начинает жить в лесу ради малого количества желаний, ради довольствования… является высочайшим, наилучшим, превосходящим других, наивысшим, величайшим из этих пяти видов тех, кто живёт в лесу. ",
  "an5.181:2.1": "Подобно тому, как корова даёт молоко; из молока получаются сливки; из сливок – масло; из масла – топлёное масло; из топлёного масла – сливки топлёного масла, и это считается наилучшим, ",
  "an5.181:2.2": "точно также, тот, кто начинает жить в лесу ради малого количества желаний… величайшим из этих пяти видов тех, кто живёт в лесу».",
  "an5.181:2.3": "Первая."
}