{
  "an5.305:0.1": "Восходящие Наставления 5.305",
  "an5.305:0.2": "Сокращение Страсть ",
  "an5.305:0.3": "",
  "an5.305:1.1": "Для познания страсти, монахи, пять явлений должны быть развиты. ",
  "an5.305:1.2": "Какие пять? ",
  "an5.305:1.3": "Сознавание ненадёжности, в ненадёжном сознавание болезненности, в болезненном сознавание без-личности, сознавание покидания, сознавание бесстрастия— ",
  "an5.305:1.4": "для познания страсти, монахи, эти пять явлений должны быть развиты."
}