{
  "an5.5:0.1": "Восходящие Наставления 5.5",
  "an5.5:0.2": "Глава Секхабала",
  "an5.5:0.3": "Сутта Тренировка",
  "an5.5:1.1": "«Монахи, любые монахи или монахини, которые оставили [монашескую] тренировку и вернулись к низшей жизни [домохозяина], в этой самой жизни навлекают на себя пять уместных оснований для критики.",
  "an5.5:1.2": "Какие пять?",
  "an5.5:1.3": "«У тебя не было веры [в практике развития] благих качеств». «У тебя не было стыда [в практике развития] благих качеств». «У тебя не было боязни совершить проступок [в практике развития] благих качеств». «У тебя не было усердия [в практике развития] благих качеств». «У тебя не было мудрости [в практике развития] благих качеств».",
  "an5.5:1.4": "Любые монахи или монахини, которые оставили [монашескую] тренировку и вернулись к низшей жизни [домохозяина], в этой самой жизни навлекают на себя пять уместных оснований для критики.",
  "an5.5:2.1": "Монахи, любые монахи или монахини, которые живут полной и чистой святой жизнью, даже [испытывая при этом] боль и уныние, рыдая с лицом полным слёз, в этой самой жизни обретают пять уместных оснований для похвалы.",
  "an5.5:2.2": "Какие пять?",
  "an5.5:2.3": "«У тебя есть вера… чувство стыда… боязнь совершить проступок… усердие… мудрость [в практике развития] благих качеств».",
  "an5.5:2.4": "Любые монахи или монахини, которые живут полной и чистой святой жизнью, даже [испытывая при этом] боль и уныние, рыдая с лицом полным слёз, в этой самой жизни обретают пять уместных оснований для похвалы».",
  "an5.5:2.5": "Пятая."
}