{
  "an5.183:0.1": "Восходящие Наставления 5.183",
  "an5.183:0.2": "Глава Араннья ",
  "an5.183:0.3": "Сутта Проживающий у Кроней Дерева ",
  "an5.183:1.1": "«Монахи, есть пять видов тех, кто проживает у корней дерева. ",
  "an5.183:1.2": "Какие пять? ",
  "an5.183:1.3": "Бывает так, что некий человек начинает проживать у корней дерева из-за глупости и тупости… ради уединения, ради простоты [в жизни]. ",
  "an5.183:1.4": "Есть эти пять видов тех, кто проживает у корней дерева.",
  "an5.183:1.5": "Третья."
}