{
  "an5.3:0.1": "Восходящие Наставления 5.3",
  "an5.3:0.2": "Глава Секхабала",
  "an5.3:0.3": "Сутта Дискомфорот",
  "an5.3:1.1": "«Монахи, обладая пятью качествами, монах пребывает в дискомфорте в этой самой жизни – с беспокойством, унынием, взбудораженностью – и после распада тела, после смерти, можно ожидать, что [он попадёт] в плохой удел.",
  "an5.3:1.2": "Какими пятью?",
  "an5.3:1.3": "Вот монах лишён Веры, он бесстыден, не боится совершить проступок, ленив и немудр.",
  "an5.3:1.4": "Обладая этими пятью качествами, монах пребывает в дискомфорте… можно ожидать, что [он попадёт] в плохой удел.",
  "an5.3:2.1": "Монахи, обладая пятью качествами, монах пребывает в счастье в этой самой жизни – без беспокойства, уныния, взбудораженности – и после распада тела, после смерти, можно ожидать, что [он попадёт] в благой удел.",
  "an5.3:2.2": "Какими пятью?",
  "an5.3:2.3": "Вот монах наделён верой, у него есть чувство стыда, он боится совершить проступок, он усерден, и мудр.",
  "an5.3:2.4": "Обладая этими пятью качествами, монах пребывает в счастье… [он попадёт] в благой удел».",
  "an5.3:2.5": "Третья."
}