{
  "an5.244:0.1": "Восходящие Наставления 5.244",
  "an5.244:0.2": "Глава Дуччарита ",
  "an5.244:0.3": "Сутта Плохое Поведение Вторая ",
  "an5.244:1.1": "«Монахи, есть эти пять опасностей плохого мысленного поведения… пять благ хорошего мысленного поведения. ",
  "an5.244:1.2": "Какие пять? ",
  "an5.244:1.3": "Человек не винит сам себя. ",
  "an5.244:1.4": "Мудрый человек, изучив его, хвалит его. ",
  "an5.244:1.5": "Он обретает хорошую репутацию. ",
  "an5.244:1.6": "Он не умирает [со] спутанным [умом]. ",
  "an5.244:1.7": "После распада тела, после смерти, он перерождается в благом уделе, в небесном мире. ",
  "an5.244:1.8": "Таковы пять благ в хорошего мысленного поведения».",
  "an5.244:1.9": "Четвёртая."
}