{
  "an5.182:0.1": "Восходящие Наставления 5.182",
  "an5.182:0.2": "Глава Араннья ",
  "an5.182:0.3": "Сутта Чивара ",
  "an5.182:1.1": "«Монахи, есть пять видов тех, кто носит одежду из обносков. ",
  "an5.182:1.2": "Какие пять? ",
  "an5.182:1.3": "Некий человек начинает носить одежду из обносков из-за глупости и тупости; …ради уединения, ради простоты [в жизни]. ",
  "an5.182:1.4": "Есть эти пять видов тех, кто носит одежду из обносков».",
  "an5.182:1.5": "Вторая."
}