{
  "an5.217:0.1": "Восходящие Наставления 5.217",
  "an5.217:0.2": "Глава Аккосака ",
  "an5.217:0.3": "Сутта Не внушает доверия Первая ",
  "an5.217:1.1": "«Монахи, есть эти пять опасностей в поведении, которое не внушает доверия. ",
  "an5.217:1.2": "Какие пять? ",
  "an5.217:1.3": "Человек винит сам себя. ",
  "an5.217:1.4": "Мудрый человек, изучив его, порицает его. ",
  "an5.217:1.5": "Он обретает плохую репутацию. ",
  "an5.217:1.6": "Он умирает [со] спутанным [умом]. ",
  "an5.217:1.7": "После распада тела, после смерти, он перерождается в состоянии лишений, в плохом уделе, в нижних мирах, в аду. ",
  "an5.217:1.8": "Таковы пять опасностей в поведении, которое не внушает доверия. ",
  "an5.217:2.1": "Монахи, есть эти пять благ в поведении, которое внушает доверие. ",
  "an5.217:2.2": "Какие пять? ",
  "an5.217:2.3": "Человек не винит сам себя. ",
  "an5.217:2.4": "Мудрый человек, изучив его, хвалит его. ",
  "an5.217:2.5": "Он обретает хорошую репутацию. ",
  "an5.217:2.6": "Он не умирает [со] спутанным [умом]. ",
  "an5.217:2.7": "После распада тела, после смерти, он перерождается в благом уделе, в небесном мире. ",
  "an5.217:2.8": "Таковы пять благ в поведении, которое внушает доверие».",
  "an5.217:2.9": "Седьмая."
}