{
  "an5.306:0.1": "Восходящие Наставления 5.306",
  "an5.306:0.2": "Сокращение Страсть ",
  "an5.306:0.3": "",
  "an5.306:1.1": "Для познания страсти, монахи, пять явлений должны быть развиты. ",
  "an5.306:1.2": "Какие пять? ",
  "an5.306:1.3": "Индрия веры, индрия решимости, индрия памятования, индрия объединения опыта, индрия понимания. ",
  "an5.306:1.4": "для познания страсти, монахи, эти пять явлений должны быть развиты."
}