{
  "an5.1:0.1": "Восходящие Наставления 5.1",
  "an5.1:0.2": "Глава Секхабала",
  "an5.1:0.3": "Сутта Кратко",
  "an5.1:1.1": "Так я слышал.",
  "an5.1:1.2": "Однажды Благословенный пребывал в Саваттхи в роще Джеты в монастыре Анатхапиндики.",
  "an5.1:1.3": "Там Благословенный обратился к монахам:",
  "an5.1:1.4": "«Монахи!»",
  "an5.1:1.5": "«Учитель!» – отвечали те монахи.",
  "an5.1:1.6": "Благословенный сказал:",
  "an5.1:2.1": "«Монахи, существуют эти пять сил ученика.",
  "an5.1:2.2": "Какие пять?",
  "an5.1:2.3": "Сила веры, сила стыда, сила боязни совершить проступок, сила усердия, сила мудрости.",
  "an5.1:2.4": "Таковы пять сил ученика.",
  "an5.1:3.1": "Поэтому, монахи, вот как вы должны тренировать себя:",
  "an5.1:3.2": "«Мы будем обладать силой веры ученика, мы будем обладать силой стыда… боязни совершить проступок… усердия… силой мудрости ученика».",
  "an5.1:3.3": "Вот, монахи, как вы должны тренировать себя».",
  "an5.1:3.4": "Так сказал Благословенный.",
  "an5.1:3.5": "Довольные монахи обрадовались речи Благословенного.",
  "an5.1:3.6": "Первая."
}