{
  "an5.287-292:0.1": "Восходящие Наставления 5.287-292",
  "an5.287-292:0.2": "Сокращение Сиккхапада ",
  "an5.287-292:0.3": " Сутты начинающиеся с Монахини ",
  "an5.287-292:1.1": "«Монахи, обладая пятью качествами, монахиня… послушница на испытательном сроке… послушник… послушница… мирянин… мирянка перерождается в аду, как если бы его туда затянули силой. ",
  "an5.287-292:1.2": "Какими пятью? ",
  "an5.287-292:1.3": "Она уничтожает жизнь, берёт то, что не дано, совершает сексуальные проступки, лжёт, потакает [употреблению] вина, спиртного, одурманивающих веществ, что являются основой для беспечности. ",
  "an5.287-292:1.4": "Обладая этими пятью качествами, мирянка перерождается в аду, как если бы её туда затянули силой. ",
  "an5.287-292:2.1": "Монахи, обладая пятью качествами, мирянка перерождается в небесном мире, как если бы её туда затянули силой. ",
  "an5.287-292:2.2": "Какими пятью? ",
  "an5.287-292:2.3": "Она воздерживается от уничтожения жизни, от взятия того, что не было дано, от сексуальных проступков, от лжи, от вина, спиртного, одурманивающих веществ, что являются основой для беспечности. ",
  "an5.287-292:2.4": "Обладая этими пятью качествами, мирянка перерождается в небесном мире, как если бы её туда затянули силой».",
  "an5.287-292:2.5": "Седьмая."
}