{
  "an5.6:0.1": "Восходящие Наставления 5.6",
  "an5.6:0.2": "Глава Секхабала",
  "an5.6:0.3": "Сутта Вхождение",
  "an5.6:1.1": "«Монахи, Нет вхождения в неблагое, покуда надёжно утверждена вера [в практике развития] благих качеств.",
  "an5.6:1.2": "Но когда вера исчезла, и человека охватило отсутствие веры,",
  "an5.6:1.3": "то тогда имеется вхождение в неблагое.",
  "an5.6:2.1": "Нет вхождения в неблагое, покуда надёжно утверждено чувство стыда [в практике развития] благих качеств.",
  "an5.6:2.2": "Но когда чувство стыда исчезло, и человека охватило бесстыдство,",
  "an5.6:2.3": "то тогда имеется вхождение в неблагое.",
  "an5.6:3.1": "Нет вхождения в неблагое, покуда надёжно утверждена боязнь совершить проступок [в практике развития] благих качеств.",
  "an5.6:3.2": "Но когда боязнь совершить проступок исчезла, и человека охватила безбоязненность совершить проступок,",
  "an5.6:3.3": "то тогда имеется вхождение в неблагое.",
  "an5.6:4.1": "Нет вхождения в неблагое, покуда надёжно утверждено усердие [в практике развития] благих качеств.",
  "an5.6:4.2": "Но когда усердие исчезло, и человека охватила лень,",
  "an5.6:4.3": "то тогда имеется вхождение в неблагое.",
  "an5.6:5.1": "Нет вхождения в неблагое, покуда надёжно утверждена мудрость [в практике развития] благих качеств.",
  "an5.6:5.2": "Но когда мудрость исчезла, и человека охватило отсутствие мудрости,",
  "an5.6:5.3": "то тогда имеется вхождение в неблагое».",
  "an5.6:5.4": "Шестая."
}