{
  "an5.294-302:0.1": "Восходящие Наставления 5.294-302",
  "an5.294-302:0.2": "Сокращение Сиккхапада",
  "an5.294-302:0.3": "Сутты начинающиеся с Нигантха",
  "an5.294-302:1.1": "«Монахи, обладая пятью качествами, нигантха… последователь бритоголовых… отшельник со спутанными волосами… странник… магандика… тедандика… аруддхака… готамака… дэвадхаммика перерождается в аду, как если бы его туда затянули силой.",
  "an5.294-302:1.2": "Какими пятью?",
  "an5.294-302:1.3": "Он уничтожает жизнь, берёт то, что не дано, не соблюдает целомудрия, лжёт, потакает [употреблению] вина, спиртного, одурманивающих веществ, что являются основой для беспечности.",
  "an5.294-302:1.4": "Обладая этими пятью качествами, дэвадхаммика перерождается в аду, как если бы его туда затянули силой».",
  "an5.294-302:1.5": "Семнадцатая.",
  "an5.294-302:1.6": "Сокращение Сиккхапада Закончено."
}