{
  "an5.190:0.1": "Восходящие Наставления 5.190",
  "an5.190:0.2": "Глава Араннья",
  "an5.190:0.3": "Сутта Пропитание из Чаши",
  "an5.190:1.1": "«Монахи, есть пять видов тех, кто соблюдает практику поедания еды только из чаши.",
  "an5.190:1.2": "Какие пять?",
  "an5.190:1.3": "Бывает так, что некий человек соблюдает практику поедания еды только из чаши из-за глупости и тупости… потому, что имеет порочные желания, из-за того, что он движим порочными желаниями… потому, что он сумасшедший, душевнобольной… потому, что это восхвалялось буддами и учениками будд… ради малого количества желаний, ради довольствования [тем, что у него есть], ради уничтожения [пятен загрязнений ума], ради уединения, ради простоты [в жизни].",
  "an5.190:1.4": "Есть эти пять видов тех, кто соблюдает практику поедания еды только из чаши.",
  "an5.190:1.5": "Тот, кто кто соблюдает практику поедания еды только из чаши ради малого количества желаний, ради довольствования… является высочайшим, наилучшим, превосходящим других, наивысшим, величайшим из этих пяти видов тех, кто живёт в лесу.",
  "an5.190:2.1": "Подобно тому, как корова даёт молоко; из молока получаются сливки; из сливок – масло; из масла – топлёное масло; из топлёного масла – сливки топлёного масла, и это считается наилучшим,",
  "an5.190:2.2": "точно также, тот, кто начинает жить в лесу ради малого количества желаний… величайшим из этих пяти видов тех, кто живёт в лесу».",
  "an5.190:2.3": "Десятая.",
  "an5.190:2.4": "Глава Араннья Четвёртая.",
  "an5.190:3.0": "Оглавление",
  "an5.190:3.1": "",
  "an5.190:3.2": "",
  "an5.190:3.3": "",
  "an5.190:3.4": ""
}