{
  "an5.4:0.1": "Восходящие Наставления 5.4",
  "an5.4:0.2": "Глава Секхабала ",
  "an5.4:0.3": "Сутта Как если бы затянули силой ",
  "an5.4:1.1": "«Монахи, обладая пятью качествами, монах перерождается в аду, как если бы его туда затянули силой. ",
  "an5.4:1.2": "Какими пятью? ",
  "an5.4:1.3": "Вот монах лишён Веры, он бесстыден, не боится совершить проступок, ленив, и немудр. ",
  "an5.4:1.4": "Обладая этими пятью качествами, монах перерождается в аду, как если бы его туда затянули силой. ",
  "an5.4:2.1": "Монахи, обладая пятью качествами, монах перерождается в небесном мире, как если бы его туда затянули силой. ",
  "an5.4:2.2": "Какими пятью? ",
  "an5.4:2.3": "Вот монах наделён верой, у него есть чувство стыда, он боится совершить проступок, он усерден, и мудр. ",
  "an5.4:2.4": "Обладая этими пятью качествами, монах перерождается в небесном мире, как если бы его туда затянули силой».",
  "an5.4:2.5": "Четвёртая."
}