{
  "an5.245:0.1": "Восходящие Наставления 5.245",
  "an5.245:0.2": "Глава Дуччарита ",
  "an5.245:0.3": "Сутта Ещё о неблагом поведении ",
  "an5.245:1.1": "«Монахи, есть эти пять опасностей в неблагом поведении. ",
  "an5.245:1.2": "Какие пять? ",
  "an5.245:1.3": "Человек винит сам себя. ",
  "an5.245:1.4": "Мудрый человек, изучив его, порицает его. ",
  "an5.245:1.5": "Он обретает плохую репутацию. ",
  "an5.245:1.6": "Он отпадает от благой Дхаммы. ",
  "an5.245:1.7": "Он утверждается в плохой Дхамме. ",
  "an5.245:1.8": "Таковы пять опасностей в неблагом поведении. ",
  "an5.245:2.1": "Монахи, есть эти пять благ в хорошем поведении. ",
  "an5.245:2.2": "Какие пять? ",
  "an5.245:2.3": "Человек не винит сам себя. ",
  "an5.245:2.4": "Мудрый человек, изучив его, хвалит его. ",
  "an5.245:2.5": "Он обретает хорошую репутацию. ",
  "an5.245:2.6": "Он отпадает от плохой Дхаммы. ",
  "an5.245:2.7": "Он утверждается в благой Дхамме. ",
  "an5.245:2.8": "Таковы пять благ в хорошем поведении».",
  "an5.245:2.9": "Пятая."
}