{
  "an5.308-1152:0.1": "Восходящие Наставления 5.308-1152",
  "an5.308-1152:0.2": "Сокращение Страсть",
  "an5.308-1152:0.3": "",
  "an5.308-1152:1.1": "Для познания… полного понимания… исчерпывания… покидания… исчерпания… исчезновения… бесстрастия… истечения… отказа… отдаления страсти, монахи, пять явлений должны быть развиты.",
  "an5.308-1152:1.2": "Злобы… заблуждения… ворчания… жестокости… умаления… завистливого соперничества… ревности… жадности… притворства… хитрости… упрямства… агрессии… самомнения… завышенной самооценки… опьянения… беспечности познания… полного понимания… исчерпывания… покидания… исчерпания… исчезновения… бесстрастия… истечения… отказа… отдаления эти пять явлений должны быть развиты.",
  "an5.308-1152:2.1": "Какие пять?",
  "an5.308-1152:2.2": "Сила веры, сила решимости, сила памятования, сила объединения опыта, сила понимания.",
  "an5.308-1152:2.3": "для отдаления беспечности, монахи, эти пять явлений должны быть развиты.",
  "an5.308-1152:2.4": "Сокращение Страсть Закончено.",
  "an5.308-1152:3.0": "Оглавление",
  "an5.308-1152:3.1": "",
  "an5.308-1152:3.2": "",
  "an5.308-1152:3.3": "",
  "an5.308-1152:3.4": "",
  "an5.308-1152:3.5": "",
  "an5.308-1152:4.0": "",
  "an5.308-1152:4.1": "",
  "an5.308-1152:4.2": "",
  "an5.308-1152:4.3": "",
  "an5.308-1152:4.4": "",
  "an5.308-1152:4.5": "",
  "an5.308-1152:4.6": "",
  "an5.308-1152:4.7": "",
  "an5.308-1152:4.8": "",
  "an5.308-1152:4.9": "",
  "an5.308-1152:4.10": "",
  "an5.308-1152:4.11": "",
  "an5.308-1152:4.12": "",
  "an5.308-1152:4.13": ""
}