{
  "an5.175:0.1": "Восходящие Наставления 5.175",
  "an5.175:0.2": "Глава  Upāsaka",
  "an5.175:0.3": "Сутта Чандала ",
  "an5.175:1.1": "«Монахи, обладая пятью качествами, мирянин является чандалом мирянина, пятном мирянина, последним из мирян. ",
  "an5.175:1.2": "Какими пятью?",
  "an5.175:1.3": "Он лишён доверия.",
  "an5.175:1.4": "Он безнравственный.",
  "an5.175:1.5": "Он суеверный и верит в знамения, а не в действия.",
  "an5.175:1.6": "Он ищет достойного даров во вне.",
  "an5.175:1.7": "Он вначале совершает дела там.",
  "an5.175:1.8": "Обладая этими пятью качествами, мирянин является чандалом мирянина, пятном мирянина, последним из мирян.",
  "an5.175:2.1": "Монахи, обладая пятью качествами, мирянин является самоцветом мирянина, красным лотосом мирянина, белым лотосом мирянина. ",
  "an5.175:2.2": "Какими пятью? ",
  "an5.175:2.3": "Он наделён доверием, ",
  "an5.175:2.4": "он нравственный, ",
  "an5.175:2.5": "он не суеверный и верит в действия, а не в знамения, ",
  "an5.175:2.6": "он не ищет достойного даров во вне, ",
  "an5.175:2.7": "он вначале совершает дела здесь. ",
  "an5.175:2.8": "Обладая этими пятью качествами, мирянин является самоцветом мирянина, красным лотосом мирянина, белым лотосом мирянина».",
  "an5.175:2.9": "Пятая."
}