{
  "an5.293:0.1": "Восходящие Наставления 5.293",
  "an5.293:0.2": "Глава Сиккхапада ",
  "an5.293:0.3": "Сутта Адживака ",
  "an5.293:1.1": "«Монахи, обладая пятью качествами, адживака перерождается в аду, как если бы его туда затянули силой. ",
  "an5.293:1.2": "Какими пятью? ",
  "an5.293:1.3": "Он уничтожает жизнь, берёт то, что не дано, не соблюдает целомудрия, лжёт, потакает [употреблению] вина, спиртного, одурманивающих веществ, что являются основой для беспечности. ",
  "an5.293:1.4": "Обладая этими пятью качествами, адживака перерождается в аду, как если бы его туда затянули силой».",
  "an5.293:1.5": "Восьмая."
}