{
  "an5.184:0.1": "Восходящие Наставления 5.184",
  "an5.184:0.2": "Глава Араннья ",
  "an5.184:0.3": "Сутта Проживающий на Кладбище ",
  "an5.184:1.1": "«Монахи, есть пять видов тех, кто проживает на кладбище. ",
  "an5.184:1.2": "Какие пять? ",
  "an5.184:1.3": "Бывает так, что некий человек начинает проживать на кладбище из-за глупости и тупости… ради уединения, ради простоты [в жизни]. ",
  "an5.184:1.4": "Есть эти пять видов тех, кто проживает на кладбище.",
  "an5.184:1.5": "Четвёртая."
}