{
  "an5.307:0.1": "Восходящие Наставления 5.307",
  "an5.307:0.2": "Сокращение Страсть ",
  "an5.307:0.3": "",
  "an5.307:1.1": "Для познания страсти, монахи, пять явлений должны быть развиты. ",
  "an5.307:1.2": "Какие пять? ",
  "an5.307:1.3": "Сила веры, сила решимости, сила памятования, сила объединения опыта, сила понимания. ",
  "an5.307:1.4": "для познания страсти, монахи, эти пять явлений должны быть развиты."
}