{
  "an5.102:0.1": "Восходящие Наставления 5.102",
  "an5.102:0.2": "Глава Пхасувихара",
  "an5.102:0.3": "Сутта Заподозренный",
  "an5.102:1.1": "«Монахи, на пяти основаниях монаху не доверяют и подозревают его [в том, что он] «порочный монах», несмотря на то, что у него неколебимый характер. ",
  "an5.102:2.1": "Каких пяти? ",
  "an5.102:2.2": "Вот монах часто навещает проституток, вдов, незамужних женщин, евнухов, монахинь.",
  "an5.102:3.1": "На этих пяти основаниях монаху не доверяют и подозревают его [в том, что он] «порочный монах», несмотря на то, что у него неколебимый характер».",
  "an5.102:3.2": "Вторая."
}