{
 "an10.82:0.1": "Восходящие Наставления 10.82",
 "an10.82:0.2": "Глава Тхера",
 "an10.82:0.3": "Сутта Ананда",
 "an10.82:1.1": "И тогда Достопочтенный Ананда подошёл к Благословенному, поклонился ему и сел рядом. Благословенный сказал ему:",
 "an10.82:2.1": "«Не может быть такого, Ананда, чтобы Монах, не наделённый верой, достиг бы роста, совершенствования, зрелости в этой Дхамме и Винае.",
 "an10.82:3.1": "Не может быть такого, чтобы безнравственный монах…",
 "an10.82:4.1": "…монах, изучавший [Дхамму] мало…",
 "an10.82:5.1": "…монах, которого сложно исправить…",
 "an10.82:6.1": "…монах, у которого плохие друзья…",
 "an10.82:7.1": "…ленивый монах…",
 "an10.82:8.1": "…монах с замутнённым умом…",
 "an10.82:9.1": "…монах, который не довольствуется [тем, что у него есть]…",
 "an10.82:10.1": "монах с порочными желаниями…",
 "an10.82:11.1": "монах, имеющий ошибочный взгляд, достиг бы роста, совершенствования, зрелости в этой Дхамме и Винае.",
 "an10.82:12.1": "Не может быть такого, чтобы этот монах, наделённый этими десятью качествами, достиг бы роста, совершенствования, зрелости в этой Дхамме и Винае.",
 "an10.82:13.1": "Может быть так, Ананда, что монах, наделённый верой, достигнет роста, совершенствования, зрелости в этой Дхамме и Винае.",
 "an10.82:14.1": "Может быть так, что нравственный монах…",
 "an10.82:15.1": "учёный монах…",
 "an10.82:16.1": "монах, которого легко исправить…",
 "an10.82:17.1": "монах, у которого хорошие друзья…",
 "an10.82:18.1": "усердный монах…",
 "an10.82:19.1": "осознанный монах…",
 "an10.82:20.1": "довольствующийся монах…",
 "an10.82:21.1": "монах с малым количеством желаний…",
 "an10.82:22.1": "монах, имеющий правильный взгляд, достигнет роста, совершенствования, зрелости в этой Дхамме и Винае.",
 "an10.82:23.1": "Может быть так, что монах, наделённый этими десятью качествами, достигнет роста, совершенствования, зрелости в этой Дхамме и Винае».",
 "an10.82:23.2": "Вторая."
}