{
 "an10.215:0.1": "Восходящие Наставления 10.215",
 "an10.215:0.2": "Глава Караджакая",
 "an10.215:0.3": "Сутта Уверенность в себе",
 "an10.215:1.1": "«Монахи, обладая этими десятью качествами, мирянка пребывает дома, не будучи уверенной в себе.",
 "an10.215:1.2": "Какими десятью?",
 "an10.215:1.3": "Уничтожение жизни…",
 "an10.215:1.4": "взятие того, что не было дано…",
 "an10.215:1.5": "неблагое сексуальное поведение…",
 "an10.215:1.6": "ложь…",
 "an10.215:1.7": "сеющая распри речь…",
 "an10.215:1.8": "грубая речь…",
 "an10.215:1.9": "пустословие…",
 "an10.215:1.10": "алчность…",
 "an10.215:1.11": "недоброжелательность…",
 "an10.215:1.12": "ошибочный взгляд.",
 "an10.215:1.13": "Обладая этими десятью качествами, мирянка пребывает дома, не будучи уверенной в себе.",
 "an10.215:2.1": "Монахи, обладая этими десятью качествами, мирянка пребывает дома, будучи уверенной в себе.",
 "an10.215:2.2": "Какими десятью?",
 "an10.215:2.3": "Она воздерживается от уничтожения жизни…",
 "an10.215:2.4": "воздержание от взятия того, что не было дано…",
 "an10.215:2.5": "воздержание от неблагого сексуального поведения…",
 "an10.215:2.6": "воздержание от лжи…",
 "an10.215:2.7": "воздержание от сеющей распри речи…",
 "an10.215:2.8": "воздержание от грубой речи…",
 "an10.215:2.9": "воздержание от пустословия…",
 "an10.215:2.10": "не-алчность…",
 "an10.215:2.11": "не-недоброжелательность…",
 "an10.215:2.12": "имеет правильный взгляд.",
 "an10.215:2.13": "Обладая этими десятью качествами, мирянка пребывает дома, будучи уверенной в себе».",
 "an10.215:2.14": "Пятая."
}