{
 "an10.150:0.1": "Восходящие Наставления 10.150",
 "an10.150:0.2": "Глава Ария",
 "an10.150:0.3": "Сутта Нужно Ассоциироваться",
 "an10.150:1.1": "С которым нужно связываться, монахи, явление объясню и с которым не нужно связываться.",
 "an10.150:1.2": "Услышьте это…",
 "an10.150:1.3": "«И что такое, монахи, явление, с которым не нужно связываться?",
 "an10.150:1.4": "Ошибочный взгляд… ошибочное освбождение—",
 "an10.150:1.5": "об этом говорится, монахи, явление, с которым не нужно связываться.",
 "an10.150:1.6": "И что такое, монахи, явление, с которым нужно связываться?",
 "an10.150:1.7": "Правильный взгляд… правильное освобождение—",
 "an10.150:1.8": "об этом говорится, монахи, явление, с которым нужно связываться.",
 "an10.150:1.9": "Шестая."
}