{
 "an10.115:0.1": "Восходящие Наставления 10.115",
 "an10.115:0.2": "Глава Паччорахани",
 "an10.115:0.3": "Сутта Не-Дхамма Третья",
 "an10.115:1.1": "«Монахи, следует понимать, что такое не-Дхамма и [что такое] Дхамма,",
 "an10.115:1.2": "а также что такое вредное и [что такое] полезное.",
 "an10.115:1.3": "Поняв, что такое не-Дхамма и Дхамма, а также что такое вредное и полезное, следует практиковать в соответствии с Дхаммой и тем, что полезно».",
 "an10.115:1.4": "Так сказал Благословенный.",
 "an10.115:1.5": "И сказав так, Счастливый поднялся со своего сиденья и вошёл в свою хижину.",
 "an10.115:2.1": "И, вскоре после того, как Благословенный ушёл, монахи стали обсуждать:",
 "an10.115:2.2": "«Друзья, Благословенный научил этому краткому утверждению:",
 "an10.115:2.3": "«Монахи, следует понимать, что такое не-Дхамма…",
 "an10.115:2.4": "",
 "an10.115:2.5": "что полезно».",
 "an10.115:2.6": "Затем он поднялся со своего сиденья и ушёл в своё жилище, не дав детального разъяснения. Кто же сможет в подробностях разъяснить значение этого?»",
 "an10.115:3.1": "И затем мысль пришла к ним:",
 "an10.115:3.2": "«Достопочтенный Ананда восхваляем Учителем и почитаем его мудрыми товарищами-монахами.",
 "an10.115:3.3": "Он сможет детально разъяснить значение этого краткого утверждения.",
 "an10.115:3.4": "Что если мы отправимся к нему и спросим его о значении этого?",
 "an10.115:3.5": "Будем помнить то, как он объяснит это нам».",
 "an10.115:4.1": "И тогда те монахи отправились к Достопочтенному Ананде и обменялись с ним вежливыми приветствиями,",
 "an10.115:4.2": "после чего они сели рядом и сказали:",
 "an10.115:5.1": "«Друг Ананда, Благословенный научил этому краткому утверждению…",
 "an10.115:5.2": "",
 "an10.115:5.3": "",
 "an10.115:6.1": "Затем он поднялся со своего сиденья и ушёл в своё жилище, не дав детального разъяснения. И вскоре после того, как он ушёл, мы подумали:",
 "an10.115:6.2": "«Друзья, Благословенный научил этому краткому утверждению…",
 "an10.115:6.3": "",
 "an10.115:6.4": "",
 "an10.115:6.5": "",
 "an10.115:7.1": "",
 "an10.115:7.2": "Достопочтенный Ананда восхваляем Учителем и почитаем его мудрыми товарищами-монахами.",
 "an10.115:7.3": "Он сможет детально разъяснить значение этого краткого утверждения.",
 "an10.115:7.4": "Что если мы отправимся к нему и спросим его о значении этого?",
 "an10.115:7.5": "Будем помнить то, как он объяснит это нам».",
 "an10.115:7.6": "Пусть Достопочтенный Ананда разъяснит нам это».",
 "an10.115:8.1": "«Друзья, это как если бы человеку понадобилась сердцевина дерева, он бы искал сердцевину дерева, бродил в поисках сердцевины дерева, и прошёл бы мимо корней и ствола великого дерева с сердцевиной, думая, что сердцевину нужно искать среди ветвей и листьев.",
 "an10.115:8.2": "Так и с вами, достопочтенные: вы сидели лицом к лицу с Учителем, но прошли мимо Благословенного, думая, что о значении нужно спрашивать меня.",
 "an10.115:8.3": "Ведь зная, друзья, Благословенный знает; видя, он видит; он стал видением, он стал знанием, он стал Дхаммой, он стал Брахмой. Это он – разъяснитель, глашатай, толкователь значения, даритель Бессмертного, властелин Дхаммы, Татхагата.",
 "an10.115:8.4": "В тот момент вам следовало спросить у Благословенного о значении.",
 "an10.115:8.5": "То, как он объяснил бы это, так вы это бы и запомнили».",
 "an10.115:9.1": "«Вне сомнений, друг Ананда, зная, Благословенный знает, видя, он видит…",
 "an10.115:9.2": "Татхагата. В тот момент нам следовало спросить у Благословенного о значении,",
 "an10.115:9.3": "и то, как он объяснил бы это, так мы это бы и запомнили.",
 "an10.115:9.4": "Но, всё же, Достопочтенный Ананда восхваляем Учителем и почитаем его мудрыми товарищами-монахами.",
 "an10.115:9.5": "Достопочтенный Ананда сможет детально разъяснить значение этого краткого утверждения.",
 "an10.115:9.6": "Пусть Достопочтенный Ананда не увидит в этом беспокойства и даст разъяснение».",
 "an10.115:10.1": "«В таком случае, друзья, слушайте внимательно. Я буду говорить».",
 "an10.115:10.2": "«Да, друг» – ответили те монахи.",
 "an10.115:10.3": "Достопочтенный Ананда сказал:",
 "an10.115:11.1": "«Друзья, Благословенный научил этому краткому утверждению, не дав детального разъяснения:",
 "an10.115:11.2": "«Монахи, следует понимать, что такое не-Дхамма…",
 "an10.115:11.3": "",
 "an10.115:11.4": "что полезно».",
 "an10.115:12.1": "И что такое, монахи, не-Дхамма, и что такое Дхамма? Что такое вредное, и что такое полезное?",
 "an10.115:13.1": "Друзья, ошибочный вгляд – это не-Дхамма.",
 "an10.115:13.2": "Правильный взгляд – это Дхамма.",
 "an10.115:13.3": "Многочисленные плохие, неблагие качества, возникающие с ошибочным взглядом как причиной: это является вредным.",
 "an10.115:13.4": "Многочисленные благие качества, имеющие причиной правильный взгляд, что достигают осуществления посредством развития: это является полезным.",
 "an10.115:14.1": "Ошибочное устремление…",
 "an10.115:14.2": "",
 "an10.115:14.3": "Ошибочная речь…",
 "an10.115:14.4": "",
 "an10.115:14.5": "Ошибочные действия…",
 "an10.115:14.6": "",
 "an10.115:14.7": "Ошибочные средства к жизни…",
 "an10.115:14.8": "",
 "an10.115:14.9": "Ошибочное усилие…",
 "an10.115:14.10": "",
 "an10.115:14.11": "Ошибочное памятование…",
 "an10.115:14.12": "",
 "an10.115:14.13": "Ошибочное объединение опыта…",
 "an10.115:14.14": "",
 "an10.115:14.15": "Ошибочное знание…",
 "an10.115:14.16": "",
 "an10.115:15.1": "Ошибочное освобождение – это не-Дхамма.",
 "an10.115:15.2": "Правильное освобождение – это Дхамма.",
 "an10.115:15.3": "Многочисленные плохие, неблагие качества, возникающие с ошибочным освобождением как причиной: это является вредным.",
 "an10.115:15.4": "Многочисленные благие качества, имеющие причиной правильное освобождение, что достигают осуществления посредством развития: это является полезным.",
 "an10.115:16.1": "",
 "an10.115:16.2": "",
 "an10.115:16.3": "Друзья, вот каким образом я понимаю в подробностях значение того, что было сказано Благословенным вкратце.",
 "an10.115:16.4": "Теперь, друзья, если хотите, отправляйтесь к Благословенному и спросите его о значении этого.",
 "an10.115:16.5": "То, как он объяснит это, так вы это и запомните».",
 "an10.115:17.1": "«Да, друг» – ответили те монахи и, восхитившись и возрадовавшись словам Достопочтенного Ананды, они встали со своих сидений и отправились к Благословенному. Поклонившись ему, они сели рядом и сказали Благословенному:",
 "an10.115:18.1": "«Почтенный, Благословенный научил этому краткому утверждению…",
 "an10.115:18.2": "",
 "an10.115:18.3": "",
 "an10.115:19.1": "",
 "an10.115:19.2": "",
 "an10.115:19.3": "",
 "an10.115:19.4": "",
 "an10.115:19.5": "",
 "an10.115:20.1": "",
 "an10.115:20.2": "",
 "an10.115:20.3": "",
 "an10.115:20.4": "",
 "an10.115:20.5": "",
 "an10.115:21.1": "Затем, почтенный, мы отправились к Достопочтенному Ананде и спросили его о значении.",
 "an10.115:21.2": "Достопочтенный Ананда разъяснил нам значение такими-то способами, в таких-то терминах и фразах».",
 "an10.115:22.1": "«Хорошо, хорошо, монахи!",
 "an10.115:22.2": "Ананда мудр.",
 "an10.115:22.3": "Ананда наделён великой мудростью.",
 "an10.115:22.4": "Если бы вы спросили меня о значении этого, то я бы объяснил точно также, как это сделал Ананда.",
 "an10.115:22.5": "Таково значение этого, и именно так вам это следует запомнить».",
 "an10.115:22.6": "Третья."
}