{
  "an10.78:0.1": "Восходящие Наставления 10.78",
  "an10.78:0.2": "Глава Аканкха",
  "an10.78:0.3": "Сутта Нигантхи",
  "an10.78:1.1": "«Монахи, у Нигантхов есть эти десять плохих качеств.",
  "an10.78:1.2": "Какие десять?",
  "an10.78:1.3": "Нигантхи: Не имеют веры;",
  "an10.78:1.4": "безнравственны;",
  "an10.78:1.5": "бесстыдны;",
  "an10.78:1.6": "не боятся совершить проступок;",
  "an10.78:1.7": "преданы плохим людям;",
  "an10.78:1.8": "восхваляют себя и унижают других;",
  "an10.78:1.9": "цепляются за свои воззрения, цепляются к ним прочно и оставляют с трудом;",
  "an10.78:1.10": "обманщики;",
  "an10.78:1.11": "имеют порочные желания;",
  "an10.78:1.12": "имеют плохую дружбу, монахи, нигантхи—",
  "an10.78:1.13": "У Нигантхов есть эти десять плохих качеств».",
  "an10.78:1.14": "Восьмая."
}