{
 "an10.145:0.1": "Восходящие Наставления 10.145",
 "an10.145:0.2": "Глава Ария",
 "an10.145:0.3": "Сутта Благородный Путь",
 "an10.145:1.1": "Благородный путь, монахи, явление объясню и неблагородный путь.",
 "an10.145:1.2": "Услышьте это…",
 "an10.145:1.3": "«И что такое, монахи, неблагородный путь?",
 "an10.145:1.4": "Ошибочный взгляд… ошибочное освбождение—",
 "an10.145:1.5": "об этом говорится, монахи, неблагородный путь.",
 "an10.145:1.6": "И что такое, монахи, благородный путь?",
 "an10.145:1.7": "Правильный взгляд… правильное освобождение—",
 "an10.145:1.8": "об этом говорится, монахи, благородный путь.",
 "an10.145:1.9": "Первая."
}