{
 "an10.102:0.1": "Восходящие Наставления 10.102",
 "an10.102:0.2": "Глава Саманасаннья",
 "an10.102:0.3": "Сутта Факторы просветления",
 "an10.102:1.1": "«Монахи, когда эти семь факторов просветления развиты и взращены, они исполняют три истинных знания.",
 "an10.102:1.2": "Какие семь?",
 "an10.102:1.3": "Осознанность как фактор просветления, исследование феноменов как фактор просветления, усердие как фактор просветления, восторг как фактор просветления, безмятежность как фактор просветления, сосредоточение как фактор просветления, невозмутимость как фактор просветления.",
 "an10.102:1.4": "Когда эти семь факторов просветления развиты и взращены, они исполняют три истинных знания.",
 "an10.102:1.5": "Какие три?",
 "an10.102:1.6": "Вот монах вспоминает свои многочисленные прошлые обители…",
 "an10.102:1.7": "одну, две, три…",
 "an10.102:1.8": "Он видит за счёт божественного глаза, очищенного и превосходящего человеческий…",
 "an10.102:1.9": "За счёт уничтожения умственных загрязнений…себя самостоятельно посредством прямого знания.",
 "an10.102:1.10": "Когда, монахи, эти семь факторов просветления развиты и взращены, они исполняют эти три истинных знания».",
 "an10.102:1.11": "Вторая."
}