{
  "an10.117:0.1": "Восходящие Наставления 10.117",
  "an10.117:0.2": "Глава Пассорохани",
  "an10.117:0.3": "Сутта Сангхарава",
  "an10.117:1.1": "И тогда брахман Сангхарава подошёл к Благословенному и обменялся с ним вежливыми приветствиями.",
  "an10.117:1.2": "После обмена вежливыми приветствиями и любезностями, он сел рядом и сказал Благословенному:",
  "an10.117:1.3": "«Мастер Готама, что такое ближний берег? Что такое дальний берег?»",
  "an10.117:1.4": "«Брахман, ошибочный взгляд – это ближний берег; правильный взгляд – это дальний берег.",
  "an10.117:1.5": "ошибочное устремление…",
  "an10.117:1.6": "ошибочная речь…",
  "an10.117:1.7": "ошибочные действия…",
  "an10.117:1.8": "ошибочные средства к жизни…",
  "an10.117:1.9": "ошибочное усилие…",
  "an10.117:1.10": "ошибочное памятование…",
  "an10.117:1.11": "ошибочное объединение опыта…",
  "an10.117:1.12": "ошибочное знание…",
  "an10.117:1.13": "ошибочное освобождение – это ближний берег; правильное освобождение – это дальний берег.",
  "an10.117:1.14": "Одно, брахман, это берег ближний; другое – берег дальний». [И далее Благословенный добавил]:",
  "an10.117:2.1": "«Как мало тех среди людей,",
  "an10.117:2.2": "Кто перешёл на берег тот,",
  "an10.117:2.3": "А остальные все бегут",
  "an10.117:2.4": "На этом [ближнем] берегу.",
  "an10.117:3.1": "Коль Дхамма была праведно раскрыта,",
  "an10.117:3.2": "Те, кто в согласии с Дхаммой практикует,",
  "an10.117:3.3": "Являются людьми, что перейдут",
  "an10.117:3.4": "То царство Смерти, кое сложно пересечь.",
  "an10.117:4.1": "Тёмные качества оставив позади,",
  "an10.117:4.2": "Мудрейший должен яркие развить.",
  "an10.117:4.3": "Покинув дом, в бездомье перейдя,",
  "an10.117:4.4": "Которым столь непросто наслаждаться,",
  "an10.117:5.1": "В уединении он ищет наслаждение,",
  "an10.117:5.2": "Оставив позади услады чувств.",
  "an10.117:5.3": "Мудрейший, не владеющий ничем,",
  "an10.117:5.4": "Пускай очистится от умственных пороков.",
  "an10.117:6.1": "И тот, чей ум был развит хорошо",
  "an10.117:6.2": "В тех факторах, ведут что к пробуждению,",
  "an10.117:6.3": "Кто не-цеплянием находит наслаждение",
  "an10.117:6.4": "В отбрасывании всякого цепляния:",
  "an10.117:6.5": "Тот, лучезарный, пятна уничтожив,",
  "an10.117:6.6": "Является погасшим в этом мире».",
  "an10.117:6.7": "Пятая."
}