{
 "an10.183:0.1": "Восходящие Наставления 10.183",
 "an10.183:0.2": "Глава Садху",
 "an10.183:0.3": "Сутта Загрязненное",
 "an10.183:1.1": "Загрязненное, монахи, явление объясню и не-загрязненное.",
 "an10.183:1.2": "Услышьте это…",
 "an10.183:1.3": "«И что такое, монахи, загрязнённное явление?",
 "an10.183:1.4": "Уменьшение жизни…",
 "an10.183:1.5": "ошибочный взгляд—",
 "an10.183:1.6": "об этом говорится, монахи, загрязнённое явление.",
 "an10.183:2.1": "И что такое, монахи, не-загрязненное явление?",
 "an10.183:2.2": "отвергание уменьшения жизни…",
 "an10.183:2.3": "правильный взгляд—",
 "an10.183:2.4": "об этом говорится, монахи, не-загрязненное явление.",
 "an10.183:2.5": "Шестая."
}