{
 "an10.186:0.1": "Восходящие Наставления 10.186",
 "an10.186:0.2": "Глава Садху",
 "an10.186:0.3": "Сутта Загроможденость",
 "an10.186:1.1": "Загромождающее, монахи, явление объясню и не-загромождающее.",
 "an10.186:1.2": "Услышьте это…",
 "an10.186:1.3": "«И что такое, монахи, загромождающее явление?",
 "an10.186:1.4": "Уменьшение жизни…",
 "an10.186:1.5": "ошибочный взгляд—",
 "an10.186:1.6": "об этом говорится, монахи, загромождающее явление.",
 "an10.186:2.1": "И что такое, монахи, не-загромождающее явление?",
 "an10.186:2.2": "отвергание уменьшения жизни…",
 "an10.186:2.3": "правильный взгляд—",
 "an10.186:2.4": "об этом говорится, монахи, не-загромождающее явление.",
 "an10.186:2.5": "Девятая."
}