{
  "an10.113:0.1": "Восходящие Наставления 10.113",
  "an10.113:0.2": "Глава Пассорохани",
  "an10.113:0.3": "Сутта Не-Дхамма Первая",
  "an10.113:1.1": "«Не-дхамму, монахи, нужно почувствовать и бесцельное;",
  "an10.113:1.2": "дхамму и цель.",
  "an10.113:1.3": "Не-дхамму узнав и бесцельное, Дхамму узнав и цель, соответственно Дхамме, соответственно цели нужно практиковать.",
  "an10.113:2.1": "И что такое, монахи, не-Дхамма и бесцельное?",
  "an10.113:2.2": "Ошибочный взгляд, ошибочное намерение-заготовка, ошибочная речь, ошибочные действия, ошибочный быт, ошибочное старание, ошибочное памятование, ошибочное объединение опыта, ошибочное знание, ошибочное освбождение.Как сказано, это является не-Дхаммой и вредным.",
  "an10.113:2.3": "Это зовётся, монахи, не-Дхамма и бесцельное.",
  "an10.113:3.1": "И что такое, монахи, Дхамма и цель?",
  "an10.113:3.2": "Правильный взгляд, правильное намерение-заготовка, правильная речь, правильные действия, правильные быт, правильное старание, правильное памятование, правильное объединение опыта, правильное знание, правильное освобождение",
  "an10.113:3.3": "Это зовётся, монахи, Дхамма и цель.",
  "an10.113:4.1": "«Не-дхамму, монахи, нужно почувствовать и бесцельное;",
  "an10.113:4.2": "дхамму и цель.",
  "an10.113:4.3": "Не-дхамму узнав и бесцельное, Дхамму узнав и цель, соответственно Дхамме, соответственно цели нужно практиковать»,",
  "an10.113:4.4": "это об этом было сказано, и было сказано относительно этого.",
  "an10.113:4.5": "Первая."
}