{
  "an10.123:0.1": "Восходящие Наставления 10.123",
  "an10.123:0.2": "Глава Парисуддха",
  "an10.123:0.3": "Сутта Первая",
  "an10.123:1.1": "«Монахи, эти десять вещей не очищаются и не отмываются нигде более, кроме как в дисциплине Счастливого.",
  "an10.123:1.2": "Какие десять?",
  "an10.123:1.3": "Правильный взгляд, правильное намерение-заготовка, правильная речь, правильные действия, правильный быт, правильное старание, правильное памятование, правильное объединение опыта, правильное знание, правильное освобождение.",
  "an10.123:1.4": "Монахи, эти десять вещей не очищаются и не отмываются нигде более, кроме как в дисциплине Счастливого».",
  "an10.123:1.5": "Первая."
}