{
  "an10.134:0.1": "Восходящие Наставления 10.134",
  "an10.134:0.2": "Глава Садху",
  "an10.134:0.3": "Сутта Хороший",
  "an10.134:1.1": "Что есть хорошо, монахи, преподам и что нехорошо.",
  "an10.134:1.2": "Услышьте это, хорошо поймите, я буду говорить.",
  "an10.134:1.3": "Да, почтенный - те монахи Благословенному ответили.",
  "an10.134:1.4": "Благословенный это сказал:",
  "an10.134:2.1": "«И что такое, монахи, нехорошее?",
  "an10.134:2.2": "Ошибочный взгляд, ошибочное намерение-заготовка, ошибочная речь, ошибочные действия, ошибочный быт, ошибочное старание, ошибочное памятование, ошибочное объединение опыта, ошибочное знание, ошибочное освбождение—",
  "an10.134:2.3": "об этом говорится, монахи, нехоршее.",
  "an10.134:2.4": "И что такое, монахи, хорошее?",
  "an10.134:2.5": "Правильный взгляд, правильное намерение-заготовка, правильная речь, правильные действия, правильный быт, правильное старание, правильное памятование, правильное объединение опыта, правильное знание, правильное освобождение—",
  "an10.134:2.6": "об этом говорится, монахи, хоршее.",
  "an10.134:2.7": "Первая."
}