{
  "an10.111:0.1": "Восходящие Наставления 10.111",
  "an10.111:0.2": "Глава Саманасаннья",
  "an10.111:0.3": "Сутта Тот, кто окончил тренировку Первая",
  "an10.111:1.1": "И тогда некий монах подошёл к Благословенному, поклонился ему, сел рядом и сказал:",
  "an10.111:2.1": "«Почтенный, «тот, кто окончил тренировку; тот, кто окончил тренировку» –",
  "an10.111:2.2": "так говорят. В каком смысле, почтенный, говорится о ком-либо, что он окончил тренировку?»",
  "an10.111:2.3": "«Монах, вот монах обладает Правильными воззрениями того, кто окончил тренировку. Он обладает правильным устремлением… правильной речью… правильными действиями… правильными средствами к жизни… правильным усилием… правильной осознанностью… правильным сосредоточением… правильным знанием… правильным освобождением того, кто окончил тренировку. ",
  "an10.111:2.4": "Вот в каком смысле этот монах окончил тренировку».",
  "an10.111:2.5": "Одниннадцатая."
}