{
  "an10.37:0.1": "Восходящие Наставления 10.37",
  "an10.37:0.2": "Глава Упали",
  "an10.37:0.3": "Сутта Раскол Первая",
  "an10.37:1.1": "«Почтенный, «раскол в Сангхе, раскол в Сангхе» – так говорят.",
  "an10.37:1.2": "Каким образом, почтенный, имеет место раскол в Сангхе?»",
  "an10.37:1.3": "«Упали, вот монахи Объясняют Не-Дхамму как Дхамму, а Дхамму как Не-Дхамму. Они объясняют Не-Винаю как Винаю, а Винаю как Не-Винаю. Они объясняют то, что не было утверждено и произнесено Татхагатой как то, что было утверждено и произнесено им, а также то, что было утверждено и произнесено Татхагатой как то, что не было утверждено и произнесено им. Они объясняют то, что не практиковалось Татхагатой как то, что практиковалось им, и что практиковалось Татхагатой как то, что не практиковалось им. Они объясняют то, что не было предписано Татхагатой как то, что было предписано им, и то, что было предписано Татхагатой как то, что не было предписано им.",
  "an10.37:1.4": "На этих десяти основаниях они удаляются и расходятся. Они совершают правомерные процедуры раздельно и декламируют Патимоккху раздельно.",
  "an10.37:1.5": "Таким образом, Упали, имеет место раскол в Сангхе».",
  "an10.37:1.6": "Седьмая."
}