{
  "an10.45:0.1": "Восходящие Наставления 10.45",
  "an10.45:0.2": "Глава Аккоса",
  "an10.45:0.3": "Сутта Вхождение",
  "an10.45:1.1": "«Монахи, есть десять опасностей во вхождении во внутренние покои царского дворца.",
  "an10.45:1.2": "Какие десять?",
  "an10.45:1.3": "Бывает так, что царь сидит с царицей.",
  "an10.45:1.4": "Монах входит и",
  "an10.45:1.5": "либо царица улыбается, когда видит монаха, либо монах улыбается, когда видит царицу.",
  "an10.45:1.6": "Царь думает:",
  "an10.45:1.7": "«Вне сомнений, между этими двумя что-то произошло или собирается произойти».",
  "an10.45:1.8": "Такова первая опасность во вхождении во внутренние покои царского дворца.",
  "an10.45:2.1": "Далее, когда царь был занят различными делами, он вступил в половую связь с одной из женщин [гарема], но запамятовал об этом,",
  "an10.45:2.2": "а из-за этих отношений она забеременела.",
  "an10.45:2.3": "Царь думает:",
  "an10.45:2.4": "«Никто сюда не входил, кроме отшельника.",
  "an10.45:2.5": "Быть может, это сделал отшельник?»",
  "an10.45:2.6": "Такова вторая опасность во вхождении во внутренние покои царского дворца.",
  "an10.45:3.1": "Далее, во внутренних покоях царского дворца затерялся драгоценный камень.",
  "an10.45:3.2": "Царь думает:",
  "an10.45:3.3": "«Никто сюда не входил, кроме отшельника.",
  "an10.45:3.4": "Быть может, это дело рук отшельника?»",
  "an10.45:3.5": "Такова третья опасность во вхождении во внутренние покои царского дворца.",
  "an10.45:4.1": "Далее, секретные обсуждения из внутренних покоев царского дворца дошли до других.",
  "an10.45:4.2": "Царь думает:",
  "an10.45:4.3": "«Никто сюда не входил, кроме отшельника.",
  "an10.45:4.4": "Быть может, это дело рук отшельника?»",
  "an10.45:4.5": "Такова четвёртая опасность во вхождении во внутренние покои царского дворца.",
  "an10.45:5.1": "Далее, во внутренних покоях царского дворца отец жаждет [увидеть] своего сына, а сын – своего отца.",
  "an10.45:5.2": "Царь думает:",
  "an10.45:5.3": "«Никто сюда не входил, кроме отшельника.",
  "an10.45:5.4": "Быть может, это дело рук отшельника?»",
  "an10.45:5.5": "Такова пятая опасность во вхождении во внутренние покои царского дворца.",
  "an10.45:6.1": "Далее, царь повышает кого-либо в должности.",
  "an10.45:6.2": "Другие обеспокоены такой мыслью:",
  "an10.45:6.3": "«Царь тесно общается с отшельника.",
  "an10.45:6.4": "Быть может, это дело рук отшельника?»",
  "an10.45:6.5": "Такова шестая опасность во вхождении во внутренние покои царского дворца.",
  "an10.45:7.1": "Далее, царь понижает кого-либо в должности.",
  "an10.45:7.2": "Другие обеспокоены такой мыслью:",
  "an10.45:7.3": "«Царь тесно общается с отшельника.",
  "an10.45:7.4": "Быть может, это дело рук отшельника?»",
  "an10.45:7.5": "Такова седьмая опасность во вхождении во внутренние покои царского дворца.",
  "an10.45:8.1": "Далее, царь отправляет в увольнение свою армию в недолжное время.",
  "an10.45:8.2": "Другие обеспокоены такой мыслью:",
  "an10.45:8.3": "«Царь тесно общается с отшельника.",
  "an10.45:8.4": "Быть может, это дело рук отшельника?»",
  "an10.45:8.5": "Такова восьмая опасность во вхождении во внутренние покои царского дворца.",
  "an10.45:9.1": "Далее, отправив в увольнение свою армию в должное время, он, пока та находится в пути, приказывает ей вернуться.",
  "an10.45:9.2": "Другие обеспокоены такой мыслью:",
  "an10.45:9.3": "«Царь тесно общается с отшельника.",
  "an10.45:9.4": "Быть может, это дело рук отшельника?»",
  "an10.45:9.5": "Такова девятая опасность во вхождении во внутренние покои царского дворца.",
  "an10.45:10.1": "Далее, во внутренних покоях царского дворца полно слонов, лошадей, колесниц, дразнящих форм, звуков, запахов, вкусов, тактильных ощущений, неподобающих для отшельника.",
  "an10.45:10.2": "Такова десятая опасность во вхождении во внутренние покои царского дворца.",
  "an10.45:10.3": "Монахи, таковы десять опасностей во вхождении во внутренние покои царского дворца».",
  "an10.45:10.4": "Пятая."
}