{
  "an10.130:0.1": "Восходящие Наставления 10.130",
  "an10.130:0.2": "Глава Парисуддха",
  "an10.130:0.3": "Сутта Восьмая",
  "an10.130:1.1": "«Монахи, эти десять вещей, будучи развитыми и взращенными, завершаются в устранении страсти, злобы и заблуждения нигде более, кроме как в дисциплине Счастливого.",
  "an10.130:1.2": "Какие десять?",
  "an10.130:1.3": "Правильный взгляд… правильное освобождение.",
  "an10.130:1.4": "Монахи, эти десять вещей, будучи развитыми и взращенными, завершаются в устранении страсти, злобы и заблуждения нигде более, кроме как в дисциплине Счастливого».",
  "an10.130:1.5": "Восьмая."
}