{
  "an10.114:0.1": "Восходящие Наставления 10.114",
  "an10.114:0.2": "Глава Паччорохани",
  "an10.114:0.3": "Сутта Не-Дхамма Вторая",
  "an10.114:1.1": "«Монахи, следует понимать, что такое не-Дхамма и [что такое] Дхамма,",
  "an10.114:1.2": "а также что такое вредное и [что такое] полезное.",
  "an10.114:1.3": "Поняв, что такое не-Дхамма и Дхамма, а также что такое вредное и полезное, следует практиковать в соответствии с Дхаммой и тем, что полезно.",
  "an10.114:2.1": "И что такое, монахи, не-Дхамма и Дхамма. Что такое вредное и полезное?",
  "an10.114:3.1": "Неправильные воззрения – это не-Дхамма.",
  "an10.114:3.2": "Правильные воззрения – это Дхамма.",
  "an10.114:3.3": "Многочисленные плохие, неблагие качества, возникающие с неправильным воззрением как причиной: это является вредным.",
  "an10.114:3.4": "Многочисленные благие качества, имеющие причиной правильное воззрение, что достигают осуществления посредством [их] развития: это является полезным.",
  "an10.114:4.1": "Неправильное устремление…",
  "an10.114:4.2": "",
  "an10.114:4.3": "",
  "an10.114:4.4": "",
  "an10.114:5.1": "Неправильная речь…",
  "an10.114:5.2": "",
  "an10.114:5.3": "",
  "an10.114:5.4": "",
  "an10.114:6.1": "Неправильные действия…",
  "an10.114:6.2": "",
  "an10.114:6.3": "",
  "an10.114:6.4": "",
  "an10.114:7.1": "Неправильные средства к жизни…",
  "an10.114:7.2": "",
  "an10.114:7.3": "",
  "an10.114:7.4": "",
  "an10.114:8.1": "Неправильное усилие…",
  "an10.114:8.2": "",
  "an10.114:8.3": "",
  "an10.114:8.4": "",
  "an10.114:9.1": "Неправильная осознанность…",
  "an10.114:9.2": "",
  "an10.114:9.3": "",
  "an10.114:9.4": "",
  "an10.114:10.1": "Неправильное сосредоточение…",
  "an10.114:10.2": "",
  "an10.114:10.3": "",
  "an10.114:10.4": "",
  "an10.114:11.1": "Неправильное знание…",
  "an10.114:11.2": "",
  "an10.114:11.3": "",
  "an10.114:11.4": "",
  "an10.114:12.1": "Неправильное освобождение – это не-Дхамма.",
  "an10.114:12.2": "Правильное освобождение – это Дхамма.",
  "an10.114:12.3": "Многочисленные плохие, неблагие качества, возникающие с неправильным освобождением как причиной: это является вредным.",
  "an10.114:12.4": "Многочисленные благие качества, имеющие причиной правильное освобождение, что достигают осуществления посредством [их] развития: это является полезным.",
  "an10.114:13.1": "Когда так было сказано: «Монахи, следует понимать, что такое не-Дхамма и [что такое] Дхамма,",
  "an10.114:13.2": "а также что такое вредное и [что такое] полезное.",
  "an10.114:13.3": "Поняв, что такое не-Дхамма и Дхамма, а также что такое вредное и полезное, следует практиковать в соответствии с Дхаммой и тем, что полезно» –",
  "an10.114:13.4": "то в отношении этого так было сказано».",
  "an10.114:13.5": "Вторая."
}