{
  "an10.41:0.1": "Восходящие Наставления 10.41",
  "an10.41:0.2": "Глава Аккоса",
  "an10.41:0.3": "Сутта Споры",
  "an10.41:1.1": "И тогда Достопочтенный Упали подошёл к Благословенному, поклонился ему, сел рядом и сказал ему:",
  "an10.41:1.2": "«Почтенный, почему в Сангхе возникают прения, ссоры, полемика, споры, и монахи не живут спокойно?»",
  "an10.41:1.3": "«Упали, вот монахи Объясняют Не-Дхамму как Дхамму, а Дхамму как Не-Дхамму. Они объясняют Не-Винаю как Винаю, а Винаю как Не-Винаю. Они объясняют то, что не было утверждено и произнесено Татхагатой как то, что было утверждено и произнесено им, а также то, что было утверждено и произнесено Татхагатой как то, что не было утверждено и произнесено им. Они объясняют то, что не практиковалось Татхагатой как то, что практиковалось им, и что практиковалось Татхагатой как то, что не практиковалось им. Они объясняют то, что не было предписано Татхагатой как то, что было предписано им, и то, что было предписано Татхагатой как то, что не было предписано им.",
  "an10.41:1.4": "Вот почему, Упали, в Сангхе возникают прения, ссоры, полемика, споры, и монахи не живут спокойно».",
  "an10.41:1.5": "Первая."
}