{
 "an10.135:0.1": "Восходящие Наставления 10.135",
 "an10.135:0.2": "Глава Садху",
 "an10.135:0.3": "Сутта Действительность Благородных",
 "an10.135:1.1": "Благородную действительность, монахи, преподам и неблагородную действительность.",
 "an10.135:1.2": "Услышьте это…",
 "an10.135:1.3": "«И что такое, монахи, неблагородная действительность?",
 "an10.135:1.4": "Ошибочный взгляд… ошибочное освбождение—",
 "an10.135:1.5": "об этом говорится, монахи, неблагородная действительность.",
 "an10.135:1.6": "И что такое, монахи, благородная действительность?",
 "an10.135:1.7": "Правильный взгляд… правильное освобождение—",
 "an10.135:1.8": "об этом говорится, монахи, благородная действительность.",
 "an10.135:1.9": "Вторая."
}