{
  "an10.122:0.1": "Восходящие Наставления 10.122",
  "an10.122:0.2": "Глава Паччорохани",
  "an10.122:0.3": "Сутта Пятна загрязнений ума",
  "an10.122:1.1": "«Монахи, эти десять вещей, будучи развитыми и взращенными, ведут к уничтожению пятен [загрязнений ума].",
  "an10.122:1.2": "Какие десять?",
  "an10.122:1.3": "Правильный взгляд, правильное намерение-заготовка, правильная речь, правильные действия, правильный быт, правильное старание, правильное памятование, правильное объединение опыта, правильное знание, правильное освобождение.",
  "an10.122:1.4": "Эти десять вещей, будучи развитыми и взращенными, ведут к уничтожению пятен».",
  "an10.122:1.5": "Десятая.",
  "an10.122:1.6": "Глава Паччорохани Вторая.",
  "an10.122:2.0": "Оглавление",
  "an10.122:2.1": "",
  "an10.122:2.2": "",
  "an10.122:2.3": "",
  "an10.122:2.4": ""
}