{
  "an10.58:0.1": "Восходящие Наставления 10.58",
  "an10.58:0.2": "Глава Сачитта",
  "an10.58:0.3": "Сутта Корни",
  "an10.58:1.1": "«Монахи, странники-приверженцы других учений могут спросить вас:",
  "an10.58:1.2": "«В чём, друзья, коренятся все вещи? Через что они проявляются? Из чего они возникают? В чём они сходятся? Чем они возглавляются? Что ими управляет? Что является их надзирателем? Что является их сердцевиной? В чём они достигают высшей точки? Что является их завершением?». Будучи спрошенными так, как бы вы им ответили?»",
  "an10.58:1.3": "«Почтенный, наши учения укоренены в Благословенном, направляемы Благословенным, находят пристанище в Благословенном. Было бы хорошо, если бы Благословенный [сам] прояснил значение этого утверждения. Услышав это из его уст, монахи запомнят это».",
  "an10.58:2.1": "«Тогда, монахи, слушайте внимательно. Я буду говорить».",
  "an10.58:2.2": "«Да, почтенный» – ответили монахи.",
  "an10.58:2.3": "Благословенный сказал:",
  "an10.58:3.1": "«Монахи, если странники-приверженцы других учений спросят вас:",
  "an10.58:3.2": "«В чём, друзья, коренятся все вещи»…",
  "an10.58:3.3": "то вот как вам следует ответить:",
  "an10.58:3.4": "«Друзья, все вещи коренятся в желании. Они проявляются через внимание. Они возникают из контакта. Они сходятся в чувстве. Они возглавляются сосредоточением. Ими управляет осознанность. Их надзирателем является мудрость. Их сердцевиной является освобождение. Они достигают высшей точки в бессмертном. Их завершением является ниббана». ",
  "an10.58:3.5": "Будучи спрошенными так, монахи, вот как вам следует ответить тем странникам-приверженцам других учений».",
  "an10.58:3.6": "Восьмая."
}