{
 "an10.168:0.1": "Восходящие Наставления 10.168",
 "an10.168:0.2": "Глава Джануссони",
 "an10.168:0.3": "Сутта Паччорохани Вторая",
 "an10.168:1.1": "«Монахи, я научу вас благородному празднованию паччорохани.",
 "an10.168:1.2": "Слушайте внимательно, я буду говорить».",
 "an10.168:1.3": "«Да, почтенный» – ответили те монахи.",
 "an10.168:1.4": "Благословенный сказал:",
 "an10.168:2.1": "«И что такое, монахи, благородное празднование паччорохани?",
 "an10.168:2.2": "Вот ученик Благородных размышляет так:",
 "an10.168:2.3": "«Результат уничтожения жизни плох",
 "an10.168:2.4": "и в видимой действительности и в последующей».",
 "an10.168:2.5": "Рассмотрев это таким образом, он отбрасывает уничтожение жизни. Он спускается с уничтожения жизни.",
 "an10.168:2.6": "Далее, ученик Благородных размышляет так:",
 "an10.168:3.1": "«Результат взятия того, что [мне] не было дано…",
 "an10.168:3.2": "",
 "an10.168:3.3": "",
 "an10.168:3.4": "",
 "an10.168:4.1": "неблагого сексуального поведения…",
 "an10.168:4.2": "",
 "an10.168:5.1": "лжи…",
 "an10.168:5.2": "",
 "an10.168:6.1": "сеющей распри речи…",
 "an10.168:6.2": "",
 "an10.168:7.1": "грубой речи…",
 "an10.168:7.2": "",
 "an10.168:8.1": "пустой болтовни…",
 "an10.168:8.2": "",
 "an10.168:9.1": "алчности…",
 "an10.168:9.2": "",
 "an10.168:10.1": "недоброжелательности…",
 "an10.168:10.2": "",
 "an10.168:11.1": "ошибочного взгляда…",
 "an10.168:11.2": "Далее, ученик Благородных размышляет так:",
 "an10.168:11.3": "«Результат ошибочного взгляда плох и в этой жизни и в будущих жизнях». Рассмотрев это таким образом, он отбрасывает ошибочный взгляд. Он спускается с неправильного воззрения.",
 "an10.168:11.4": "Это называется благородным празднованием паччорохани».",
 "an10.168:11.5": "Вторая."
}