{
 "an10.198:0.1": "Восходящие Наставления 10.198",
 "an10.198:0.2": "Глава Ариямагга",
 "an10.198:0.3": "Сутта Реализовать",
 "an10.198:1.1": "Которое нужно реализовать, монахи, явление объясню и, которое не нужно реализовывать.",
 "an10.198:1.2": "Услышьте это…",
 "an10.198:1.3": "«И что такое, монахи, явление, которое не нужно реализовывать?",
 "an10.198:1.4": "Уменьшение жизни…",
 "an10.198:1.5": "ошибочный взгляд—",
 "an10.198:1.6": "об этом говорится, монахи, явление, которое не нужно реализовывать.",
 "an10.198:2.1": "И что такое, монахи, явление, которое нужно реализовать?",
 "an10.198:2.2": "отвергание уменьшения жизни…",
 "an10.198:2.3": "правильный взгляд—",
 "an10.198:2.4": "об этом говорится, монахи, которое нужно реализовать.",
 "an10.198:2.5": "Десятая.",
 "an10.198:2.6": "Глава Ария Четвёртая."
}