{
  "an10.32:0.1": "Восходящие Наставления 10.32",
  "an10.32:0.2": "Глава Упали",
  "an10.32:0.3": "Сутта Отстранение от Патимоккхи",
  "an10.32:1.1": "«Почтенный, сколько всего причин для отстранения от Патимоккхи?»",
  "an10.32:1.2": "«Упали, есть десять причин для отстранения от Патимоккхи.",
  "an10.32:1.3": "Какие десять?",
  "an10.32:1.4": "[Монах], совершивший параджику, сидит в собрании; Происходит обсуждение того, кто совершил параджику; Не полностью посвящённый сидит в этом собрании; Происходит обсуждение того, кто не полностью посвящён [в монахи]; Тот, кто оставил [монашескую] тренировку, сидит в этом собрании; Происходит обсуждение того, кто оставил [монашескую] тренировку; Евнух сидит в этом собрании; Происходит обсуждение евнуха; Соблазнитель монахини сидит этом собрании; Происходит обсуждение соблазнителя монахини.",
  "an10.32:1.5": "Таковы десять причин для отстранения от Патимоккхи».",
  "an10.32:1.6": "Вторая."
}