{
 "an10.143:0.1": "Восходящие Наставления 10.143",
 "an10.143:0.2": "Глава Садху",
 "an10.143:0.3": "Сутта Болезненные Всходы",
 "an10.143:1.1": "Болезненные всходы, монахи, объясню и приятные всходы.",
 "an10.143:1.2": "Услышьте это…",
 "an10.143:1.3": "«И что такое, монахи, болезненные всходы?",
 "an10.143:1.4": "Ошибочный взгляд… ошибочное освбождение—",
 "an10.143:1.5": "об этом говорится, монахи, болезненные всходы.",
 "an10.143:1.6": "И что такое, монахи, приятные всходы?",
 "an10.143:1.7": "Правильный взгляд… правильное освобождение—",
 "an10.143:1.8": "об этом говорится, монахи, приятные всходы.",
 "an10.143:1.9": "Десятая."
}