{
  "an10.110:0.1": "Восходящие Наставления 10.110",
  "an10.110:0.2": "Глава Саманасаннья",
  "an10.110:0.3": "Сутта Выбрасывается",
  "an10.110:1.1": "«Монахи, есть эти десять вещей для выброса.",
  "an10.110:1.2": "Какие десять?",
  "an10.110:1.3": "У того, у кого имеется правильный взгляд, ошибочный взгляд выбрасывается,",
  "an10.110:1.4": "а также многочисленные неблагие качества, возникающие с ошибочным взглядом как причиной, также выбрасываются;",
  "an10.110:1.5": "а имея правильный взгляд причиной, многочисленные благие качества достигают осуществления посредством развития.",
  "an10.110:2.1": "У того, у кого имеется правильное устремление, ошибочное устремление выбрасывается…",
  "an10.110:2.2": "У того, у кого имеется правильная речь, ошибочная речь выбрасывается…",
  "an10.110:2.3": "У того, у кого имеются правильные действия, ошибочные действия выбрасываются…",
  "an10.110:2.4": "У того, у кого имеются правильные средства к жизни, ошибочные средства к жизни выбрасываются…",
  "an10.110:2.5": "У того, у кого имеется правильное усилие, ошибочное усилие выбрасывается…",
  "an10.110:2.6": "У того, у кого имеется правильная памятование, ошибочная памятование выбрасывается…",
  "an10.110:2.7": "У того, у кого имеется правильное объединение опыта, ошибочное объединение опыта выбрасывается…",
  "an10.110:2.8": "У того, у кого имеется правильное знание, ошибочное знание выбрасывается…",
  "an10.110:3.1": "У того, у кого имеется правильное освобождение, ошибочное освобождение выбрасывается,",
  "an10.110:3.2": "а также многочисленные неблагие качества, возникающие с ошибочным освобождением как причиной, также выбрасываются;",
  "an10.110:3.3": "а имея правильное освобождение причиной, многочисленные благие качества достигают осуществления посредством развития.",
  "an10.110:3.4": "Таковы десять вещей для выброса».",
  "an10.110:3.5": "Десятая."
}