{
 "an10.152:0.1": "Восходящие Наставления 10.152",
 "an10.152:0.2": "Глава Ария",
 "an10.152:0.3": "Сутта Нужно Преумножить",
 "an10.152:1.1": "Которое должно быть преумножено, монахи, явление объясню и которое не должно быть преумножено.",
 "an10.152:1.2": "Услышьте это…",
 "an10.152:1.3": "«И что такое, монахи, явление, которое не должно быть преумножено?",
 "an10.152:1.4": "Ошибочный взгляд… ошибочное освбождение—",
 "an10.152:1.5": "об этом говорится, монахи, явление, которое не должно быть преумножено.",
 "an10.152:1.6": "И что такое, монахи, явление, которое должно быть преумножено?",
 "an10.152:1.7": "Правильный взгляд… правильное освобождение—",
 "an10.152:1.8": "об этом говорится, монахи, которое должно быть преумножено.",
 "an10.152:1.9": "Восьмая."
}