{
  "an10.118:0.1": "Восходящие Наставления 10.118",
  "an10.118:0.2": "Глава Пассорохани",
  "an10.118:0.3": "Сутта Ближний",
  "an10.118:1.1": "«Монахи, я научу вас ближнему берегу и берегу дальнему. ",
  "an10.118:1.2": "Слушайте внимательно, я буду говорить».",
  "an10.118:1.3": "«Да, почтенный» – ответили те монахи. ",
  "an10.118:1.4": "Благословенный сказал:",
  "an10.118:2.1": "«И что такое, монахи, ближний берег и берег дальний? ",
  "an10.118:2.2": "«Ошибочный взгляд – это ближний берег; правильный взгляд – это дальний берег.",
  "an10.118:2.3": "ошибочное освобождение – это ближний берег; правильное освобождение – это дальний берег.",
  "an10.118:2.4": "Одно, монахи, это берег ближний; другое – берег дальний». [И далее Благословенный добавил]:",
  "an10.118:3.1": "«Как мало тех среди людей,",
  "an10.118:3.2": "Кто перешёл на берег тот,",
  "an10.118:3.3": "А остальные все бегут",
  "an10.118:3.4": "На этом [ближнем] берегу.",
  "an10.118:4.1": "Коль Дхамма была праведно раскрыта,",
  "an10.118:4.2": "Те, кто в согласии с Дхаммой практикует,",
  "an10.118:4.3": "Являются людьми, что перейдут",
  "an10.118:4.4": "То царство Смерти, кое сложно пересечь.",
  "an10.118:5.1": "Тёмные качества оставив позади,",
  "an10.118:5.2": "Мудрейший должен яркие развить.",
  "an10.118:5.3": "Покинув дом, в бездомье перейдя,",
  "an10.118:5.4": "Которым столь непросто наслаждаться,",
  "an10.118:6.1": "В уединении он ищет наслаждение,",
  "an10.118:6.2": "Оставив позади услады чувств.",
  "an10.118:6.3": "Мудрейший, не владеющий ничем,",
  "an10.118:6.4": "Пускай очистится от умственных пороков.",
  "an10.118:7.1": "И тот, чей ум был развит хорошо",
  "an10.118:7.2": "В тех факторах, ведут что к пробуждению,",
  "an10.118:7.3": "Кто не-цеплянием находит наслаждение",
  "an10.118:7.4": "В отбрасывании всякого цепляния:",
  "an10.118:7.5": "Тот, лучезарный, пятна уничтожив,",
  "an10.118:7.6": "Является погасшим в этом мире».",
  "an10.118:7.7": "Шестая."
}