{
 "an10.148:0.1": "Восходящие Наставления 10.148",
 "an10.148:0.2": "Глава Ария",
 "an10.148:0.3": "Сутта Дхамма Чистого Человека",
 "an10.148:1.1": "Дхамму чистого человека (мужчины), монахи, объясню и Дхамму нечистого человека.",
 "an10.148:1.2": "Услышьте это…",
 "an10.148:1.3": "«И что такое, монахи, Дхамма нечистого человека?",
 "an10.148:1.4": "Ошибочный взгляд… ошибочное освбождение—",
 "an10.148:1.5": "об этом говорится, монахи, Дхамма нечистого человека.",
 "an10.148:1.6": "И что такое, монахи, Дхамма чистого человека?",
 "an10.148:1.7": "Правильный взгляд… правильное освобождение—",
 "an10.148:1.8": "об этом говорится, монахи, Дхамма чистого человека.",
 "an10.148:1.9": "Четвёртая."
}