{
  "an10.175:0.1": "Восходящие Наставления 10.175",
  "an10.175:0.2": "Глава Джануссони",
  "an10.175:0.3": "Сутта Избегание",
  "an10.175:1.1": "«Монахи, эта Дхамма предлагает средства для избегания. Не так оно, что у неё нет средств для избегания.",
  "an10.175:1.2": "И каким образом эта Дхамма предлагает средства для избегания, и [почему] это не так, что у неё нет средств для избегания?",
  "an10.175:1.3": "Для того, кто уничтожает жизнь, существует воздержание от уничтожения жизни в качестве средства для избегания этого. ",
  "an10.175:1.4": "Для того, кто берёт то, что [ему] не было дано, существует воздержание от взятия того, что не дано, в качестве средства для избегания этого. ",
  "an10.175:1.5": "Для того, кто пускается в неблагое сексуальное поведение, существует воздержание от неблагого сексуального поведения в качестве средства для избегания этого. ",
  "an10.175:1.6": "Для того, кто лжёт, существует воздержание ото лжи в качестве средства для избегания этого. ",
  "an10.175:1.7": "Для того, кто своей речью сеет распри, существует воздержание от сеющей распри речи в качестве средства для избегания этого. ",
  "an10.175:1.8": "Для того, кто говорит грубо, существует воздержание от грубой речи в качестве средства для избегания этого. ",
  "an10.175:1.9": "Для того, кто болтает попусту, существует воздержание от пустой болтовни в качестве средства для избегания этого. ",
  "an10.175:1.10": "Для того, кто полон жажды, существует не-жажда в качестве средства для избегания этого. ",
  "an10.175:1.11": "Для того, кто полон недоброжелательности, существует доброжелательность в качестве средства для избегания этого. ",
  "an10.175:1.12": "Для того, кто имеет неправильные воззрения, существуют правильные воззрения в качестве средства для избегания этого.",
  "an10.175:1.13": "Таким образом, монахи, эта Дхамма предлагает средства для избегания, и не так оно, что у неё нет средств для избегания».",
  "an10.175:1.14": "Девятая."
}