{
 "an10.184:0.1": "Восходящие Наставления 10.184",
 "an10.184:0.2": "Глава Садху",
 "an10.184:0.3": "Сутта Порицаемое",
 "an10.184:1.1": "Порицаемое, монахи, явление объясню и не-порицаемое.",
 "an10.184:1.2": "Услышьте это…",
 "an10.184:1.3": "«И что такое, монахи, порицаемое явление?",
 "an10.184:1.4": "Уменьшение жизни…",
 "an10.184:1.5": "ошибочный взгляд—",
 "an10.184:1.6": "об этом говорится, монахи, порицаемое явление.",
 "an10.184:2.1": "И что такое, монахи, не-порицаемое явление?",
 "an10.184:2.2": "отвергание уменьшения жизни…",
 "an10.184:2.3": "правильный взгляд—",
 "an10.184:2.4": "об этом говорится, монахи, не-порицаемое явление.",
 "an10.184:2.5": "Седьмая."
}