{
  "an10.67:0.1": "Восходящие Наставления 10.67",
  "an10.67:0.2": "Глава Ямака",
  "an10.67:0.3": "Сутта Налакапана Первая",
  "an10.67:1.1": "Однажды Благословенный странствовал по стране Косал вместе с большой Сангхой монахов и достиг косальского города под названием Налакапана.",
  "an10.67:1.2": "Там, возле Налакапаны, Благословенный пребывал в Церсисовой Роще.",
  "an10.67:1.3": "И тогда, в день Упосатхи, Благословенный сидел в окружении Сангхи монахов.",
  "an10.67:1.4": "Наставив, воодушевив, вдохновив и порадовав Сангху монахов беседой о Дхамме, [которую он произносил в течение] большей части ночи, Благословенный, обозрев абсолютно молчаливую Сангху монахов, обратился к Достопочтенному Сарипутте:",
  "an10.67:2.1": "«Сангха монахов лишена лени и апатии, Сарипутта.",
  "an10.67:2.2": "Поведай беседу о Дхамме монахам.",
  "an10.67:2.3": "Моя спина болит,",
  "an10.67:2.4": "я её расслаблю».",
  "an10.67:2.5": "«Да, почтенный» – ответил Достопочтенный Сарипутта.",
  "an10.67:3.1": "И затем Благословенный, расстелив четырежды сложенное внешнее одеяние, лёг на правый бок, приняв позу льва, положив одну ступню на другую, осознанный и бдительный, отметив для себя, когда следует вставать.",
  "an10.67:3.2": "Тогда Достопочтенный Сарипутта обратился к монахам так:",
  "an10.67:3.3": "«Друзья монахи!»",
  "an10.67:3.4": "«Друг!» – ответили те монахи.",
  "an10.67:3.5": "Достопочтенный Сарипутта сказал:",
  "an10.67:4.1": "«Друзья, в том, кто не имеет веры в [развитие] благих качеств, не имеет чувства стыда [для развития] благих качеств,",
  "an10.67:4.2": "не боится совершения проступка [по отношению к развитию] благих качеств,",
  "an10.67:4.3": "не имеет усилия [для развития] благих качеств,",
  "an10.67:4.4": "не имеет мудрости [для развития] благих качеств, то, будь то день или ночь, в отношении него можно ожидать лишь ухудшения, а не возрастания в благих качествах.",
  "an10.67:4.5": "Подобно тому, как в течение периода убывающей луны, будь то день или ночь, луна пребывает в упадке своего цвета, округлости, сияния – как в диаметре, так и в окружности –",
  "an10.67:4.6": "точно также, в том, кто не имеет веры…",
  "an10.67:4.7": "",
  "an10.67:4.8": "",
  "an10.67:4.9": "…а не возрастания в благих качествах.",
  "an10.67:5.1": "Человек не имеет веры, друзья: это – случай упадка.",
  "an10.67:5.2": "Человек не имеет чувства стыда: это – случай упадка.",
  "an10.67:5.3": "Человек не имеет боязни совершить проступок: это – случай упадка.",
  "an10.67:5.4": "Человек ленивый: это – случай упадка.",
  "an10.67:5.5": "Человек немудрый: это – случай упадка.",
  "an10.67:5.6": "Человек злобный: это – случай упадка.",
  "an10.67:5.7": "Человек мстительный: это – случай упадка.",
  "an10.67:5.8": "Человек с порочными желаниями: это – случай упадка.",
  "an10.67:5.9": "Человек с плохими друзьями: это – случай упадка.",
  "an10.67:5.10": "Человек с неправильными воззрениями: это – случай упадка.",
  "an10.67:6.1": "Друзья, в том, кто имеет веру… имеет чувство стыда…",
  "an10.67:6.2": "боится совершения проступка…",
  "an10.67:6.3": "имеет мудрость [для развития] благих качеств, то, будь то день или ночь, в отношении него можно ожидать лишь возрастания, а не упадка в благих качествах.",
  "an10.67:6.4": "Подобно тому, как в течение периода возрастающей луны, будь то день или ночь, луна пребывает в росте своего цвета, округлости, сияния – как в диаметре, так и в окружности –",
  "an10.67:6.5": "точно также, в том, кто имеет веру…",
  "an10.67:6.6": "",
  "an10.67:6.7": "",
  "an10.67:6.8": "…а не упадка в благих качествах.",
  "an10.67:7.1": "Человек имеет веру, друзья: это – случай не-упадка.",
  "an10.67:7.2": "Человек имеет чувство стыда: это – случай не-упадка.",
  "an10.67:7.3": "Человек имеет боязнь совершить проступок: это – случай не-упадка.",
  "an10.67:7.4": "Человек усердный: это – случай не-упадка.",
  "an10.67:7.5": "Человек мудрый: это – случай не-упадка.",
  "an10.67:7.6": "Человек не злобный: это – случай не-упадка.",
  "an10.67:7.7": "Человек не мстительный: это – случай не-упадка.",
  "an10.67:7.8": "Человек без порочных желаний: это – случай не-упадка.",
  "an10.67:7.9": "Человек с хорошими друзьями: это – случай не-упадка.",
  "an10.67:7.10": "Человек с правильными воззрениями: это – случай не-упадка».",
  "an10.67:8.1": "И тогда Благословенный поднялся и обратился к Достопочтенному Сарипутте:",
  "an10.67:8.2": "«Хорошо, хорошо, Сарипутта!",
  "an10.67:8.3": "Сарипутта, в том, кто не имеет веры в [развитие] благих качеств, не имеет чувства стыда [для развития] благих качеств,",
  "an10.67:8.4": "не боится совершения проступка [по отношению к развитию] благих качеств,",
  "an10.67:8.5": "не имеет усилия [для развития] благих качеств,",
  "an10.67:8.6": "не имеет мудрости [для развития] благих качеств, то, будь то день или ночь, в отношении него можно ожидать лишь ухудшения, а не возрастания в благих качествах.",
  "an10.67:8.7": "Подобно тому, как в течение периода убывающей луны, будь то день или ночь, луна пребывает в упадке своего цвета, округлости, сияния – как в диаметре, так и в окружности –",
  "an10.67:8.8": "точно также, в том, кто не имеет веры…",
  "an10.67:8.9": "…а не возрастания в благих качествах.",
  "an10.67:9.1": "Человек не имеет веры, друзья: это – случай упадка.",
  "an10.67:9.2": "Человек не имеет чувства стыда: это – случай упадка.",
  "an10.67:9.3": "Человек не имеет боязни совершить проступок: это – случай упадка.",
  "an10.67:9.4": "Человек ленивый: это – случай упадка.",
  "an10.67:9.5": "Человек немудрый: это – случай упадка.",
  "an10.67:9.6": "Человек злобный: это – случай упадка.",
  "an10.67:9.7": "Человек мстительный: это – случай упадка.",
  "an10.67:9.8": "Человек с порочными желаниями: это – случай упадка.",
  "an10.67:9.9": "Человек с плохими друзьями: это – случай упадка.",
  "an10.67:9.10": "Человек с неправильными воззрениями: это – случай упадка.",
  "an10.67:10.1": "Друзья, в том, кто имеет веру… имеет чувство стыда…",
  "an10.67:10.2": "боится совершения проступка…",
  "an10.67:10.3": "",
  "an10.67:10.4": "имеет мудрость [для развития] благих качеств, то, будь то день или ночь, в отношении него можно ожидать лишь возрастания, а не упадка в благих качествах.",
  "an10.67:10.5": "Подобно тому, как в течение периода возрастающей луны, будь то день или ночь, луна пребывает в росте своего цвета, округлости, сияния – как в диаметре, так и в окружности –",
  "an10.67:10.6": "точно также, в том, кто имеет веру…",
  "an10.67:10.7": "",
  "an10.67:10.8": "",
  "an10.67:10.9": "…а не упадка в благих качествах.",
  "an10.67:11.1": "Человек имеет веру, друзья: это – случай не-упадка.",
  "an10.67:11.2": "Человек имеет чувство стыда: это – случай не-упадка.",
  "an10.67:11.3": "Человек имеет боязнь совершить проступок: это – случай не-упадка.",
  "an10.67:11.4": "Человек усердный: это – случай не-упадка.",
  "an10.67:11.5": "Человек мудрый: это – случай не-упадка.",
  "an10.67:11.6": "Человек не злобный: это – случай не-упадка.",
  "an10.67:11.7": "Человек не мстительный: это – случай не-упадка.",
  "an10.67:11.8": "Человек без порочных желаний: это – случай не-упадка.",
  "an10.67:11.9": "Человек с хорошими друзьями: это – случай не-упадка.",
  "an10.67:11.10": "Человек с правильными воззрениями, Сарипутта: это – случай не-упадка».",
  "an10.67:11.11": "Седьмая."
}