{
 "an10.98:0.1": "Восходящие Наставления 10.98",
 "an10.98:0.2": "Глава Упали",
 "an10.98:0.3": "Сутта Тхера",
 "an10.98:1.1": "«Монахи, обладая этими десятью качествами монах-старец живёт спокойно в любой стороне света.",
 "an10.98:1.2": "Какими десятью?",
 "an10.98:1.3": "Старец уже давно как монах, давно ушёл в бездомную жизнь.",
 "an10.98:1.4": "Он нравственный…",
 "an10.98:1.5": "Он много изучал, помнит то, что учил, накапливает [в своём уме] то, что он изучил…",
 "an10.98:1.6": "Ему были хорошо и в подробностях переданы обе Патимоккхи, [они были] хорошо [им] прояснены, тщательно освоены, хорошо определены в плане правил и их детального разъяснения.",
 "an10.98:1.7": "Он умелый в [знании инцидента] возникновения и [прецедента] разрешения дисциплинарных случаев.",
 "an10.98:1.8": "Он любит Дхамму, одобряет [её] в своих утверждениях, наполнен великой радостью в отношении Дхаммы и Винаи.",
 "an10.98:1.9": "Он довольствуется любым видом одеяния, еды, жилища, лекарств и обеспечения для больных [монахов].",
 "an10.98:1.10": "Он внушает доверие, когда идёт вперёд и возвращается, а также хорошо сдерживает себя, когда сидит среди домов.",
 "an10.98:1.11": "Он достигает по желанию без сложностей и проблем четырёх джхан, что составляют высший ум и являются приятными пребываниями в этой самой жизни.",
 "an10.98:1.12": "За счёт уничтожения умственных загрязнений в этой самой жизни он входит и пребывает в незапятнанном освобождении ума, освобождении мудростью, зная и проявляя эти состояния для себя самостоятельно посредством прямого знания.",
 "an10.98:1.13": "Обладая этими десятью качествами, монах-старец живёт спокойно в любой стороне света».",
 "an10.98:1.14": "Восьмая."
}