{
 "an10.138:0.1": "Восходящие Наставления 10.138",
 "an10.138:0.2": "Глава Садху",
 "an10.138:0.3": "Сутта Дхамма",
 "an10.138:1.1": "Дхамму, монахи, объясню и не-Дхамму.",
 "an10.138:1.2": "Услышьте это…",
 "an10.138:1.3": "«И что такое, монахи, не-Дхамма?",
 "an10.138:1.4": "Ошибочный взгляд… ошибочное освбождение—",
 "an10.138:1.5": "об этом говорится, монахи, не-Дхамма.",
 "an10.138:1.6": "И что такое, монахи, Дхамма?",
 "an10.138:1.7": "Правильный взгляд… правильное освобождение—",
 "an10.138:1.8": "об этом говорится, монахи, Дхамма.",
 "an10.138:1.9": "Пятая."
}