{
 "an10.47:0.1": "Восходящие Наставления 10.47",
 "an10.47:0.2": "Глава Аккоса",
 "an10.47:0.3": "Сутта Махали",
 "an10.47:1.1": "Однажды Благословенный пребывал в Весали в зале с остроконечной крышей в Великом Лесу.",
 "an10.47:1.2": "И тогда Махали из клана Личчхави подошёл к Благословенному, поклонился ему, сел рядом и сказал ему:",
 "an10.47:1.3": "«Почтенный, в чём условие и причина совершения плохой каммы, проистечения плохой каммы?»",
 "an10.47:1.4": "«Махали, корысть-алканье является условием и причиной совершения плохой каммы, проистечения плохой каммы.",
 "an10.47:1.5": "Злоба…",
 "an10.47:1.6": "Заблуждение…",
 "an10.47:1.7": "Немудрое внимание…",
 "an10.47:1.8": "Неправильно направленный ум является условием и причиной совершения плохой каммы, проистечения плохой каммы.",
 "an10.47:1.9": "Таково условие и причина для совершения плохой каммы, проистечения плохой каммы».",
 "an10.47:2.1": "«Почтенный, в чём условие и причина совершения благой каммы, проистечения благой каммы?»",
 "an10.47:2.2": "«Махали, бес-корыстие-не-алканье является условием и причиной совершения благой каммы, проистечения благой каммы.",
 "an10.47:2.3": "Не-злоба…",
 "an10.47:2.4": "Не-заблуждение…",
 "an10.47:2.5": "Мудрое внимание…",
 "an10.47:2.6": "Правильно направленный ум является условием и причиной совершения благой каммы, проистечения благой каммы.",
 "an10.47:2.7": "Таково условие и причина для совершения благой каммы, проистечения благой каммы.",
 "an10.47:2.8": "Если, Махали, этих десяти качеств не было бы в мире, то нельзя было бы увидеть [в мире] неправедного поведения, поведения, противоположного Дхамме; а также праведного поведения, поведения, свойственного Дхамме.",
 "an10.47:2.9": "Но поскольку эти десять качеств существуют в мире, то можно увидеть неправедное поведение, поведение, противоположное Дхамме; а также праведное поведение, поведение, свойственное Дхамме».",
 "an10.47:2.10": "Седьмая."
}