{
 "an10.144:0.1": "Восходящие Наставления 10.144",
 "an10.144:0.2": "Глава Садху",
 "an10.144:0.3": "Сутта Болезненное Созревание",
 "an10.144:1.1": "Болезненное созревание, монахи, объясню и приятное созревание.",
 "an10.144:1.2": "Услышьте это…",
 "an10.144:1.3": "«И что такое, монахи, болезненное созревание?",
 "an10.144:1.4": "Ошибочный взгляд… ошибочное освбождение—",
 "an10.144:1.5": "об этом говорится, монахи, болезненное созревание.",
 "an10.144:1.6": "И что такое, монахи, приятное созревание?",
 "an10.144:1.7": "Правильный взгляд… правильное освобождение—",
 "an10.144:1.8": "об этом говорится, монахи, приятное созревание.",
 "an10.144:1.9": "Одниннадцатая.",
 "an10.144:1.10": "Глава Садху Четвёртая."
}