{
  "an10.64:0.1": "Восходящие Наставления 10.64",
  "an10.64:0.2": "Глава Ямака",
  "an10.64:0.3": "Сутта Непоколебимый",
  "an10.64:1.1": "«Монахи, те, кто обладают непоколебимой уверенностью по отношению ко мне, являются вступившими в поток.",
  "an10.64:1.2": "Из этих вступивших в поток пятеро достигают цели в этом мире и пятеро достигают цели, покинув этот мир.",
  "an10.64:1.3": "И кто эти пятеро, которые достигают цели в этом мире?",
  "an10.64:1.4": "Достигающий-за-семь-жизней-максимум, Идущий-из-семьи-в-семью, Восходящий-лишь-один-раз, Однажды-возвращающийся, И тот, кто уже в этой самой жизни – арахант.",
  "an10.64:1.5": "Эти пятеро достигают цели в этом мире.",
  "an10.64:1.6": "И кто эти пятеро, которые достигают цели, покинув этот мир?",
  "an10.64:1.7": "Достигающий ниббаны в промежутке, Достигающий ниббаны по приземлении, Достигающий ниббаны без усилия, Достигающий ниббаны с усилием, Направляющийся вверх к [высшему] миру [Чистых Обителей] Аканиттхе.",
  "an10.64:1.8": "Эти пятеро достигают цели, покинув этот мир.",
  "an10.64:1.9": "«Все те, монахи, кто обладают непоколебимой уверенностью по отношению ко мне, являются вступившими в поток.",
  "an10.64:1.10": "Из этих вступивших в поток, первые пятеро достигают цели в этом мире, а последние пятеро достигают цели, покинув этот мир».",
  "an10.64:1.11": "Четвёртая."
}