{
 "an10.149:0.1": "Восходящие Наставления 10.149",
 "an10.149:0.2": "Глава Ария",
 "an10.149:0.3": "Сутта Должно быть поднято",
 "an10.149:1.1": "Которое нужно поднять, монахи, явление объясню и, которое не нужно",
 "an10.149:1.2": "поднимать. Услышьте это…",
 "an10.149:1.3": "«И что такое, монахи, явление, которое не нужно поднимать?",
 "an10.149:1.4": "Ошибочный взгляд… ошибочное освбождение—",
 "an10.149:1.5": "об этом говорится, монахи, явление, которое не нужно поднимать.",
 "an10.149:1.6": "И что такое, монахи, явление, которое нужно поднять?",
 "an10.149:1.7": "Правильный взгляд… правильное освобождение—",
 "an10.149:1.8": "об этом говорится, монахи, которое нужно поднять.",
 "an10.149:1.9": "Пятая."
}