{
  "an10.51:0.1": "Восходящие Наставления 10.51",
  "an10.51:0.2": "Глава Сачитта",
  "an10.51:0.3": "Сутта Свой собственный ум",
  "an10.51:1.1": "Я слышал, что однажды Благословенный пребывал рядом с Саваттхи в роще Джеты в монастыре Анатхапиндики.",
  "an10.51:1.2": "Там он обратился к монахам:",
  "an10.51:1.3": "«Монахи!»",
  "an10.51:1.4": "«Да, достопочтенный» – ответили монахи.",
  "an10.51:1.5": "Благословенный сказал:",
  "an10.51:2.1": "«Даже если монах не обладает умением [видеть] направления умов других, он должен тренировать себя так:",
  "an10.51:2.2": "«Я буду обладать умением в чтении своего собственного ума».",
  "an10.51:3.1": "И каким образом монах обладает умением в чтении своего собственного ума?",
  "an10.51:3.2": "Представьте молодого человека, или девушку – которой нравится красота, которая изучает отражение своего лица в ярком чистом зеркале или в чаше с чистой водой. Если она увидит грязь или пятно, она попытается устранить его.",
  "an10.51:3.3": "Если она не увидит ни грязи, ни пятна, она будет довольна, её намерения будут исполнены:",
  "an10.51:3.4": "«О, как я счастлива! Как я чиста!».",
  "an10.51:3.5": "Точно также, когда монах изучает сам себя, то это очень полезно в отношении [развития] умелых качеств:",
  "an10.51:3.6": "«Я обычно жаден, или нет? Думаю со злобой, или нет? Одолеваем ли ленью и сонливостью, или нет? Беспокойный ли я, или нет? Неуверенный, или же одолел сомнения? Злой или нет? С грязными мыслями или не с грязными? Моё тело возбуждено или нет? Ленив ли я, или усерден? Сосредоточен ли, или же нет?».",
  "an10.51:4.1": "Если, исследуя самого себя, монах знает:",
  "an10.51:4.2": "«Я обычно жадный, с недоброжелательными мыслями, одолеваем ленью и сонливостью, беспокойный, неуверенный, злобный, с грязными мыслями, с возбуждённым телом, ленивый, несосредоточенный» – то тогда он должен приложить дополнительное желание, усилие, прилежание, старание, неутомимость, осознанность и бдительность в отношении отбрасывания этих самых порочных, неумелых качеств.",
  "an10.51:4.3": "Подобно тому, как если бы на голове человека загорелся тюрбан, и он стал прилагать бы ещё больше желания, усилия, прилежания, старания, неутомимости, осознанности и бдительности к тому, чтобы потушить огонь на своём тюрбане или на голове –",
  "an10.51:4.4": "точно также и монах должен приложить дополнительное желание, усилие, прилежание, старание, неутомимость, осознанность и бдительность в отношении отбрасывания этих самых порочных, неумелых качеств.",
  "an10.51:5.1": "Но, если исследуя самого себя, монах знает:",
  "an10.51:5.2": "«Я обычно не жаден, без недоброжелательных мыслей, не одолеваем ленью и сонливостью, не обеспокоен, отбросил сомнения, не злой, без грязных мыслей, не возбуждён телом, пребываю с зарождённым усердием и в сосредоточении» – то тогда его обязанность заключается в том, чтобы приложить ещё больше усилий в утверждении этих самых умелых качеств, [чтобы развить их] до ещё большей степени ради [окончательного] уничтожения загрязнений [ума]».",
  "an10.51:5.3": "Первая."
}