{
 "an10.139:0.1": "Восходящие Наставления 10.139",
 "an10.139:0.2": "Глава Садху",
 "an10.139:0.3": "Сутта Загрязненное",
 "an10.139:1.1": "Загрязненное, монахи, явление объясню и не-загрязненное.",
 "an10.139:1.2": "Услышьте это…",
 "an10.139:1.3": "«И что такое, монахи, загрязнённное явление?",
 "an10.139:1.4": "Ошибочный взгляд… ошибочное освбождение—",
 "an10.139:1.5": "об этом говорится, монахи, загрязнённое явление.",
 "an10.139:1.6": "И что такое, монахи, не-загрязненное явление?",
 "an10.139:1.7": "Правильный взгляд… правильное освобождение—",
 "an10.139:1.8": "об этом говорится, монахи, не-загрязненное явление.",
 "an10.139:1.9": "Шестая."
}