{
  "an10.126:0.1": "Восходящие Наставления 10.126",
  "an10.126:0.2": "Глава Парисуддха",
  "an10.126:0.3": "Сутта Четвёртая",
  "an10.126:1.1": "«Монахи, эти десять вещей завершаются в устранении жажды, злобы и заблуждения нигде более, кроме как в дисциплине Счастливого.",
  "an10.126:1.2": "Какие десять?",
  "an10.126:1.3": "Правильный взгляд, правильное намерение-заготовка, правильная речь, правильные действия, правильный быт, правильное старание, правильное памятование, правильное объединение опыта, правильное знание, правильное освобождение.",
  "an10.126:1.4": "Монахи, эти десять вещей завершаются в устранении жажды, злобы и заблуждения нигде более, кроме как в дисциплине Счастливого».",
  "an10.126:1.5": "Четвёртая."
}