{
  "an10.221:0.1": "Восходящие Наставления 10.221",
  "an10.221:0.2": "Глава Саманнья ",
  "an10.221:0.3": "",
  "an10.221:1.1": "«Монахи, обладая десятью качествами, [после смерти] некий человек оказывается в аду, как если бы его туда затянули [силой]. ",
  "an10.221:1.2": "Какими десятью? ",
  "an10.221:1.3": "Он уничтожает жизнь, берёт то, что не дано, пускается в неблагое сексуальное поведение, лжёт, своей речью сеет распри, грубит, пустословит, полон жажды, имеет недоброжелательный ум и придерживается неправильных воззрений. ",
  "an10.221:1.4": "Обладая этими десятью качествами, [после смерти] некий человек оказывается в аду, как если бы его туда затянули [силой]. ",
  "an10.221:2.1": "Обладая десятью качествами, [после смерти] некий человек оказывается в небесном мире, как если бы его туда затянули [силой]. ",
  "an10.221:2.2": "Какими десятью? ",
  "an10.221:2.3": "Он воздерживается от уничтожения жизни… воздерживается от пустой болтовни, не имеет жажды, доброжелательный, придерживается правильных воззрений. ",
  "an10.221:2.4": "Обладая этими десятью качествами, [после смерти] некий человек оказывается в небесном мире, как если бы его туда затянули [силой]»"
}