{
  "an10.155:0.1": "Восходящие Наставления 10.155",
  "an10.155:0.2": "Глава Пуггала ",
  "an10.155:0.3": "Сутта Общаться ",
  "an10.155:1.1": "«Монахи, не стоит общаться с тем, кто наделён этими десятью качествами. ",
  "an10.155:1.2": "Какими десятью? ",
  "an10.155:1.3": "С тем у кого ошибочный взгляд… ошибочное освбождение. ",
  "an10.155:1.4": "Не стоит общаться с тем, кто наделён этими десятью качествами. ",
  "an10.155:2.1": "Монахи, стоит общаться с тем, кто наделён этими десятью качествами. ",
  "an10.155:2.2": "Какими десятью? ",
  "an10.155:2.3": "С тем у кого правильный взгляд, правильное намерение-заготовка, правильная речь, правильные действия, правильные быт, правильное старание, правильное памятование, правильное объединение опыта, правильное знание, правильное освобождение. ",
  "an10.155:2.4": "Стоит общаться с тем, кто наделён этими десятью качествами»."
}