{
  "an1.71:0.1": "Ангуттара Никая 1.71–81 ",
  "an1.71:0.2": "8. Глава о доброй дружбе ",
  "an1.71:1.0": "71 ",
  "an1.71:1.1": "“Монахи, я не вижу ни одной другой вещи помимо дружбы с хорошими людьми, которая была бы настолько [существенной] причиной того, что невозникшие благие качества возникают, а возникшие неблагие качества уменьшаются. ",
  "an1.71:1.2": "У того, кто дружит с хорошими людьми, невозникшие благие качества возникают, а возникшие неблагие качества уменьшаются”. ",
  "an1.72:1.0": "72 ",
  "an1.72:1.1": "“Монахи, я не вижу ни одной другой вещи помимо стремления к неблагим качествам и не-стремления к благим качествам, которая была бы настолько [существенной] причиной того, что невозникшие неблагие качества возникают, а возникшие благие качества уменьшаются. ",
  "an1.72:1.2": "Посредством стремления к неблагим качествам и не-стремления к благим качествам невозникшие неблагие качества возникают, а возникшие благие качества уменьшаются”. ",
  "an1.73:1.0": "73 ",
  "an1.73:1.1": "“Монахи, я не вижу ни одной другой вещи помимо стремления к благим качествам и не-стремления к неблагим качествам, которая была бы настолько [существенной] причиной того, что невозникшие благие качества возникают, а возникшие неблагие качества уменьшаются.  ",
  "an1.73:1.2": "Посредством стремления к благим качествам и не-стремления к неблагим качествам невозникшие благие качества возникают, а возникшие неблагие качества уменьшаются”. ",
  "an1.74:1.0": "74 ",
  "an1.74:1.1": "“Монахи, я не вижу ни одной другой вещи помимо немудрого внимания, которая была бы настолько [существенной] причиной того, что невозникшие факторы просветления не возникают, а возникшие факторы просветления не достигают осуществления посредством развития. ",
  "an1.74:1.2": "У того, кто немудро направляет внимание, невозникшие факторы просветления не возникают, а возникшие факторы просветления не достигают осуществления посредством развития”. ",
  "an1.75:1.0": "75 ",
  "an1.75:1.1": "“Монахи, я не вижу ни одной другой вещи помимо мудрого внимания, которая была бы настолько [существенной] причиной того, что невозникшие факторы просветления возникают, а возникшие факторы просветления достигают осуществления посредством развития. ",
  "an1.75:1.2": "У того, кто мудро направляет внимание, невозникшие факторы просветления возникают, а возникшие факторы просветления достигают осуществления посредством развития”. ",
  "an1.76:1.0": "76 ",
  "an1.76:1.1": "[Благословенный сказал]: “Незначительна, монахи, утрата родных. ",
  "an1.76:1.2": "Худшая вещь – это утратить мудрость”. ",
  "an1.77:1.0": "77 ",
  "an1.77:1.1": "“Незначительно, монахи, увеличение родственников. ",
  "an1.77:1.2": "Лучшая вещь – это возрасти в мудрости. ",
  "an1.77:1.3": "Поэтому, монахи, вот как вы должны тренировать себя: ",
  "an1.77:1.4": "“Мы будем возрастать в мудрости”. ",
  "an1.77:1.5": "Вот каким образом вы должны тренировать себя”. ",
  "an1.78:1.0": "78 ",
  "an1.78:1.1": "“Незначительна, монахи, утрата богатства. ",
  "an1.78:1.2": "Худшая вещь – это утратить мудрость”.",
  "an1.79:1.0": "79 ",
  "an1.79:1.1": "“Незначительно, монахи, возрастание богатства. ",
  "an1.79:1.2": "Лучшая вещь – это возрасти в мудрости. ",
  "an1.79:1.3": "Поэтому, монахи, вот как вы должны тренировать себя: ",
  "an1.79:1.4": "“Мы будем возрастать в мудрости”. ",
  "an1.79:1.5": "Вот каким образом вы должны тренировать себя”. ",
  "an1.80:1.0": "80 ",
  "an1.80:1.1": "“Незначительна, монахи, утрата славы.",
  "an1.80:1.2": "Худшая вещь – это утратить мудрость”. ",
  "an1.81:1.0": "81 ",
  "an1.81:1.1": "“Незначительно, монахи, возрастание славы. ",
  "an1.81:1.2": "Лучшая вещь – это возрасти в мудрости. ",
  "an1.81:1.3": "Поэтому, монахи, вот как вы должны тренировать себя: ",
  "an1.81:1.4": "“Мы будем возрастать в мудрости”. ",
  "an1.81:1.5": "Вот каким образом вы должны тренировать себя”. "
}