{
  "an1.278:0.1": "Восходящие Наставления 1.278-286",
  "an1.278:0.2": "Глава Вторая",
  "an1.278:1.0": "1",
  "an1.278:1.1": "“Монахи, не может быть такого, немыслимо, чтобы два царя-миродержца возникли бы в одно время в одной мировой системе.Нет такой возможности. ",
  "an1.278:1.2": "Но может быть так, что один царь-миродержец возникнет в одной мировой системе. Есть такая возможность”. ",
  "an1.279:1.0": "2",
  "an1.279:1.1": "…немыслимо, чтобы женщина могла бы быть арахантом, Полностью Просветлённым Буддой… ",
  "an1.279:1.2": "мужчина может быть арахантом, Полностью Просветлённым Буддой.",
  "an1.280:1.0": "3",
  "an1.280:1.1": "…немыслимо, чтобы женщина могла бы быть царём-миродержцем… ",
  "an1.280:1.2": "мужчина может…",
  "an1.281-283:1.0": "4-6",
  "an1.281-283:1.1": "…немыслимо, чтобы женщина могла бы занимать положение Сакки… Мары… Брахмы…",
  "an1.281-283:1.2": "мужчина может…",
  "an1.284:1.0": "7",
  "an1.284:1.1": "“Монахи, не может быть такого, немыслимо, чтобы желаемый, желанный, приятный результат мог бы произойти из неблагого телесного поведения. Нет такой возможности. ",
  "an1.284:1.2": "Но может быть так, что нежелательный, нежеланный, неприятный результат произойдёт из неблагого телесного поведения. Есть такая возможность”.",
  "an1.285-286:1.0": "8-10",
  "an1.285-286:1.1": "из словесного неблагого поведения… умственного неблагого поведения",
  "an1.285-286:1.2": "из словесного неблагого поведения… умственного неблагого поведения",
  "an1.285-286:1.3": "Глава Вторая."
}