{
  "sn35.241:0.1": "Связанные Наставления 35.241",
  "sn35.241:0.2": "Глава Асивиса",
  "sn35.241:0.3": "Сутта Подобно Стволу Дерева Первая",
  "sn35.241:1.1": "Однажды Благословенный пребывал в Косамби на берегу реки Ганг. ",
  "sn35.241:1.2": "Там Благословенный увидел большое бревно, проносящееся мимо течением реки Ганг. ",
  "sn35.241:1.3": "И тогда он обратился к монахам так: ",
  "sn35.241:1.4": "«Монахи, видите ли вы это большое бревно, проносящееся мимо течением реки Ганг?»",
  "sn35.241:1.5": "«Да, Учитель».",
  "sn35.241:1.6": "«Если, монахи, это бревно не устремится к ближнему берегу, если оно не устремится к дальнему берегу, если не утонет посреди реки, если его не выбросит на твёрдую землю, если его не поймают человеческие существа, если его не поймают нечеловеческие существа, если его не утянет в водоворот, если оно не прогниёт изнутри, ",
  "sn35.241:1.7": "то оно будет направляться, склоняться, устремляться к океану. ",
  "sn35.241:1.8": "И почему? ",
  "sn35.241:1.9": "Потому что течение реки Ганг направляется, склоняется, устремляется к океану.",
  "sn35.241:2.1": "Точно также, монахи, если вы не будете устремляться к ближнему берегу, не будете устремляться к дальнему берегу, ",
  "sn35.241:2.2": "не утонете посреди реки, если вас не выбросит на твёрдую землю, если вас не поймают человеческие существа, если вас не поймают нечеловеческие существа, если вас не утянет в водоворот, если вы не прогниёте изнутри, ",
  "sn35.241:2.3": "то вы будете направляться, склоняться, устремляться к ниббане. ",
  "sn35.241:2.4": "Почему? ",
  "sn35.241:2.5": "Потому что правильное воззрение направляется, склоняется, устремляется к ниббане.",
  "sn35.241:2.6": "Когда так было сказано, один монах спросил Благословенного: ",
  "sn35.241:2.7": "«Но, Учитель, что такое ближний берег? Что такое дальний берег? …что такое внутреннее гниение?»",
  "sn35.241:3.1": "«Ближний берег», монах – это обозначение шести внутренних сфер чувств. ",
  "sn35.241:3.2": "«Дальний берег» – это обозначение шести внешних сфер чувств. ",
  "sn35.241:3.3": "«Утонуть посреди реки – это обозначение наслаждения и жажды. ",
  "sn35.241:3.4": "Выброситься на твёрдую землю – это обозначение самомнения «я».",
  "sn35.241:4.1": "И что такое, монах, быть пойманным человеческими существами? ",
  "sn35.241:4.2": "Вот кто-либо живёт в общении с мирянами. Он радуется вместе с ними, грустит вместе с ними. Он счастлив, когда счастливы они, и опечален, когда опечалены они. Он вовлекается в различные их дела и обязанности. ",
  "sn35.241:4.3": "Вот что означает быть пойманным человеческими существами.",
  "sn35.241:5.1": "И что такое, монах, быть пойманным нечеловеческими существами? ",
  "sn35.241:5.2": "Вот кто-либо ведёт святую жизнь с целью [переродиться] среди той или иной группы божеств, думая так: «Благодаря этой нравственности, или обету, или аскезе, или святой жизни я стану божеством или одним среди божеств». ",
  "sn35.241:5.3": "Вот что означает быть пойманным нечеловеческими существами.",
  "sn35.241:5.4": "«Быть утянутым в водоворот» – это, монах, обозначение пяти нитей чувственного удовольствия.",
  "sn35.241:6.1": "И что такое, монах, внутреннее гниение? ",
  "sn35.241:6.2": "Вот кто-либо безнравственен, обладает порочным характером, он нечист и сомнителен в своём поведении, скрытничает в своих поступках, не является отшельником, хотя заявляет о себе как таковом, не ведёт целомудренную жизнь, хотя заявляет о себе как таковом, внутренне прогнивший, испорченный, развращённый. ",
  "sn35.241:6.3": "Это называется внутренним гниением».",
  "sn35.241:7.1": "И в тот момент пастух Нанда стоял рядом с Благословенным. ",
  "sn35.241:7.2": "И тогда он сказал Благословенному: ",
  "sn35.241:7.3": "«Господин, я не буду устремляться к ближнему берегу, не буду устремляться к дальнему берегу, не утону посреди реки, меня не выбросит на твёрдую землю, меня не поймают человеческие существа, меня не поймают нечеловеческие существа, меня не утянет в водоворот, я не прогнию изнутри. ",
  "sn35.241:7.4": "Могу ли я получить младшее [монашеское] посвящение под [учительством] Благословенного, могу ли я получить высшее посвящение?»",
  "sn35.241:7.5": "«В таком случае, Нанда, верни коров их владельцам».",
  "sn35.241:7.6": "«Коровы дойдут обратно сами по себе, Господин, из-за привязанности к своим телятам».",
  "sn35.241:7.7": "«Верни коров их владельцам, Нанда».",
  "sn35.241:7.8": "И тогда пастух Нанда вернул коров их владельцам, пришёл обратно к Благословенному и сказал: ",
  "sn35.241:7.9": "«Коровы возвращены их владельцам, Господин. ",
  "sn35.241:7.10": "Могу ли я получить младшее [монашеское] посвящение под [учительством] Благословенного, могу ли я получить высшее посвящение?»",
  "sn35.241:7.11": "И тогда пастух Нанда получил младшее [монашеское] посвящение под [учительством] Благословенного и получил высшее посвящение. ",
  "sn35.241:7.12": "И вскоре после получения высшего посвящения, пребывая в уединении прилежным…",
  "sn35.241:7.13": "Так Достопочтенный Нанда стал одним из арахантов.",
  "sn35.241:7.14": "Четвёртая."
}