{
  "sn35.95:0.1": "Связанные Наставления 35.95",
  "sn35.95:0.2": "Глава Сала",
  "sn35.95:0.3": "Сутта Малукьяпутта",
  "sn35.95:1.1": "И тогда Достопочтенный Малункьяпутта подошёл к Благословенному, поклонился ему, сел рядом и сказал: ",
  "sn35.95:1.2": "«Учитель, было бы хорошо, если бы Благословенный вкратце научил бы меня Дхамме так, чтобы я пребывал бы один, в уединении, будучи прилежным, старательным, решительным».",
  "sn35.95:2.1": "«И что же, Малункьяпутта, в таком случае я скажу молодым монахам, когда такой монах как ты – ",
  "sn35.95:2.2": "старый, пожилой, отягощённый годами, много проживший, чьи дни подходят к концу – просит меня о кратком наставлении?»",
  "sn35.95:3.1": "«Учитель, хоть я и старый, пожилой, отягощён годами, много прожил, и дни мои подходят к концу, пусть, всё же, ",
  "sn35.95:3.2": "Благословенный научит меня Дхамме вкратце. Быть может, я смогу понять смысл сказанного Благословенным. Быть может, я стану преемником утверждения Благословенного».",
  "sn35.95:4.1": "«Как ты думаешь, Малункьяпутта, ",
  "sn35.95:4.2": "есть ли у тебя какое-либо желание, жажда или влечение к тем формам, познаваемым глазом, которых ты не видел, никогда не видел прежде, не видишь [сейчас], и не считаешь, что сможешь их увидеть?»2",
  "sn35.95:4.3": "«Нет, Учитель».",
  "sn35.95:5.1": "«Есть ли у тебя какое-либо желание, жажда или влечение к тем звукам… ",
  "sn35.95:5.2": "«Нет, Учитель».",
  "sn35.95:6.1": "запахам… ",
  "sn35.95:6.2": "«Нет, Учитель».",
  "sn35.95:7.1": "вкусам… ",
  "sn35.95:7.2": "«Нет, Учитель».",
  "sn35.95:8.1": "тактильным ощущениям… ",
  "sn35.95:8.2": "«Нет, Учитель».",
  "sn35.95:9.1": "ментальным феноменам, познаваемым умом, которых ты никогда не познавал, никогда не познавал прежде, не познаёшь [сейчас], и не считаешь, что сможешь их познать?»",
  "sn35.95:9.2": "«Нет, Учитель».",
  "sn35.95:10.1": "«Так вот, Малункьяпутта, что касается того, что ты видел, слышал, ощущал и познавал: в видимом будет всего лишь видимое; в слышимом будет всего лишь слышимое; в ощущаемом будет всего лишь ощущаемое; в познаваемом будет всего лишь познаваемое.",
  "sn35.95:10.2": "Когда, Малункьяпутта, в отношении того, что ты видел, слышал, ощущал и познавал, в видимом будет всего лишь видимое; в слышимом будет всего лишь слышимое; в ощущаемом будет всего лишь ощущаемое; в познаваемом будет всего лишь познаваемое, то тогда, ",
  "sn35.95:10.3": "Малункьяпутта, ты не будешь «с этим». ",
  "sn35.95:10.4": "Когда, Малункьяпутта, ты не будешь «с этим», ",
  "sn35.95:10.5": "то ты не будешь «в этом». ",
  "sn35.95:10.6": "Когда, Малункьяпутта, ты не будешь «в этом», ",
  "sn35.95:10.7": "то ты не будешь ни здесь, ни там, ни между ними. ",
  "sn35.95:10.8": "Это и есть окончание страданий».",
  "sn35.95:11.1": "«Учитель, вот как я понимаю в подробностях значение того, о чём сказал Благословенный кратко:",
  "sn35.95:12.1": "«С осознанностью затуманенной увидев форму,",
  "sn35.95:12.2": "И вовлекаясь в образ, что приятен,",
  "sn35.95:12.3": "Переживает это он с сознанием очарованным,",
  "sn35.95:12.4": "И продолжает крепко это он удерживать.",
  "sn35.95:13.1": "Многие чувства разрастаются внутри,",
  "sn35.95:13.2": "Происходя из формы познаваемой,",
  "sn35.95:13.3": "А вместе с ними раздражение и жажда следуют,",
  "sn35.95:13.4": "Из-за которых ум становится взволнованным.",
  "sn35.95:13.5": "И про того, кто копит так страдание,",
  "sn35.95:13.6": "Говорят так: ниббана далеко.",
  "sn35.95:14.1": "С осознанностью затуманенной услышав звук…",
  "sn35.95:14.2": "",
  "sn35.95:14.3": "",
  "sn35.95:14.4": "",
  "sn35.95:15.1": "",
  "sn35.95:15.2": "",
  "sn35.95:15.3": "",
  "sn35.95:15.4": "",
  "sn35.95:15.5": "",
  "sn35.95:15.6": "",
  "sn35.95:16.1": "С осознанностью затуманенной учуяв запах…",
  "sn35.95:16.2": "",
  "sn35.95:16.3": "",
  "sn35.95:16.4": "",
  "sn35.95:17.1": "",
  "sn35.95:17.2": "",
  "sn35.95:17.3": "",
  "sn35.95:17.4": "",
  "sn35.95:17.5": "",
  "sn35.95:17.6": "",
  "sn35.95:18.1": "С осознанностью затуманенной ощутив вкус…",
  "sn35.95:18.2": "",
  "sn35.95:18.3": "",
  "sn35.95:18.4": "",
  "sn35.95:19.1": "",
  "sn35.95:19.2": "",
  "sn35.95:19.3": "",
  "sn35.95:19.4": "",
  "sn35.95:19.5": "",
  "sn35.95:19.6": "",
  "sn35.95:20.1": "С осознанностью затуманенной почувствовав контакт…",
  "sn35.95:20.2": "",
  "sn35.95:20.3": "",
  "sn35.95:20.4": "",
  "sn35.95:21.1": "",
  "sn35.95:21.2": "",
  "sn35.95:21.3": "",
  "sn35.95:21.4": "",
  "sn35.95:21.5": "",
  "sn35.95:21.6": "",
  "sn35.95:22.1": "С осознанностью затуманенной познав ума объект,",
  "sn35.95:22.2": "И вовлекаясь в образ, что приятен,",
  "sn35.95:22.3": "Переживает это он с сознанием очарованным,",
  "sn35.95:22.4": "И продолжает крепко это он удерживать.",
  "sn35.95:23.1": "Многие чувства разрастаются внутри,",
  "sn35.95:23.2": "Что из ментального объекта происходят,",
  "sn35.95:23.3": "А вместе с ними раздражение и жажда следуют,",
  "sn35.95:23.4": "Из-за которых ум становится взволнованным.",
  "sn35.95:23.5": "И про того, кто копит так страдание,",
  "sn35.95:23.6": "Говорят так: ниббана далеко.",
  "sn35.95:24.1": "Но кто с осознанностью прочной видит форму,",
  "sn35.95:24.2": "Влечением к формам тот не полыхает,",
  "sn35.95:24.3": "Переживает это с беспристрастным он умом,",
  "sn35.95:24.4": "Не продолжает крепко он удерживать.",
  "sn35.95:25.1": "И столь осознанным живёт он так,",
  "sn35.95:25.2": "Что даже если видит форму он,",
  "sn35.95:25.3": "И даже если он испытывает чувство,",
  "sn35.95:25.4": "[То загрязнения] уходят, а не копятся,",
  "sn35.95:25.5": "И про того, кто разрушает так страдание,",
  "sn35.95:25.6": "Говорят так, что близок он к ниббане.",
  "sn35.95:26.1": "Но кто с осознанностью прочной слышит звуки…",
  "sn35.95:26.2": "",
  "sn35.95:26.3": "",
  "sn35.95:26.4": "",
  "sn35.95:27.1": "",
  "sn35.95:27.2": "",
  "sn35.95:27.3": "",
  "sn35.95:27.4": "",
  "sn35.95:27.5": "",
  "sn35.95:27.6": "",
  "sn35.95:28.1": "Но кто с осознанностью прочной чует запах…",
  "sn35.95:28.2": "",
  "sn35.95:28.3": "",
  "sn35.95:28.4": "",
  "sn35.95:29.1": "",
  "sn35.95:29.2": "",
  "sn35.95:29.3": "",
  "sn35.95:29.4": "",
  "sn35.95:29.5": "",
  "sn35.95:29.6": "",
  "sn35.95:30.1": "Но кто с осознанностью прочной ощущает вкус…",
  "sn35.95:30.2": "",
  "sn35.95:30.3": "",
  "sn35.95:30.4": "",
  "sn35.95:31.1": "",
  "sn35.95:31.2": "",
  "sn35.95:31.3": "",
  "sn35.95:31.4": "",
  "sn35.95:31.5": "",
  "sn35.95:31.6": "",
  "sn35.95:32.1": "Но кто с осознанностью прочной чувствует контакт…",
  "sn35.95:32.2": "",
  "sn35.95:32.3": "",
  "sn35.95:32.4": "",
  "sn35.95:33.1": "",
  "sn35.95:33.2": "",
  "sn35.95:33.3": "",
  "sn35.95:33.4": "",
  "sn35.95:33.5": "",
  "sn35.95:33.6": "",
  "sn35.95:34.1": "Но кто с осознанностью прочной познаёт ума объект,",
  "sn35.95:34.2": "Тот не сгорает в жажде к умственным объектам,",
  "sn35.95:34.3": "Переживает это с беспристрастным он умом,",
  "sn35.95:34.4": "Не продолжает крепко он удерживать.",
  "sn35.95:35.1": "И столь осознанным живёт он так,",
  "sn35.95:35.2": "Что даже если познаёт ума объект,",
  "sn35.95:35.3": "И даже если он испытывает чувство,",
  "sn35.95:35.4": "[То загрязнения] уходят, а не копятся,",
  "sn35.95:35.5": "И про того, кто разрушает так страдание,",
  "sn35.95:35.6": "Говорят так, что близок он к ниббане».",
  "sn35.95:36.1": "Вот так, Учитель, я понимаю в подробностях значение того, о чём сказал Благословенный кратко».",
  "sn35.95:36.2": "«Хорошо, хорошо, Малункьяпутта! ",
  "sn35.95:36.3": "Хорошо что ты так понимаешь в подробностях значение того, о чём я сказал кратко… ",
  "sn35.95:37.1": "",
  "sn35.95:37.2": "",
  "sn35.95:37.3": "",
  "sn35.95:37.4": "",
  "sn35.95:38.1": "",
  "sn35.95:38.2": "",
  "sn35.95:38.3": "",
  "sn35.95:38.4": "",
  "sn35.95:38.5": "",
  "sn35.95:38.6": "",
  "sn35.95:38.7": "",
  "sn35.95:39.1": "",
  "sn35.95:39.2": "",
  "sn35.95:39.3": "",
  "sn35.95:39.4": "",
  "sn35.95:40.1": "",
  "sn35.95:40.2": "",
  "sn35.95:40.3": "",
  "sn35.95:40.4": "",
  "sn35.95:40.5": "",
  "sn35.95:40.6": "",
  "sn35.95:41.1": "…Вот так, Малункьяпутта, следует понимать в подробностях значение того, о чём я сказал кратко».",
  "sn35.95:42.1": "И тогда Достопочтенный Малункьяпутта, восхитившись и возрадовавшись словам Благословенного, поднялся со своего сиденья, поклонился Благословенному и ушёл, обойдя его с правой стороны. ",
  "sn35.95:42.2": "И затем, пребывая в уединении прилежным, старательным, решительным, Достопочтенный Малункьяпутта, реализовав это для себя посредством прямого знания, здесь и сейчас вошёл и пребывал в высочайшей цели святой жизни, ради которой представители клана праведно оставляют жизнь домохозяина и ведут жизнь бездомную. ",
  "sn35.95:42.3": "Он напрямую познал: «Рождение уничтожено, святая жизнь прожита, сделано то, что следовало сделать, не будет более возвращения в какое-либо состояние существования». ",
  "sn35.95:42.4": "Так Достопочтенный Малункьяпутта стал одним из арахантов.",
  "sn35.95:42.5": "Вторая."
}