{
  "sn35.116:0.1": "Связанные Наставления 35.116",
  "sn35.116:0.2": "Глава Локакамагуна",
  "sn35.116:0.3": "Сутта Локантагамана",
  "sn35.116:1.1": "«Монахи, я утверждаю, что нельзя познать, увидеть [край мира], или дойти до края мира посредством передвижения. ",
  "sn35.116:1.2": "Но, всё же, монахи, я также утверждаю, что, не дойдя до края мира, нельзя положить конец страданиям».",
  "sn35.116:1.3": "Сказав так, Благословенный поднялся со своего сиденья и ушёл в своё жилище. ",
  "sn35.116:1.4": "И вскоре после того как Благословенный ушёл, монахи стали обсуждать: ",
  "sn35.116:1.5": "«Итак, друзья, Благословенный поднялся со своего сиденья и ушёл в своё жилище, продекламировав краткое утверждение, но не дав детального разъяснения:",
  "sn35.116:1.6": "«Монахи, я утверждаю, что нельзя познать, увидеть [край мира], или дойти до края мира посредством передвижения. ",
  "sn35.116:1.7": "Но, всё же, монахи, я также утверждаю, что, не дойдя до края мира, нельзя положить конец страданиям».",
  "sn35.116:1.8": "Кто же сможет разъяснить значение этого краткого утверждения, которое Благословенный продекламировал вкратце?» ",
  "sn35.116:2.1": "И затем они подумали: ",
  "sn35.116:2.2": "«Достопочтенный Ананда восхваляем Учителем и почитаем его мудрыми братьями по святой жизни. ",
  "sn35.116:2.3": "Достопочтенный Ананда сможет детально разъяснить значение этого краткого утверждения, которое вкратце было продекламировано Благословенным без детального разъяснения. ",
  "sn35.116:2.4": "Что если мы отправимся к нему и спросим его о значении этого?»",
  "sn35.116:3.1": "И тогда те монахи отправились к Достопочтенному Ананде и обменялись с ним вежливыми приветствиями, ",
  "sn35.116:3.2": "после чего они сели рядом и рассказали о произошедшем, добавив: ",
  "sn35.116:4.1": "",
  "sn35.116:4.2": "",
  "sn35.116:4.3": "",
  "sn35.116:4.4": "",
  "sn35.116:4.5": "",
  "sn35.116:4.6": "",
  "sn35.116:4.7": "",
  "sn35.116:4.8": "",
  "sn35.116:4.9": "",
  "sn35.116:4.10": "",
  "sn35.116:4.11": "",
  "sn35.116:4.12": "",
  "sn35.116:4.13": "«Пусть Достопочтенный Ананда разъяснит нам это».",
  "sn35.116:5.1": "«Друзья, это как если бы человеку понадобилась сердцевина дерева, он бы искал сердцевину дерева, бродил в поисках сердцевины дерева и прошёл бы мимо корней и ствола великого дерева с сердцевиной, думая, что сердцевину нужно искать среди ветвей и листьев. ",
  "sn35.116:5.2": "Так и с вами, достопочтенные: вы сидели лицом к лицу с Учителем, но прошли мимо Благословенного, думая, что о значении нужно спрашивать меня. ",
  "sn35.116:5.3": "Ведь зная, друзья, Благословенный знает; видя, он видит; ",
  "sn35.116:5.4": "он стал видением, он стал знанием, он стал Дхаммой, он стал святым. Это он – разъяснитель, глашатай, толкователь значения, даритель Бессмертного, властелин Дхаммы, Татхагата. ",
  "sn35.116:5.5": "В тот момент вам следовало спросить у Благословенного о значении. ",
  "sn35.116:5.6": "То, как он объяснил бы это, так вы это бы и запомнили».",
  "sn35.116:6.1": "«Вне сомнений, друг Ананда, зная, Благословенный знает, видя, он видит… ",
  "sn35.116:6.2": "Татхагата. ",
  "sn35.116:6.3": "В тот момент нам следовало спросить у Благословенного о значении, ",
  "sn35.116:6.4": "и то, как он объяснил бы это, так мы это бы и запомнили. ",
  "sn35.116:6.5": "Но, всё же, Достопочтенный Ананда восхваляем Учителем и почитаем его мудрыми братьями по святой жизни. ",
  "sn35.116:6.6": "Достопочтенный Ананда сможет детально разъяснить значение этого краткого утверждения, которое вкратце было продекламировано Благословенным без детального разъяснения. ",
  "sn35.116:6.7": "Пусть Достопочтенный Ананда не увидит в этом беспокойства и даст разъяснение».",
  "sn35.116:7.1": "«В таком случае, друзья, слушайте внимательно то, что я скажу».",
  "sn35.116:7.2": "«Да, друг» – ответили монахи. ",
  "sn35.116:7.3": "Достопочтенный Ананда сказал:",
  "sn35.116:8.1": "«Друзья, когда Благословенный поднялся со своего сиденья и ушёл в своё жилище, продекламировав краткое утверждение, но не дав детального разъяснения, то есть: ",
  "sn35.116:8.2": "«Монахи, я утверждаю, что нельзя познать, увидеть [край мира], или дойти до края мира посредством передвижения. ",
  "sn35.116:8.3": "Но, всё же, монахи, я также утверждаю, что, не дойдя до края мира, нельзя положить конец страданиям» – ",
  "sn35.116:8.4": "то я понимаю подробное значение этого утверждения так: ",
  "sn35.116:8.5": "то в мире, с помощью чего кто-либо является воспринимающим мир, измышляющим мир – ",
  "sn35.116:8.6": "вот что называется миром в Учении Благородных. ",
  "sn35.116:8.7": "И что же это в мире, друзья, с помощью чего кто-либо является воспринимающим мир, измышляющим мир? ",
  "sn35.116:8.8": "Глаз – это то в мире, с помощью чего кто-либо является воспринимающим мир, измышляющим мир. ",
  "sn35.116:8.9": "Ухо… ",
  "sn35.116:8.10": "нос… ",
  "sn35.116:8.11": "язык… ",
  "sn35.116:8.12": "тело… ",
  "sn35.116:8.13": "ум – это то в мире, с помощью чего кто-либо является воспринимающим мир, измышляющим мир. ",
  "sn35.116:8.14": "То в мире, с помощью чего кто-либо является воспринимающим мир, измышляющим мир – ",
  "sn35.116:8.15": "вот что называется миром в Учении Благородных.",
  "sn35.116:8.16": "Друзья, когда Благословенный поднялся со своего сиденья и ушёл в своё жилище, продекламировав краткое утверждение, но не дав детального разъяснения… ",
  "sn35.116:8.17": "",
  "sn35.116:8.18": "",
  "sn35.116:8.19": "– то я понимаю подробное значение этого утверждения так. ",
  "sn35.116:8.20": "Теперь, друзья, если хотите, отправляйтесь к Благословенному и спросите его о значении этого. ",
  "sn35.116:8.21": "То, как он объяснит это, так вы это и запомните».",
  "sn35.116:9.1": "«Да, друг» – ответили те монахи, поднялись со своих сидений и отправились к Благословенному. Поклонившись ему, они сели рядом и рассказали Благословенному обо всём, что случилось после того как он ушёл, добавив: ",
  "sn35.116:10.1": "«Затем, Учитель, мы отправились к Достопочтенному Ананде и спросили его о значении. ",
  "sn35.116:10.2": "",
  "sn35.116:10.3": "",
  "sn35.116:10.4": "",
  "sn35.116:10.5": "",
  "sn35.116:10.6": "",
  "sn35.116:10.7": "",
  "sn35.116:10.8": "",
  "sn35.116:10.9": "",
  "sn35.116:10.10": "",
  "sn35.116:10.11": "",
  "sn35.116:10.12": "",
  "sn35.116:10.13": "",
  "sn35.116:10.14": "Достопочтенный Ананда разъяснил нам значение такими-то способами, в таких-то терминах и фразах».",
  "sn35.116:11.1": "«Ананда мудр, монахи, Ананда наделён великой мудростью. ",
  "sn35.116:11.2": "Если бы вы спросили меня о значении этого, то я бы объяснил точно также, как это объяснил Ананда. ",
  "sn35.116:11.3": "Таково значение этого, и именно так вам следует запомнить это».",
  "sn35.116:11.4": "Третья."
}