{
  "sn35.245:0.1": "Связанные Наставления 35.245",
  "sn35.245:0.2": "Глава Асивиса",
  "sn35.245:0.3": "Сутта Подобно Кимсуке",
  "sn35.245:1.1": "Один монах подошёл к другому и спросил его: ",
  "sn35.245:1.2": "«Друг, каким образом видение монаха тщательно очищено?»",
  "sn35.245:1.3": "«Когда, друг, монах понимает в соответствии с действительностью происхождение и исчезновение шести сфер контакта, то в этом случае его видение тщательно очищено».",
  "sn35.245:2.1": "И тогда первый монах, не удовлетворившись ответом другого, подошёл ещё к одному монаху и спросил его: ",
  "sn35.245:2.2": "«Друг, каким образом видение монаха тщательно очищено?».",
  "sn35.245:2.3": "«Когда, друг, монах понимает в соответствии с действительностью происхождение и исчезновение пяти совокупностей, подверженных цеплянию, то в этом случае его видение тщательно очищено».",
  "sn35.245:3.1": "И вновь первый монах, не удовлетворившись ответом другого, подошёл ещё к одному монаху и спросил его: ",
  "sn35.245:3.2": "«Друг, каким образом видение монаха тщательно очищено?».",
  "sn35.245:3.3": "«Когда, друг, монах понимает в соответствии с действительностью происхождение и исчезновение четырёх великих элементов, то в этом случае его видение тщательно очищено».",
  "sn35.245:4.1": "И вновь первый монах, не удовлетворившись ответом другого, подошёл ещё к одному монаху и спросил его: ",
  "sn35.245:4.2": "«Друг, каким образом видение монаха тщательно очищено?».",
  "sn35.245:4.3": "«Когда, друг, монах понимает в соответствии с действительностью: «Всё, что возникает, подвержено прекращению», то в этом случае его видение тщательно очищено».",
  "sn35.245:5.1": "И тогда первый монах, не удовлетворившись ответом другого, подошёл к Благословенному, рассказал обо всём произошедшем, и спросил: ",
  "sn35.245:5.2": "«Друг, каким образом видение монаха тщательно очищено?»",
  "sn35.245:5.3": "Так спрошен, почтенный, тот мона мне ответил так:",
  "sn35.245:5.4": "«Когда, друг, монах понимает в соответствии с действительностью происхождение и исчезновение шести сфер контакта, то в этом случае его видение тщательно очищено».",
  "sn35.245:5.5": "И тогда первый монах, не удовлетворившись ответом другого, подошёл ещё к одному монаху и спросил его: ",
  "sn35.245:5.6": "«Друг, каким образом видение монаха тщательно очищено?».",
  "sn35.245:5.7": "Так спрошен, почтенный, тот мона мне ответил так:",
  "sn35.245:5.8": "«Когда, друг, монах понимает в соответствии с действительностью происхождение и исчезновение пяти совокупностей, подверженных цеплянию…",
  "sn35.245:5.9": "четырёх великих элементов, то в этом случае его видение тщательно очищено»…",
  "sn35.245:5.10": "«Всё, что возникает, подвержено прекращению», то в этом случае его видение тщательно очищено».",
  "sn35.245:5.11": "Тогда я, почтенный, не удовлетворившись ответом другого, подошёл к Благословенному и спросил его: ",
  "sn35.245:5.12": "«Учитель, каким образом видение монаха тщательно очищено?»",
  "sn35.245:6.1": "«Монах, представь, как если бы человек прежде никогда бы не видел дерева Кимсука. ",
  "sn35.245:6.2": "Он бы подошёл к человеку, который видел дерево Кимсука и спросил бы его: ",
  "sn35.245:6.3": "«Почтенный, каково дерево Кимсука?» ",
  "sn35.245:6.4": "Тот бы ответил: ",
  "sn35.245:6.5": "«Почтенный, дерево Кимсука чёрное, как обгоревший пень». ",
  "sn35.245:6.6": "В тот момент дерево Кимсука было бы для него в точности таким, каким его видел другой человек.",
  "sn35.245:7.1": "И тогда тот человек, не удовлетворившись ответом, отправился бы к ещё другому человеку, который видел дерево Кимсука и спросил бы его: ",
  "sn35.245:7.2": "«Почтенный, каково дерево Кимсука?» ",
  "sn35.245:7.3": "Тот бы ответил: ",
  "sn35.245:7.4": "«Почтенный, дерево Кимсука красное, как кусок мяса». ",
  "sn35.245:7.5": "В тот момент дерево Кимсука было бы для него в точности таким, каким его видел другой человек.",
  "sn35.245:7.6": "И тогда тот человек, не удовлетворившись ответом, отправился бы к ещё другому человеку, который видел дерево Кимсука и спросил бы его: ",
  "sn35.245:7.7": "«Почтенный, каково дерево Кимсука?» ",
  "sn35.245:7.8": "Тот бы ответил: ",
  "sn35.245:7.9": "«Почтенный, у дерева Кимсука свисает полосками кора, а лопнувшие стручки похожи на акацию». ",
  "sn35.245:7.10": "В тот момент дерево Кимсука было бы для него в точности таким, каким его видел другой человек.",
  "sn35.245:7.11": "И тогда тот человек, не удовлетворившись ответом, отправился бы к ещё другому человеку, который видел дерево Кимсука и спросил бы его: ",
  "sn35.245:7.12": "«Почтенный, каково дерево Кимсука?» ",
  "sn35.245:7.13": "Тот бы ответил: ",
  "sn35.245:7.14": "«Почтенный, у дерева Кимсука много листьев и веток, и от него падает большая тень, как от баньяна». ",
  "sn35.245:7.15": "В тот момент дерево Кимсука было бы для него в точности таким, каким его видел другой человек.",
  "sn35.245:7.16": "Точно также, монах, те высочайшие личности ответили в соответствии со своей склонностью, тем образом, которым их собственное видение было тщательно очищено.",
  "sn35.245:8.1": "Представь, монах, как если бы у царя был бы приграничный город с прочными бастионами, стенами, арками, и шестью воротами. ",
  "sn35.245:8.2": "И туда поставили бы привратника – мудрого, умелого, умного; того, кто не впускает чужаков, а впускает [только] знакомых. ",
  "sn35.245:8.3": "И пара быстрых посыльных прибыла бы с востока и они спросили бы у привратника: ",
  "sn35.245:8.4": "«Почтенный, где градоначальник?» ",
  "sn35.245:8.5": "Тот бы ответил: ",
  "sn35.245:8.6": "«Он сидит на центральной площади». ",
  "sn35.245:8.7": "И тогда пара быстрых посыльных доставила бы послание градоначальнику, а затем они ушли бы тем же маршрутом, которым прибыли. ",
  "sn35.245:8.8": "И точно также посыльные прибыли бы с запада… ",
  "sn35.245:8.9": "с севера…",
  "sn35.245:8.10": "с юга, и донесли бы своё послание… ",
  "sn35.245:8.11": "«Почтенный, где градоначальник?» ",
  "sn35.245:8.12": "Тот бы ответил: ",
  "sn35.245:8.13": "«Он сидит на центральной площади»… ",
  "sn35.245:8.14": "а затем они ушли бы тем же маршрутом, которым прибыли.",
  "sn35.245:9.1": "Я привёл этот пример, монах, чтобы донести смысл. ",
  "sn35.245:9.2": "А смысл здесь такой: ",
  "sn35.245:9.3": "Город – это обозначение этого тела, состоящего из четырёх великих элементов, рождённого отцом и матерью, выстроенного из риса и каши, подверженного непостоянству, износу, стиранию, распаду и рассеиванию. ",
  "sn35.245:9.4": "Шесть врат – это обозначение шести внутренних сфер чувств. ",
  "sn35.245:9.5": "Привратник – это обозначение осознанности. ",
  "sn35.245:9.6": "Пара быстрых посыльных – это обозначение успокоения и прозрения. ",
  "sn35.245:9.7": "Градоначальник – это обозначение сознания. ",
  "sn35.245:9.8": "Центральная площадь – это обозначение четырёх великих элементов: ",
  "sn35.245:9.9": "элемента земли, элемента воды, элемента огня, элемента ветра. ",
  "sn35.245:9.10": "Послание – это обозначение ниббаны. ",
  "sn35.245:9.11": "Маршрут, которым они прибыли – это обозначение Благородного Восьмеричного Пути, то есть ",
  "sn35.245:9.12": "правильного воззрения… правильного сосредоточения».",
  "sn35.245:9.13": "Восьмая."
}